"total_rewards","action_rewards","opinion_rewards","sp0_social_trust","sp1_social_trust","sp2_social_trust","sp0_request_rate","sp1_request_rate","sp2_request_rate","op0_expression_rate","op1_expression_rate","op2_expression_rate","op3_expression_rate","op4_expression_rate","op5_expression_rate","mean_loss1","mean_loss2","sp0_availability","sp1_availability","sp2_availability"
23788,33069,-9281,0.710387855077259,0.737814945476512,0.73094303767524,32.9072727272727,33.9963636363636,33.0963636363636,16.7818181818182,16.8963636363636,16.4781818181818,16.6781818181818,16.52,16.6454545454545,1.84961592609232,-6.44145162755793,0.850765235648378,0.899828858701465,0.893479096852167
24070,33073,-9003,0.710471426989771,0.737641088494257,0.730886154383595,32.8945454545455,33.9909090909091,33.1145454545455,16.6218181818182,17.0527272727273,16.36,16.7854545454545,16.4254545454545,16.7545454545455,1.77942393367941,-6.47742999683727,0.85087331417201,0.899598823214763,0.893427771372097
24435,33092,-8657,0.710472660235402,0.737501188078925,0.730922218694931,32.8581818181818,33.9636363636364,33.1781818181818,16.4545454545455,17.2327272727273,16.2363636363636,16.9218181818182,16.2872727272727,16.8672727272727,1.71047746918418,-6.47956446734342,0.851316954404604,0.899571734475375,0.893193774660237
24794,33123,-8329,0.710478857568471,0.737618593460656,0.73077100143932,32.8454545454545,33.9618181818182,33.1927272727273,16.3527272727273,17.3218181818182,16.1454545454545,17.0545454545455,16.1090909090909,17.0163636363636,1.64194401827725,-6.47961155284535,0.851425408247993,0.899887574281278,0.893185801928133
25101,33150,-8049,0.710290304421899,0.737719754583939,0.73085054258412,32.8090909090909,33.9818181818182,33.2090909090909,16.2,17.4563636363636,16.0527272727273,17.1909090909091,15.9436363636364,17.1563636363636,1.57296245314858,-6.51072659275748,0.851316154059296,0.900267522739433,0.893457432247468
25532,33225,-7693,0.710250810034543,0.737826098865237,0.731089073331637,32.7690909090909,33.9563636363636,33.2745454545455,16.0690909090909,17.6127272727273,15.8909090909091,17.3418181818182,15.7781818181818,17.3072727272727,1.50814012180675,-6.50778165405447,0.851634023192587,0.900514028699936,0.893830938200098
25911,33231,-7320,0.710094816832149,0.737717733829634,0.731098472039485,32.7163636363636,33.9872727272727,33.2963636363636,15.9363636363636,17.7418181818182,15.7581818181818,17.4818181818182,15.6236363636364,17.4581818181818,1.43682348077947,-6.50079940665852,0.851617205735245,0.900123040710426,0.89384590181838
26388,33277,-6889,0.709929059911213,0.737699689268686,0.731119300544423,32.64,34.0290909090909,33.3309090909091,15.7818181818182,17.8836363636364,15.6218181818182,17.6672727272727,15.4309090909091,17.6145454545455,1.36804482286627,-6.46995610323819,0.851827094474153,0.90024577901261,0.893901374645429
26815,33307,-6492,0.709715846152587,0.7375803418174,0.731165062541123,32.6472727272727,34.0163636363636,33.3363636363636,15.6018181818182,18.0872727272727,15.4454545454545,17.8490909090909,15.2327272727273,17.7836363636364,1.29729675921527,-6.46465016820214,0.851470260637113,0.900368806456786,0.893973275156804
27296,33400,-6104,0.709478297806564,0.737755863674819,0.731151359400825,32.6036363636364,34.0036363636364,33.3927272727273,15.4690909090909,18.2181818181818,15.3127272727273,18,15.0581818181818,17.9418181818182,1.2311299757524,-6.47539627118544,0.851438768681686,0.900866217516843,0.894043340956115
27779,33385,-5606,0.709542883917128,0.73732100156729,0.731146680562165,32.6018181818182,33.9727272727273,33.4254545454545,15.2927272727273,18.3945454545455,15.1272727272727,18.2090909090909,14.7890909090909,18.1872727272727,1.15493951223113,-6.42800727324052,0.85170933021025,0.9005084292213,0.893983899042646
28189,33408,-5219,0.709231156702581,0.737092022188032,0.731177287148883,32.56,33.9618181818182,33.4781818181818,15.1454545454545,18.5381818181818,14.9418181818182,18.3963636363636,14.6127272727273,18.3654545454545,1.08112177361142,-6.44016280391,0.851518874246147,0.900637079072755,0.893987943300929
28762,33435,-4673,0.708910116313565,0.736887416188046,0.731252618974279,32.5072727272727,33.9581818181818,33.5345454545455,14.9218181818182,18.8090909090909,14.6872727272727,18.6309090909091,14.3418181818182,18.6090909090909,1.00697910352187,-6.37674977996133,0.851445830303708,0.900358729988756,0.894220342658859
29207,33478,-4271,0.708672744545404,0.736922525259029,0.731489241769737,32.4818181818182,33.9,33.6181818181818,14.7145454545455,19.0090909090909,14.4581818181818,18.8890909090909,14.1345454545455,18.7945454545455,0.933947649327191,-6.38486839316108,0.851385390428212,0.900777688388308,0.894429421308816
29620,33497,-3877,0.708604119692426,0.736693291633188,0.731391409981672,32.4327272727273,33.8872727272727,33.68,14.4927272727273,19.2109090909091,14.2727272727273,19.0818181818182,13.9254545454545,19.0163636363636,0.857523119449615,-6.40524640300057,0.851721044960197,0.900686768966627,0.894245303390196
30225,33585,-3360,0.708342291219451,0.736561463210515,0.731330351382626,32.4,33.9236363636364,33.6763636363636,14.2527272727273,19.4145454545455,14.1345454545455,19.2654545454545,13.6527272727273,19.28,0.785753225196492,-6.35470904328606,0.851627384960718,0.900846821738664,0.894503833279343
30729,33649,-2920,0.708076149167703,0.736204174297972,0.731250304112631,32.38,33.8963636363636,33.7236363636364,14.04,19.58,13.9127272727273,19.5145454545455,13.4490909090909,19.5036363636364,0.711459618264979,-6.35151936682788,0.851648043124263,0.901088880544977,0.894543886133276
31220,33717,-2497,0.707738358166085,0.735767083875086,0.731168897411877,32.3218181818182,33.8927272727273,33.7854545454545,13.8072727272727,19.7836363636364,13.7309090909091,19.6981818181818,13.2309090909091,19.7490909090909,0.636973810195923,-6.34514388171109,0.85183101760702,0.900863687570409,0.894521580023679
31728,33790,-2062,0.70740604073643,0.735538380874743,0.731227660249036,32.2709090909091,33.8909090909091,33.8381818181818,13.5581818181818,20.0181818181818,13.4654545454545,19.9254545454545,13.0036363636364,20.0290909090909,0.562526754628528,-6.3284067668698,0.851878979097414,0.901019313304721,0.894793401751652
32153,33837,-1684,0.706901985049547,0.734908360569546,0.731057398522941,32.2636363636364,33.8236363636364,33.9127272727273,13.3527272727273,20.2327272727273,13.2545454545455,20.1090909090909,12.8109090909091,20.24,0.486115776408802,-6.34084850007838,0.851338405184559,0.900768693221523,0.894595753806562
32609,33870,-1261,0.706657830451516,0.734614358358704,0.730901782514342,32.2163636363636,33.8327272727273,33.9509090909091,13.1472727272727,20.3945454545455,13.0781818181818,20.3,12.6109090909091,20.4690909090909,0.407683764804493,-6.3344365997748,0.851402449348157,0.900687876182287,0.89460718684732
33070,33943,-873,0.706253956889167,0.734406053193947,0.730577007889728,32.1890909090909,33.8145454545455,33.9963636363636,12.9472727272727,20.5890909090909,12.8763636363636,20.4781818181818,12.3818181818182,20.7272727272727,0.332255151596936,-6.33038881583647,0.851333032083145,0.900849553715453,0.894373729810675
33673,33993,-320,0.705864468610717,0.734014408529168,0.730384349923958,32.1272727272727,33.8181818181818,34.0545454545455,12.7436363636364,20.8127272727273,12.6290909090909,20.6763636363636,12.1127272727273,21.0254545454545,0.254736801440066,-6.23248715942556,0.85121675155631,0.900591397849462,0.894233849439402
34147,34076,71,0.705375364863061,0.733630871083258,0.730332312204011,32.08,33.7945454545455,34.1254545454545,12.5290909090909,21.0018181818182,12.4145454545455,20.8836363636364,11.8945454545455,21.2763636363636,0.180696337331425,-6.21493506106463,0.851110859215597,0.90052187012428,0.894187223613405
34686,34159,527,0.70498432252227,0.733453668337937,0.73036939999783,32.0181818181818,33.8018181818182,34.18,12.34,21.2145454545455,12.1945454545455,21.0127272727273,11.7018181818182,21.5363636363636,0.106645660237833,-6.15035848725926,0.851107325383305,0.900543273627024,0.894409277089207
35081,34224,857,0.70465668678441,0.733162465776828,0.730392391972345,31.9581818181818,33.7745454545455,34.2672727272727,12.1781818181818,21.3454545454545,11.98,21.2036363636364,11.56,21.7327272727273,0.031019590659575,-6.14813775907863,0.851169141491722,0.900462962962963,0.894465962752693
35550,34285,1265,0.704462525839686,0.732784753749636,0.730194012736014,31.9090909090909,33.7509090909091,34.34,11.9981818181818,21.5181818181818,11.7672727272727,21.4,11.3672727272727,21.9490909090909,-0.0443055792288347,-6.10506787191738,0.851452991452991,0.900285514194904,0.894265897177953
36026,34394,1632,0.703986214042489,0.732820515983535,0.730326374532827,31.8163636363636,33.7509090909091,34.4327272727273,11.8236363636364,21.7036363636364,11.5654545454545,21.5509090909091,11.1963636363636,22.16,-0.115371250835332,-6.07549116936597,0.85147722727013,0.900770349620212,0.894603442813391
36591,34493,2098,0.703507103087089,0.732278468589881,0.730275720320403,31.7581818181818,33.7254545454545,34.5163636363636,11.6527272727273,21.8672727272727,11.3981818181818,21.7163636363636,10.9945454545455,22.3709090909091,-0.186527911641381,-5.99123690507629,0.851491383752218,0.900587632756483,0.89464812473662
36961,34582,2379,0.703195704723131,0.732051808761414,0.730195008653742,31.6509090909091,33.7763636363636,34.5727272727273,11.5290909090909,21.98,11.2127272727273,21.9018181818182,10.8418181818182,22.5345454545455,-0.257309196212075,-5.99097248099067,0.851907169117647,0.900414491037304,0.894609518800947
37433,34687,2746,0.702936708865016,0.731674965717808,0.729975001270098,31.5909090909091,33.7672727272727,34.6418181818182,11.3618181818182,22.1254545454545,11.0745454545455,22.0272727272727,10.7418181818182,22.6690909090909,-0.326070990345695,-5.94079098593105,0.85231654676259,0.900172302390696,0.894347346874508
38070,34788,3282,0.702426880068978,0.731258719138207,0.729906683665738,31.5472727272727,33.7272727272727,34.7254545454545,11.1781818181818,22.3145454545455,10.8818181818182,22.2109090909091,10.5854545454545,22.8290909090909,-0.39407676837661,-5.79301308664409,0.85193936948879,0.90010781671159,0.894444735326457
38529,34930,3599,0.701710057421808,0.730894412986803,0.729800050426454,31.4709090909091,33.7545454545455,34.7745454545455,11.0290909090909,22.4472727272727,10.7181818181818,22.3636363636364,10.46,22.9818181818182,-0.457591566985304,-5.75677161270922,0.852042290138078,0.900026932399677,0.894489177036495
39005,35021,3984,0.701069050437945,0.730881657239882,0.729674333656231,31.3890909090909,33.8072727272727,34.8036363636364,10.8727272727273,22.5836363636364,10.5836363636364,22.5109090909091,10.28,23.1690909090909,-0.524379441142082,-5.67583587386391,0.851656626506024,0.900129073894805,0.89447288684568
39469,35105,4364,0.700707814259534,0.73058297007376,0.729460888674,31.3345454545455,33.8163636363636,34.8490909090909,10.7290909090909,22.7345454545455,10.4036363636364,22.6981818181818,10.0854545454545,23.3490909090909,-0.590058585459536,-5.58598690141331,0.851630497853081,0.900155922361417,0.894193144467053
39938,35208,4730,0.700066134436615,0.730269942485404,0.729258179498771,31.28,33.8,34.92,10.5709090909091,22.9127272727273,10.2509090909091,22.8254545454545,9.96363636363636,23.4763636363636,-0.653347446701743,-5.50213891538707,0.851546152057661,0.900268961807423,0.89399146100177
40455,35346,5109,0.699744912615326,0.729981877268008,0.729356193965803,31.1818181818182,33.8109090909091,35.0072727272727,10.4018181818182,23.0963636363636,10.0618181818182,22.9945454545455,9.86,23.5854545454545,-0.712087936834855,-5.41253426129168,0.851953352769679,0.900408690040869,0.894255739067207
40795,35426,5369,0.699302854680133,0.729595905193121,0.729241122660607,31.0745454545455,33.88,35.0454545454545,10.2672727272727,23.2109090909091,9.91272727272727,23.1636363636364,9.73818181818182,23.7072727272727,-0.774219250408086,-5.37071757370775,0.852261424141361,0.900236127508855,0.89431906614786
41114,35547,5567,0.698765797277403,0.72948617196614,0.728822465684891,31.0127272727273,33.9018181818182,35.0854545454545,10.1181818181818,23.3563636363636,9.77818181818182,23.3254545454545,9.61454545454546,23.8072727272727,-0.830710234425285,-5.3538520173593,0.85202556135311,0.900461224927598,0.894128621029176
41635,35655,5980,0.698193364567492,0.729696938464753,0.728911438368015,30.8727272727273,33.9563636363636,35.1709090909091,9.98909090909091,23.4636363636364,9.68363636363636,23.4636363636364,9.48545454545455,23.9145454545455,-0.886218985915184,-5.22764268788424,0.852414605418139,0.900888841293639,0.894282464846981
42062,35777,6285,0.697649511148331,0.729763184426407,0.729100343054328,30.7490909090909,33.9927272727273,35.2581818181818,9.86,23.5890909090909,9.51818181818182,23.6381818181818,9.36727272727273,24.0272727272727,-0.94005146866495,-5.1466242367571,0.852530747398297,0.901048352588789,0.894647277227723
42466,35888,6578,0.697289732130093,0.72979564673791,0.729214234865529,30.7,33.9981818181818,35.3018181818182,9.71272727272727,23.7381818181818,9.38727272727273,23.7618181818182,9.25636363636364,24.1436363636364,-0.992928673462434,-5.0766011514447,0.852650281314776,0.901652494785817,0.89529254223321
42838,35959,6879,0.696767857422568,0.729602321876602,0.729051788670576,30.5927272727273,34.0381818181818,35.3690909090909,9.56545454545455,23.8672727272727,9.24909090909091,23.9545454545455,9.08909090909091,24.2745454545455,-1.04718929773027,-4.99820460948077,0.852906216569595,0.901340740345067,0.895080450316147
43211,36103,7108,0.696089994693664,0.729381079565284,0.728889251117912,30.48,34.0836363636364,35.4363636363636,9.46545454545454,24.0163636363636,9.09818181818182,24.04,8.99090909090909,24.3890909090909,-1.09397384903648,-4.95764972946861,0.852899069434503,0.901205590525979,0.895023088763468
43621,36221,7400,0.695471142594879,0.729009978295256,0.728724187772869,30.3781818181818,34.1545454545455,35.4672727272727,9.33818181818182,24.1181818181818,8.94727272727273,24.1927272727273,8.85272727272727,24.5509090909091,-1.14166508723389,-4.87684753753922,0.853124251855399,0.900718658504126,0.895114574255396
44010,36353,7657,0.694766418193558,0.729022064939229,0.728573016216722,30.2836363636364,34.2345454545455,35.4818181818182,9.23090909090909,24.2545454545455,8.77454545454546,24.3181818181818,8.73090909090909,24.6909090909091,-1.18653345378962,-4.80844940001314,0.852965898174832,0.901003770779117,0.895413784268511
44373,36497,7876,0.694078229314082,0.728673232174772,0.728405836131438,30.1436363636364,34.3472727272727,35.5090909090909,9.11454545454546,24.3890909090909,8.64727272727273,24.3909090909091,8.68909090909091,24.7690909090909,-1.22836665131829,-4.75572896274653,0.85318776765788,0.9009581282092,0.895596518177163
44779,36572,8207,0.693768095056339,0.728470216121006,0.728011546265726,30.0436363636364,34.4109090909091,35.5454545454545,8.98909090909091,24.5218181818182,8.51636363636364,24.4763636363636,8.61636363636364,24.88,-1.27390286109664,-4.65651558204131,0.853667392883079,0.900824262918736,0.895498721227622
45040,36700,8340,0.693098293844801,0.728096973719787,0.728091103977414,29.9236363636364,34.4727272727273,35.6036363636364,8.83818181818182,24.6545454545455,8.39636363636364,24.5909090909091,8.53090909090909,24.9890909090909,-1.31310728761283,-4.64212515245784,0.853688175963057,0.900949367088608,0.895822694311102
45613,36860,8753,0.692655418058533,0.727982310889767,0.727421263115357,29.8,34.5545454545455,35.6454545454545,8.73636363636364,24.78,8.22909090909091,24.7509090909091,8.36,25.1436363636364,-1.34805903516032,-4.49243678775701,0.853935326418548,0.901341752170481,0.8952818158633
45882,36992,8890,0.692192196582643,0.728225455525409,0.727350761302618,29.6981818181818,34.6072727272727,35.6945454545455,8.64181818181818,24.8218181818182,8.17272727272727,24.8454545454545,8.23818181818182,25.28,-1.38373175480149,-4.48102339235219,0.853985551610138,0.901859829778292,0.895273023634882
46352,37115,9237,0.691633621959826,0.728062294717048,0.727111357327366,29.5945454545455,34.7145454545455,35.6909090909091,8.53272727272727,24.9090909090909,8.04181818181818,24.9927272727273,8.12,25.4036363636364,-1.41897338574583,-4.36171316775409,0.854150027646372,0.902005970774629,0.895517065715741
46845,37280,9565,0.690901636040766,0.728304967149113,0.72673156375077,29.4672727272727,34.8145454545455,35.7181818181818,8.43636363636364,24.98,7.93454545454545,25.1054545454545,8.03090909090909,25.5127272727273,-1.44937625554475,-4.24387955828147,0.854013697784908,0.902391894714853,0.895545940442861
47349,37424,9925,0.690296084071071,0.728258430825297,0.726592943715904,29.3545454545455,34.92,35.7254545454545,8.32727272727273,25.06,7.82363636363636,25.2272727272727,7.93454545454545,25.6272727272727,-1.48058840171857,-4.12483421780846,0.85401052957572,0.902582526293866,0.895872563489236
47803,37572,10231,0.689562123615044,0.728626053986338,0.726560980730149,29.22,35.0454545454545,35.7345454545455,8.23090909090909,25.1254545454545,7.67818181818182,25.3763636363636,7.83636363636364,25.7527272727273,-1.5094933512536,-4.02214139699936,0.854084997822164,0.902879377431907,0.896204334995421
48307,37685,10622,0.688894265956553,0.728382942874346,0.726283250481179,29.0690909090909,35.1290909090909,35.8018181818182,8.11818181818182,25.2381818181818,7.54363636363636,25.4618181818182,7.72181818181818,25.9163636363636,-1.5401895520362,-3.87865645722909,0.854203152364273,0.902644790642306,0.895993093291351
48711,37786,10925,0.688180966367238,0.728323280487191,0.726017942385763,28.9581818181818,35.2127272727273,35.8290909090909,8.04727272727273,25.2709090909091,7.44181818181818,25.58,7.57636363636364,26.0836363636364,-1.57049691541628,-3.77852232131091,0.854021472970428,0.90246295244488,0.896021516289455
49068,37968,11100,0.687857421071948,0.728003049963261,0.725615009850021,28.8563636363636,35.2927272727273,35.8509090909091,7.97636363636363,25.2690909090909,7.4,25.6672727272727,7.46363636363636,26.2236363636364,-1.59228611656211,-3.74208925610239,0.854640539348497,0.902581010767091,0.895881935287555
49405,38128,11277,0.687198580383493,0.7279418324125,0.725426731383788,28.7181818181818,35.42,35.8618181818182,7.90181818181818,25.3127272727273,7.29636363636364,25.7781818181818,7.38,26.3309090909091,-1.61626906394958,-3.69182784882459,0.855144032921811,0.902879728966685,0.896116406408436
49784,38294,11490,0.685912847124988,0.727660462436428,0.725111482039406,28.5781818181818,35.5327272727273,35.8890909090909,7.84181818181818,25.2945454545455,7.25636363636364,25.8636363636364,7.26545454545455,26.4781818181818,-1.63704781992869,-3.63741579597647,0.854625270390635,0.90293199611114,0.896296671563909
50238,38431,11807,0.685383574940246,0.727463420712277,0.724992709828883,28.4872727272727,35.5981818181818,35.9145454545455,7.76727272727273,25.3381818181818,7.13272727272727,25.9581818181818,7.19454545454545,26.6090909090909,-1.65960171033036,-3.52664720361883,0.854991064590248,0.9029061749834,0.896522047283957
50591,38696,11895,0.684615591770585,0.727531282331573,0.724848562765868,28.3381818181818,35.7181818181818,35.9436363636364,7.67454545454545,25.3690909090909,7.01090909090909,26.1036363636364,7.11818181818182,26.7236363636364,-1.67094685719772,-3.52448939301751,0.855832157064032,0.90333418172563,0.896959886691284
51197,38890,12307,0.683644090683707,0.728112937860497,0.72467596332147,28.1818181818182,35.9236363636364,35.8945454545455,7.58727272727273,25.4072727272727,6.88545454545455,26.2236363636364,7.02545454545455,26.8709090909091,-1.68625854890455,-3.36111058701168,0.856064516129032,0.90378580828019,0.897578766082464
51531,39049,12482,0.682714596888274,0.727797484405739,0.724394006476549,28.02,36.0672727272727,35.9127272727273,7.50545454545455,25.4472727272727,6.77636363636364,26.3163636363636,6.98545454545455,26.9690909090909,-1.70426154488867,-3.32313094735146,0.856271494387126,0.903513636134496,0.897782503037667
51798,39192,12606,0.68175329701974,0.727693724763934,0.723991816227496,27.9109090909091,36.1763636363636,35.9127272727273,7.42909090909091,25.4163636363636,6.72727272727273,26.4436363636364,6.92727272727273,27.0563636363636,-1.72296234558929,-3.3071040221236,0.855905152758778,0.903452781826406,0.898136897529364
52258,39393,12865,0.680702783244779,0.727888687406378,0.723725917178406,27.7418181818182,36.3072727272727,35.9509090909091,7.33636363636364,25.44,6.60363636363636,26.62,6.83090909090909,27.1690909090909,-1.73469758927822,-3.22816849350929,0.855813343819636,0.90375081376133,0.898396803722248
52778,39597,13181,0.679743535848394,0.728178217450605,0.723166954210807,27.5581818181818,36.5163636363636,35.9254545454545,7.24909090909091,25.4472727272727,6.54181818181818,26.7418181818182,6.71818181818182,27.3018181818182,-1.74479916935617,-3.11629962054166,0.856172065712212,0.903953395737901,0.898527253403512
53106,39777,13329,0.678969824897712,0.72807125363414,0.72281635365547,27.4145454545455,36.6472727272727,35.9381818181818,7.18,25.4309090909091,6.45090909090909,26.8909090909091,6.60727272727273,27.44,-1.7559015141292,-3.08181723410433,0.856678604589468,0.903849970232189,0.898714965091571
53563,40020,13543,0.677804685458813,0.728619000531308,0.722407086069232,27.2381818181818,36.7963636363636,35.9654545454545,7.08545454545455,25.4363636363636,6.38363636363636,27.0218181818182,6.53454545454545,27.5381818181818,-1.76216622929681,-3.01570084582676,0.856952139376544,0.904783081332148,0.898892877003185
54095,40207,13888,0.676517886034492,0.728354664685806,0.721825052508578,27.0290909090909,37.0036363636364,35.9672727272727,7.00363636363636,25.4490909090909,6.27090909090909,27.1872727272727,6.43272727272727,27.6563636363636,-1.77222298600457,-2.88387077125636,0.857123637831293,0.904333726415094,0.898999090081893
54496,40426,14070,0.675542760337179,0.72832736522218,0.720866001457255,26.8890909090909,37.1581818181818,35.9527272727273,6.92,25.4290909090909,6.21272727272727,27.3127272727273,6.38909090909091,27.7363636363636,-1.77881145138632,-2.83515746295452,0.857529244708905,0.904438029064931,0.898907656518661
54932,40652,14280,0.674185003401425,0.728179096928566,0.720466120597273,26.7036363636364,37.2927272727273,36.0036363636364,6.82909090909091,25.4381818181818,6.11090909090909,27.4763636363636,6.32545454545455,27.82,-1.78354913253676,-2.76598643660545,0.857288758766256,0.904880308127346,0.899101100898899
55370,40902,14468,0.673049440127361,0.727743713381291,0.719839993664875,26.5036363636364,37.5072727272727,35.9890909090909,6.74545454545455,25.4345454545455,6.00545454545455,27.5654545454545,6.34909090909091,27.9,-1.78607058796016,-2.71850368488919,0.857858269877204,0.904794221726695,0.899413963827422
55808,41122,14686,0.671897564345398,0.727883129797111,0.719047996840151,26.3181818181818,37.7145454545455,35.9672727272727,6.66,25.4181818181818,5.90181818181818,27.7436363636364,6.24545454545455,28.0309090909091,-1.78793239552866,-2.65112293362618,0.858376511226252,0.904979993250735,0.899150743099788
56325,41391,14934,0.671010912364255,0.727665366879744,0.718485612163307,26.1818181818182,37.8636363636364,35.9545454545455,6.57818181818182,25.3818181818182,5.84181818181818,27.8727272727273,6.19818181818182,28.1272727272727,-1.78755822113969,-2.57534930678931,0.859166666666667,0.905114045618247,0.899519595448799
56705,41649,15056,0.669930272257061,0.726632291998603,0.717923496526465,26.0690909090909,37.9381818181818,35.9927272727273,6.50545454545455,25.3527272727273,5.73272727272727,28.08,6.09818181818182,28.2309090909091,-1.78626275387677,-2.54889548773115,0.859115636769424,0.904869165149046,0.899777732875328
57082,41881,15201,0.66845504421724,0.726502451761327,0.71710636365492,25.9218181818182,38.1290909090909,35.9490909090909,6.40363636363636,25.3618181818182,5.62909090909091,28.2,6.09818181818182,28.3072727272727,-1.78689614182169,-2.51180392666297,0.858876341446307,0.90505936769825,0.899858385595792
57661,42156,15505,0.667426113865957,0.726294615079898,0.716566034570016,25.7927272727273,38.2236363636364,35.9836363636364,6.32727272727273,25.3018181818182,5.55272727272727,28.3672727272727,5.98181818181818,28.4690909090909,-1.78387823301283,-2.40704704035412,0.858945439165374,0.905294201588736,0.900005052801779
58203,42455,15748,0.666364743252226,0.726339991696521,0.715725693806117,25.6636363636364,38.3654545454545,35.9709090909091,6.25272727272727,25.2272727272727,5.50545454545455,28.5690909090909,5.87090909090909,28.5745454545455,-1.77625447769057,-2.32543431195346,0.859156925256819,0.905833846737121,0.899818034775576
58713,42755,15958,0.665363562506672,0.725928838129603,0.715017794481417,25.5090909090909,38.5090909090909,35.9818181818182,6.18363636363636,25.1690909090909,5.43272727272727,28.7654545454545,5.77636363636364,28.6727272727273,-1.76987628415227,-2.2663762089881,0.859871703492516,0.90561850802644,0.900252652854977
59396,43064,16332,0.66371239062513,0.725670065461284,0.71407905310566,25.2963636363636,38.7272727272727,35.9763636363636,6.10909090909091,25.1709090909091,5.26909090909091,28.9709090909091,5.68,28.8,-1.76249252774499,-2.13349114439704,0.85962768633652,0.905258215962441,0.900338606155557
59926,43376,16550,0.6628694537909,0.725166547749656,0.713368867991502,25.1654545454545,38.8072727272727,36.0272727272727,6.02363636363636,25.1381818181818,5.20181818181818,29.1509090909091,5.58545454545455,28.9,-1.75441424650225,-2.08079357607798,0.8605592081497,0.905312968515742,0.90042896795357
60487,43717,16770,0.661938745210399,0.724383416522592,0.712459339722567,25.0218181818182,38.9418181818182,36.0363636363636,5.94909090909091,25.1145454545455,5.15818181818182,29.2672727272727,5.46,29.0509090909091,-1.7428925994445,-2.01779670471495,0.861139369277721,0.904939770286675,0.900807265388496
61054,44030,17024,0.660518841475153,0.723871610982879,0.711706453474044,24.8490909090909,39.0490909090909,36.1018181818182,5.88181818181818,25,5.17272727272727,29.4090909090909,5.37636363636364,29.16,-1.73267609517683,-1.93836549168283,0.860979000512183,0.904921543977278,0.900785656728445
61572,44349,17223,0.659848190625239,0.722903743608305,0.71064838695221,24.7145454545455,39.1781818181818,36.1072727272727,5.80727272727273,24.9527272727273,5.12,29.5781818181818,5.32363636363636,29.2181818181818,-1.72378838251938,-1.88923477313735,0.861619951445597,0.904585112307407,0.900951709552344
62282,44655,17627,0.658970432450591,0.722201865415607,0.709671766880644,24.5927272727273,39.3127272727273,36.0945454545455,5.72545454545455,24.8909090909091,5.04,29.7636363636364,5.24545454545455,29.3345454545455,-1.71195574328303,-1.75996127670461,0.861969540144906,0.904125427805013,0.901269393511989
62886,45029,17857,0.657978330967479,0.720845554278583,0.708863067711615,24.4836363636364,39.36,36.1563636363636,5.64727272727273,24.8672727272727,4.91454545454545,29.9981818181818,5.17090909090909,29.4018181818182,-1.69565414230932,-1.70323123769327,0.862765483439774,0.903917220990392,0.901337624459419
63568,45399,18169,0.65679055646212,0.720228186896166,0.708184110207562,24.3527272727273,39.4672727272727,36.18,5.55818181818182,24.8454545454545,4.86909090909091,30.1763636363636,5.06181818181818,29.4890909090909,-1.68112437786026,-1.60369367680766,0.862998357473496,0.90394803519602,0.90170360319614
64256,45815,18441,0.655595983226969,0.719661126318559,0.707163708044875,24.2036363636364,39.5945454545455,36.2018181818182,5.49090909090909,24.7745454545455,4.79818181818182,30.3818181818182,4.97090909090909,29.5836363636364,-1.66199209270152,-1.53349505988034,0.863431490384615,0.904302704688433,0.902013962131485
64951,46220,18731,0.6538091049698,0.719139995734215,0.70587081661247,24.0418181818182,39.7672727272727,36.1909090909091,5.41818181818182,24.7509090909091,4.66363636363636,30.6272727272727,4.91090909090909,29.6290909090909,-1.64395600977269,-1.43606966164979,0.863117295621266,0.904444038039503,0.901883948756594
65523,46615,18908,0.652519691126772,0.717744093449242,0.704571515178847,23.9454545454545,39.8,36.2545454545455,5.33454545454545,24.7145454545455,4.62,30.7563636363636,4.86545454545455,29.7090909090909,-1.62773859175769,-1.4036362152208,0.863477600607441,0.904522613065327,0.901504513540622
66370,47026,19344,0.651369541612703,0.716244865304272,0.703840017457297,23.8472727272727,39.8636363636364,36.2890909090909,5.26545454545455,24.66,4.52,31.0018181818182,4.78,29.7727272727273,-1.60637132051316,-1.26181454523043,0.86383043610857,0.904720638540479,0.90184879001954
67061,47394,19667,0.650555545571424,0.715005342354953,0.702928114408503,23.7054545454545,39.9654545454545,36.3290909090909,5.17818181818182,24.6018181818182,4.47272727272727,31.14,4.80363636363636,29.8036363636364,-1.58980976851149,-1.1592848257585,0.864856573094033,0.904462945270916,0.901906811470897
67668,47862,19806,0.649113034329012,0.714220881362545,0.701777307303497,23.5981818181818,40.0563636363636,36.3454545454545,5.07818181818182,24.5745454545455,4.44181818181818,31.2927272727273,4.72181818181818,29.8909090909091,-1.56479985222898,-1.14033126817508,0.864858617767162,0.905269847033725,0.902201100550275
68318,48239,20079,0.647656289878213,0.712969568652405,0.700382362639193,23.46,40.1581818181818,36.3818181818182,4.98909090909091,24.5018181818182,4.42,31.4654545454545,4.68545454545455,29.9381818181818,-1.54592712846669,-1.06575785685669,0.864605130589785,0.904785620500747,0.902098950524738
69076,48584,20492,0.646477040630987,0.71175824875014,0.699231110687487,23.3454545454545,40.2563636363636,36.3981818181818,4.90727272727273,24.4363636363636,4.36909090909091,31.68,4.58,30.0272727272727,-1.53054562583566,-0.947895107756962,0.864563862928349,0.904656519579062,0.902093011638943
69783,48987,20796,0.64538843236048,0.709933675992828,0.698189298726076,23.2490909090909,40.2563636363636,36.4945454545455,4.82363636363636,24.3490909090909,4.34727272727273,31.8781818181818,4.49272727272727,30.1090909090909,-1.50980440242724,-0.87693082717332,0.865410182216313,0.904114538638724,0.901654045436429
70578,49376,21202,0.644129166023499,0.70963868708617,0.697087733865725,23.0927272727273,40.4036363636364,36.5036363636364,4.71454545454545,24.3272727272727,4.28,32.0672727272727,4.41454545454545,30.1963636363636,-1.49200192493471,-0.764875654469837,0.865679867726951,0.904554045540455,0.901479304676994
71278,49841,21437,0.643056582789109,0.707976455834494,0.69629104605961,23.0145454545455,40.4181818181818,36.5672727272727,4.64,24.2963636363636,4.22181818181818,32.1636363636364,4.38909090909091,30.2890909090909,-1.46532176814296,-0.716217115250501,0.866092589666614,0.905038236617184,0.901601034208433
72008,50238,21770,0.641426118229991,0.707053828505628,0.69486958613,22.9018181818182,40.5272727272727,36.5709090909091,4.56545454545455,24.1472727272727,4.27272727272727,32.3672727272727,4.32181818181818,30.3254545454545,-1.44409044296904,-0.637394548004324,0.865274690377898,0.905518169582772,0.901411951874316
72733,50611,22122,0.639830363258398,0.706616773548897,0.693446546296212,22.7727272727273,40.68,36.5472727272727,4.47090909090909,24.1163636363636,4.17090909090909,32.5963636363636,4.26363636363636,30.3818181818182,-1.42446805096485,-0.541694574193521,0.864750499001996,0.905962277643694,0.901397940400975
73615,51052,22563,0.638629603293645,0.706167286377847,0.692246438539698,22.6690909090909,40.7818181818182,36.5490909090909,4.38909090909091,24.0672727272727,4.08727272727273,32.8309090909091,4.20363636363636,30.4218181818182,-1.40306716371666,-0.42157082313841,0.86493423163298,0.906642888987962,0.901751069545319
74372,51464,22908,0.637820571941282,0.70510778471926,0.690633301199908,22.6054545454545,40.8254545454545,36.5690909090909,4.30545454545455,24.0036363636364,3.98727272727273,33.1145454545455,4.12,30.4690909090909,-1.38074279657819,-0.344657703963193,0.865036596155393,0.907009886879843,0.901556207428032
75171,51903,23268,0.63708507278776,0.704313972384876,0.689114027110165,22.5054545454545,40.9763636363636,36.5181818181818,4.22727272727273,23.9618181818182,3.91818181818182,33.2654545454545,4.03636363636364,30.5909090909091,-1.35331010737202,-0.266326229003343,0.866214251090645,0.907219239472867,0.901717699775952
76165,52383,23782,0.635426606112413,0.704076149773198,0.687431383671638,22.3327272727273,41.1909090909091,36.4763636363636,4.15454545454545,23.9054545454545,3.84181818181818,33.4581818181818,3.98363636363636,30.6563636363636,-1.32599146758968,-0.135642551156608,0.865912236424326,0.907437651732509,0.90185425181936
77009,52863,24146,0.634039060252339,0.702314306415169,0.685994798298059,22.2563636363636,41.26,36.4836363636364,4.07272727272727,23.8545454545455,3.77090909090909,33.6472727272727,3.97636363636364,30.6781818181818,-1.29912136535753,-0.0697383271022276,0.866024017645617,0.907416383906932,0.901973487491279
77779,53257,24522,0.632815333603929,0.701371190887514,0.684646519078347,22.1854545454545,41.3527272727273,36.4618181818182,3.99818181818182,23.8054545454545,3.71454545454545,33.8472727272727,3.85818181818182,30.7763636363636,-1.27503302618861,0.00205828113989396,0.866005572856909,0.907316215265564,0.902014560686147
78543,53713,24830,0.631519216917685,0.699730739428915,0.683025943726756,22.0818181818182,41.4145454545455,36.5036363636364,3.92727272727273,23.7745454545455,3.66727272727273,33.94,3.81818181818182,30.8727272727273,-1.24591060423038,0.0494538934393363,0.86628242074928,0.90780577750461,0.901827962344972
79526,54152,25374,0.630155657611924,0.699020024186059,0.681456852740172,21.9690909090909,41.5418181818182,36.4890909090909,3.86,23.7218181818182,3.64909090909091,34.0872727272727,3.74909090909091,30.9327272727273,-1.21845343519341,0.195167521184141,0.866506662252752,0.907781862745098,0.901938312820768
80419,54579,25840,0.628972127483716,0.697505168426852,0.680154920310445,21.9272727272727,41.5745454545455,36.4981818181818,3.76545454545455,23.7036363636364,3.61818181818182,34.2109090909091,3.66181818181818,31.04,-1.19316719662059,0.27752119817517,0.866417910447761,0.907766990291262,0.901912922187905
81425,55024,26401,0.627887722069626,0.69680053556588,0.679175409356191,21.8345454545455,41.6690909090909,36.4963636363636,3.70181818181818,23.6763636363636,3.52545454545455,34.3818181818182,3.6,31.1145454545455,-1.16824096109379,0.409784931350838,0.867099675243567,0.908063530849114,0.902107308324615
82390,55524,26866,0.626908306829674,0.695781665501027,0.678041528161982,21.7454545454545,41.76,36.4945454545455,3.63454545454546,23.62,3.47454545454545,34.4636363636364,3.61636363636364,31.1909090909091,-1.13875673396344,0.521751777963205,0.867224080267558,0.908524904214559,0.90265045834994
83510,55953,27557,0.625481416198412,0.694475094567163,0.67687569445709,21.6290909090909,41.8545454545455,36.5163636363636,3.55636363636364,23.5690909090909,3.44363636363636,34.6509090909091,3.52,31.26,-1.11052619313652,0.697791832685471,0.867014122394082,0.908297132927889,0.903206532563234
84547,56356,28191,0.623898017834183,0.693593371459751,0.675443468720608,21.5327272727273,41.9581818181818,36.5090909090909,3.49818181818182,23.5472727272727,3.41272727272727,34.7472727272727,3.39818181818182,31.3963636363636,-1.08467834849249,0.834719293767756,0.866250105547581,0.908610304632318,0.90308764940239
85385,56750,28635,0.622954237301042,0.691722470310622,0.674241291027114,21.4909090909091,41.9963636363636,36.5127272727273,3.43818181818182,23.5418181818182,3.32909090909091,34.8781818181818,3.41636363636364,31.3963636363636,-1.06222919852219,0.911771842837334,0.866328257191201,0.908303749242359,0.903047505228563
86432,57181,29251,0.621557475075057,0.69024806394531,0.672838093836396,21.4090909090909,42.0854545454546,36.5054545454545,3.34727272727273,23.5927272727273,3.23636363636364,35.0163636363636,3.36545454545455,31.4418181818182,-1.03558115976101,1.02418674650517,0.865987261146497,0.908325052922625,0.903028190058771
87458,57651,29807,0.620276594990596,0.688702684760821,0.67142469034697,21.3072727272727,42.1781818181818,36.5145454545455,3.27272727272727,23.5963636363636,3.22909090909091,35.0981818181818,3.26727272727273,31.5363636363636,-1.00026824203405,1.1361426056786,0.86577353016469,0.908354168462798,0.903251506249066
88435,58061,30374,0.619358282532895,0.686925989891407,0.670407746891506,21.2254545454545,42.28,36.4945454545455,3.20545454545455,23.6218181818182,3.17636363636364,35.1872727272727,3.24181818181818,31.5672727272727,-0.975962351364168,1.26283388943835,0.86619838958369,0.907886815171583,0.903746512554803
89384,58416,30968,0.618403628462351,0.685768061208964,0.669262918040336,21.1672727272727,42.3454545454545,36.4872727272727,3.14363636363636,23.6636363636364,3.13818181818182,35.2672727272727,3.14545454545455,31.6418181818182,-0.954484227333556,1.36636751971462,0.865658821508332,0.908072133963074,0.903876818816026
90172,58769,31403,0.617499801479781,0.684837737703761,0.668092440486299,21.1054545454545,42.4254545454545,36.4690909090909,3.07818181818182,23.7090909090909,3.06181818181818,35.3618181818182,3.06,31.7290909090909,-0.931333429806612,1.42407565523278,0.865954514128187,0.908159766863804,0.904128028716722
91064,59112,31952,0.616190262870987,0.684430856249865,0.66636461653182,20.9963636363636,42.6181818181818,36.3854545454545,3.02181818181818,23.8018181818182,2.97454545454545,35.3672727272727,3.06545454545454,31.7690909090909,-0.911197383769534,1.52473314255476,0.865864218912366,0.907977815699659,0.904107535478713
92170,59508,32662,0.61499122199368,0.68420440077603,0.665098453770115,20.9345454545455,42.7254545454545,36.34,2.96909090909091,23.8563636363636,2.94727272727273,35.4218181818182,3.03090909090909,31.7745454545455,-0.886938385191289,1.65896593223919,0.865728678130971,0.908081194944466,0.904237754540451
93107,59916,33191,0.613964796699008,0.683693913584889,0.663984145403064,20.8672727272727,42.8472727272727,36.2854545454545,2.92181818181818,23.92,2.92545454545455,35.3836363636364,3.08181818181818,31.7672727272727,-0.860072038729082,1.75375364151868,0.866428509192298,0.908469829415259,0.904594878989828
94350,60281,34069,0.613035144222213,0.682466714459318,0.663015527141947,20.8127272727273,42.9236363636364,36.2636363636364,2.85818181818182,24.0163636363636,2.88727272727273,35.3872727272727,2.97272727272727,31.8781818181818,-0.835599674352191,1.95065111883662,0.866253166768586,0.908505591324974,0.904587615943846
95702,60670,35032,0.611591967124894,0.681811021468651,0.662070049951659,20.7218181818182,43.0581818181818,36.22,2.80363636363636,24.1163636363636,2.85818181818182,35.3727272727273,2.93090909090909,31.9181818181818,-0.812419053979895,2.17521172734824,0.866105115381241,0.908453677898826,0.904874253300537
96731,61005,35726,0.610469515728332,0.680323096920131,0.66099352320358,20.7054545454545,43.1,36.1945454545455,2.75454545454545,24.16,2.86181818181818,35.4254545454545,2.82727272727273,31.9709090909091,-0.789098983766003,2.29447134062648,0.8659114857745,0.908247205230964,0.904706887024665
97814,61372,36442,0.609296403656506,0.679519482274898,0.660096767953073,20.6618181818182,43.1654545454545,36.1727272727273,2.69818181818182,24.2727272727273,2.77818181818182,35.4654545454545,2.78181818181818,32.0036363636364,-0.761136904291131,2.43029276721857,0.865628299894403,0.908386335874647,0.904800201055542
98831,61712,37119,0.608167146295694,0.678255882369343,0.659293496276706,20.64,43.2163636363636,36.1436363636364,2.64545454545455,24.3345454545455,2.74545454545455,35.4872727272727,2.77090909090909,32.0163636363636,-0.738647087731145,2.54522500613874,0.865133897110641,0.908073541167066,0.905126012374868
99913,62056,37857,0.607250596252489,0.677025063911383,0.658380767205335,20.6454545454545,43.22,36.1345454545455,2.59090909090909,24.4418181818182,2.67636363636364,35.5181818181818,2.71636363636364,32.0563636363636,-0.718304515663873,2.65750526663932,0.865081461911052,0.908039207437634,0.905202777498239
100843,62391,38452,0.605953284811649,0.675868613924967,0.657575548664099,20.6145454545455,43.2490909090909,36.1363636363636,2.52363636363636,24.5327272727273,2.62909090909091,35.5418181818182,2.69090909090909,32.0818181818182,-0.695803459970789,2.75281437933445,0.864526371494091,0.908016984066927,0.905358490566038
102003,62773,39230,0.605114361689776,0.675106463660814,0.656760466230294,20.5709090909091,43.3018181818182,36.1272727272727,2.47636363636364,24.6545454545455,2.51818181818182,35.6018181818182,2.59272727272727,32.1563636363636,-0.668190809813413,2.89830731526017,0.865211242708149,0.908170977494122,0.905334675390035
103135,63040,40095,0.603671965687761,0.674509611022313,0.655925105090533,20.52,43.36,36.12,2.41636363636364,24.7381818181818,2.43636363636364,35.6436363636364,2.55818181818182,32.2072727272727,-0.651440743864937,3.04049941213293,0.864522417153996,0.908210332103321,0.905063928319742
104118,63310,40808,0.602181760862475,0.674237632771303,0.655118922759847,20.4709090909091,43.4527272727273,36.0763636363636,2.38,24.78,2.38545454545455,35.7327272727273,2.46727272727273,32.2545454545455,-0.6345990230922,3.13756846677173,0.864019895194955,0.908155152935269,0.905150690454591
104973,63553,41420,0.600724665032164,0.673875989035842,0.654319520634454,20.3945454545455,43.5509090909091,36.0545454545455,2.33090909090909,24.8072727272727,2.38363636363636,35.7672727272727,2.40727272727273,32.3036363636364,-0.618009514319287,3.23323630758307,0.863599893019524,0.908111718782616,0.905042864346949
106034,63864,42170,0.599346361031714,0.673276979586177,0.653663283512889,20.3363636363636,43.6418181818182,36.0218181818182,2.26727272727273,24.8727272727273,2.33090909090909,35.8418181818182,2.27818181818182,32.4090909090909,-0.599816830617122,3.32289949743585,0.863299061242736,0.908261467316585,0.905158489804159
107167,64089,43078,0.598147354284535,0.67221710641014,0.652864098528585,20.3163636363636,43.6818181818182,36.0018181818182,2.21454545454545,24.9690909090909,2.23090909090909,35.9127272727273,2.13818181818182,32.5345454545455,-0.586209980008954,3.46737190593373,0.862896008591373,0.908095733610822,0.904853290237867
108503,64371,44132,0.59679669409596,0.671573144304837,0.652167521399841,20.2745454545455,43.7509090909091,35.9745454545455,2.15818181818182,24.9727272727273,2.21636363636364,35.9272727272727,2.14363636363636,32.5818181818182,-0.56584193169732,3.66003123691136,0.862254506322303,0.907908407098034,0.904831699181239
109518,64633,44885,0.595823241916446,0.671019994901604,0.65155021777045,20.2290909090909,43.8218181818182,35.9490909090909,2.12545454545455,24.9709090909091,2.21454545454545,35.9345454545455,2.14727272727273,32.6072727272727,-0.548261459603567,3.76916779923168,0.86275390976092,0.907642519293005,0.904916042888934
110644,64871,45773,0.595150935262382,0.6707545836631,0.651006228026081,20.2054545454545,43.86,35.9345454545455,2.06909090909091,25.0690909090909,2.13090909090909,36.0290909090909,2.02,32.6818181818182,-0.533271455045112,3.90144043883139,0.863043282641951,0.907764374248642,0.905130540376442
111643,65097,46546,0.594147350320048,0.670243996855403,0.650182518107265,20.1927272727273,43.9090909090909,35.8981818181818,2.02909090909091,25.1145454545455,2.06545454545454,36.0363636363636,2.01636363636364,32.7381818181818,-0.517829768122597,3.98555617749014,0.862686835944534,0.907701863354037,0.904831847649919
112660,65351,47309,0.593296969944698,0.66978144702838,0.649810477537093,20.1672727272727,43.9454545454546,35.8872727272727,1.98727272727273,25.1545454545455,2.00909090909091,36.0509090909091,1.99454545454545,32.8036363636364,-0.499176221662624,4.07358659587123,0.863054453660296,0.907902358295408,0.90505623670078
113648,65622,48026,0.592628395873447,0.669331357346876,0.648784791565682,20.1581818181818,44,35.8418181818182,1.94909090909091,25.1763636363636,1.95272727272727,36.0781818181818,1.94,32.9036363636364,-0.480566116337749,4.14538496178998,0.863353477045188,0.908057851239669,0.905037285040329
114568,65829,48739,0.591844058653795,0.668948049827437,0.64813791169818,20.1327272727273,44.0254545454545,35.8418181818182,1.90909090909091,25.1872727272727,1.91636363636364,36.1290909090909,1.85272727272727,33.0054545454545,-0.466265977140177,4.2241794207218,0.863271019597218,0.908152308581812,0.905037285040329
115628,66058,49570,0.590976625964783,0.668733108233631,0.647642832332618,20.0963636363636,44.0890909090909,35.8145454545455,1.83818181818182,25.2036363636364,1.86363636363636,36.22,1.73090909090909,33.1436363636364,-0.449861688632518,4.31380930366841,0.863475979372116,0.908408594168832,0.905269570514773
116721,66285,50436,0.590437945528959,0.668201519045842,0.646854664177354,20.0836363636364,44.1254545454546,35.7909090909091,1.81636363636364,25.16,1.84545454545455,36.2981818181818,1.63818181818182,33.2418181818182,-0.433534140948376,4.41638073433529,0.863842114792685,0.908278050187482,0.905461010922022
117569,66448,51121,0.589552674297289,0.668139789762055,0.646317213448533,20.0509090909091,44.1672727272727,35.7818181818182,1.77818181818182,25.1527272727273,1.78545454545455,36.3909090909091,1.54181818181818,33.3509090909091,-0.424865352070298,4.44946841272441,0.863710554951034,0.908447225424008,0.905386178861789
118508,66633,51875,0.589015048431666,0.667594578820108,0.645575991870635,20.0490909090909,44.1890909090909,35.7618181818182,1.74909090909091,25.1709090909091,1.70727272727273,36.4127272727273,1.52363636363636,33.4363636363636,-0.413914114198732,4.50406807633964,0.863970254829056,0.908410138248848,0.905282424119172
119561,66792,52769,0.588361766046689,0.667373029824754,0.645225493385244,20.0527272727273,44.1836363636364,35.7636363636364,1.70909090909091,25.2218181818182,1.58,36.4836363636364,1.49090909090909,33.5145454545455,-0.404495767745274,4.58165274819529,0.863813582373742,0.908398831323814,0.905439755973564
120534,66968,53566,0.587411356498204,0.66739709258271,0.644792322403608,20.0127272727273,44.2327272727273,35.7545454545455,1.68545454545455,25.2109090909091,1.52,36.5636363636364,1.41090909090909,33.6090909090909,-0.394679282205603,4.6322298608043,0.863813936585809,0.90833607365998,0.905720823798627
121084,67088,53996,0.586668985475414,0.666841883070151,0.644352895324041,19.98,44.2454545454545,35.7745454545455,1.63090909090909,25.1927272727273,1.50363636363636,36.6509090909091,1.37090909090909,33.6509090909091,-0.388746588680938,4.6368184146556,0.863772863772864,0.908115882473803,0.905671884529376
121696,67217,54479,0.585836053249168,0.666715363196701,0.643705994889058,19.94,44.3072727272727,35.7527272727273,1.58727272727273,25.1636363636364,1.41818181818182,36.8090909090909,1.34181818181818,33.68,-0.380170892624036,4.64925597682595,0.863590772316951,0.908120973367803,0.90576688364524
122523,67361,55162,0.585065532321337,0.666463734251285,0.643092582391232,19.9290909090909,44.3272727272727,35.7436363636364,1.55272727272727,25.1309090909091,1.44181818181818,36.8636363636364,1.24363636363636,33.7672727272727,-0.3717530790473,4.67233528657393,0.863424869993614,0.908080393765381,0.905793784017498
123200,67494,55706,0.584504432323521,0.666088877355314,0.64233641250931,19.9163636363636,44.3472727272727,35.7363636363636,1.52909090909091,25.0927272727273,1.41636363636364,36.9472727272727,1.22727272727273,33.7872727272727,-0.363731431044554,4.67994018955664,0.863428884425781,0.907998852035587,0.905774612058
123883,67650,56233,0.584060263875775,0.666218293946099,0.641552410846156,19.8981818181818,44.3945454545455,35.7072727272727,1.50545454545455,25.0763636363636,1.33818181818182,37.0727272727273,1.22909090909091,33.7781818181818,-0.352351485268975,4.65689930699088,0.863760964912281,0.908178727935455,0.905748765212078
124468,67753,56715,0.583358311611948,0.666026387404025,0.640818668493468,19.8672727272727,44.4472727272727,35.6854545454545,1.47090909090909,25.0563636363636,1.31090909090909,37.1727272727273,1.13636363636364,33.8527272727273,-0.346622882389718,4.65506319227544,0.863732039901162,0.908164934958684,0.905691139756458
125006,67854,57152,0.582952053863496,0.665926916390267,0.640415198933633,19.8527272727273,44.4581818181818,35.6890909090909,1.44181818181818,25.0236363636364,1.29090909090909,37.24,1.14,33.8636363636364,-0.33957480805164,4.64832630970261,0.863815367707666,0.908187469327662,0.905700748891946
125692,67984,57708,0.582513223180303,0.666079918459714,0.639965007035166,19.8290909090909,44.5090909090909,35.6618181818182,1.41636363636364,25.0290909090909,1.20363636363636,37.3418181818182,1.15090909090909,33.8581818181818,-0.331074673038992,4.65840561823411,0.86401980561159,0.908292483660131,0.905883552564495
126615,68146,58469,0.581964416056103,0.66614045954366,0.639112788470713,19.8054545454545,44.58,35.6145454545455,1.39636363636364,25.0127272727273,1.13636363636364,37.4781818181818,1.11454545454545,33.8618181818182,-0.318486051307991,4.70724906785922,0.864041127329478,0.908356784534443,0.905962834388401
127178,68231,58947,0.581517651350662,0.665956301974394,0.638800613293427,19.7781818181818,44.6054545454545,35.6163636363636,1.37272727272727,24.9418181818182,1.13454545454545,37.5581818181818,1.08909090909091,33.9036363636364,-0.314203055778688,4.69569210626862,0.864313292884721,0.908368320221742,0.905967634897136
127726,68315,59411,0.581224479857951,0.666021958595302,0.638274426139514,19.7763636363636,44.6309090909091,35.5927272727273,1.34909090909091,24.9072727272727,1.11090909090909,37.6945454545455,1.05272727272727,33.8854545454545,-0.307919733611528,4.70120641358874,0.86448469247035,0.908257628223408,0.905956272987331
128445,68409,60036,0.580957317367703,0.665959357990433,0.637865155508164,19.7709090909091,44.64,35.5890909090909,1.33454545454545,24.8836363636364,1.08363636363636,37.82,0.963636363636364,33.9145454545455,-0.301223483922976,4.71279722370885,0.864723192937282,0.908317041381558,0.905844487585573
129066,68499,60567,0.580775646751413,0.665810479683073,0.637429151247807,19.7472727272727,44.66,35.5927272727273,1.3,24.88,1.02363636363636,37.96,0.914545454545455,33.9218181818182,-0.294781029974745,4.69564123939384,0.865113709603167,0.90835809958067,0.905803024111156
129562,68547,61015,0.580471143373858,0.665600844026757,0.63703011958262,19.74,44.6727272727273,35.5872727272727,1.28,24.8818181818182,0.961818181818182,38.0781818181818,0.883636363636364,33.9145454545455,-0.291281204619868,4.68800033493476,0.865064014000184,0.908221408221408,0.905737495529556
130068,68629,61439,0.580059071911407,0.665604529529096,0.636454450928338,19.72,44.7145454545455,35.5654545454545,1.26181818181818,24.8763636363636,0.92,38.1872727272727,0.832727272727273,33.9218181818182,-0.28475176427852,4.68649123040113,0.865019361976766,0.908266579921116,0.905679668728593
130498,68715,61783,0.579788864695939,0.665489671531535,0.636073784240934,19.7090909090909,44.74,35.5509090909091,1.24727272727273,24.8290909090909,0.94,38.2563636363636,0.796363636363636,33.9309090909091,-0.278118966107087,4.66730165319009,0.865129151291513,0.9083187710814,0.905641078095433
131057,68792,62265,0.579409993234788,0.665291555872487,0.635924416102053,19.7090909090909,44.7490909090909,35.5418181818182,1.22909090909091,24.8181818181818,0.883636363636364,38.3709090909091,0.765454545454545,33.9327272727273,-0.272079606671733,4.63258246345953,0.864944649446495,0.908337396392004,0.905821567423777
131454,68851,62603,0.579137175581117,0.665436118666318,0.635566212561094,19.6909090909091,44.7745454545455,35.5345454545455,1.20727272727273,24.82,0.803636363636364,38.5145454545455,0.723636363636364,33.9309090909091,-0.267384706020609,4.60142824348401,0.864912280701754,0.908592544465199,0.905751125665166
131769,68897,62872,0.578789676191707,0.665131101023194,0.635294161235405,19.6872727272727,44.7872727272727,35.5254545454545,1.18,24.7818181818182,0.781818181818182,38.6145454545455,0.725454545454545,33.9163636363636,-0.263985080085695,4.56938760145144,0.864702622829701,0.908577923923192,0.905778187215313
132129,68955,63174,0.578564984255793,0.664988683804721,0.634764310382751,19.6618181818182,44.8363636363636,35.5018181818182,1.16545454545455,24.7490909090909,0.758181818181818,38.72,0.710909090909091,33.8963636363636,-0.258620191604661,4.52392050109126,0.864712409839097,0.908556366585564,0.905766670080918
132373,68989,63384,0.578361555623208,0.664904840309502,0.634423035833207,19.6545454545455,44.8618181818182,35.4836363636364,1.15272727272727,24.7345454545455,0.716363636363636,38.8109090909091,0.694545454545455,33.8909090909091,-0.256159267530099,4.49736190600829,0.864662349676226,0.908567723109346,0.90576962492314
132573,69031,63542,0.577946642197465,0.66502305250235,0.634007087642657,19.6254545454545,44.9072727272727,35.4672727272727,1.14181818181818,24.6709090909091,0.747272727272727,38.8709090909091,0.694545454545455,33.8745454545455,-0.25268628037196,4.44966737441719,0.864461738002594,0.908660269646544,0.905726149587328
132757,69085,63672,0.577664542544219,0.664997803222019,0.633602768618956,19.6018181818182,44.9472727272727,35.4509090909091,1.12727272727273,24.6636363636364,0.729090909090909,38.9654545454545,0.652727272727273,33.8618181818182,-0.250202601572859,4.39931287602945,0.864576569891476,0.908741555762307,0.90568263411632
133118,69139,63979,0.577323745300967,0.66492772100042,0.633486348194364,19.5818181818182,44.98,35.4381818181818,1.11090909090909,24.6581818181818,0.698181818181818,39.0363636363636,0.634545454545455,33.8618181818182,-0.246019077070311,4.36998094103553,0.864716805942433,0.90872711103925,0.90570006669745
133443,69193,64250,0.57712134342878,0.664874121460512,0.633166081931292,19.5709090909091,45.0145454545455,35.4145454545455,1.10181818181818,24.6690909090909,0.661818181818182,39.14,0.583636363636364,33.8436363636364,-0.241934525677193,4.3479061934081,0.864734299516908,0.90871637450521,0.905791148988603
133770,69247,64523,0.57699598855374,0.664776165753264,0.632936467376978,19.5672727272727,45.0345454545455,35.3981818181818,1.08727272727273,24.6690909090909,0.603636363636364,39.2327272727273,0.58,33.8272727272727,-0.238074953774181,4.33452680598606,0.864895000929195,0.908635794743429,0.905953053572346
134006,69274,64732,0.576761588644526,0.664449791495523,0.63283622832332,19.5563636363636,45.0581818181818,35.3854545454545,1.07636363636364,24.6563636363636,0.610909090909091,39.2745454545455,0.512727272727273,33.8690909090909,-0.236832812720042,4.2988033852794,0.86481963555225,0.908441610846582,0.906021991573322
134233,69326,64907,0.576524073127708,0.664571308211517,0.632566876132497,19.54,45.1,35.36,1.07272727272727,24.6272727272727,0.583636363636364,39.3381818181818,0.510909090909091,33.8672727272727,-0.233286277650834,4.27303149022839,0.864799478924351,0.908647450110865,0.906108597285068
134455,69360,65095,0.576339527809886,0.664439345541535,0.63218386732077,19.5163636363636,45.1418181818182,35.3418181818182,1.05454545454545,24.6345454545455,0.538181818181818,39.4054545454546,0.5,33.8672727272727,-0.229890656576026,4.22970781441439,0.864822060741569,0.908691799581118,0.906060294268958
134651,69398,65253,0.576157293104645,0.664503122651286,0.631946944350283,19.4981818181818,45.1654545454545,35.3363636363636,1.05272727272727,24.6218181818182,0.494545454545455,39.5,0.449090909090909,33.8818181818182,-0.226037232206859,4.1803406951949,0.864975755315181,0.908779839781007,0.905942886544893
134881,69434,65447,0.57583884338274,0.664309370009561,0.631812409707096,19.4727272727273,45.2054545454545,35.3218181818182,1.04545454545455,24.6236363636364,0.46,39.5290909090909,0.427272727272727,33.9145454545455,-0.222834369027458,4.12546339156953,0.864799253034547,0.908699674214697,0.906007103515726
134984,69471,65513,0.575662341402449,0.664281609081096,0.631711233916963,19.4545454545455,45.2309090909091,35.3145454545455,1.04,24.5981818181818,0.465454545454546,39.5509090909091,0.429090909090909,33.9163636363636,-0.221572822834556,4.09139096655629,0.864766355140187,0.908751055191542,0.906039231838542
135176,69511,65665,0.575381099054862,0.6643531340718,0.631475549457163,19.4418181818182,45.2618181818182,35.2963636363636,1.03272727272727,24.5890909090909,0.463636363636364,39.5781818181818,0.44,33.8963636363636,-0.217387568568599,4.05770811309869,0.864584307490882,0.908733028038885,0.906093854633493
135355,69536,65819,0.575140517561307,0.664476493243443,0.631204117273893,19.4272727272727,45.2927272727273,35.28,1.03272727272727,24.5672727272727,0.450909090909091,39.6454545454545,0.392727272727273,33.9109090909091,-0.216322946399239,4.03864108294418,0.864482919981282,0.908795311308257,0.906050298907442
135600,69583,66017,0.574992040900085,0.66437369013369,0.630937321372279,19.4072727272727,45.3363636363636,35.2563636363636,1.01636363636364,24.5690909090909,0.441818181818182,39.6709090909091,0.376363636363636,33.9254545454545,-0.212800552244087,4.00796530002898,0.864436949597152,0.90880288750752,0.906142024650611
135767,69612,66155,0.57486352003825,0.664039995137161,0.630689911523047,19.4018181818182,45.3418181818182,35.2563636363636,1.02,24.5436363636364,0.438181818181818,39.6927272727273,0.345454545454545,33.96,-0.209751096811802,3.97023085586049,0.864305126042545,0.908733659475499,0.906090454334485
135920,69642,66278,0.574719010645195,0.663988184698046,0.630540147284891,19.3854545454545,45.3690909090909,35.2454545454545,1.01818181818182,24.5309090909091,0.425454545454545,39.7327272727273,0.329090909090909,33.9636363636364,-0.206955828109693,3.92481363849206,0.864378165447383,0.908708371738869,0.90611297394893
136167,69683,66484,0.574677751487161,0.663806452215591,0.630526615744138,19.3781818181818,45.3836363636364,35.2381818181818,1.01636363636364,24.5636363636364,0.372727272727273,39.7563636363636,0.316363636363636,33.9745454545455,-0.204556408471597,3.90225097916343,0.864514918371177,0.908737630703898,0.906196790671276
136255,69723,66532,0.57449772386936,0.66383358294778,0.630483670121656,19.3581818181818,45.4163636363636,35.2254545454545,1.01454545454545,24.5472727272727,0.4,39.7363636363636,0.310909090909091,33.9909090909091,-0.20180528917805,3.8709604230794,0.864656710810557,0.90872332759518,0.906266129864767
136454,69763,66691,0.574280941923383,0.663779437085155,0.630387617286969,19.3327272727273,45.4345454545455,35.2327272727273,1.00727272727273,24.5472727272727,0.387272727272727,39.7636363636364,0.309090909090909,33.9854545454545,-0.195938091512918,3.84322119409388,0.8647606508041,0.90871983672816,0.906233873464754
136592,69788,66804,0.574203530710027,0.663751482257473,0.630339649256621,19.3181818181818,45.4563636363636,35.2254545454545,1.00727272727273,24.5236363636364,0.387272727272727,39.7945454545455,0.28,34.0072727272727,-0.194591438009361,3.79359223991632,0.864941176470588,0.908763649454022,0.906266129864767
136690,69825,66865,0.573998198059621,0.663793272497461,0.630148038118607,19.2945454545455,45.4945454545455,35.2109090909091,1.00181818181818,24.5145454545455,0.376363636363636,39.8127272727273,0.307272727272727,33.9872727272727,-0.191099553354169,3.7681222087111,0.864869958537505,0.908760290943969,0.906279045750284
136841,69871,66970,0.573852261437834,0.663535444462127,0.629990000974349,19.2872727272727,45.5090909090909,35.2036363636364,0.994545454545454,24.5090909090909,0.36,39.8563636363636,0.305454545454545,33.9745454545455,-0.186115007535872,3.74152017371221,0.864913273001508,0.90870954854175,0.906259683916951
136956,69906,67050,0.573709017820417,0.663509353058389,0.629829964124313,19.2709090909091,45.5381818181818,35.1909090909091,0.987272727272727,24.4981818181818,0.361818181818182,39.8727272727273,0.310909090909091,33.9690909090909,-0.183995592905293,3.71934485433792,0.864987262949335,0.908727940589316,0.906277447687936
137079,69925,67154,0.573429354911356,0.663456308335732,0.629738188820911,19.2545454545455,45.5490909090909,35.1963636363636,0.976363636363636,24.5,0.338181818181818,39.9145454545455,0.298181818181818,33.9727272727273,-0.182268794130703,3.68637943354737,0.864872521246459,0.90870988344244,0.906188655852877
137169,69951,67218,0.573307760243423,0.663473991099623,0.629437051161163,19.24,45.58,35.18,0.978181818181818,24.4854545454545,0.329090909090909,39.9418181818182,0.28,33.9854545454545,-0.180732995856405,3.65088045668196,0.864959364959365,0.908731899956121,0.906093338157011
137252,69965,67287,0.573178142607972,0.663480954948694,0.629367736826133,19.2327272727273,45.5909090909091,35.1763636363636,0.969090909090909,24.4763636363636,0.329090909090909,39.9745454545455,0.245454545454545,34.0054545454545,-0.180108443349177,3.62273648862134,0.864908300245793,0.908713858424726,0.906135318137179
137385,69999,67386,0.572935192644,0.663363404477113,0.62916479624865,19.22,45.6181818181818,35.1618181818182,0.965454545454546,24.4781818181818,0.309090909090909,40.0018181818182,0.241818181818182,34.0036363636364,-0.175228338222686,3.58377114006064,0.864629647147857,0.908688720605819,0.906148197941982
137454,70019,67435,0.572765103132356,0.663393746408568,0.629059934001676,19.2109090909091,45.6381818181818,35.1509090909091,0.965454545454546,24.4727272727273,0.301818181818182,40.0109090909091,0.258181818181818,33.9909090909091,-0.174581300514877,3.5591318750246,0.864565587734242,0.908728735906936,0.906170796048208
137512,70037,67475,0.572604308935506,0.663397925840008,0.628922659765995,19.2,45.6581818181818,35.1418181818182,0.96,24.4545454545455,0.32,40.0236363636364,0.24,34.0018181818182,-0.17198257724482,3.53787641826678,0.864583333333333,0.90868907295317,0.906198261589404
137601,70047,67554,0.572569899768074,0.663411758912859,0.628691880506928,19.1981818181818,45.6690909090909,35.1327272727273,0.958181818181818,24.4418181818182,0.289090909090909,40.0690909090909,0.243636363636364,33.9981818181818,-0.172096982467338,3.50902873528275,0.864570508570887,0.908710884624572,0.906122237747762
137701,70080,67621,0.572444816315795,0.663358970091645,0.628558590760985,19.1909090909091,45.6963636363636,35.1127272727273,0.954545454545455,24.4509090909091,0.269090909090909,40.0872727272727,0.247272727272727,33.9909090909091,-0.170014291982013,3.49376855269074,0.864519185220275,0.908685791588748,0.906275890637945
137767,70092,67675,0.572296823817655,0.663334986424587,0.628498995039873,19.1836363636364,45.7054545454545,35.1109090909091,0.954545454545455,24.44,0.26,40.0945454545455,0.26,33.9909090909091,-0.169876818554555,3.47147234387018,0.864562600701355,0.908703954172965,0.906271037232665
137854,70121,67733,0.572228920380388,0.66336224257643,0.628538839291999,19.1690909090909,45.7254545454545,35.1054545454545,0.952727272727273,24.4363636363636,0.269090909090909,40.0945454545455,0.234545454545455,34.0127272727273,-0.167187193984071,3.44056207981299,0.864649530494167,0.908743886436836,0.906411850010358
137958,70136,67822,0.572151079065126,0.663266420967525,0.628527604010448,19.1672727272727,45.7254545454545,35.1072727272727,0.947272727272727,24.44,0.285454545454545,40.0981818181818,0.210909090909091,34.0181818181818,-0.166682965186721,3.42713975753974,0.864636691329918,0.908743886436836,0.906416696877104
138000,70144,67856,0.572107679125303,0.663200932861564,0.628398794869447,19.1690909090909,45.7345454545455,35.0963636363636,0.952727272727273,24.4418181818182,0.263636363636364,40.1018181818182,0.227272727272727,34.0127272727273,-0.165694260859428,3.3958331390538,0.864554680830883,0.908762025920331,0.906439413562659
138045,70172,67873,0.572063468299559,0.663164617755534,0.628373417793911,19.1545454545455,45.7490909090909,35.0963636363636,0.952727272727273,24.4418181818182,0.265454545454545,40.1109090909091,0.227272727272727,34.0018181818182,-0.163123775003293,3.37673559253189,0.864736592311343,0.908751291630236,0.906491218981505
138148,70189,67959,0.571834873369777,0.663104357727186,0.628280736612627,19.14,45.7690909090909,35.0909090909091,0.954545454545455,24.4327272727273,0.249090909090909,40.1454545454545,0.203636363636364,34.0145454545455,-0.16094739704713,3.36326412456957,0.864633798803078,0.908632264728082,0.906528497409326
138158,70192,67966,0.571699022633532,0.663131110610888,0.628180493411241,19.1418181818182,45.7672727272727,35.0909090909091,0.96,24.4218181818182,0.252727272727273,40.1436363636364,0.210909090909091,34.0109090909091,-0.160261609126412,3.35728454833681,0.864456686930091,0.908668361671699,0.906424870466321
138235,70203,68032,0.571627586323972,0.662989034397238,0.628134868711973,19.1381818181818,45.7690909090909,35.0927272727273,0.958181818181818,24.4327272727273,0.24,40.1563636363636,0.207272727272727,34.0054545454545,-0.15819847459127,3.34180816384879,0.864430932927988,0.90859253962579,0.906377907880421
138339,70213,68126,0.571598735292385,0.662815833154655,0.628071986004731,19.14,45.7654545454546,35.0945454545455,0.954545454545455,24.4545454545455,0.218181818181818,40.1727272727273,0.187272727272727,34.0127272727273,-0.157190740961894,3.32449583979535,0.864443811152275,0.908545548448612,0.906382758263392
138356,70220,68136,0.571583117071345,0.662828777330287,0.628022171917195,19.14,45.7727272727273,35.0872727272727,0.956363636363636,24.4509090909091,0.229090909090909,40.1636363636364,0.190909090909091,34.0090909090909,-0.157260354611605,3.3056035313078,0.864443811152275,0.908560079443893,0.906415172556742
138429,70241,68188,0.571429208256419,0.662766426526688,0.627887176716698,19.1309090909091,45.7854545454545,35.0836363636364,0.958181818181818,24.4581818181818,0.212727272727273,40.1854545454545,0.187272727272727,33.9981818181818,-0.156075057230191,3.29158021181145,0.864379395552176,0.908585497577635,0.906405472636816
138480,70244,68236,0.571401741916262,0.662765508471381,0.627840884690236,19.1309090909091,45.7854545454545,35.0836363636364,0.958181818181818,24.4636363636364,0.201818181818182,40.2036363636364,0.18,33.9927272727273,-0.156669427305381,3.27116498232565,0.864379395552176,0.908585497577635,0.906405472636816
138546,70258,68288,0.571371641598759,0.662769806407273,0.627731735312508,19.1309090909091,45.7927272727273,35.0763636363636,0.958181818181818,24.48,0.201818181818182,40.2054545454545,0.152727272727273,34.0018181818182,-0.155230595464871,3.25310942637311,0.864379395552176,0.908560311284047,0.90643790172092
138583,70268,68315,0.571202218925468,0.66279926751072,0.627667771175901,19.1236363636364,45.8054545454546,35.0709090909091,0.961818181818182,24.4690909090909,0.194545454545455,40.2181818181818,0.16,33.9963636363636,-0.154446906114555,3.2405963099477,0.864327818976992,0.908585718255071,0.90642335009591
138618,70270,68348,0.571138197536883,0.662796401671203,0.627628458484566,19.12,45.8127272727273,35.0672727272727,0.965454545454546,24.4763636363636,0.176363636363636,40.2236363636364,0.167272727272727,33.9909090909091,-0.154290297882372,3.23020191585476,0.864302015975656,0.908560542921776,0.906413646497641
138664,70275,68389,0.571066579475347,0.662786858343537,0.62762757178874,19.1145454545455,45.82,35.0654545454545,0.965454545454546,24.4854545454545,0.161818181818182,40.2490909090909,0.163636363636364,33.9745454545455,-0.154810990577045,3.21736631916667,0.864263293065728,0.908535375580334,0.906512496111169
138688,70278,68410,0.571028369717177,0.662810083196456,0.627538321449032,19.1145454545455,45.8236363636364,35.0618181818182,0.972727272727273,24.4781818181818,0.156363636363636,40.2872727272727,0.149090909090909,33.9563636363636,-0.154991918553225,3.19753717411817,0.864263293065728,0.908542633813435,0.906502800248911
138689,70277,68412,0.570967239762043,0.662833189254781,0.627416844294718,19.1109090909091,45.8272727272727,35.0618181818182,0.972727272727273,24.4727272727273,0.170909090909091,40.2836363636364,0.152727272727273,33.9472727272727,-0.155722359617622,3.19004322706976,0.86423746551232,0.908549890894664,0.906347230864966
138704,70281,68423,0.570954108006799,0.662857253779493,0.627408696031848,19.1036363636364,45.8345454545455,35.0618181818182,0.976363636363636,24.4781818181818,0.174545454545455,40.2909090909091,0.147272727272727,33.9327272727273,-0.155909179251929,3.18150389664383,0.86428095555344,0.908564401602602,0.906347230864966
138740,70293,68447,0.57095791817837,0.662887091583731,0.627366310460203,19.0981818181818,45.8436363636364,35.0581818181818,0.978181818181818,24.4890909090909,0.16,40.3145454545455,0.152727272727273,33.9054545454545,-0.155879494556046,3.17304566865787,0.864432597105864,0.90854287300706,0.906389378695156
138778,70294,68484,0.570969373905247,0.662886873243018,0.627309046492281,19.0963636363636,45.8454545454545,35.0581818181818,0.98,24.4872727272727,0.158181818181818,40.3436363636364,0.149090909090909,33.8818181818182,-0.156447399903449,3.16004485765641,0.864514900504618,0.908546500099147,0.906389378695156
138820,70296,68524,0.570933138748457,0.662901976997549,0.627255125262893,19.0963636363636,45.8490909090909,35.0545454545455,0.976363636363636,24.4945454545455,0.154545454545455,40.3836363636364,0.130909090909091,33.86,-0.156415056928712,3.15619191023606,0.864514900504618,0.908514097632549,0.906379668049792
138832,70300,68532,0.570939780190386,0.662881290690525,0.627236928199339,19.0981818181818,45.8454545454545,35.0563636363636,0.978181818181818,24.4927272727273,0.156363636363636,40.3927272727273,0.145454545454545,33.8345454545455,-0.156271261885625,3.14539235045033,0.86452779893374,0.908546500099147,0.906384523624293
138858,70310,68548,0.570945027428896,0.66276054004683,0.627183378034756,19.1,45.8418181818182,35.0581818181818,0.981818181818182,24.4981818181818,0.161818181818182,40.3927272727273,0.165454545454545,33.8,-0.15528781139014,3.13530346888795,0.864540694907187,0.908539245627256,0.906389378695156
138895,70305,68590,0.570918337663718,0.662739756399894,0.627116932297302,19.1,45.8363636363636,35.0636363636364,0.981818181818182,24.5054545454545,0.158181818181818,40.4109090909091,0.141818181818182,33.8018181818182,-0.155749030158437,3.12945958587595,0.864445502141837,0.908528361761206,0.906300233341976
138919,70311,68608,0.570885780850482,0.662699027859369,0.627075942071973,19.0981818181818,45.8381818181818,35.0636363636364,0.98,24.5127272727273,0.170909090909091,40.4109090909091,0.130909090909091,33.7945454545455,-0.155875510400801,3.11408869285475,0.864432597105864,0.908531990004363,0.906300233341976
138974,70319,68655,0.570854346147465,0.662754304777822,0.627039992545134,19.0945454545455,45.8472727272727,35.0581818181818,0.98,24.5127272727273,0.170909090909091,40.44,0.116363636363636,33.78,-0.155335296761768,3.10621283526786,0.864406779661017,0.908550126903553,0.906337516855098
139010,70331,68679,0.570817868606989,0.662766519156186,0.627088094089757,19.0890909090909,45.8545454545455,35.0563636363636,0.981818181818182,24.5090909090909,0.174545454545455,40.4527272727273,0.121818181818182,33.76,-0.154146473354062,3.09838695270433,0.864463282217354,0.908564631245044,0.906384523624293
139067,70347,68720,0.570864152974297,0.662606608889128,0.627161682120942,19.0927272727273,45.8563636363636,35.0509090909091,0.987272727272727,24.5072727272727,0.167272727272727,40.4545454545455,0.121818181818182,33.7618181818182,-0.152540771844956,3.0903276364573,0.864584325302352,0.90852860711312,0.90652557319224
139095,70348,68747,0.570870237862061,0.662575296667418,0.62712460659173,19.0854545454545,45.8636363636364,35.0509090909091,0.989090909090909,24.5236363636364,0.152727272727273,40.4563636363636,0.123636363636364,33.7545454545455,-0.153092062824263,3.08223693623123,0.864627988949224,0.908503468780971,0.90652557319224
139164,70359,68805,0.57091643572399,0.662462875276802,0.627179488363251,19.0890909090909,45.8545454545455,35.0563636363636,0.992727272727273,24.5290909090909,0.132727272727273,40.4781818181818,0.12,33.7472727272727,-0.152045226548745,3.07933249082416,0.864653776550148,0.908524980174465,0.906591981743686
139188,70355,68833,0.570875983207776,0.662499985058965,0.627181783308783,19.0872727272727,45.8527272727273,35.06,0.994545454545454,24.5218181818182,0.138181818181818,40.4945454545455,0.110909090909091,33.74,-0.15273869481369,3.06415603618053,0.8646408839779,0.908521352948174,0.9065498107141
139207,70350,68857,0.570850142352072,0.662580142938181,0.627185503451391,19.0854545454545,45.8563636363636,35.0581818181818,0.994545454545454,24.5272727272727,0.138181818181818,40.5072727272727,0.101818181818182,33.7309090909091,-0.154349113116173,3.05328176429665,0.864532723635324,0.90852860711312,0.906596826055388
139188,70340,68848,0.570864734811927,0.662471472646053,0.627154061908629,19.0836363636364,45.8581818181818,35.0581818181818,0.998181818181818,24.5290909090909,0.145454545454545,40.5090909090909,0.101818181818182,33.7163636363636,-0.156377647800334,3.04321239248595,0.864519817073171,0.908452937911347,0.90654496421533
139227,70344,68883,0.570870663115633,0.662375247141972,0.627149284669075,19.0781818181818,45.8563636363636,35.0654545454545,1,24.54,0.138181818181818,40.5127272727273,0.0981818181818182,33.7109090909091,-0.156060719107204,3.03669722315601,0.864576384256171,0.908449308116252,0.906512496111169
139268,70355,68913,0.570883243518046,0.662324748352128,0.627226483192669,19.0745454545455,45.8527272727273,35.0727272727273,1.00181818181818,24.5436363636364,0.136363636363636,40.5309090909091,0.103636363636364,33.6836363636364,-0.155031795656594,3.02989522967149,0.86464588695072,0.908442047662477,0.906583722135822
139262,70346,68916,0.570804201215419,0.662140633900563,0.627205727952724,19.0581818181818,45.8581818181818,35.0836363636364,1.00181818181818,24.5490909090909,0.145454545454545,40.5345454545455,0.0890909090909091,33.68,-0.155850431432985,3.01354187034409,0.864529669910322,0.908294346205694,0.906560945273632
139304,70365,68939,0.570703744301329,0.662045744800852,0.627231951609022,19.0509090909091,45.8509090909091,35.0981818181818,1,24.56,0.143636363636364,40.5345454545455,0.0945454545454545,33.6672727272727,-0.153088355500553,3.0125709712336,0.864477953807979,0.908359108573241,0.90654786572731
139313,70362,68951,0.570729962776327,0.661934655556244,0.627309007492269,19.04,45.8472727272727,35.1127272727273,0.998181818181818,24.5563636363636,0.149090909090909,40.54,0.0963636363636364,33.66,-0.154920538787899,3.00675817500715,0.864591291061879,0.908351840101523,0.906586578293289
139311,70353,68958,0.570691883477378,0.661746426342833,0.627257610891572,19.0290909090909,45.84,35.1309090909091,1,24.56,0.136363636363636,40.5418181818182,0.1,33.6618181818182,-0.155915599154303,2.99331792863933,0.864513663290655,0.908257972394098,0.90642790601387
139347,70356,68991,0.570692727467449,0.661993329923753,0.627287680312895,19.0145454545455,45.8454545454545,35.14,1.00181818181818,24.5545454545455,0.141818181818182,40.5545454545455,0.0927272727272727,33.6545454545455,-0.157363477084436,2.99215596226806,0.864601262191624,0.908348205433274,0.906452113623428
139368,70361,69007,0.570688136238634,0.662009328255358,0.627286259787639,19.0090909090909,45.8309090909091,35.16,1.00181818181818,24.5563636363636,0.149090909090909,40.5581818181818,0.0909090909090909,33.6436363636364,-0.155972214447948,2.98172106348317,0.864562410329986,0.908477803784663,0.906298479677319
139399,70361,69038,0.570738012684911,0.662076664886339,0.627200217674743,18.9927272727273,45.8309090909091,35.1763636363636,1.00545454545455,24.5654545454545,0.145454545454545,40.5490909090909,0.0890909090909091,33.6454545454545,-0.155968396522142,2.97549732500179,0.8648286425426,0.908557146824295,0.906083630537034
139478,70382,69096,0.570693460935362,0.661901668483263,0.627200418258375,18.9818181818182,45.8163636363636,35.2018181818182,1.00545454545455,24.5872727272727,0.134545454545455,40.5436363636364,0.0890909090909091,33.64,-0.150085717898831,2.97074471698566,0.864846743295019,0.908567800309536,0.90604824130985
139541,70405,69136,0.570730086840669,0.661968278277322,0.627191245037042,18.9654545454545,45.8236363636364,35.2109090909091,1.00363636363636,24.5818181818182,0.136363636363636,40.5690909090909,0.0781818181818182,33.6309090909091,-0.148334529832011,2.96704943086952,0.865113603681334,0.908621989445701,0.906124135082103
139571,70406,69165,0.57067534971348,0.661879513022448,0.627272315207339,18.9454545454545,45.82,35.2345454545455,1.00181818181818,24.5836363636364,0.14,40.5909090909091,0.0618181818181818,33.6218181818182,-0.148222507457831,2.95969476677816,0.865067178502879,0.908575056545375,0.906135507508127
139589,70400,69189,0.570606346101135,0.661802685377948,0.627288491954264,18.9363636363636,45.8236363636364,35.24,1.00181818181818,24.5963636363636,0.132727272727273,40.5763636363636,0.0654545454545455,33.6272727272727,-0.150164697873036,2.95080769658089,0.864906385021603,0.908502955997302,0.906201630378702
139615,70412,69203,0.570528473379733,0.661660406009521,0.627335152264561,18.9236363636364,45.82,35.2563636363636,1.00181818181818,24.5909090909091,0.130909090909091,40.5872727272727,0.0672727272727273,33.6218181818182,-0.14831360781523,2.9438009975478,0.864911606456572,0.908456013650252,0.906245165282863
139634,70411,69223,0.570512291107911,0.661587909834827,0.627423735984138,18.9109090909091,45.8127272727273,35.2763636363636,1.00181818181818,24.5709090909091,0.14,40.6,0.0636363636363636,33.6236363636364,-0.146990674759251,2.93701623368331,0.864916834919719,0.908401793864349,0.90624677868261
139625,70408,69217,0.570548395066232,0.661569802727925,0.627456454352922,18.9036363636364,45.8109090909091,35.2854545454545,1.00181818181818,24.5509090909091,0.150909090909091,40.58,0.0818181818181818,33.6345454545455,-0.148368633693529,2.92453471107239,0.864961046455708,0.908398158437847,0.906270933168444
139683,70413,69270,0.570511150040519,0.661699159093271,0.627467275130616,18.8763636363636,45.8109090909091,35.3127272727273,1,24.5436363636364,0.127272727272727,40.6054545454545,0.0690909090909091,33.6545454545455,-0.148431802419178,2.92168015740304,0.86505490271624,0.908477536116844,0.906240345999382
139689,70412,69277,0.570464011468731,0.661616904737906,0.62753272566745,18.86,45.8127272727273,35.3272727272727,1,24.5072727272727,0.145454545454545,40.6054545454545,0.0654545454545455,33.6763636363636,-0.148736743891178,2.91292829132554,0.865034223464764,0.908362106599992,0.9062789500772
139732,70425,69307,0.570323353757201,0.661345456065509,0.627546582376209,18.8436363636364,45.8072727272727,35.3490909090909,1,24.5036363636364,0.127272727272727,40.6127272727273,0.0618181818181818,33.6945454545455,-0.146687870650203,2.90364311523736,0.864917020455423,0.908311502738747,0.906336796625862
139791,70434,69357,0.57021568231911,0.661565049275367,0.62759559015117,18.8218181818182,45.8127272727273,35.3654545454545,1,24.4836363636364,0.138181818181818,40.6109090909091,0.0490909090909091,33.7181818181818,-0.146385976203204,2.90141401325607,0.864857032457496,0.908401793864349,0.906277312220451
139801,70432,69369,0.57010031226286,0.661896784764312,0.627604047651503,18.7945454545455,45.8309090909091,35.3745454545455,1,24.4454545454545,0.14,40.6181818181818,0.0636363636363636,33.7327272727273,-0.148833079969468,2.89424321523614,0.86475766663442,0.908477803784663,0.90625
139833,70433,69400,0.570034309450358,0.661791905007421,0.62759592873988,18.7781818181818,45.8254545454545,35.3963636363636,1,24.4272727272727,0.121818181818182,40.6436363636364,0.06,33.7472727272727,-0.149276150495941,2.88928198232739,0.864736638264911,0.908427233772417,0.906205054448325
139868,70450,69418,0.569933521721335,0.661466996731617,0.627638723700533,18.7654545454545,45.8145454545455,35.42,1,24.4018181818182,0.127272727272727,40.6490909090909,0.0581818181818182,33.7636363636364,-0.14646582971618,2.88517298416488,0.864644898750121,0.908365743312961,0.90626764539808
139939,70467,69472,0.569913976079075,0.661403557678321,0.627673662918586,18.7454545454545,45.8127272727273,35.4418181818182,1,24.38,0.109090909090909,40.66,0.0563636363636364,33.7945454545455,-0.144725224711477,2.87901832424951,0.864791464597478,0.908401793864349,0.906222746626994
139958,70461,69497,0.569811907418321,0.661248184296516,0.627636777709606,18.74,45.8,35.46,1.00181818181818,24.3527272727273,0.109090909090909,40.6509090909091,0.0563636363636364,33.8290909090909,-0.145519456813186,2.8724794767797,0.864655088774619,0.908336641524414,0.90611700763985
140002,70475,69527,0.569804699546197,0.661145082653141,0.627645610826618,18.7218181818182,45.8036363636364,35.4745454545455,1.00181818181818,24.3309090909091,0.0981818181818182,40.6709090909091,0.0527272727272727,33.8454545454545,-0.143926271504527,2.86506032773548,0.864814994658638,0.908264528421721,0.906104248885244
140034,70494,69540,0.569680029609695,0.661493918640453,0.62764003561826,18.7109090909091,45.8090909090909,35.48,1.00181818181818,24.2909090909091,0.116363636363636,40.6727272727273,0.0490909090909091,33.8690909090909,-0.143091922328511,2.86108325909484,0.86473617724225,0.908434213137527,0.906169929281542
140083,70508,69575,0.569635076613676,0.661488095591463,0.627658865432144,18.7054545454545,45.8018181818182,35.4927272727273,1.00181818181818,24.2654545454545,0.109090909090909,40.6836363636364,0.0490909090909091,33.8909090909091,-0.142534133615052,2.85686470387842,0.864793934681182,0.908499067127149,0.906152348752625
140115,70513,69602,0.569571663126448,0.661385983346521,0.627638420909765,18.6963636363636,45.8018181818182,35.5018181818182,1,24.24,0.107272727272727,40.6781818181818,0.0509090909090909,33.9236363636364,-0.141199944907567,2.84996218497611,0.86472819216182,0.908459370410067,0.90612516644474
140172,70524,69648,0.569505114429483,0.661553241743803,0.627619614691685,18.6836363636364,45.8090909090909,35.5072727272727,0.998181818181818,24.2109090909091,0.107272727272727,40.6981818181818,0.0472727272727273,33.9381818181818,-0.13932169021983,2.84753409074619,0.864733359283768,0.908473903552292,0.906088381381535
140169,70521,69648,0.569359898895709,0.661406953850309,0.62766213374193,18.6672727272727,45.8,35.5327272727273,0.996363636363636,24.18,0.116363636363636,40.7018181818182,0.0454545454545455,33.96,-0.138928341840404,2.84345551864667,0.864712184669329,0.908416038110361,0.905950979890498
140213,70537,69676,0.569274880768906,0.661329504381665,0.627705207047354,18.6527272727273,45.8054545454546,35.5418181818182,0.996363636363636,24.1509090909091,0.116363636363636,40.7036363636364,0.0418181818181818,33.9909090909091,-0.137628462289947,2.83948796298355,0.864801637586509,0.908347556861033,0.90597503580929
140234,70540,69694,0.569274347890065,0.661386962334032,0.627813301892883,18.6472727272727,45.8018181818182,35.5509090909091,0.996363636363636,24.12,0.112727272727273,40.7163636363636,0.0418181818181818,34.0127272727273,-0.1399062380532,2.83298356425525,0.864859594383775,0.908340280258823,0.906050222472255
140299,70557,69742,0.569208978298992,0.661173556212297,0.627869194468163,18.6418181818182,45.7872727272727,35.5709090909091,0.998181818181818,24.0872727272727,0.109090909090909,40.72,0.0436363636363636,34.0418181818182,-0.13634725474562,2.8278897206553,0.864820052667512,0.908350871619744,0.906103046411777
140347,70566,69781,0.56918952941178,0.661294791689519,0.627884073754567,18.6345454545455,45.7927272727273,35.5727272727273,0.998181818181818,24.0654545454545,0.1,40.7290909090909,0.0454545454545455,34.0618181818182,-0.136909886124009,2.82470455920662,0.864864864864865,0.908401492892877,0.906158957321748
140391,70572,69819,0.569080543651687,0.661329944577556,0.627866551535781,18.6272727272727,45.8,35.5727272727273,0.998181818181818,24.0436363636364,0.0963636363636364,40.7381818181818,0.0363636363636364,34.0872727272727,-0.136831074504086,2.82018732361665,0.864714494875549,0.908376339817388,0.906210069000767
140400,70577,69823,0.569020545345372,0.661271927219117,0.627785495273508,18.62,45.7963636363636,35.5836363636364,0.998181818181818,24.0218181818182,0.1,40.7363636363636,0.04,34.1036363636364,-0.136539467612535,2.80844628639858,0.864759300849526,0.908369064633953,0.90613663072914
140458,70589,69869,0.568899487892665,0.661441047677896,0.627736165105604,18.6072727272727,45.8018181818182,35.5909090909091,0.996363636363636,23.9945454545455,0.0854545454545454,40.7654545454546,0.0454545454545455,34.1127272727273,-0.134563668730103,2.80214264508845,0.864764510455345,0.908379976975904,0.90610472541507
140480,70593,69887,0.56885266584288,0.661385514696207,0.627737184314557,18.5981818181818,45.8036363636364,35.5981818181818,0.992727272727273,23.9727272727273,0.0854545454545454,40.76,0.0527272727272727,34.1363636363636,-0.134750183670522,2.7976194802333,0.86489392902532,0.908383613845665,0.906021758006027
140510,70605,69905,0.568747166590022,0.661020344396278,0.627768535561993,18.5945454545455,45.7854545454545,35.62,0.992727272727273,23.9581818181818,0.08,40.7636363636364,0.0472727272727273,34.1581818181818,-0.131820971022932,2.78871821071953,0.864769727192725,0.908347232149948,0.905977234444388
140559,70614,69945,0.56874101771754,0.661100107012975,0.627761377479514,18.5963636363636,45.78,35.6236363636364,0.994545454545454,23.9272727272727,0.0909090909090909,40.7581818181818,0.0490909090909091,34.18,-0.130443147376487,2.78481353701685,0.864782948768088,0.908415743278129,0.9059357933956
140569,70616,69953,0.56872269616045,0.661197961924442,0.627666529127135,18.5927272727273,45.7872727272727,35.62,0.994545454545454,23.9072727272727,0.0872727272727273,40.7672727272727,0.0454545454545455,34.1981818181818,-0.131288077435271,2.77345542558892,0.864854292978682,0.908469999602907,0.905875146751059
140628,70621,70007,0.568653042735364,0.66128738017704,0.627730040209932,18.5854545454545,45.7909090909091,35.6236363636364,0.990909090909091,23.8945454545455,0.08,40.7745454545455,0.04,34.22,-0.131787893042201,2.76862030239268,0.864899236939933,0.908516974389518,0.905884754759353
140628,70618,70010,0.568500201524083,0.661317930364676,0.627746315370972,18.5872727272727,45.7872727272727,35.6254545454545,0.989090909090909,23.8745454545455,0.0818181818181818,40.7781818181818,0.0472727272727273,34.2290909090909,-0.131951878095887,2.75962767210704,0.864521177736477,0.908509708930628,0.905940594059406
140670,70628,70042,0.568414348068172,0.661371640094715,0.627643458415733,18.5818181818182,45.7945454545455,35.6236363636364,0.987272727272727,23.8672727272727,0.0781818181818182,40.7672727272727,0.0545454545454545,34.2454545454545,-0.130554715085335,2.75424809264527,0.864481409001957,0.908563941715965,0.905884754759353
140683,70640,70043,0.568345399068405,0.661302696949535,0.627652076159866,18.5727272727273,45.7945454545455,35.6327272727273,0.987272727272727,23.8618181818182,0.08,40.7654545454546,0.0527272727272727,34.2527272727273,-0.128985925004897,2.74647126208821,0.864512971120901,0.908563941715965,0.905908766200633
140685,70639,70046,0.568327703046961,0.661159523701048,0.627686004263133,18.5709090909091,45.7927272727273,35.6363636363636,0.989090909090909,23.8418181818182,0.08,40.7818181818182,0.04,34.2672727272727,-0.12974182542014,2.73689352851361,0.86449970628549,0.908480902088462,0.905969387755102
140709,70648,70061,0.568292579593379,0.661245444749675,0.627691746762852,18.5690909090909,45.7909090909091,35.64,0.989090909090909,23.8309090909091,0.0818181818181818,40.78,0.0436363636363636,34.2745454545455,-0.128709116926157,2.73282649455253,0.864486438852443,0.908556680563828,0.905978981736557
140725,70654,70071,0.568135822767972,0.661160587183518,0.627675277892455,18.56,45.7927272727273,35.6472727272727,0.989090909090909,23.8290909090909,0.0763636363636364,40.7745454545455,0.0527272727272727,34.2781818181818,-0.126916602081275,2.72377687107602,0.864420062695925,0.908441197490669,0.905947159032949
140733,70658,70075,0.568173500603204,0.661218211297206,0.627606052886954,18.5581818181818,45.7927272727273,35.6490909090909,0.987272727272727,23.82,0.0781818181818182,40.7872727272727,0.0472727272727273,34.28,-0.126713080950404,2.71533308300105,0.864504751641031,0.908480902088462,0.905900953741011
140774,70662,70112,0.568174948633792,0.661310215499161,0.627625135321287,18.5545454545455,45.7963636363636,35.6490909090909,0.987272727272727,23.8145454545455,0.0672727272727273,40.8,0.0327272727272727,34.2981818181818,-0.128431182242771,2.70379568251189,0.864674179323861,0.90848816896935,0.905951955934105
140776,70662,70114,0.56811155280146,0.66133364524241,0.627663492069584,18.5509090909091,45.7963636363636,35.6527272727273,0.985454545454546,23.8072727272727,0.0727272727272727,40.7945454545455,0.0327272727272727,34.3072727272727,-0.129468929885744,2.69437451972203,0.864647652651181,0.90848816896935,0.905961548268652
140792,70670,70122,0.56814310541226,0.66124403098567,0.627774603089207,18.5527272727273,45.7909090909091,35.6563636363636,0.987272727272727,23.8018181818182,0.0690909090909091,40.7945454545455,0.04,34.3072727272727,-0.128603172579659,2.68639759509401,0.864660917287338,0.908556680563828,0.906022130437
140790,70670,70120,0.568149151800086,0.66115501603903,0.627708153994458,18.5545454545455,45.7781818181818,35.6672727272727,0.987272727272727,23.7818181818182,0.0690909090909091,40.8145454545455,0.0327272727272727,34.3145454545455,-0.128690081442156,2.68026218752969,0.864674179323861,0.908570974660418,0.905948921853494
140798,70672,70126,0.568184496049363,0.66102220941538,0.627765930039937,18.5563636363636,45.7709090909091,35.6727272727273,0.989090909090909,23.7727272727273,0.0763636363636364,40.8018181818182,0.04,34.32,-0.128508405669709,2.66976617738097,0.864687438761513,0.908556447127989,0.905963302752294
140838,70680,70158,0.568106671871581,0.661059912440566,0.627776545179515,18.5527272727273,45.7745454545455,35.6727272727273,0.987272727272727,23.7654545454545,0.0636363636363636,40.82,0.0381818181818182,34.3254545454545,-0.128495260102103,2.66169696986167,0.864660917287338,0.908563711471242,0.906014271151886
140823,70678,70145,0.568055976879578,0.661025465079185,0.627667287026291,18.5509090909091,45.7745454545455,35.6745454545455,0.990909090909091,23.7490909090909,0.0636363636363636,40.8218181818182,0.0472727272727273,34.3272727272727,-0.128346754585006,2.65228971088813,0.864647652651181,0.908563711471242,0.905917129606034
140839,70684,70155,0.567954963188471,0.660959505866776,0.627637724519875,18.5436363636364,45.7818181818182,35.6745454545455,0.990909090909091,23.7290909090909,0.0654545454545455,40.8381818181818,0.0490909090909091,34.3272727272727,-0.125906634126229,2.6457716320218,0.864692616923228,0.908419380460683,0.905917129606034
140859,70688,70171,0.567778706080319,0.661035934554043,0.627681582229019,18.5418181818182,45.7890909090909,35.6690909090909,0.989090909090909,23.7218181818182,0.0709090909090909,40.8472727272727,0.0472727272727273,34.3236363636364,-0.12683124347836,2.63950030162761,0.864483232006276,0.908433926302414,0.906004689570802
140882,70696,70186,0.567863388917888,0.660970014608509,0.62768070827186,18.5454545454545,45.7872727272727,35.6672727272727,0.989090909090909,23.7090909090909,0.0763636363636364,40.8509090909091,0.0490909090909091,34.3254545454545,-0.125137191811121,2.63726759036495,0.864607843137255,0.908430290275186,0.905999898047612
140898,70696,70202,0.567965163259727,0.661065947242468,0.627668118128507,18.5509090909091,45.7781818181818,35.6709090909091,0.990909090909091,23.7,0.0745454545454545,40.8618181818182,0.0418181818181818,34.3309090909091,-0.125082273508385,2.62430423554033,0.864647652651181,0.908570974660418,0.905958509608033
140874,70692,70182,0.568012115687168,0.660909412531725,0.627647341699487,18.5563636363636,45.7727272727273,35.6709090909091,0.990909090909091,23.6890909090909,0.0781818181818182,40.8690909090909,0.0381818181818182,34.3345454545455,-0.125312259659669,2.61354777390476,0.86458945718205,0.908560079443893,0.905907538610531
140856,70686,70170,0.567950976986112,0.660950505069001,0.627566121581841,18.5545454545455,45.7745454545455,35.6709090909091,0.990909090909091,23.68,0.08,40.88,0.0381818181818182,34.3309090909091,-0.127387751710591,2.60309631986205,0.864576188143067,0.908523991102638,0.905856567613028
140913,70698,70215,0.56790844017589,0.661103423837129,0.627496576292586,18.5527272727273,45.7763636363636,35.6709090909091,0.989090909090909,23.6727272727273,0.0818181818181818,40.8872727272727,0.0381818181818182,34.3309090909091,-0.125359504937263,2.59897054346617,0.864562916503332,0.908607062001033,0.905805596615526
140931,70704,70227,0.567896199968495,0.660969933661248,0.627479538074061,18.5490909090909,45.7781818181818,35.6727272727273,0.990909090909091,23.6672727272727,0.0745454545454545,40.9,0.0309090909090909,34.3363636363636,-0.124892440355457,2.59028066559271,0.864634385414625,0.908531257446978,0.905861365953109
140904,70688,70216,0.567786580864364,0.661008950089273,0.62755826431146,18.5454545454545,45.78,35.6745454545455,0.989090909090909,23.6636363636364,0.0727272727272727,40.9054545454546,0.0327272727272727,34.3363636363636,-0.128017930610407,2.57819672545249,0.864509803921569,0.908455458914175,0.905866163804088
140918,70688,70230,0.567822733765057,0.661061481716192,0.627732252272725,18.5472727272727,45.7763636363636,35.6763636363636,0.987272727272727,23.66,0.0672727272727273,40.9145454545455,0.0345454545454545,34.3363636363636,-0.130308021490981,2.57414716899564,0.864621115576904,0.908567343210073,0.905921924370604
140916,70690,70226,0.567803355755943,0.661188929240316,0.62781475567585,18.5454545454545,45.78,35.6745454545455,0.989090909090909,23.66,0.0709090909090909,40.9090909090909,0.0327272727272727,34.3381818181818,-0.131643809003501,2.56460890291597,0.864607843137255,0.908654037094404,0.905968095407981
140904,70690,70214,0.56775297971208,0.66111580958951,0.627782928989013,18.5381818181818,45.7872727272727,35.6745454545455,0.989090909090909,23.6636363636364,0.0618181818181818,40.9109090909091,0.0363636363636364,34.3381818181818,-0.130674588711356,2.55513080095195,0.864554727344056,0.908628836913791,0.905968095407981
140862,70692,70170,0.567752583839714,0.660995481197821,0.627674372711335,18.5381818181818,45.7909090909091,35.6709090909091,0.989090909090909,23.6545454545455,0.0672727272727273,40.9090909090909,0.0436363636363636,34.3363636363636,-0.130159699413079,2.54589001255279,0.864652805021577,0.908516974389518,0.905958509608033
140840,70688,70152,0.567635108269192,0.660913719128668,0.627661249929106,18.54,45.7909090909091,35.6690909090909,0.987272727272727,23.6545454545455,0.0690909090909091,40.9090909090909,0.0454545454545455,34.3345454545455,-0.130698571027923,2.53668869855729,0.864371874080612,0.908477268215208,0.905953715975125
140822,70684,70138,0.567598439777189,0.660853630639251,0.62758535215807,18.5381818181818,45.7854545454545,35.6763636363636,0.989090909090909,23.6472727272727,0.0709090909090909,40.9127272727273,0.0418181818181818,34.3381818181818,-0.131604451120339,2.53049639608203,0.864358571989015,0.908466364863792,0.905870961166038
140894,70698,70196,0.567724720563783,0.660937998116694,0.627723750574713,18.5345454545455,45.7818181818182,35.6836363636364,0.990909090909091,23.6363636363636,0.0745454545454545,40.9109090909091,0.0418181818181818,34.3454545454545,-0.129013464403794,2.53043279188939,0.864626250735727,0.908538522637014,0.905890145725058
140906,70702,70204,0.567751225976423,0.661077131167319,0.627609358001616,18.5363636363636,45.7927272727273,35.6709090909091,0.989090909090909,23.6236363636364,0.08,40.92,0.0418181818181818,34.3454545454545,-0.130050241682726,2.5246550059708,0.864639529180971,0.908520606686254,0.905958509608033
140917,70704,70213,0.567728857180511,0.661061011946475,0.627557373204553,18.5327272727273,45.7927272727273,35.6745454545455,0.989090909090909,23.6181818181818,0.0727272727272727,40.9345454545455,0.0345454545454545,34.3509090909091,-0.13023614306069,2.52165195362812,0.864711076228785,0.908520606686254,0.905917129606034
140915,70704,70211,0.567760874056757,0.66098536905663,0.62759193900114,18.5345454545455,45.7890909090909,35.6763636363636,0.990909090909091,23.6127272727273,0.0654545454545455,40.94,0.0381818181818182,34.3527272727273,-0.129527802418108,2.51755395353856,0.864724347655484,0.908473634053367,0.905921924370604
140907,70700,70207,0.567613072960083,0.6610652492441,0.627633376747843,18.5345454545455,45.7909090909091,35.6745454545455,0.990909090909091,23.6036363636364,0.0727272727272727,40.9381818181818,0.0418181818181818,34.3527272727273,-0.131338536396982,2.51098224561323,0.86452815381597,0.908477268215208,0.905968095407981
140906,70690,70216,0.567601511964866,0.660926119678767,0.62770588852153,18.5363636363636,45.78,35.6836363636364,0.989090909090909,23.6090909090909,0.0545454545454545,40.9418181818182,0.0490909090909091,34.3563636363636,-0.130951359786427,2.506082578994,0.864443354585581,0.908415743278129,0.905941098542749
140902,70696,70206,0.567655458920833,0.660998837897942,0.627731072048343,18.5363636363636,45.7781818181818,35.6854545454545,0.989090909090909,23.5981818181818,0.0654545454545455,40.9381818181818,0.0545454545454545,34.3545454545455,-0.132738550032875,2.49901303332299,0.864541441883276,0.908570974660418,0.905945890864625
140952,70704,70248,0.567676284942409,0.66097192879777,0.627709089722906,18.5381818181818,45.7763636363636,35.6854545454545,0.989090909090909,23.5945454545455,0.06,40.9490909090909,0.0418181818181818,34.3654545454545,-0.131279000032175,2.49232376900248,0.864554727344056,0.908567343210073,0.905945890864625
140931,70702,70229,0.567650554228245,0.660914786384074,0.627564470344436,18.5345454545455,45.7872727272727,35.6781818181818,0.989090909090909,23.5890909090909,0.06,40.9527272727273,0.0345454545454545,34.3745454545455,-0.130311429595829,2.48185012663969,0.864626250735727,0.908469999602907,0.905875758039036
140946,70700,70246,0.567605825420099,0.660827802653415,0.627572926073489,18.5381818181818,45.78,35.6818181818182,0.989090909090909,23.5890909090909,0.0509090909090909,40.9581818181818,0.0327272727272727,34.38,-0.130590632783424,2.47503930392929,0.864554727344056,0.908415743278129,0.905885350318471
140966,70700,70266,0.567564908067994,0.660842868779027,0.627633230878566,18.5381818181818,45.7745454545455,35.6872727272727,0.989090909090909,23.5763636363636,0.0581818181818182,40.9527272727273,0.04,34.3836363636364,-0.131842027655776,2.4710901602256,0.864456649666536,0.908484270734032,0.905899735072346
140990,70707,70283,0.567594419574694,0.660927303933332,0.627642516487139,18.5363636363636,45.7818181818182,35.6818181818182,0.989090909090909,23.5672727272727,0.0527272727272727,40.9618181818182,0.04,34.3890909090909,-0.131706531358015,2.46341375282712,0.864443354585581,0.908538522637014,0.905936305732484
140969,70693,70276,0.56765520739798,0.660886411227665,0.627690948547853,18.5418181818182,45.7672727272727,35.6909090909091,0.989090909090909,23.56,0.0563636363636364,40.96,0.0418181818181818,34.3927272727273,-0.135027515170937,2.45490411425179,0.864483232006276,0.908509454949944,0.905909322465614
140991,70699,70292,0.567689917205044,0.660945020954393,0.62763596271747,18.5454545454545,45.7654545454546,35.6890909090909,0.990909090909091,23.5509090909091,0.0509090909090909,40.9690909090909,0.0363636363636364,34.4018181818182,-0.133726843598362,2.44792643139477,0.864509803921569,0.908585276707322,0.905853583982882
140991,70699,70292,0.567649305128144,0.660892214478365,0.62769720534727,18.5454545454545,45.7690909090909,35.6854545454545,0.990909090909091,23.5436363636364,0.0545454545454545,40.9690909090909,0.0345454545454545,34.4072727272727,-0.133817040323364,2.44125715415417,0.864411764705882,0.908552814523497,0.905945890864625
140966,70693,70273,0.567651656668586,0.660900482131403,0.627610013119365,18.5436363636364,45.7709090909091,35.6854545454545,0.987272727272727,23.5454545454545,0.0490909090909091,40.9763636363636,0.0363636363636364,34.4054545454545,-0.136858711781017,2.42939310641959,0.864594568094911,0.908477000079447,0.905894940642992
140995,70699,70296,0.567715159702276,0.660817882783832,0.627693724940785,18.5472727272727,45.7727272727273,35.68,0.987272727272727,23.5272727272727,0.0527272727272727,40.9927272727273,0.0254545454545455,34.4145454545455,-0.134856074684649,2.43253164396367,0.864621115576904,0.908401191658391,0.905982470444354
141018,70706,70312,0.567759226890059,0.660877472549746,0.627675322159135,18.5636363636364,45.7636363636364,35.6727272727273,0.983636363636364,23.5254545454545,0.0527272727272727,40.9909090909091,0.0345454545454545,34.4127272727273,-0.136126629268851,2.43112175021829,0.86464250734574,0.908462455303933,0.906065239551478
141043,70699,70344,0.567770203181011,0.660879010884234,0.62758439669497,18.5709090909091,45.7490909090909,35.68,0.983636363636364,23.5145454545455,0.0509090909090909,41.0054545454545,0.0254545454545455,34.42,-0.137179637224075,2.42744586092674,0.864695515958488,0.908433351879819,0.905982470444354
141070,70706,70364,0.567838792706981,0.66078039265032,0.627608067699809,18.5872727272727,45.7309090909091,35.6818181818182,0.983636363636364,23.5109090909091,0.0436363636363636,41.0109090909091,0.0272727272727273,34.4236363636364,-0.134994326988222,2.42313098160719,0.864521177736477,0.908476463104326,0.905987261146497
141085,70710,70375,0.567712832727783,0.660651129880209,0.627602559225997,18.5872727272727,45.7272727272727,35.6854545454545,0.983636363636364,23.5090909090909,0.04,41.0072727272727,0.0309090909090909,34.4290909090909,-0.133258006950994,2.41049097765406,0.864423359092243,0.908429423459244,0.905945890864625
141089,70704,70385,0.567695849355056,0.660797895215763,0.627646483735153,18.5872727272727,45.7254545454545,35.6872727272727,0.983636363636364,23.5054545454545,0.0381818181818182,41.0054545454545,0.0381818181818182,34.4290909090909,-0.135391928334535,2.40666411749765,0.864521177736477,0.908465545349716,0.905950682698186
141104,70713,70391,0.567822273195759,0.660701539546215,0.627648349690885,18.6109090909091,45.7036363636364,35.6854545454545,0.983636363636364,23.5,0.0418181818181818,41,0.0363636363636364,34.4381818181818,-0.134614089589145,2.40104359767654,0.864693239546698,0.908501412260811,0.905996841086259
141089,70710,70379,0.5678811453103,0.660569857998588,0.627617486280172,18.6272727272727,45.6890909090909,35.6836363636364,0.983636363636364,23.5018181818182,0.0363636363636364,41.0036363636364,0.0345454545454545,34.44,-0.134466869723044,2.39924034602432,0.864616886285993,0.908432488360062,0.90599205136044
141101,70709,70392,0.567980262159236,0.660604182436515,0.627558359227199,18.6472727272727,45.6781818181818,35.6745454545455,0.981818181818182,23.5054545454545,0.0309090909090909,41.0036363636364,0.0363636363636364,34.4418181818182,-0.13490239352726,2.39425186462362,0.864567082683307,0.908490228077857,0.906019061209928
141133,70708,70425,0.567883134569333,0.660556594753634,0.627721869465598,18.6527272727273,45.6636363636364,35.6836363636364,0.981818181818182,23.5036363636364,0.0363636363636364,41.0054545454545,0.0327272727272727,34.44,-0.132547332101703,2.38824777559123,0.864216785261721,0.908500895878957,0.906043004178131
141142,70700,70442,0.5679669334756,0.660498703762235,0.627740272994837,18.6745454545455,45.6418181818182,35.6836363636364,0.983636363636364,23.5072727272727,0.0290909090909091,41.0090909090909,0.0290909090909091,34.4418181818182,-0.133582786218308,2.38341554793614,0.864278064453315,0.908496992391348,0.906043004178131
141133,70702,70431,0.568122772293743,0.660402941581021,0.627700326372407,18.6963636363636,45.6218181818182,35.6818181818182,0.983636363636364,23.5072727272727,0.0290909090909091,41.0109090909091,0.0290909090909091,34.44,-0.13538651842444,2.37468315233815,0.864533696392103,0.908456878686434,0.90603821656051
141116,70704,70412,0.568127586238385,0.660296525924153,0.627667144424727,18.7109090909091,45.6036363636364,35.6854545454545,0.981818181818182,23.5054545454545,0.0327272727272727,41.0072727272727,0.0254545454545455,34.4472727272727,-0.13588886385941,2.36666598347524,0.864639004955787,0.908380511920899,0.905945890864625
141081,70705,70376,0.568096075552574,0.660197124157254,0.62760837759701,18.7272727272727,45.5836363636364,35.6890909090909,0.981818181818182,23.5036363636364,0.04,41,0.0254545454545455,34.4490909090909,-0.138256231109765,2.36103172431785,0.864563106796116,0.908499860396474,0.905853583982882
141108,70724,70384,0.567852220366118,0.660174752108034,0.62758952159939,18.7254545454545,45.5890909090909,35.6854545454545,0.983636363636364,23.5036363636364,0.04,40.9927272727273,0.0272727272727273,34.4527272727273,-0.134059838876816,2.35583324647001,0.864355762695407,0.908431044109436,0.905894940642992
141141,70728,70413,0.567910296027054,0.660193621447661,0.6275771909388,18.7436363636364,45.5781818181818,35.6781818181818,0.981818181818182,23.5054545454545,0.0381818181818182,40.9945454545455,0.0218181818181818,34.4581818181818,-0.133966193738425,2.34934766275216,0.864196333300999,0.908488910164353,0.905926718646486
141191,70748,70443,0.568092844476105,0.660174478589529,0.627595741081417,18.7709090909091,45.5563636363636,35.6727272727273,0.981818181818182,23.5090909090909,0.0327272727272727,40.9909090909091,0.0254545454545455,34.46,-0.130588713910997,2.34846458893523,0.864393645873692,0.908524904214559,0.906014271151886
141215,70750,70465,0.568126337022946,0.660255281413256,0.627557257081343,18.7890909090909,45.5454545454545,35.6654545454545,0.981818181818182,23.5054545454545,0.0327272727272727,40.9945454545455,0.0254545454545455,34.46,-0.130320127676731,2.34794159274633,0.864041029610993,0.908662674650699,0.906046084828711
141205,70754,70451,0.568100376765177,0.660267474309904,0.627655757416961,18.7981818181818,45.5363636363636,35.6654545454545,0.981818181818182,23.5,0.0418181818181818,40.9854545454545,0.0254545454545455,34.4654545454545,-0.131873081288623,2.33815589148382,0.864106780152819,0.908604511878618,0.906097063621533
141212,70758,70454,0.568112154832949,0.660073957302772,0.62749283622872,18.8145454545455,45.5254545454545,35.66,0.981818181818182,23.4981818181818,0.0454545454545455,40.9836363636364,0.0218181818181818,34.4690909090909,-0.12810404916745,2.3296065390618,0.86403169694627,0.90854267342945,0.905980727068781
141213,70753,70460,0.568149200966276,0.660006515951363,0.627594997922926,18.8254545454545,45.5218181818182,35.6527272727273,0.981818181818182,23.5,0.04,40.9818181818182,0.0236363636363636,34.4727272727273,-0.127271888885761,2.32808507376943,0.864013907668534,0.908495426768383,0.906063542251007
141242,70764,70478,0.568235865057193,0.659830647378877,0.627598693977392,18.8327272727273,45.5109090909091,35.6563636363636,0.981818181818182,23.5036363636364,0.0363636363636364,40.9781818181818,0.0254545454545455,34.4745454545455,-0.126865334182168,2.32304570365443,0.864162965823518,0.90851344333027,0.906073122227321
141254,70771,70483,0.568310357099683,0.659592070804002,0.627427069156811,18.8545454545455,45.4927272727273,35.6527272727273,0.981818181818182,23.5018181818182,0.0363636363636364,40.9690909090909,0.0327272727272727,34.4781818181818,-0.123270752152365,2.31789874624969,0.864223722275796,0.908436912993086,0.905961548268652
141279,70782,70497,0.568323040319287,0.659711988180745,0.627467040320263,18.8654545454545,45.4836363636364,35.6509090909091,0.981818181818182,23.5,0.0436363636363636,40.9636363636364,0.0327272727272727,34.4781818181818,-0.123180185686149,2.31001498596743,0.864398612181958,0.90849856092101,0.906007751937985
141305,70787,70518,0.56831973310421,0.659497710174528,0.627554558641637,18.8836363636364,45.4618181818182,35.6545454545455,0.98,23.5018181818182,0.0436363636363636,40.9654545454545,0.02,34.4890909090909,-0.123764821368902,2.30602344196205,0.864432890429424,0.908494640857463,0.905966343702193
141319,70789,70530,0.56836856316206,0.659538066001032,0.62742801426142,18.8981818181818,45.4509090909091,35.6509090909091,0.98,23.5054545454545,0.0345454545454545,40.9709090909091,0.0236363636363636,34.4854545454545,-0.12247414201338,2.29990365175446,0.8644410236675,0.908552684214737,0.905956752345981
141335,70797,70538,0.568179252100687,0.65960279433401,0.627325323365184,18.8945454545455,45.4618181818182,35.6436363636364,0.98,23.5,0.04,40.9727272727273,0.0272727272727273,34.48,-0.118723806781385,2.29443127000281,0.86431870669746,0.908494640857463,0.905886553764538
141367,70812,70555,0.568188285608861,0.6595264162338,0.627366570739297,18.9109090909091,45.4472727272727,35.6418181818182,0.98,23.4945454545455,0.0436363636363636,40.9727272727273,0.0309090909090909,34.4781818181818,-0.115968166419175,2.29361752217466,0.864243822709355,0.908545367258761,0.905932765393052
141370,70817,70553,0.568245496216711,0.659277499826235,0.627496091884565,18.9309090909091,45.4272727272727,35.6418181818182,0.981818181818182,23.4909090909091,0.0327272727272727,40.9872727272727,0.0290909090909091,34.4781818181818,-0.116243718701232,2.29041750036942,0.864195159431425,0.908545127076246,0.905983777993164
141404,70842,70562,0.568176506988316,0.658974102631127,0.627586109666932,18.9472727272727,45.42,35.6327272727273,0.981818181818182,23.4836363636364,0.0418181818181818,40.9890909090909,0.0290909090909091,34.4745454545455,-0.110321802536518,2.286928691715,0.864216485941848,0.908410391897842,0.906112868660067
141415,70848,70567,0.568207877655829,0.658946926934643,0.627438242163407,18.9545454545455,45.4272727272727,35.6181818181818,0.981818181818182,23.4836363636364,0.04,40.9981818181818,0.0254545454545455,34.4709090909091,-0.109326649746336,2.28063691814684,0.864268585131895,0.908304982989794,0.906125574272588
141430,70847,70583,0.568304494144425,0.65898463222503,0.627359577865595,18.9690909090909,45.4254545454545,35.6054545454545,0.981818181818182,23.4781818181818,0.04,40.9981818181818,0.0309090909090909,34.4709090909091,-0.112346500112471,2.27603910446421,0.864276813955717,0.908341338456612,0.906194147985498
141428,70853,70575,0.568281077190784,0.658871307934589,0.627353733303921,18.9709090909091,45.4218181818182,35.6072727272727,0.981818181818182,23.4727272727273,0.0381818181818182,41.0054545454545,0.0272727272727273,34.4745454545455,-0.112821817053059,2.26096757372249,0.864481502779375,0.908293971659595,0.906147875816993
141455,70862,70593,0.56821415117692,0.658870209916482,0.627181076817905,18.9763636363636,45.42,35.6036363636364,0.98,23.4709090909091,0.0381818181818182,41.0127272727273,0.0236363636363636,34.4745454545455,-0.10843703762181,2.25816162072799,0.864328830123599,0.908370361474721,0.905985088346441
141386,70847,70539,0.568301382973029,0.658973916961734,0.626948857342599,18.9836363636364,45.4236363636364,35.5927272727273,0.98,23.4672727272727,0.0436363636363636,41.0109090909091,0.0254545454545455,34.4727272727273,-0.112468106369753,2.24653422198766,0.864380806436165,0.908377696833847,0.905854107069882
141375,70845,70530,0.568377540042983,0.658888171501405,0.626906310317385,19.0054545454545,45.4054545454546,35.5890909090909,0.981818181818182,23.46,0.0472727272727273,41.0018181818182,0.0345454545454545,34.4745454545455,-0.110579306451043,2.24271193936637,0.864345164067732,0.908381051535658,0.905793399407377
141417,70858,70559,0.568410520788433,0.658852557623804,0.626901703446898,19.0109090909091,45.4036363636364,35.5854545454545,0.981818181818182,23.4527272727273,0.0490909090909091,41.0054545454545,0.0254545454545455,34.4854545454545,-0.105665629479336,2.23867773331956,0.864384085692425,0.908377382668589,0.905834866135295
141525,70886,70639,0.56837441563709,0.658922457759731,0.627077043526597,19.0127272727273,45.4054545454546,35.5818181818182,0.981818181818182,23.4454545454545,0.0436363636363636,41.0127272727273,0.0254545454545455,34.4909090909091,-0.103732011680801,2.23778147905726,0.864397054604571,0.908421094782365,0.906080735820133
141548,70886,70662,0.568467672541187,0.658834659081828,0.627105825881561,19.02,45.3963636363636,35.5836363636364,0.98,23.4509090909091,0.0290909090909091,41.02,0.0290909090909091,34.4909090909091,-0.105051728216627,2.23680877834135,0.864544498613899,0.908442806792695,0.906034438710337
141535,70894,70641,0.568399644251616,0.658732674234477,0.626888013145286,19.0327272727273,45.4072727272727,35.56,0.98,23.4509090909091,0.0327272727272727,41.0145454545455,0.0254545454545455,34.4963636363636,-0.102097642566051,2.22788291626864,0.86444401987008,0.908344678465604,0.90597198077513
141494,70888,70606,0.568334818315531,0.658508537871601,0.626866448784181,19.0345454545455,45.3981818181818,35.5672727272727,0.98,23.4509090909091,0.0290909090909091,41.0127272727273,0.0181818181818182,34.5090909090909,-0.103670265476698,2.2145824951924,0.864552488298787,0.908246225319396,0.905888968408138
141526,70897,70629,0.568353823640445,0.658530831735088,0.626870184861469,19.0472727272727,45.3818181818182,35.5709090909091,0.98,23.4490909090909,0.0345454545454545,41.0054545454545,0.02,34.5109090909091,-0.10233749503459,2.21240266053937,0.864356624665903,0.908413461538462,0.905898589245553
141578,70921,70657,0.568251254867747,0.658469513198546,0.626866838008461,19.0454545454545,45.3818181818182,35.5727272727273,0.98,23.4527272727273,0.0309090909090909,41.0054545454545,0.0236363636363636,34.5072727272727,-0.0976105597890802,2.20578055153178,0.864343675417661,0.908453525641026,0.905954510605673
141568,70915,70653,0.568240256944986,0.658564246674488,0.626751191173296,19.0454545454545,45.3927272727273,35.5618181818182,0.978181818181818,23.4509090909091,0.0309090909090909,41.0072727272727,0.0236363636363636,34.5090909090909,-0.10102200256859,2.19954630916684,0.864439140811456,0.90835536329408,0.905976788179355
141562,70921,70641,0.568251057048331,0.658438102505919,0.626532866830654,19.0654545454545,45.3854545454545,35.5490909090909,0.978181818181818,23.4509090909091,0.0290909090909091,41.0072727272727,0.0236363636363636,34.5109090909091,-0.0967171886677203,2.19427528378808,0.864199885561701,0.908340677830302,0.905891980360066
141618,70939,70679,0.568296813883434,0.658432564950798,0.626555064477528,19.0672727272727,45.3872727272727,35.5454545454545,0.976363636363636,23.4527272727273,0.0290909090909091,41,0.0272727272727273,34.5145454545455,-0.0941253731988333,2.19112811021253,0.864308191093735,0.908384408925209,0.905984654731458
141604,70922,70682,0.568461940138997,0.6587815276629,0.626512599762671,19.0745454545455,45.3890909090909,35.5363636363636,0.976363636363636,23.4454545454545,0.0327272727272727,41.0036363636364,0.0236363636363636,34.5181818181818,-0.0974615197658502,2.18743491023356,0.864359927556954,0.908468194199648,0.90596060373497
141615,70914,70701,0.568549504888542,0.658829038676478,0.626394098463147,19.08,45.3872727272727,35.5327272727273,0.976363636363636,23.4436363636364,0.0327272727272727,41.0036363636364,0.0236363636363636,34.52,-0.100034813346164,2.1821191792334,0.864398704021346,0.908464527500701,0.905899810673899
141630,70918,70712,0.568581745405442,0.658715057148098,0.626399898129043,19.0890909090909,45.3818181818182,35.5290909090909,0.974545454545454,23.4418181818182,0.0290909090909091,41.0109090909091,0.02,34.5236363636364,-0.100252172216014,2.17549079988914,0.864368035050957,0.908453525641026,0.905941354076045
141593,70908,70685,0.568566238432435,0.658466749510873,0.626328081815793,19.0963636363636,45.3690909090909,35.5345454545455,0.972727272727273,23.4418181818182,0.0272727272727273,41.0054545454545,0.0218181818181818,34.5309090909091,-0.101213141861544,2.17030050982298,0.864324478720366,0.908387769005731,0.90580229226361
141608,70922,70686,0.568515197152513,0.658384378954522,0.626364363481419,19.0981818181818,45.3745454545455,35.5272727272727,0.972727272727273,23.44,0.0290909090909091,41,0.0254545454545455,34.5327272727273,-0.0980865094333157,2.16093047629957,0.864337395277989,0.908358711331944,0.905885363357216
141649,70934,70715,0.568644637272023,0.658339126047223,0.626510267209061,19.0981818181818,45.3709090909091,35.5309090909091,0.972727272727273,23.4363636363636,0.0327272727272727,40.9890909090909,0.02,34.5490909090909,-0.0976628483382228,2.15872340278531,0.864623000761615,0.908351366514386,0.905997339064579
141678,70934,70744,0.56869273341537,0.658421530430486,0.626463136578392,19.1054545454545,45.3618181818182,35.5327272727273,0.972727272727273,23.4327272727273,0.0327272727272727,40.9854545454545,0.0236363636363636,34.5527272727273,-0.0966456297115656,2.15912722338584,0.864579368100495,0.908413162852218,0.905950979890498
141682,70937,70745,0.568624169891627,0.658268622014238,0.626333177271823,19.1036363636364,45.3618181818182,35.5345454545455,0.974545454545454,23.4272727272727,0.0309090909090909,40.9854545454545,0.0218181818181818,34.56,-0.0934094152605791,2.15161366275173,0.864566479489864,0.908292917551806,0.905853458862055
141689,70943,70746,0.56862628532799,0.658177605083566,0.626455140841119,19.1072727272727,45.3672727272727,35.5254545454545,0.974545454545454,23.4236363636364,0.0254545454545455,40.9909090909091,0.0236363636363636,34.5618181818182,-0.0945029608995273,2.14535129739564,0.864592254258255,0.908263866623918,0.905982905982906
141733,70951,70782,0.56848107669832,0.658287249064012,0.626448096699305,19.1,45.3709090909091,35.5290909090909,0.974545454545454,23.4218181818182,0.0218181818181818,40.9854545454545,0.0181818181818182,34.5781818181818,-0.0940477597942597,2.14121949232014,0.864445502141837,0.908351366514386,0.905992528529758
141697,70943,70754,0.568647362922308,0.658253809884236,0.626521204976199,19.1072727272727,45.3690909090909,35.5236363636364,0.970909090909091,23.4163636363636,0.0290909090909091,40.9727272727273,0.0236363636363636,34.5872727272727,-0.0994604147445485,2.13475221972066,0.864687410790751,0.908347693664088,0.90608045859351
141685,70937,70748,0.568670568509096,0.658194274592168,0.626457786610017,19.1127272727273,45.3581818181818,35.5290909090909,0.970909090909091,23.4072727272727,0.0327272727272727,40.9727272727273,0.02,34.5963636363636,-0.0981756427546233,2.13012862529352,0.864535768645358,0.908365735358961,0.906043702983471
141650,70919,70731,0.568546671571296,0.658330381137715,0.626374303150905,19.1127272727273,45.3618181818182,35.5254545454545,0.972727272727273,23.4018181818182,0.0272727272727273,40.9763636363636,0.0181818181818182,34.6036363636364,-0.101351460845035,2.1229150714776,0.864345509893455,0.908373081085414,0.905931726291008
141727,70933,70794,0.568559000349465,0.658392095386476,0.626282219593348,19.1127272727273,45.3690909090909,35.5181818181818,0.972727272727273,23.3927272727273,0.0290909090909091,40.9781818181818,0.0181818181818182,34.6090909090909,-0.0989576733159827,2.12042462322861,0.864345509893455,0.908427844347373,0.905912464806757
141715,70933,70782,0.568412108996135,0.658271387069372,0.626311012583067,19.1036363636364,45.3781818181818,35.5181818181818,0.970909090909091,23.3781818181818,0.0309090909090909,40.9818181818182,0.02,34.6181818181818,-0.0995283798065926,2.11137488137677,0.86447130484439,0.908285920346182,0.905912464806757
141717,70937,70780,0.568401787592076,0.658206318041836,0.626516564033576,19.1,45.3727272727273,35.5272727272727,0.970909090909091,23.3654545454545,0.0309090909090909,40.9763636363636,0.0236363636363636,34.6327272727273,-0.0980679821406242,2.10440549219281,0.864540694907187,0.908314966940493,0.905987717502559
141756,70945,70811,0.568407435071325,0.658245831401836,0.626455986527312,19.1,45.3709090909091,35.5290909090909,0.970909090909091,23.3527272727273,0.0309090909090909,40.9781818181818,0.0127272727272727,34.6545454545455,-0.097359177838966,2.10503498175689,0.864540694907187,0.90839144025006,0.905941354076045
141762,70941,70821,0.568461643199274,0.658171623451314,0.62650580595756,19.1036363636364,45.36,35.5363636363636,0.970909090909091,23.34,0.0254545454545455,40.9909090909091,0.0181818181818182,34.6545454545455,-0.0966110438435862,2.09880909688178,0.864566479489864,0.908369408369408,0.905858275773855
141806,70951,70855,0.56844000093545,0.658320605204652,0.626332343442402,19.1036363636364,45.3636363636364,35.5327272727273,0.970909090909091,23.3309090909091,0.0254545454545455,40.9927272727273,0.0181818181818182,34.6618181818182,-0.0941327905151411,2.09526251628995,0.864566479489864,0.908416833667335,0.9057974722407
141775,70943,70832,0.568405267024115,0.658138470288069,0.626299990057494,19.1036363636364,45.3618181818182,35.5345454545455,0.970909090909091,23.3254545454545,0.02,40.9981818181818,0.0218181818181818,34.6636363636364,-0.095520029690405,2.08697477961382,0.86447130484439,0.908373081085414,0.905751125665166
141816,70947,70869,0.568518176160557,0.658182251772281,0.626407446919354,19.1090909090909,45.3563636363636,35.5345454545455,0.969090909090909,23.3127272727273,0.0309090909090909,40.9945454545455,0.02,34.6727272727273,-0.0964176535822679,2.08502220648172,0.864509990485252,0.908442235228093,0.905853458862055
141848,70949,70899,0.568399000955211,0.658145103420677,0.626537763798127,19.1054545454545,45.3581818181818,35.5363636363636,0.969090909090909,23.2963636363636,0.0290909090909091,40.9963636363636,0.0163636363636364,34.6927272727273,-0.0997174442487118,2.08309535210614,0.864389036924248,0.908485990299435,0.90596060373497
141840,70945,70895,0.568369254699174,0.65803496505662,0.62653031064186,19.0981818181818,45.3618181818182,35.54,0.969090909090909,23.2872727272727,0.0218181818181818,40.9963636363636,0.0218181818181818,34.7036363636364,-0.099317234252852,2.07609464894472,0.864432597105864,0.908373081085414,0.90591906686448
141794,70931,70863,0.56845499257729,0.657695691965251,0.626599585154864,19.1036363636364,45.3454545454545,35.5509090909091,0.970909090909091,23.2854545454545,0.02,40.9872727272727,0.0181818181818182,34.7181818181818,-0.0992010526965632,2.06123482385989,0.864566479489864,0.908259823576584,0.905845650283844
141777,70923,70854,0.568486353681239,0.657685623340026,0.626638424584372,19.1072727272727,45.3436363636364,35.5490909090909,0.970909090909091,23.2781818181818,0.0236363636363636,40.98,0.0181818181818182,34.7290909090909,-0.101229245304024,2.05287275128067,0.864592254258255,0.908256144993785,0.905840834697218
141856,70931,70925,0.56850368991798,0.65801982318875,0.626616691404032,19.1109090909091,45.3363636363636,35.5527272727273,0.970909090909091,23.2690909090909,0.0254545454545455,40.9727272727273,0.0236363636363636,34.7381818181818,-0.0994833869993189,2.05489224929955,0.864522880791552,0.908441949067576,0.905850465377928
141888,70933,70955,0.568642720834218,0.658148636972805,0.626557883120301,19.1181818181818,45.3309090909091,35.5509090909091,0.969090909090909,23.2654545454545,0.0290909090909091,40.9581818181818,0.0163636363636364,34.7618181818182,-0.102917170392175,2.05573557437906,0.864574417498811,0.908551259425638,0.905845650283844
141973,70951,71022,0.56862875231511,0.658267083806591,0.626663993537167,19.1145454545455,45.3418181818182,35.5436363636364,0.969090909090909,23.26,0.0272727272727273,40.9490909090909,0.0127272727272727,34.7818181818182,-0.101259109341184,2.05134810204618,0.864643774374584,0.908573261688989,0.906030999028083
141937,70943,70994,0.568559909383273,0.65840964193247,0.626606198576808,19.1054545454545,45.3563636363636,35.5381818181818,0.967272727272727,23.26,0.0218181818181818,40.9436363636364,0.0145454545454545,34.7927272727273,-0.103036197931347,2.04037156856873,0.864674533688618,0.908562494989177,0.906016576281592
141942,70947,70995,0.568469934789413,0.658187697256128,0.626467548483805,19.1072727272727,45.3509090909091,35.5418181818182,0.967272727272727,23.2509090909091,0.0218181818181818,40.9363636363636,0.0127272727272727,34.8109090909091,-0.100071334664773,2.03601244114424,0.864592254258255,0.908511406005693,0.905872723552282
141914,70945,70969,0.568440639895288,0.657847084459793,0.626467530466287,19.1036363636364,45.3436363636364,35.5527272727273,0.967272727272727,23.2454545454545,0.02,40.92,0.0109090909090909,34.8363636363636,-0.097201105560651,2.02622204552066,0.864661654135338,0.908376438509964,0.905748184514677
141891,70937,70954,0.568366110926039,0.657762005314204,0.626501666998912,19.1054545454545,45.3454545454545,35.5490909090909,0.965454545454546,23.2381818181818,0.0236363636363636,40.9109090909091,0.0163636363636364,34.8454545454545,-0.0991157796699223,2.0202058616814,0.864484202512372,0.908299919807538,0.905840834697218
141949,70945,71004,0.568444949648794,0.657793648329055,0.62647849723686,19.1072727272727,45.3472727272727,35.5454545454545,0.965454545454546,23.2236363636364,0.0254545454545455,40.8981818181818,0.02,34.8672727272727,-0.0967230942548419,2.02063808983869,0.864497097725759,0.908343691111022,0.905831202046036
141943,70929,71014,0.568488315776787,0.657862501546491,0.626468322724366,19.1109090909091,45.3345454545455,35.5545454545455,0.965454545454546,23.2218181818182,0.02,40.8909090909091,0.0181818181818182,34.8836363636364,-0.100309499830639,2.01450379944237,0.864522880791552,0.908438277051416,0.905701866530299
141915,70927,70988,0.568344582946275,0.657837045381925,0.626554786632561,19.0981818181818,45.3454545454545,35.5563636363636,0.963636363636364,23.2054545454545,0.0327272727272727,40.8763636363636,0.02,34.9018181818182,-0.103098579969314,2.00880212379958,0.86452779893374,0.908380112269447,0.905757823685825
141991,70943,71048,0.568316301576261,0.657963414509696,0.626516654245996,19.1018181818182,45.3527272727273,35.5454545454545,0.961818181818182,23.1927272727273,0.0327272727272727,40.86,0.0181818181818182,34.9345454545455,-0.10211015304624,2.00277430331758,0.864458404721112,0.90847498396408,0.905831202046036
142035,70940,71095,0.568328152760655,0.658211525928236,0.626558054103918,19.0963636363636,45.3527272727273,35.5509090909091,0.961818181818182,23.18,0.0218181818181818,40.8636363636364,0.02,34.9527272727273,-0.104442562109365,1.99660517859527,0.864514900504618,0.908555163566389,0.905845650283844
142056,70938,71118,0.568252649569086,0.658139776767325,0.626619342628529,19.0945454545455,45.3509090909091,35.5545454545455,0.956363636363636,23.1672727272727,0.0218181818181818,40.8636363636364,0.0163636363636364,34.9745454545455,-0.104782594777895,1.98920008736578,0.86450199961912,0.908511406005693,0.905957555612375
142014,70930,71084,0.568174807524893,0.65783775921028,0.626576434192407,19.0945454545455,45.3545454545455,35.5509090909091,0.954545454545455,23.1454545454545,0.0254545454545455,40.8563636363636,0.0163636363636364,35.0018181818182,-0.103819599283683,1.97530599780889,0.864311559702914,0.9083583884546,0.905896793330947
142061,70928,71133,0.568245017871659,0.658066591590539,0.626497390795196,19.1018181818182,45.3545454545455,35.5436363636364,0.952727272727273,23.1254545454545,0.0290909090909091,40.8309090909091,0.0290909090909091,35.0327272727273,-0.102442571114972,1.97610841526396,0.864268037312012,0.908438564842654,0.905826384981329
142067,70918,71149,0.56822716074531,0.658124505082422,0.626501415456117,19.0963636363636,45.3672727272727,35.5363636363636,0.947272727272727,23.1054545454545,0.0254545454545455,40.8363636363636,0.0181818181818182,35.0672727272727,-0.107517805163794,1.97129882366227,0.864324478720366,0.908384097467137,0.905858275773855
142114,70924,71190,0.568371553887503,0.658012792540316,0.626578380630166,19.1054545454545,45.3509090909091,35.5436363636364,0.945454545454545,23.0745454545455,0.02,40.8345454545455,0.0181818181818182,35.1072727272727,-0.106444670968796,1.96714091429656,0.864484202512372,0.908431223188871,0.905877538493018
142113,70918,71195,0.568428177364424,0.658053314053186,0.626621329714274,19.1072727272727,45.3327272727273,35.56,0.943636363636364,23.0436363636364,0.0218181818181818,40.8309090909091,0.0218181818181818,35.1381818181818,-0.10738150033824,1.96090315426276,0.864592254258255,0.908595034692977,0.905716330913181
142142,70922,71220,0.5682586023173,0.657926497512859,0.626634995978012,19.1,45.3454545454545,35.5545454545455,0.941818181818182,23.0218181818182,0.02,40.8254545454545,0.0163636363636364,35.1745454545455,-0.105247468938846,1.95151838705536,0.864445502141837,0.908460304731355,0.90580414216313
142224,70936,71288,0.56828125996745,0.65804130461226,0.626617417037528,19.1072727272727,45.3327272727273,35.56,0.941818181818182,22.9781818181818,0.0218181818181818,40.8309090909091,0.0236363636363636,35.2036363636364,-0.105866444695262,1.95099237357605,0.864497097725759,0.908595034692977,0.905818590857961
142199,70924,71275,0.568302715953711,0.657863307089138,0.626649119453123,19.1054545454545,45.3418181818182,35.5527272727273,0.94,22.9636363636364,0.0163636363636364,40.8272727272727,0.0181818181818182,35.2345454545455,-0.109425200100073,1.93828244415027,0.864579368100495,0.908452963349106,0.905799324946303
142254,70940,71314,0.56813058263823,0.657747685030569,0.626820145374894,19.0981818181818,45.3418181818182,35.56,0.938181818181818,22.9345454545455,0.0254545454545455,40.8090909090909,0.0181818181818182,35.2745454545455,-0.105580940458061,1.93034456835806,0.86452779893374,0.908412863902478,0.90597198077513
142278,70932,71346,0.56822497852151,0.657780727866332,0.626858556958628,19.1036363636364,45.3327272727273,35.5636363636364,0.936363636363636,22.9018181818182,0.0218181818181818,40.8090909090909,0.0218181818181818,35.3090909090909,-0.106074427843321,1.92466469968838,0.864566479489864,0.908434604740705,0.905930470347648
142304,70930,71374,0.568167446654775,0.657855773488831,0.626715382586212,19.1054545454545,45.3418181818182,35.5527272727273,0.930909090909091,22.8854545454545,0.0181818181818182,40.8145454545455,0.0127272727272727,35.3381818181818,-0.105728542471678,1.91665784846991,0.864484202512372,0.908452963349106,0.905850465377928
142274,70916,71358,0.568108268561863,0.657968186888997,0.626535113272378,19.0963636363636,45.3436363636364,35.56,0.930909090909091,22.8618181818182,0.02,40.8218181818182,0.0109090909090909,35.3545454545455,-0.110319306652574,1.90633234919726,0.864610111396744,0.908496732026144,0.905614070968402
142286,70922,71364,0.568071512180364,0.657914445015297,0.626756355061308,19.0963636363636,45.3381818181818,35.5654545454545,0.930909090909091,22.8345454545455,0.0254545454545455,40.8145454545455,0.0181818181818182,35.3763636363636,-0.109297273284028,1.89649243004705,0.864610111396744,0.908525826114854,0.905781912990133
142300,70926,71374,0.567933466153973,0.657855381555079,0.626674697268054,19.0890909090909,45.3509090909091,35.56,0.927272727272727,22.8218181818182,0.0236363636363636,40.8145454545455,0.00909090909090909,35.4036363636364,-0.10914938564327,1.88878707328642,0.864558529383751,0.908471314597282,0.905818590857961
142315,70918,71397,0.568041887010715,0.657931456095344,0.626713651799682,19.0945454545455,45.3418181818182,35.5636363636364,0.921818181818182,22.8036363636364,0.0272727272727273,40.8127272727273,0.00909090909090909,35.4254545454545,-0.110262547026617,1.87742104500701,0.864597219577223,0.908452963349106,0.905828220858896
142327,70916,71411,0.568082680063051,0.657999086233007,0.626459138591321,19.1018181818182,45.3490909090909,35.5490909090909,0.921818181818182,22.7872727272727,0.0309090909090909,40.8054545454546,0.0109090909090909,35.4436363636364,-0.108065970923648,1.86956319934689,0.864553588425662,0.908387458904659,0.905738543371522
142375,70914,71461,0.568150789076782,0.657996123837618,0.626570864864196,19.1018181818182,45.3472727272727,35.5509090909091,0.921818181818182,22.7781818181818,0.0254545454545455,40.8072727272727,0.00727272727272727,35.46,-0.109704800160861,1.86415193367919,0.864648772130211,0.908383785734333,0.905794507236741
142346,70904,71442,0.568060257967234,0.657886434661556,0.626701509493049,19.0981818181818,45.3363636363636,35.5654545454545,0.918181818181818,22.76,0.0327272727272727,40.8145454545455,0.00909090909090909,35.4654545454545,-0.113428197945409,1.85096388236958,0.86452779893374,0.908401844796471,0.905730790859363
142387,70920,71467,0.567995328504201,0.657893206240382,0.626660248696712,19.1,45.3363636363636,35.5636363636364,0.914545454545455,22.7581818181818,0.0309090909090909,40.82,0.0127272727272727,35.4636363636364,-0.11159780167026,1.84927876178091,0.864540694907187,0.908482053338681,0.905725971370143
142393,70918,71475,0.567933519570899,0.657823181417221,0.626906989270566,19.1018181818182,45.3272727272727,35.5709090909091,0.912727272727273,22.7472727272727,0.0309090909090909,40.8272727272727,0.0181818181818182,35.4636363636364,-0.113446108009785,1.84426285768859,0.864458404721112,0.908463698355395,0.905898589245553
142321,70890,71431,0.568037796529162,0.657768093115036,0.626805528969073,19.1,45.3345454545455,35.5654545454545,0.909090909090909,22.7363636363636,0.0272727272727273,40.8381818181818,0.0181818181818182,35.4709090909091,-0.119322367501577,1.82869892726568,0.864731080437887,0.908277853533328,0.905781912990133
142333,70885,71448,0.56804138899934,0.657849550514588,0.626829635922976,19.1018181818182,45.3290909090909,35.5690909090909,0.9,22.7290909090909,0.0327272727272727,40.8545454545455,0.0127272727272727,35.4709090909091,-0.117112698004051,1.82839389155534,0.864648772130211,0.908347037824395,0.905740428359658
142408,70903,71505,0.56797219893998,0.65786728986507,0.627039010173408,19.1018181818182,45.32,35.5781818181818,0.898181818181818,22.7127272727273,0.0345454545454545,40.8672727272727,0.0127272727272727,35.4745454545455,-0.113832494872854,1.82899707880887,0.864458404721112,0.908449009066838,0.905917825020442
142421,70895,71526,0.568023565750413,0.65791449194029,0.626962477706352,19.1072727272727,45.3163636363636,35.5763636363636,0.896363636363636,22.7090909090909,0.0272727272727273,40.8636363636364,0.0181818181818182,35.4854545454545,-0.115079989545781,1.81862656053748,0.864401941193263,0.908481784625261,0.905861910359278
142425,70892,71533,0.568011465670343,0.657848684112817,0.626866974491134,19.1090909090909,45.3072727272727,35.5836363636364,0.889090909090909,22.7054545454545,0.0309090909090909,40.8636363636364,0.0145454545454545,35.4963636363636,-0.115326569274393,1.81312979503789,0.86441484300666,0.908503551506882,0.905778958663328
142435,70883,71552,0.568064822310228,0.65777766747229,0.626998578898464,19.1054545454545,45.2981818181818,35.5963636363636,0.887272727272727,22.7036363636364,0.0218181818181818,40.8636363636364,0.0218181818181818,35.5018181818182,-0.120866825060644,1.80411967296492,0.864579368100495,0.908485189050333,0.905761569108183
142453,70879,71574,0.567986902043004,0.658010441713625,0.627015903530213,19.1018181818182,45.3072727272727,35.5909090909091,0.889090909090909,22.6890909090909,0.0272727272727273,40.8727272727273,0.0109090909090909,35.5109090909091,-0.122586326234506,1.79621254514733,0.864553588425662,0.908543681528151,0.905747126436782
142422,70859,71563,0.567953298910286,0.657990165890341,0.627221773368494,19.1,45.3054545454546,35.5945454545455,0.887272727272727,22.6763636363636,0.0218181818181818,40.8836363636364,0.0127272727272727,35.5181818181818,-0.128447031278616,1.78997228716669,0.864540694907187,0.908499879605105,0.905858916074986
142446,70865,71581,0.567954619102784,0.657895130713161,0.627209970651992,19.1,45.3036363636364,35.5963636363636,0.883636363636364,22.6690909090909,0.02,40.8854545454545,0.0181818181818182,35.5236363636364,-0.125209715391743,1.78417663527653,0.864635887672537,0.908415940923867,0.905863724588824
142410,70849,71561,0.568098437065885,0.657787128074115,0.627188763042016,19.1145454545455,45.2781818181818,35.6072727272727,0.874545454545455,22.6563636363636,0.0309090909090909,40.8854545454545,0.0109090909090909,35.5418181818182,-0.126618329945565,1.77566228039055,0.864643774374584,0.908404609886359,0.90579044117647
142419,70841,71578,0.568013655726124,0.657872292498184,0.627314727770263,19.1072727272727,45.2745454545455,35.6181818181818,0.869090909090909,22.6363636363636,0.0290909090909091,40.9018181818182,0.0109090909090909,35.5527272727273,-0.131184311897662,1.7719768951139,0.864592254258255,0.90847757118188,0.905819295558959
142496,70853,71643,0.568032722668859,0.657956494829985,0.627476248059153,19.1090909090909,45.2672727272727,35.6236363636364,0.865454545454545,22.6272727272727,0.0272727272727273,40.8927272727273,0.0145454545454545,35.5727272727273,-0.126778388798464,1.76663486796262,0.864605137963844,0.908583363457445,0.905884754759353
142505,70845,71660,0.568209417358233,0.657773337835604,0.627680309312048,19.1127272727273,45.2563636363636,35.6309090909091,0.865454545454545,22.6163636363636,0.0254545454545455,40.8909090909091,0.0145454545454545,35.5872727272727,-0.127027407244598,1.76433794506064,0.86472602739726,0.908521152223695,0.90595499311119
142517,70853,71664,0.568005370657404,0.657693784782067,0.627775803088263,19.1018181818182,45.2709090909091,35.6272727272727,0.865454545454545,22.5981818181818,0.0181818181818182,40.9054545454546,0.0181818181818182,35.5945454545455,-0.126821146701398,1.75262607221746,0.864743955834761,0.908470219687538,0.906047461087012
142469,70834,71635,0.56797844129518,0.657634510289979,0.627633321578679,19.1127272727273,45.2454545454545,35.6418181818182,0.861818181818182,22.5945454545455,0.0163636363636364,40.9036363636364,0.0145454545454545,35.6090909090909,-0.128702686007455,1.73835604545152,0.864630898021309,0.908539280691179,0.905830740192828
142530,70844,71686,0.56789262248855,0.657819070950388,0.627570250168357,19.1072727272727,45.2545454545455,35.6381818181818,0.86,22.5745454545455,0.0163636363636364,40.9218181818182,0.0127272727272727,35.6145454545455,-0.126444790043024,1.73707574236376,0.864592254258255,0.908557653676175,0.90582113157492
142530,70839,71691,0.567943573248383,0.657788315363104,0.627501020924031,19.1127272727273,45.2563636363636,35.6309090909091,0.856363636363636,22.5654545454545,0.0163636363636364,40.9218181818182,0.0145454545454545,35.6254545454545,-0.128491513973743,1.73093741219914,0.864535768645358,0.908480977059982,0.905852936673981
142513,70834,71679,0.567900425592486,0.657743480270002,0.627602339732218,19.1145454545455,45.2545454545455,35.6309090909091,0.852727272727273,22.5509090909091,0.02,40.9272727272727,0.0218181818181818,35.6272727272727,-0.13045279933773,1.72590823567853,0.86454865404737,0.90847730012053,0.90595499311119
142571,70838,71733,0.567861468237106,0.657789396377391,0.627698059466415,19.1072727272727,45.2581818181818,35.6345454545455,0.845454545454545,22.5472727272727,0.02,40.9327272727273,0.0145454545454545,35.64,-0.132059488470507,1.71955870472699,0.864497097725759,0.908565000803471,0.905964590030104
142520,70822,71698,0.56789009221118,0.657633763142718,0.627698472547357,19.1127272727273,45.2509090909091,35.6363636363636,0.84,22.5363636363636,0.0254545454545455,40.9345454545455,0.0181818181818182,35.6454545454545,-0.13343469313648,1.70918620457365,0.864440639269406,0.908429765348762,0.905969387755102
142550,70824,71726,0.567722409316362,0.657652048656584,0.627753353361794,19.1036363636364,45.2509090909091,35.6454545454545,0.838181818181818,22.5309090909091,0.0163636363636364,40.9472727272727,0.0127272727272727,35.6545454545455,-0.134947018400337,1.70809041941962,0.86447130484439,0.908429765348762,0.905993369038511
142561,70820,71741,0.567774203322257,0.657675021308644,0.627608443303207,19.1127272727273,45.2418181818182,35.6454545454545,0.841818181818182,22.5127272727273,0.0181818181818182,40.94,0.0163636363636364,35.6709090909091,-0.132370218848039,1.69876377270557,0.864440639269406,0.908411365189085,0.905891354246366
142643,70832,71811,0.567854092802243,0.657645822915494,0.627676138873354,19.1145454545455,45.2381818181818,35.6472727272727,0.836363636363636,22.5072727272727,0.02,40.9236363636364,0.0181818181818182,35.6945454545455,-0.129816714566434,1.69237591948741,0.864453533720156,0.908524576986456,0.905896154238498
142689,70838,71851,0.567940852948024,0.657631839535738,0.62772451025346,19.12,45.2272727272727,35.6527272727273,0.832727272727273,22.4927272727273,0.0254545454545455,40.9418181818182,0.00909090909090909,35.6981818181818,-0.130577797133852,1.6909349280981,0.864587295549639,0.908582914572864,0.905859554286297
142693,70844,71849,0.567809964848777,0.657546579725876,0.627687459426732,19.1072727272727,45.2418181818182,35.6509090909091,0.830909090909091,22.4890909090909,0.0181818181818182,40.9418181818182,0.0109090909090909,35.7090909090909,-0.129911960883336,1.68358905205122,0.864687410790751,0.908491741349516,0.905905752753978
142655,70822,71833,0.567917844997372,0.657462627371634,0.627731979939551,19.1163636363636,45.2327272727273,35.6509090909091,0.827272727272727,22.4745454545455,0.02,40.9454545454546,0.0127272727272727,35.72,-0.13199223074733,1.67166706760499,0.864656648278486,0.908433153790498,0.905905752753978
142683,70826,71857,0.567827436412112,0.65749891001182,0.627669514438784,19.1145454545455,45.24,35.6454545454545,0.825454545454545,22.4672727272727,0.0181818181818182,40.9527272727273,0.0127272727272727,35.7236363636364,-0.134192927584577,1.66730426273478,0.864643774374584,0.908447873965115,0.905891354246366
142721,70828,71893,0.567770429649748,0.657611209995956,0.627795060262871,19.1090909090909,45.2472727272727,35.6436363636364,0.821818181818182,22.4672727272727,0.0181818181818182,40.9509090909091,0.00727272727272727,35.7345454545455,-0.132506188502054,1.65778278292114,0.864605137963844,0.908422406172145,0.905988573760457
142770,70842,71928,0.567729042653214,0.657714185384862,0.627774819817146,19.1090909090909,45.2490909090909,35.6418181818182,0.82,22.4672727272727,0.0163636363636364,40.9345454545455,0.0218181818181818,35.74,-0.131348324820762,1.66352743141099,0.864509990485252,0.908546630771085,0.905983777993164
142754,70842,71912,0.5676713657807,0.65769285516383,0.62777612792119,19.1054545454545,45.2509090909091,35.6436363636364,0.818181818181818,22.4618181818182,0.0309090909090909,40.9218181818182,0.0109090909090909,35.7563636363636,-0.133150264465166,1.64956102160398,0.864484202512372,0.908550305368049,0.905988573760457
142740,70824,71916,0.567696594262519,0.657492214327848,0.627813232156251,19.1090909090909,45.2363636363636,35.6545454545455,0.810909090909091,22.4618181818182,0.0236363636363636,40.9181818181818,0.0109090909090909,35.7745454545455,-0.135810560423108,1.64125711900944,0.864509990485252,0.908440514469453,0.905966343702193
142768,70836,71932,0.567588194685996,0.657635246565936,0.627676680050244,19.1054545454545,45.2490909090909,35.6454545454545,0.809090909090909,22.4618181818182,0.0290909090909091,40.9090909090909,0.0145454545454545,35.7763636363636,-0.133022551098404,1.63467975479593,0.864484202512372,0.908506449150159,0.905942361642438
142841,70846,71995,0.567580249941225,0.657696151986515,0.627585383884565,19.1018181818182,45.2618181818182,35.6363636363636,0.805454545454545,22.4636363636364,0.0236363636363636,40.9218181818182,0.00727272727272727,35.7781818181818,-0.132553050708988,1.63124488747721,0.864553588425662,0.908532176428055,0.905969387755102
142804,70834,71970,0.567637925706036,0.65756403799084,0.627616436326279,19.1018181818182,45.26,35.6381818181818,0.807272727272727,22.4563636363636,0.02,40.9090909090909,0.0145454545454545,35.7927272727273,-0.135285731286364,1.62309053849471,0.864648772130211,0.90844815811674,0.905923167185348
142829,70840,71989,0.567567630541687,0.65768478632431,0.627576485677972,19.1018181818182,45.2509090909091,35.6472727272727,0.805454545454545,22.4490909090909,0.0218181818181818,40.9072727272727,0.00727272727272727,35.8090909090909,-0.13545192715818,1.61725470726167,0.864458404721112,0.908630665380906,0.905845149444048
142850,70849,72001,0.567528690438807,0.657672493528404,0.627728019058533,19.1018181818182,45.2527272727273,35.6454545454545,0.807272727272727,22.4381818181818,0.0236363636363636,40.9036363636364,0.0236363636363636,35.8036363636364,-0.132402308586817,1.61177829086611,0.864458404721112,0.908594158061794,0.905993369038511
142900,70847,72053,0.567592610455204,0.657526233823241,0.627732258046693,19.1054545454545,45.2581818181818,35.6363636363636,0.801818181818182,22.4345454545455,0.0254545454545455,40.9127272727273,0.00909090909090909,35.8163636363636,-0.13438397039756,1.60778454685033,0.864484202512372,0.908484653704001,0.906071428571428
142980,70853,72127,0.56755833273983,0.657670904287904,0.627687019781726,19.1036363636364,45.26,35.6363636363636,0.798181818181818,22.4327272727273,0.0218181818181818,40.9072727272727,0.0109090909090909,35.8290909090909,-0.133092907199662,1.60189791172108,0.86447130484439,0.908608845860282,0.905969387755102
142903,70832,72071,0.567623547245614,0.65728930521214,0.627595183943204,19.1109090909091,45.2381818181818,35.6509090909091,0.8,22.4345454545455,0.02,40.9,0.00909090909090909,35.8363636363636,-0.133693367318834,1.58515407918868,0.864427742365141,0.908444194365178,0.905803753569971
142900,70826,72074,0.567658878982991,0.657319360263478,0.627464902913369,19.1127272727273,45.2472727272727,35.64,0.796363636363636,22.4309090909091,0.0254545454545455,40.9018181818182,0.0163636363636364,35.8290909090909,-0.137559314649674,1.58069908953356,0.864440639269406,0.908342039701037,0.905876951331497
142984,70832,72152,0.567764918801403,0.657538487482843,0.62759434893707,19.1181818181818,45.2345454545455,35.6472727272727,0.794545454545455,22.4254545454545,0.0236363636363636,40.9127272727273,0.00909090909090909,35.8345454545455,-0.13595886507672,1.57818926592696,0.864574417498811,0.908477028819486,0.905896154238498
142996,70826,72170,0.567658602520181,0.657627238366626,0.627696812940511,19.1127272727273,45.2309090909091,35.6563636363636,0.796363636363636,22.42,0.0163636363636364,40.9327272727273,0.0109090909090909,35.8236363636364,-0.13758961305705,1.57207251314751,0.864440639269406,0.908550066326326,0.905869155066034
142977,70822,72155,0.567627749116533,0.657676265973796,0.627663630543708,19.1090909090909,45.2381818181818,35.6527272727273,0.792727272727273,22.4163636363636,0.0181818181818182,40.9418181818182,0.0145454545454545,35.8163636363636,-0.140540233727205,1.56347939615477,0.86441484300666,0.908645150918372,0.905910551277475
143047,70841,72206,0.567564345137121,0.657705235337975,0.62773904354784,19.1036363636364,45.2581818181818,35.6381818181818,0.789090909090909,22.4181818181818,0.0181818181818182,40.9581818181818,0.0163636363636364,35.8,-0.139011317108485,1.5661164450819,0.86447130484439,0.908605174353206,0.90607622060099
143032,70840,72192,0.56764081097871,0.657397454855301,0.627580632742718,19.1036363636364,45.2509090909091,35.6454545454545,0.789090909090909,22.4163636363636,0.0145454545454545,40.9654545454545,0.00727272727272727,35.8072727272727,-0.136386592117354,1.55780406413939,0.864661654135338,0.908469945355191,0.905942361642438
143024,70830,72194,0.56769847962933,0.657447715890727,0.627427854913879,19.1090909090909,45.2563636363636,35.6345454545455,0.790909090909091,22.4109090909091,0.0127272727272727,40.9781818181818,0.00909090909090909,35.7981818181818,-0.139058328802135,1.54806226583155,0.864700285442436,0.908400626732554,0.905862544007347
143061,70826,72235,0.56767993198744,0.657647010957683,0.627464377628696,19.1109090909091,45.2472727272727,35.6418181818182,0.789090909090909,22.4127272727273,0.0145454545454545,40.9727272727273,0.00909090909090909,35.8018181818182,-0.141720496387874,1.54349456753963,0.864522880791552,0.908502772643253,0.90588175279294
143002,70812,72190,0.567599343887291,0.657595309733986,0.627396417455934,19.1109090909091,45.2472727272727,35.6418181818182,0.789090909090909,22.4054545454545,0.0236363636363636,40.9745454545455,0.00727272727272727,35.8,-0.145733136765979,1.52786281978796,0.864427742365141,0.908502772643253,0.905830740192828
142998,70810,72188,0.56769901148437,0.657653229154184,0.627510135331467,19.12,45.2472727272727,35.6327272727273,0.790909090909091,22.3981818181818,0.0272727272727273,40.9763636363636,0.0109090909090909,35.7963636363636,-0.145245340627612,1.52034349957142,0.864492202358311,0.908583139114362,0.905908766200633
142992,70809,72183,0.56785692402265,0.657553686689407,0.627525549433784,19.1309090909091,45.2254545454545,35.6436363636364,0.789090909090909,22.3909090909091,0.0272727272727273,40.9872727272727,0.0163636363636364,35.7890909090909,-0.143169025744514,1.5170647356003,0.864569473484128,0.908579239366407,0.905886553764538
142992,70812,72180,0.5675526270557,0.657572388225896,0.627488300239285,19.1145454545455,45.2454545454545,35.64,0.783636363636364,22.3890909090909,0.0236363636363636,41.0145454545455,0.0109090909090909,35.7781818181818,-0.146494563677565,1.51617775895548,0.864358413392942,0.908499095840868,0.905978981736557
143016,70822,72194,0.567614050557341,0.65762280545097,0.627396858403956,19.1109090909091,45.2563636363636,35.6327272727273,0.783636363636364,22.3836363636364,0.02,41.0290909090909,0.0109090909090909,35.7727272727273,-0.144369299849793,1.50924231354994,0.864522880791552,0.908561327387409,0.905908766200633
143025,70812,72213,0.567635455553313,0.657603523576406,0.627381971599955,19.1145454545455,45.2581818181818,35.6272727272727,0.785454545454545,22.38,0.02,41.0418181818182,0.0109090909090909,35.7618181818182,-0.14345269939212,1.50303593180777,0.864453533720156,0.908484653704001,0.905894360806328
143086,70832,72254,0.567755711679264,0.657634501779024,0.627439916798289,19.1163636363636,45.2636363636364,35.62,0.785454545454545,22.3727272727273,0.0218181818181818,41.0545454545455,0.00909090909090909,35.7563636363636,-0.14138659839305,1.49936815008563,0.864656648278486,0.908455513155252,0.906028278291052
143147,70826,72321,0.567735668907004,0.657598377172349,0.627530457335234,19.1254545454545,45.2454545454545,35.6290909090909,0.785454545454545,22.3690909090909,0.0218181818181818,41.0581818181818,0.00909090909090909,35.7563636363636,-0.14404663140745,1.50070490042086,0.864530848940013,0.908499095840868,0.906001224739743
143081,70804,72277,0.567903373269922,0.65763335533192,0.627518926159507,19.1345454545455,45.2254545454545,35.64,0.787272727272727,22.3654545454545,0.0145454545454545,41.0690909090909,0.0127272727272727,35.7509090909091,-0.148719681199443,1.489063114711,0.864690231851007,0.908579239366407,0.905927966534027
143102,70804,72298,0.567919813510804,0.65758163329031,0.627635618540245,19.1254545454545,45.2218181818182,35.6527272727273,0.785454545454545,22.3636363636364,0.0145454545454545,41.0745454545455,0.00727272727272727,35.7545454545455,-0.149155941499521,1.48269475169522,0.864720981081852,0.908612093920875,0.905910551277475
143080,70797,72283,0.567719953107054,0.657533226833234,0.627682963920392,19.1145454545455,45.2381818181818,35.6472727272727,0.785454545454545,22.3545454545455,0.0145454545454545,41.0818181818182,0.0109090909090909,35.7527272727273,-0.151497254301169,1.48059208024166,0.864643774374584,0.90840400305454,0.905947159032949
143087,70807,72280,0.567837484664634,0.657487610814229,0.627520788350472,19.1218181818182,45.2345454545455,35.6436363636364,0.783636363636364,22.3490909090909,0.0145454545454545,41.0872727272727,0.0127272727272727,35.7527272727273,-0.147448339707543,1.47397789039268,0.864695255300941,0.908396639736324,0.905988573760457
143118,70807,72311,0.567975392098617,0.657455753978868,0.627559139823148,19.1327272727273,45.2218181818182,35.6454545454545,0.783636363636364,22.3490909090909,0.0181818181818182,41.0909090909091,0.00909090909090909,35.7490909090909,-0.146893358976178,1.46928245034915,0.864772403307042,0.908451270504986,0.905942361642438
143115,70816,72299,0.567714720092695,0.657268033496349,0.627527313458119,19.1272727272727,45.2327272727273,35.64,0.783636363636364,22.3472727272727,0.0181818181818182,41.0909090909091,0.00545454545454545,35.7545454545455,-0.144888134837906,1.45955910939427,0.864543726235741,0.90839295763325,0.905978981736557
143105,70798,72307,0.567702160172148,0.65740364754446,0.627641427677505,19.1236363636364,45.2290909090909,35.6472727272727,0.783636363636364,22.3472727272727,0.0127272727272727,41.1,0.00727272727272727,35.7490909090909,-0.150938297198263,1.45217857957098,0.864613044305001,0.908425791927963,0.905947159032949
143159,70816,72343,0.567846523169472,0.657336296541266,0.627559832705936,19.1254545454545,45.2272727272727,35.6472727272727,0.778181818181818,22.3545454545455,0.0127272727272727,41.1036363636364,0.00909090909090909,35.7418181818182,-0.146415978107788,1.45558136969551,0.864720981081852,0.908502512562814,0.905896154238498
143140,70816,72324,0.567813496355554,0.657384541369787,0.627521628602693,19.1236363636364,45.2345454545455,35.6418181818182,0.78,22.3527272727273,0.0145454545454545,41.1,0.0109090909090909,35.7418181818182,-0.152255429797052,1.44584955514663,0.864803194523674,0.908517223361068,0.905983777993164
143140,70808,72332,0.567766030728788,0.657316170361169,0.627662734134007,19.1363636363636,45.22,35.6436363636364,0.78,22.3454545454545,0.02,41.1018181818182,0.0109090909090909,35.7418181818182,-0.15043222235568,1.44191849448252,0.864513064133017,0.908487797032689,0.906090593756376
143161,70799,72362,0.567854778726375,0.657590656243655,0.627543370646639,19.1345454545455,45.2309090909091,35.6345454545455,0.78,22.3436363636364,0.0181818181818182,41.1072727272727,0.0109090909090909,35.74,-0.155672320781675,1.44264359698335,0.864595210946408,0.908550066326326,0.906015613041482
143162,70803,72359,0.567772185585634,0.65757671108565,0.627451206493943,19.12,45.24,35.64,0.78,22.3472727272727,0.0181818181818182,41.1,0.0109090909090909,35.7436363636364,-0.154170188952842,1.43293801762841,0.864777481932294,0.908488063660477,0.905927966534027
143116,70783,72333,0.567901265615042,0.657505516596396,0.627542341051983,19.1345454545455,45.2290909090909,35.6363636363636,0.778181818181818,22.3509090909091,0.0163636363636364,41.1,0.00909090909090909,35.7454545454545,-0.159353806882262,1.42167009903668,0.864785252755606,0.908465991316932,0.905969387755102
143130,70779,72351,0.568002475389865,0.657345827239538,0.627614449544179,19.1309090909091,45.2345454545455,35.6345454545455,0.776363636363636,22.3509090909091,0.02,41.1018181818182,0.0127272727272727,35.7381818181818,-0.162006747597893,1.4141908003356,0.864949629348033,0.908436834277905,0.906015613041482
143204,70788,72416,0.567898695928395,0.657509565983072,0.627526004563317,19.1309090909091,45.2363636363636,35.6327272727273,0.774545454545455,22.3563636363636,0.0127272727272727,41.1,0.00545454545454545,35.7509090909091,-0.1598501770437,1.41077370642557,0.864759551416081,0.908601286173633,0.905908766200633
143185,70779,72406,0.567985425462331,0.657293889356562,0.627741397946519,19.1363636363636,45.2109090909091,35.6527272727273,0.776363636363636,22.3636363636364,0.0127272727272727,41.0927272727273,0.00909090909090909,35.7454545454545,-0.158210917374725,1.40027363944841,0.864893111638955,0.908549827073112,0.905910551277475
143200,70774,72426,0.568080950411065,0.657354426610979,0.627685900329453,19.1418181818182,45.2272727272727,35.6309090909091,0.774545454545455,22.3636363636364,0.0109090909090909,41.0945454545455,0.00727272727272727,35.7490909090909,-0.160881484659628,1.39709887455048,0.864931610942249,0.908542713567839,0.906006021329795
143172,70758,72414,0.568115327845763,0.657291994450572,0.627692469174164,19.1454545454545,45.2254545454545,35.6290909090909,0.770909090909091,22.3654545454545,0.0181818181818182,41.0927272727273,0.00909090909090909,35.7436363636364,-0.162290885880132,1.39114715764299,0.865052231718898,0.908418428881563,0.905899163094509
