"total_rewards","action_rewards","opinion_rewards","sp0_social_trust","sp1_social_trust","sp2_social_trust","sp0_request_rate","sp1_request_rate","sp2_request_rate","op0_expression_rate","op1_expression_rate","op2_expression_rate","op3_expression_rate","op4_expression_rate","op5_expression_rate","mean_loss1","mean_loss2","sp0_availability","sp1_availability","sp2_availability"
22727,31868,-9141,0.733093517114356,0.713185552471842,0.719572148432865,34.0054545454545,33.1654545454545,32.8290909090909,16.8709090909091,16.5927272727273,16.4254545454545,16.5654545454545,16.7963636363636,16.7490909090909,1.72758031758395,-6.40348625616594,0.890605785168155,0.859218244613782,0.868797075764289
22971,31844,-8873,0.733319346817848,0.712682895152745,0.719420327495858,34.0763636363636,33.1236363636364,32.8,16.7581818181818,16.6963636363636,16.2872727272727,16.7054545454545,16.6781818181818,16.8745454545455,1.65606178045273,-6.43660736950961,0.89072671006296,0.858491601712592,0.868680709534368
23199,31851,-8652,0.733383298049968,0.712714056533536,0.719190381903184,34.1036363636364,33.1563636363636,32.74,16.6672727272727,16.7890909090909,16.1236363636364,16.8490909090909,16.5363636363636,17.0345454545455,1.58709098642523,-6.49475738785484,0.890654155781841,0.858357095854354,0.86860665296829
23501,31867,-8366,0.733595127125105,0.712397980492671,0.719108586388897,34.1909090909091,33.0818181818182,32.7272727272727,16.56,16.9181818181818,15.9,17.0472727272727,16.3818181818182,17.1927272727273,1.51859407424927,-6.52469109405171,0.890720553044403,0.858312723275625,0.868444444444444
23802,31950,-8148,0.733586414085343,0.712490860801329,0.719286351210668,34.2690909090909,33.0145454545455,32.7163636363636,16.4436363636364,17.0472727272727,15.7163636363636,17.1745454545455,16.3090909090909,17.3090909090909,1.45540143468163,-6.58721974979747,0.890492359932088,0.858739949333627,0.868845170612426
24143,31987,-7844,0.733796203713233,0.712506765484959,0.719042637199751,34.3472727272727,32.9981818181818,32.6545454545455,16.3,17.1618181818182,15.6127272727273,17.3181818181818,16.1763636363636,17.4309090909091,1.38789869438518,-6.61198688853871,0.890582817214547,0.859000495895091,0.868763919821826
24503,31980,-7477,0.733975191180375,0.712277714714204,0.718859172136538,34.4018181818182,32.96,32.6381818181818,16.1363636363636,17.3036363636364,15.48,17.4636363636364,16.02,17.5963636363636,1.31569971496409,-6.61362535086545,0.890809153850219,0.858781994704325,0.868586708261378
24773,32031,-7258,0.733900271020132,0.712176563299321,0.718699268262598,34.4709090909091,32.9527272727273,32.5763636363636,16.0309090909091,17.3454545454545,15.3345454545455,17.6509090909091,15.8963636363636,17.7418181818182,1.24785300709985,-6.69495043321089,0.890658790020571,0.858971529463695,0.868728023664676
25191,32083,-6892,0.734106609424265,0.712173828146993,0.718479823914735,34.5145454545455,32.9709090909091,32.5145454545455,15.8909090909091,17.4945454545455,15.1509090909091,17.7890909090909,15.7872727272727,17.8872727272727,1.18003034700047,-6.70050083723935,0.890902386345678,0.859214734752399,0.868758038360454
25624,32153,-6529,0.734382264205498,0.711847874673154,0.718414095544782,34.5636363636364,32.9690909090909,32.4672727272727,15.7090909090909,17.6727272727273,14.9309090909091,18.0181818181818,15.6054545454545,18.0636363636364,1.11281148628755,-6.72582382288846,0.891372961599158,0.859151822643799,0.869126953015624
26064,32178,-6114,0.734509810689673,0.711533761557469,0.717937025455613,34.6436363636364,32.9581818181818,32.3981818181818,15.4945454545455,17.8909090909091,14.7145454545455,18.2436363636364,15.4509090909091,18.2054545454545,1.04089718406851,-6.72911086082459,0.891361393933032,0.858884536878689,0.868903978898928
26421,32201,-5780,0.734514969769822,0.71159440792327,0.717545714724113,34.7,32.9945454545455,32.3054545454545,15.3545454545455,17.9854545454545,14.5581818181818,18.4254545454545,15.26,18.4163636363636,0.9678389321674,-6.76935590397228,0.891223473932408,0.858984956191106,0.868752814047726
27020,32263,-5243,0.734450835325615,0.711425920865101,0.717411247905092,34.7727272727273,32.9818181818182,32.2454545454545,15.16,18.1836363636364,14.3454545454545,18.6527272727273,15.06,18.5981818181818,0.897610961307179,-6.71577391407707,0.890928104575163,0.858930540242558,0.869128841274316
27558,32337,-4779,0.734470112405701,0.711401924447294,0.717010832468958,34.8836363636364,32.9327272727273,32.1836363636364,14.9636363636364,18.3454545454545,14.1472727272727,18.8709090909091,14.8690909090909,18.8036363636364,0.827575622905384,-6.69586440433155,0.890649431877411,0.859382763760835,0.869046946500198
28022,32412,-4390,0.73436238562995,0.711084724092741,0.716766513338655,34.9618181818182,32.9090909090909,32.1290909090909,14.7836363636364,18.5,13.9727272727273,19.0690909090909,14.7036363636364,18.9709090909091,0.756633222644979,-6.71729583956979,0.890477923969005,0.859337016574586,0.869164167279724
28495,32446,-3951,0.734221127245648,0.710887865619419,0.716502948856431,35.0345454545455,32.88,32.0854545454545,14.5818181818182,18.6672727272727,13.8018181818182,19.3,14.4727272727273,19.1763636363636,0.682041961496527,-6.71476145007394,0.89029010327469,0.859267861092679,0.869099563665212
29034,32454,-3420,0.734238811760474,0.71025494827249,0.716109263412652,35.1472727272727,32.7963636363636,32.0563636363636,14.3690909090909,18.8781818181818,13.5890909090909,19.5309090909091,14.2418181818182,19.3909090909091,0.604230100458318,-6.66279101371765,0.890176400600072,0.858742654396275,0.868924054222676
29683,32521,-2838,0.734295620348881,0.709816260064511,0.715794946412535,35.2854545454545,32.7309090909091,31.9836363636364,14.1381818181818,19.0945454545455,13.36,19.8036363636364,13.9909090909091,19.6127272727273,0.530286876721816,-6.58198544220491,0.890245787602411,0.858682368625708,0.86908077994429
30313,32651,-2338,0.734484564033978,0.70934217130917,0.71553155159732,35.4072727272727,32.6618181818182,31.9309090909091,13.8872727272727,19.3581818181818,13.0727272727273,20.0690909090909,13.8309090909091,19.7818181818182,0.462251966107975,-6.53934546383944,0.890469343740372,0.858661767980405,0.869206240747068
30805,32689,-1884,0.734609993623184,0.708904360346334,0.715354123173133,35.4818181818182,32.6545454545455,31.8636363636364,13.6781818181818,19.5581818181818,12.8309090909091,20.3181818181818,13.5963636363636,20.0181818181818,0.385500796816566,-6.5101988510652,0.890699461952344,0.858351893095768,0.869329529243937
31379,32740,-1361,0.734524202503369,0.70879659800675,0.714732974096832,35.5981818181818,32.6290909090909,31.7727272727273,13.4272727272727,19.78,12.6472727272727,20.5618181818182,13.3927272727273,20.1909090909091,0.309837569973686,-6.45112691142342,0.890341692629859,0.858464281734091,0.869127324749642
31923,32818,-895,0.73452970129368,0.708453464030618,0.714463072383831,35.6745454545455,32.6309090909091,31.6945454545455,13.2236363636364,19.9654545454545,12.4436363636364,20.82,13.1218181818182,20.4254545454545,0.235078107226979,-6.40577163913033,0.890372560012232,0.858082130718226,0.86949288664525
32498,32878,-380,0.73466156869141,0.708023343878668,0.713989717932075,35.7818181818182,32.5945454545455,31.6236363636364,13.0254545454545,20.1745454545455,12.2145454545455,21.0709090909091,12.8872727272727,20.6272727272727,0.159023198756305,-6.33649323636835,0.890548780487805,0.857868020304569,0.869717702524004
33072,32908,164,0.734624514250529,0.707501589713787,0.713554840154815,35.9072727272727,32.5563636363636,31.5363636363636,12.8236363636364,20.4036363636364,11.9981818181818,21.3054545454545,12.6763636363636,20.7927272727273,0.0806344590403817,-6.23896959586577,0.890272925211403,0.857645481961354,0.869933698472182
33621,33038,583,0.734955428712981,0.707685256664667,0.713143326745288,36.0527272727273,32.4927272727273,31.4545454545455,12.6072727272727,20.6254545454545,11.8454545454545,21.5290909090909,12.4,20.9927272727273,0.0109214411540465,-6.20000778111545,0.890665187351858,0.85854177158525,0.869826589595376
34170,33142,1028,0.735126325471578,0.707254480088401,0.712956126837699,36.2054545454545,32.3854545454545,31.4090909090909,12.4272727272727,20.8345454545455,11.6290909090909,21.7236363636364,12.1672727272727,21.2181818181818,-0.0603979850357229,-6.14804169535637,0.890825089137749,0.858859196047608,0.870043415340087
34800,33233,1567,0.735371760743801,0.707045207520669,0.712604684160952,36.3309090909091,32.3072727272727,31.3618181818182,12.2236363636364,21.0745454545455,11.4327272727273,21.9290909090909,11.9527272727273,21.3872727272727,-0.133158193122257,-6.03697889555584,0.89100190171154,0.858911587596376,0.870311322395501
35329,33353,1976,0.735566929566656,0.706537145534002,0.712182835467439,36.4836363636364,32.2181818181818,31.2981818181818,12.0363636363636,21.2945454545455,11.2472727272727,22.16,11.7309090909091,21.5309090909091,-0.20238905088468,-5.97545615380461,0.89130868135154,0.858972911963883,0.870221912396886
35818,33362,2456,0.735486530189451,0.706239316711343,0.711549252861111,36.5709090909091,32.1854545454545,31.2436363636364,11.8254545454545,21.5163636363636,11.0872727272727,22.2927272727273,11.58,21.6981818181818,-0.280252909389409,-5.88302803256295,0.891170329123993,0.85877301999774,0.869820763500931
36270,33443,2827,0.735622481755293,0.706499888827855,0.711189424234431,36.6527272727273,32.1927272727273,31.1545454545455,11.6090909090909,21.7472727272727,10.9636363636364,22.44,11.4,21.84,-0.350959325649522,-5.82718997326764,0.891363658911652,0.859200271094544,0.870265538371754
36727,33518,3209,0.73564832302859,0.706208936911606,0.710816816577686,36.7836363636364,32.1345454545455,31.0818181818182,11.4454545454545,21.9581818181818,10.7527272727273,22.62,11.2345454545455,21.9890909090909,-0.421781102635644,-5.76141866933216,0.891157135089714,0.859454566029195,0.870429950277859
37211,33616,3595,0.735913048309606,0.706062318301112,0.710270893034286,36.92,32.0672727272727,31.0127272727273,11.22,22.2290909090909,10.5745454545455,22.7818181818182,11.0254545454545,22.1690909090909,-0.489768410812725,-5.69178879152645,0.891362158967793,0.860010205817316,0.870258544878935
37740,33717,4023,0.736107223118263,0.705668483184718,0.709949862024824,37.0418181818182,31.9654545454545,30.9927272727273,11.0381818181818,22.4181818181818,10.44,22.9454545454545,10.82,22.3381818181818,-0.555631074309349,-5.58864341757514,0.891523094291464,0.860246857402878,0.870116156282999
38119,33800,4319,0.73627278560513,0.705262466087278,0.709589786286607,37.1563636363636,31.8836363636364,30.96,10.8636363636364,22.6127272727273,10.2418181818182,23.16,10.6672727272727,22.4545454545455,-0.623007084835659,-5.546185311946,0.891710706596203,0.860230383211679,0.870037585153864
38559,33874,4685,0.736279932219678,0.705086109605608,0.709495864379912,37.2563636363636,31.8563636363636,30.8872727272727,10.6763636363636,22.8345454545455,10.0672727272727,23.2909090909091,10.5490909090909,22.5818181818182,-0.688589541749521,-5.47325856306336,0.891708554975355,0.860453170481137,0.87043795620438
38926,33939,4987,0.736343704199697,0.704771488821239,0.709025688769867,37.3618181818182,31.8254545454545,30.8127272727273,10.4818181818182,23.0163636363636,9.94,23.4363636363636,10.4236363636364,22.7018181818182,-0.754181603410027,-5.41853217374195,0.891722224925787,0.860260511882998,0.870301528294093
39392,34022,5370,0.736409274704573,0.704125847662625,0.708776894450494,37.5309090909091,31.6763636363636,30.7927272727273,10.3327272727273,23.1690909090909,9.79272727272727,23.6018181818182,10.2618181818182,22.8418181818182,-0.817002321915193,-5.3189985844222,0.891677163065594,0.860348984043164,0.870335380255078
39715,34090,5625,0.736596778206733,0.703830296081997,0.708395197028236,37.6454545454545,31.5745454545455,30.78,10.1781818181818,23.3381818181818,9.64545454545454,23.7818181818182,10.08,22.9763636363636,-0.879433313283053,-5.27026938633485,0.892151654189809,0.860819993089946,0.870340835253116
40106,34200,5906,0.73677063000519,0.703606016428714,0.70803712373394,37.7981818181818,31.4309090909091,30.7709090909091,10.0454545454545,23.4363636363636,9.54909090909091,23.9818181818182,9.90909090909091,23.0781818181818,-0.936651434410702,-5.20907111438838,0.892106402424359,0.861340891999769,0.870125265894588
40474,34325,6149,0.736697424295671,0.703010519835284,0.707962729868483,37.9218181818182,31.3672727272727,30.7109090909091,9.87454545454546,23.6345454545455,9.39090909090909,24.1709090909091,9.73818181818182,23.1909090909091,-0.99142773584886,-5.16516113172878,0.892218439852328,0.861407373058196,0.870877982357468
40928,34418,6510,0.736774573419237,0.702515681440398,0.707554249193047,38.0054545454545,31.3309090909091,30.6636363636364,9.72363636363636,23.7836363636364,9.24909090909091,24.3345454545455,9.59272727272727,23.3163636363636,-1.04659486927769,-5.06036241271279,0.892455628378702,0.86124651810585,0.871034687222058
41307,34472,6835,0.736797999128943,0.701561012657301,0.706990260605022,38.0963636363636,31.2927272727273,30.6109090909091,9.57454545454545,23.94,9.12363636363636,24.4654545454545,9.48545454545455,23.4109090909091,-1.10345189896497,-4.98253130208362,0.892759986636758,0.860263784788798,0.870931337609884
41610,34566,7044,0.736821582781862,0.701228892505514,0.706737115013752,38.2036363636364,31.2381818181818,30.5581818181818,9.42727272727273,24.0981818181818,9.00909090909091,24.5981818181818,9.33636363636364,23.5309090909091,-1.15531048178673,-4.9397134558721,0.892823148676946,0.860543623770444,0.871125126435414
41898,34646,7252,0.737045333461602,0.700838905250224,0.706395045827947,38.3109090909091,31.1563636363636,30.5327272727273,9.28181818181818,24.2436363636364,8.85454545454546,24.7363636363636,9.24181818181818,23.6418181818182,-1.20677093429999,-4.89947376576337,0.893218167149162,0.860352474323063,0.87107723456202
42337,34785,7552,0.737026163903841,0.700225245966874,0.70615608748511,38.4454545454546,31.0709090909091,30.4836363636364,9.17636363636364,24.3781818181818,8.72,24.8181818181818,9.11090909090909,23.7963636363636,-1.25168368843469,-4.8125811771913,0.893118940647907,0.860612089648312,0.871466062268877
42806,34907,7899,0.73698931516648,0.699822457963671,0.705931603447161,38.5563636363636,30.9836363636364,30.46,9.05090909090909,24.5290909090909,8.60909090909091,24.8927272727273,8.99636363636364,23.9218181818182,-1.29573140388185,-4.7053230155598,0.893049137036688,0.861041018719559,0.871485704053005
43104,35017,8087,0.736937193486765,0.699286940098865,0.705441249425048,38.6818181818182,30.8836363636364,30.4345454545455,8.93636363636364,24.62,8.53272727272727,24.9963636363636,8.89818181818182,24.0163636363636,-1.33937903588468,-4.66730033565651,0.893207990599295,0.861120923113152,0.871497699982078
43329,35125,8204,0.737102556826439,0.698755289119145,0.70470979890266,38.82,30.8309090909091,30.3490909090909,8.85272727272727,24.7418181818182,8.39090909090909,25.1181818181818,8.79454545454545,24.1018181818182,-1.38205511434512,-4.67179725278508,0.893307105053627,0.861060329067642,0.871315600287563
43775,35225,8550,0.737091605361018,0.698433654320356,0.704057366741529,38.9781818181818,30.7254545454545,30.2963636363636,8.72909090909091,24.8763636363636,8.30545454545454,25.2072727272727,8.66363636363636,24.2181818181818,-1.42378087992018,-4.56442369439385,0.893180333986379,0.861530268063199,0.871091640160835
44191,35375,8816,0.73735472086862,0.697985198003935,0.70369766426138,39.1872727272727,30.54,30.2727272727273,8.63636363636364,24.9563636363636,8.22727272727273,25.2909090909091,8.55818181818182,24.3309090909091,-1.45951284901662,-4.48265656232834,0.893471906463137,0.862058700958504,0.871111111111111
44543,35458,9085,0.737390144240599,0.697274416519245,0.703161306533873,39.3618181818182,30.4272727272727,30.2109090909091,8.51636363636364,25.1054545454545,8.14363636363636,25.3436363636364,8.45090909090909,24.44,-1.50002729107033,-4.39691809199073,0.893205228878932,0.861906184642964,0.871088107847858
44917,35626,9291,0.737413907090186,0.696632771890544,0.702837425876867,39.5309090909091,30.3018181818182,30.1672727272727,8.39454545454545,25.24,8.05636363636364,25.4090909090909,8.33454545454545,24.5654545454545,-1.53249485682357,-4.3482329536568,0.893202097323153,0.862414496579863,0.871202989392478
45122,35741,9381,0.737543718410195,0.695879375393894,0.702400055614918,39.6945454545455,30.1945454545455,30.1109090909091,8.26181818181818,25.3781818181818,8.01636363636364,25.4272727272727,8.24909090909091,24.6672727272727,-1.56798774085262,-4.33899701454423,0.893459142543056,0.862106340699705,0.871263812571705
45503,35889,9614,0.737620317385736,0.695493314179806,0.701931076434168,39.8236363636364,30.1072727272727,30.0690909090909,8.14545454545454,25.4909090909091,7.95818181818182,25.5,8.11818181818182,24.7872727272727,-1.59759227227081,-4.26436211087487,0.8938958133589,0.862552086478652,0.871387108477446
45860,35988,9872,0.737331335797382,0.695226793800842,0.701280446111507,39.9345454545455,30.1,29.9654545454545,8.02181818181818,25.6254545454545,7.91090909090909,25.5418181818182,7.99454545454545,24.9054545454545,-1.63037148497321,-4.17309861941771,0.893735203059552,0.862820900030202,0.871427704629573
46164,36159,10005,0.737159686296968,0.694670935922449,0.700665396185316,40.0909090909091,30.0236363636364,29.8854545454545,7.92181818181818,25.7763636363636,7.81090909090909,25.5927272727273,7.89636363636364,25.0018181818182,-1.65543005954136,-4.14812129302458,0.893605442176871,0.862956458547811,0.871509399525461
46584,36310,10274,0.737248507358886,0.694016190710056,0.700201978220905,40.2490909090909,29.9272727272727,29.8236363636364,7.81272727272727,25.9181818181818,7.70909090909091,25.6945454545455,7.72909090909091,25.1363636363636,-1.68058905709874,-4.05583120530302,0.893888060712834,0.863061968408262,0.871608852039261
46940,36520,10420,0.737225689814563,0.693193422828901,0.699694601622929,40.4236363636364,29.8418181818182,29.7345454545455,7.70727272727273,26.0327272727273,7.64,25.7436363636364,7.61272727272727,25.2636363636364,-1.69855612678961,-4.02185268076983,0.893986416587955,0.862791689514409,0.87189678366149
47398,36755,10643,0.737476692636045,0.692430548717137,0.699114955936142,40.6036363636364,29.7563636363636,29.64,7.60181818181818,26.1654545454545,7.55272727272727,25.7727272727273,7.52545454545455,25.3818181818182,-1.715931178223,-3.95814589262009,0.894322049077557,0.862825369668826,0.872040240461293
47857,36956,10901,0.737522622228041,0.692175739671628,0.698446468926716,40.74,29.6945454545455,29.5654545454545,7.49454545454545,26.3472727272727,7.42545454545455,25.8454545454545,7.39272727272727,25.4945454545455,-1.73286601738496,-3.86796205531467,0.894631142053822,0.863335782512858,0.871963593874915
48285,37082,11203,0.737475134245682,0.691180118707761,0.698017585441664,40.9363636363636,29.56,29.5036363636364,7.39272727272727,26.52,7.35818181818182,25.8618181818182,7.25454545454545,25.6127272727273,-1.75547399520874,-3.76019467196681,0.894603597601599,0.863082790011071,0.872249953780736
48816,37315,11501,0.737191830858923,0.690989103218415,0.697212180177915,41.0981818181818,29.5109090909091,29.3909090909091,7.29818181818182,26.6545454545455,7.26181818181818,25.9272727272727,7.14727272727273,25.7109090909091,-1.76841661063108,-3.64965716112744,0.894222261546629,0.864087240465775,0.872502319826786
49143,37489,11654,0.737098326296031,0.690247708345694,0.696207935542492,41.3090909090909,29.3945454545455,29.2963636363636,7.22909090909091,26.7454545454545,7.20363636363636,25.9581818181818,7.03090909090909,25.8327272727273,-1.78481679125266,-3.60286741500551,0.894278169014085,0.864477021092349,0.872090858313163
49625,37681,11944,0.737154762462888,0.689221440791836,0.695507354031956,41.4818181818182,29.2836363636364,29.2345454545455,7.14909090909091,26.8836363636364,7.08909090909091,26,6.9,25.9781818181818,-1.79848081361164,-3.49181890731508,0.894499232960771,0.864398360859307,0.871944772684868
50092,37916,12176,0.737197574590033,0.688514888586379,0.694530853991571,41.7127272727273,29.18,29.1072727272727,7.05818181818182,27.0418181818182,6.96727272727273,26.0690909090909,6.76363636363636,26.1,-1.80649668953635,-3.40599057349292,0.894298666201726,0.864664465075706,0.872009494659254
50584,38167,12417,0.737355884519311,0.687468403402183,0.693435655607319,41.8981818181818,29.0909090909091,29.0109090909091,6.97454545454545,27.1909090909091,6.86727272727273,26.0836363636364,6.68909090909091,26.1945454545455,-1.81381845989011,-3.32887729650194,0.894636347856275,0.8645,0.872023063424417
50971,38401,12570,0.73724674131884,0.686532256130548,0.692599452959677,42.06,29.0036363636364,28.9363636363636,6.87272727272727,27.3581818181818,6.80181818181818,26.0945454545455,6.56727272727273,26.3054545454545,-1.82162254371426,-3.28359336392446,0.894998487009899,0.864343029087262,0.872070373861137
51498,38641,12857,0.737034340469455,0.685832237722875,0.691925151060574,42.2854545454545,28.8872727272727,28.8272727272727,6.79454545454545,27.5236363636364,6.71272727272727,26.1272727272727,6.40727272727273,26.4345454545455,-1.82753471596674,-3.17854730649428,0.894784365997334,0.864425981873112,0.872280037842952
51978,38866,13112,0.737217669666234,0.684566439932103,0.691055042165104,42.5654545454545,28.7272727272727,28.7072727272727,6.70727272727273,27.6490909090909,6.66727272727273,26.1109090909091,6.33454545454545,26.5309090909091,-1.8328658006408,-3.09150461689992,0.894793046004015,0.863987341772152,0.872506175185256
52505,39162,13343,0.737111973985637,0.683736699993,0.690275879053562,42.8018181818182,28.6109090909091,28.5872727272727,6.64,27.7490909090909,6.64,26.0981818181818,6.23090909090909,26.6418181818182,-1.83262825635347,-3.01205529380928,0.89482180026337,0.86432384341637,0.873052216498124
53001,39445,13556,0.737000120372977,0.682625536741474,0.689532525805657,42.9981818181818,28.4672727272727,28.5345454545455,6.55454545454545,27.8909090909091,6.55090909090909,26.1309090909091,6.11454545454545,26.7581818181818,-1.83220033401793,-2.94418149536306,0.895048416423527,0.864788912307594,0.873199949025105
53454,39711,13743,0.736895210495762,0.681643475498195,0.688660394097791,43.1927272727273,28.3363636363636,28.4709090909091,6.48545454545455,28.0072727272727,6.47090909090909,26.1763636363636,5.99636363636364,26.8636363636364,-1.83208619058132,-2.88799047497186,0.895268563731268,0.864998395893487,0.872916533622837
53902,39952,13950,0.736571562667551,0.680662862708594,0.68783153254405,43.4127272727273,28.2345454545455,28.3527272727273,6.39818181818182,28.14,6.44363636363636,26.1727272727273,5.89454545454546,26.9509090909091,-1.83440066494725,-2.81762774397026,0.895003559911212,0.865219911134007,0.873412851096576
54465,40267,14198,0.736143966565079,0.680420059546086,0.68715040273784,43.5690909090909,28.1763636363636,28.2545454545455,6.34181818181818,28.3090909090909,6.33272727272727,26.1836363636364,5.78727272727273,27.0454545454545,-1.82857013805346,-2.73669221455401,0.895088261069148,0.865974059495386,0.874066924066924
55012,40516,14496,0.735767570329783,0.679453216257433,0.686351080660302,43.7272727272727,28.1109090909091,28.1618181818182,6.30363636363636,28.4763636363636,6.22,26.1945454545455,5.64181818181818,27.1636363636364,-1.82876634001732,-2.63440565087578,0.894968814968815,0.865985382575513,0.874491574665892
55567,40731,14836,0.735349170203381,0.678966630228384,0.685245604551068,43.8436363636364,28.0654545454545,28.0909090909091,6.23272727272727,28.6563636363636,6.14909090909091,26.1327272727273,5.59272727272727,27.2363636363636,-1.83066882165996,-2.51042452535846,0.894749937795472,0.866286602746826,0.874239482200647
56119,41002,15117,0.735284245229611,0.67784916065086,0.684489305616677,44.0090909090909,27.9581818181818,28.0327272727273,6.18363636363636,28.8090909090909,6.04727272727273,26.1345454545455,5.53090909090909,27.2945454545455,-1.82816612422466,-2.4219595069235,0.895228258624251,0.865643493529297,0.874432481515112
56734,41324,15410,0.734809419160963,0.677513210678613,0.683812686315255,44.1472727272727,27.8945454545455,27.9581818181818,6.11090909090909,29,5.97090909090909,26.1327272727273,5.46545454545455,27.32,-1.82090474556793,-2.32064254527742,0.895267904946254,0.866705774996741,0.874878064641998
57280,41673,15607,0.734500945616819,0.676656279919731,0.682393155724117,44.3127272727273,27.8345454545455,27.8527272727273,6.06,29.1745454545455,5.94363636363636,26.1054545454545,5.36545454545455,27.3509090909091,-1.80883970206434,-2.26451448229226,0.895289676678155,0.867398262459991,0.87473072654873
57737,41966,15771,0.733897720219429,0.675405807655137,0.681304994666733,44.4836363636364,27.7290909090909,27.7872727272727,6.02181818181818,29.34,5.86727272727273,26.1018181818182,5.29090909090909,27.3781818181818,-1.8010939673944,-2.22217147946358,0.89503801193493,0.8672218215199,0.874566511810508
58197,42236,15961,0.733566276484356,0.673687498573674,0.680168826914016,44.6690909090909,27.6527272727273,27.6781818181818,5.96909090909091,29.5072727272727,5.83090909090909,26.0927272727273,5.20363636363636,27.3963636363636,-1.7946394299919,-2.15318412916227,0.895107456854445,0.866789401012558,0.874663338369572
58869,42587,16282,0.733331199814449,0.672523729312519,0.679137060436184,44.8890909090909,27.5163636363636,27.5945454545455,5.91818181818182,29.6890909090909,5.74727272727273,26.1363636363636,5.10727272727273,27.4018181818182,-1.78241739462722,-2.05278890512206,0.89513548543886,0.867384696709396,0.874678790274758
59369,42965,16404,0.733208120031505,0.671003400449741,0.677776286669618,45.08,27.4127272727273,27.5072727272727,5.86,29.8854545454545,5.64,26.1727272727273,5.11454545454545,27.3272727272727,-1.76827428015796,-2.03009277202866,0.895700572719206,0.867281289381177,0.874611672945998
59856,43245,16611,0.732838374297634,0.669910188996094,0.676736486456295,45.2218181818182,27.3563636363636,27.4218181818182,5.80727272727273,30.0672727272727,5.61636363636364,26.1527272727273,5.08909090909091,27.2672727272727,-1.75919523103671,-1.96249676075849,0.895786426503699,0.86734015685232,0.874552446625116
60360,43625,16735,0.732666822143707,0.668385817282197,0.675400672110584,45.4290909090909,27.26,27.3109090909091,5.78545454545455,30.2254545454545,5.54909090909091,26.1727272727273,5.02909090909091,27.2381818181818,-1.74258503101089,-1.93976946825331,0.896141839430081,0.867204695524578,0.874509020704347
60943,43938,17005,0.732166747707647,0.66712665271739,0.674158602208662,45.6090909090909,27.1963636363636,27.1945454545455,5.74,30.4090909090909,5.45272727272727,26.1672727272727,5.00363636363636,27.2272727272727,-1.73133600056171,-1.86791290098971,0.896153079529599,0.866893969782056,0.874239486528047
61485,44261,17224,0.731907849723192,0.665760348646857,0.672498468768879,45.7727272727273,27.1763636363636,27.0509090909091,5.69636363636364,30.6236363636364,5.30181818181818,26.26,4.92909090909091,27.1890909090909,-1.72056923210621,-1.8152915507555,0.896444885799404,0.866461497290426,0.87417663664471
62102,44658,17444,0.731581409341586,0.664465399782771,0.671255878024855,45.9327272727273,27.1072727272727,26.96,5.63636363636364,30.8545454545455,5.22,26.2436363636364,4.86727272727273,27.1781818181818,-1.70075279745189,-1.74090432199565,0.89672643787357,0.866657723522704,0.874089560291341
62657,44994,17663,0.731131887962984,0.663304659406965,0.669795225374516,46.1418181818182,27.0672727272727,26.7909090909091,5.60363636363636,31,5.22909090909091,26.2472727272727,4.77090909090909,27.1490909090909,-1.68428632887927,-1.68732268674807,0.896721569863661,0.866393497682542,0.874244994910078
63246,45419,17827,0.730718778815739,0.662677943974728,0.668227772820867,46.3436363636364,26.9945454545455,26.6618181818182,5.56181818181818,31.1436363636364,5.21090909090909,26.2327272727273,4.73454545454545,27.1163636363636,-1.6637286183509,-1.64914248504422,0.896935933147632,0.867447969286725,0.874113475177305
63685,45787,17898,0.730235666688354,0.660466509535434,0.666336158101869,46.5636363636364,26.8963636363636,26.54,5.51818181818182,31.3472727272727,5.15090909090909,26.2254545454545,4.67090909090909,27.0872727272727,-1.64615657573397,-1.64699495705691,0.89703240921515,0.866896505103765,0.873672672466945
64381,46213,18168,0.729915684217077,0.659638769587187,0.665012434659622,46.7581818181818,26.8727272727273,26.3690909090909,5.46727272727273,31.5545454545455,5.05272727272727,26.2381818181818,4.60909090909091,27.0781818181818,-1.62461563132026,-1.58405226387761,0.897071975735895,0.867253044654939,0.874715576087706
65181,46606,18575,0.729247307568644,0.65790940675033,0.663798331980068,46.9709090909091,26.76,26.2690909090909,5.41636363636364,31.7981818181818,4.90181818181818,26.2709090909091,4.58181818181818,27.0309090909091,-1.60460303181952,-1.44553712633523,0.896996206549508,0.867101508357114,0.875
65943,46960,18983,0.72881150024606,0.657217158753968,0.662454623370747,47.1709090909091,26.7272727272727,26.1018181818182,5.37636363636364,31.9872727272727,4.78545454545455,26.3018181818182,4.55090909090909,26.9981818181818,-1.58684974529526,-1.30285612182184,0.897163120567376,0.866802721088435,0.87517414321538
66586,47404,19182,0.728404980858491,0.656093845494122,0.661610297541202,47.3436363636364,26.6327272727273,26.0236363636364,5.34,32.1290909090909,4.78,26.2909090909091,4.50909090909091,26.9509090909091,-1.56189747154713,-1.25457473776557,0.897346288259918,0.867353904969962,0.875986865087683
67305,47774,19531,0.727750018007654,0.654939569161064,0.660430372820542,47.5363636363636,26.56,25.9036363636364,5.30727272727273,32.2909090909091,4.74363636363636,26.3145454545455,4.41636363636364,26.9272727272727,-1.53951276188547,-1.14445191567594,0.896997513864984,0.867332968236583,0.876395030532744
68031,48203,19828,0.72712171781507,0.654221476354877,0.659278989370686,47.6654545454545,26.5054545454545,25.8290909090909,5.27818181818182,32.4563636363636,4.72363636363636,26.2890909090909,4.33818181818182,26.9145454545455,-1.51349500932477,-1.06287827342749,0.897047604516326,0.868020304568528,0.876883007180065
68775,48599,20176,0.726207345915547,0.652981764037142,0.658120639605614,47.7818181818182,26.4709090909091,25.7472727272727,5.24181818181818,32.6454545454545,4.64545454545455,26.3490909090909,4.22181818181818,26.8963636363636,-1.49369269026951,-0.96091634793715,0.897184170471842,0.867779380451954,0.87740978744439
69511,49029,20482,0.72568234697591,0.652322621442997,0.656776964531748,47.9345454545455,26.3981818181818,25.6672727272727,5.21272727272727,32.7745454545455,4.62181818181818,26.34,4.19636363636364,26.8545454545455,-1.46971735710447,-0.886454122581265,0.897397966924594,0.868379364970039,0.877736062902883
70206,49475,20731,0.724533456956678,0.650940984102804,0.654999634203722,48.0672727272727,26.3854545454545,25.5472727272727,5.15818181818182,33.0090909090909,4.5,26.3472727272727,4.12,26.8654545454545,-1.44520636661486,-0.846959892999042,0.897416499602829,0.868384785005513,0.877873460963633
71175,49963,21212,0.723605049928112,0.649402979318054,0.653934525818473,48.26,26.2818181818182,25.4581818181818,5.09636363636364,33.2654545454545,4.42909090909091,26.3145454545455,3.99454545454546,26.9,-1.41557879122821,-0.70406678495082,0.897336397543608,0.868834313386372,0.878945864876446
72071,50387,21684,0.722923723555741,0.649304365772846,0.652328831627365,48.3909090909091,26.3018181818182,25.3072727272727,5.06,33.48,4.30181818181818,26.3763636363636,3.88545454545454,26.8963636363636,-1.3935546067628,-0.559615408832377,0.897538981777193,0.870040094013549,0.879086141245779
72650,50790,21860,0.721554096531999,0.648196532217553,0.650673246590109,48.5054545454545,26.2890909090909,25.2054545454545,5,33.6890909090909,4.19272727272727,26.4127272727273,3.82727272727273,26.8781818181818,-1.3684935586019,-0.52776853943413,0.897518554614289,0.870876270834774,0.878597706124216
73583,51175,22408,0.720754199230233,0.645794349579771,0.649511507556052,48.6763636363636,26.1636363636364,25.16,4.92,33.9672727272727,4.09818181818182,26.4290909090909,3.74363636363636,26.8418181818182,-1.34500469429926,-0.365370492772623,0.897318093530554,0.869909659485754,0.878522907934673
74386,51618,22768,0.719965566057909,0.645046061928261,0.647983686457661,48.8090909090909,26.16,25.0309090909091,4.85454545454546,34.2036363636364,4.06,26.4,3.69636363636364,26.7854545454545,-1.31786449077454,-0.288407563621348,0.897411063512758,0.870586599944398,0.878985980968984
75500,52106,23394,0.718916074191735,0.643986531069493,0.646433627518776,48.9436363636364,26.1418181818182,24.9145454545455,4.8,34.4145454545455,3.96545454545454,26.4145454545455,3.63818181818182,26.7672727272727,-1.28601404868744,-0.105909095840021,0.897247297447899,0.870774794825428,0.879588411296796
76350,52482,23868,0.717745924518547,0.642807035302402,0.645087348161854,49.0218181818182,26.1618181818182,24.8163636363636,4.74909090909091,34.5727272727273,3.89818181818182,26.4727272727273,3.53454545454545,26.7727272727273,-1.26492470272563,0.0248232184485956,0.897114457384467,0.870804086454931,0.879478350062276
77265,52956,24309,0.716900529084189,0.641683483434175,0.643934109623518,49.1472727272727,26.1181818181818,24.7345454545455,4.68363636363636,34.7654545454545,3.88727272727273,26.4145454545455,3.49636363636364,26.7527272727273,-1.23543241227215,0.12981999299743,0.897377085568421,0.871145144448312,0.879520729197295
78371,53387,24984,0.716037735679845,0.640041674788196,0.642835692812197,49.2909090909091,26.0090909090909,24.7,4.63272727272727,34.94,3.86909090909091,26.42,3.36363636363636,26.7745454545455,-1.21063956699588,0.30598279603503,0.897491700479528,0.871094023068857,0.879352226720648
79280,53788,25492,0.715159448751964,0.639426603839219,0.641528080858403,49.3945454545455,25.9836363636364,24.6218181818182,4.57090909090909,35.1309090909091,3.77636363636364,26.4981818181818,3.32181818181818,26.7018181818182,-1.18517821945927,0.433370337432081,0.897633157875363,0.87145756070254,0.879338354748191
80087,54166,25921,0.713968657161877,0.638329843752305,0.640084244210289,49.4654545454545,25.9945454545455,24.54,4.52727272727273,35.3181818181818,3.70363636363636,26.4527272727273,3.31090909090909,26.6872727272727,-1.16129779924046,0.533305223692547,0.897449092112034,0.871721340141288,0.879306512558346
81279,54587,26692,0.713089160190079,0.637160208477094,0.639121494109467,49.6,25.8981818181818,24.5018181818182,4.48363636363636,35.4727272727273,3.64545454545455,26.4545454545455,3.24727272727273,26.6963636363636,-1.13389044451443,0.75517233285037,0.897507331378299,0.871875877562482,0.879563668744435
82558,54957,27601,0.712109463125891,0.635478044955756,0.637843921228134,49.7145454545455,25.8472727272727,24.4381818181818,4.44,35.6818181818182,3.51636363636364,26.4581818181818,3.20909090909091,26.6945454545455,-1.11343757577918,1.01284877590158,0.897341184215338,0.871623522791221,0.879473253478164
83730,55424,28306,0.711464619302093,0.63386977825223,0.637010072752683,49.8436363636364,25.7672727272727,24.3890909090909,4.37636363636364,35.9018181818182,3.41818181818182,26.4454545454545,3.16545454545455,26.6927272727273,-1.08310582546348,1.19940724806352,0.89753410666083,0.871718882303133,0.880348889220218
84805,55809,28996,0.71071494155219,0.632142470275936,0.635876884907812,49.96,25.6781818181818,24.3618181818182,4.32727272727273,36.0509090909091,3.35818181818182,26.4909090909091,3.03272727272727,26.74,-1.0577250847085,1.38429292034019,0.897663585413786,0.871132195709127,0.880438838719307
86001,56259,29742,0.709856788099581,0.632041839454754,0.63437438349957,50.0418181818182,25.6672727272727,24.2909090909091,4.26363636363636,36.2181818181818,3.33636363636364,26.4581818181818,2.94181818181818,26.7818181818182,-1.02778707498854,1.56758065372705,0.897830905061222,0.872352482822129,0.88001497005988
87037,56662,30375,0.708578531177743,0.631467325303226,0.633356287667288,50.0963636363636,25.6945454545455,24.2090909090909,4.21636363636364,36.3290909090909,3.33090909090909,26.4054545454545,2.89272727272727,26.8254545454545,-1.00204654464667,1.72879258380695,0.897833266794904,0.872558731955845,0.88028539241457
88235,57074,31161,0.707538374046377,0.630258141423525,0.632319117519153,50.2090909090909,25.6327272727273,24.1581818181818,4.17272727272727,36.4181818181818,3.29636363636364,26.42,2.82545454545455,26.8672727272727,-0.974472415701232,1.92782329957594,0.897772949483976,0.872251383174918,0.880635207345526
89297,57430,31867,0.706357391338534,0.629130776966873,0.631565819546949,50.2763636363636,25.6236363636364,24.1,4.12909090909091,36.54,3.21090909090909,26.4218181818182,2.76909090909091,26.9290909090909,-0.952397347800434,2.07820268896493,0.897656589035151,0.871780316469169,0.881252357600905
90398,57740,32658,0.705350505870953,0.628155064710264,0.630385415717577,50.3563636363636,25.5945454545455,24.0490909090909,4.06545454545455,36.6290909090909,3.16,26.5181818181818,2.66363636363636,26.9636363636364,-0.934601458416066,2.27237625094977,0.897638648180243,0.871350429779072,0.881378997505103
91306,58091,33215,0.704632006303452,0.627147432219754,0.628916504065082,50.4418181818182,25.6036363636364,23.9545454545455,4.02363636363636,36.7527272727273,3.03090909090909,26.5709090909091,2.62181818181818,27,-0.911505997045474,2.37848029028286,0.897812060699996,0.871183070586564,0.881214421252372
92334,58482,33852,0.703607979816466,0.626336525334378,0.62764688459355,50.5145454545455,25.56,23.9254545454545,3.98545454545455,36.8327272727273,2.93818181818182,26.6581818181818,2.59272727272727,26.9927272727273,-0.88482003476132,2.50953289419413,0.897887197206925,0.871816759140703,0.88106999012083
93397,58842,34555,0.702560360846153,0.62548352148639,0.62661946426398,50.5690909090909,25.5363636363636,23.8945454545455,3.93272727272727,36.8909090909091,2.89090909090909,26.7181818181818,2.48,27.0872727272727,-0.858270669423721,2.65183584595268,0.897889476144249,0.871769312922748,0.881220514381373
94397,59213,35184,0.701686467730732,0.624694060801325,0.625526335321475,50.6254545454546,25.5563636363636,23.8181818181818,3.88363636363636,36.96,2.81454545454545,26.7472727272727,2.42,27.1745454545455,-0.833984401957555,2.75567860989408,0.89800316046545,0.872509960159363,0.881374045801527
95336,59552,35784,0.700758468722018,0.623716291380829,0.624258246748093,50.6854545454545,25.5563636363636,23.7581818181818,3.85090909090909,37.0272727272727,2.74181818181818,26.7745454545455,2.39090909090909,27.2145454545455,-0.812509965964339,2.87963213988326,0.898159773289809,0.872509960159363,0.88145710568608
96234,59930,36304,0.699705353709842,0.622651232668477,0.623403263461114,50.7290909090909,25.56,23.7109090909091,3.78363636363636,37.0727272727273,2.68909090909091,26.86,2.34363636363636,27.2509090909091,-0.788356277143413,2.95958182317289,0.898139851618222,0.872599231754161,0.882217621348056
97189,60280,36909,0.69846417168121,0.622258844196324,0.622358796772748,50.7527272727273,25.5745454545455,23.6727272727273,3.73272727272727,37.1018181818182,2.64545454545455,26.9054545454545,2.24,27.3745454545455,-0.763294964249838,3.07006486051462,0.898115640897041,0.873311531352197,0.882258064516129
97977,60605,37372,0.697534711548525,0.621252354799163,0.6213102511309,50.7854545454545,25.6054545454545,23.6090909090909,3.68,37.1654545454545,2.57090909090909,26.9854545454545,2.15454545454545,27.4436363636364,-0.74175994921137,3.11842448542064,0.898252899899757,0.872825392316978,0.882556796303427
98808,60911,37897,0.696525479292145,0.620710775620516,0.620461675923134,50.8290909090909,25.6036363636364,23.5672727272727,3.62363636363636,37.2018181818182,2.51818181818182,27.0454545454545,2.11090909090909,27.5,-0.723679748008197,3.21348444697532,0.898304478466161,0.873100411873313,0.88281129455331
99629,61209,38420,0.695346728141815,0.620051408396391,0.618939286244565,50.8763636363636,25.6218181818182,23.5018181818182,3.55272727272727,37.2254545454545,2.46181818181818,27.1509090909091,2.02727272727273,27.5818181818182,-0.706119006177918,3.27607170465318,0.898041598170252,0.873474311666194,0.882562277580071
100381,61523,38858,0.693912369035893,0.619445079352356,0.61760552643466,50.92,25.6727272727273,23.4072727272727,3.51454545454545,37.2018181818182,2.45636363636364,27.2272727272727,1.92909090909091,27.6709090909091,-0.683843438022516,3.31338272948157,0.897843319288724,0.873512747875354,0.882553984775516
101295,61812,39483,0.69307087773136,0.618224576637131,0.61669614430024,50.9545454545455,25.6472727272727,23.3981818181818,3.47636363636364,37.2745454545455,2.38181818181818,27.2618181818182,1.85272727272727,27.7527272727273,-0.664890441941944,3.41530605513941,0.897912578055308,0.873458102934921,0.882663765638356
101839,62105,39734,0.69220197020108,0.617124974239102,0.615918785194316,50.9963636363636,25.6381818181818,23.3654545454545,3.44181818181818,37.2618181818182,2.33636363636364,27.3345454545455,1.79636363636364,27.8290909090909,-0.646387158757584,3.41661228815263,0.898067598402738,0.873555067016524,0.883199750992141
102546,62352,40194,0.691312571594416,0.615952217883871,0.614900049101458,51.0145454545455,25.6636363636364,23.3218181818182,3.39272727272727,37.2872727272727,2.26727272727273,27.4527272727273,1.7,27.9,-0.62851713060994,3.46625482135198,0.898068287119538,0.873184555437478,0.88321509316286
103445,62670,40775,0.69053862553001,0.615346755526183,0.613982601976815,51.0545454545455,25.7018181818182,23.2436363636364,3.34909090909091,37.2890909090909,2.23272727272727,27.5345454545455,1.59090909090909,28.0036363636364,-0.602793897281994,3.53349431929263,0.898112535612536,0.873372948500283,0.883839173967459
104183,62933,41250,0.689418620137379,0.614951488894853,0.613154482676263,51.0436363636364,25.7563636363636,23.2,3.32545454545455,37.2654545454546,2.2,27.5727272727273,1.57454545454545,28.0618181818182,-0.585543961094862,3.57449219985442,0.898090760133932,0.873570520965693,0.884247648902821
104878,63186,41692,0.688537311672208,0.614204807325959,0.611909722784004,51.0490909090909,25.8,23.1509090909091,3.29818181818182,37.2890909090909,2.16,27.6290909090909,1.48727272727273,28.1363636363636,-0.570019886227833,3.59180211831223,0.898137265377355,0.873361522198732,0.884080735097777
105386,63440,41946,0.687269890935,0.613649014798312,0.610955390866936,51.0472727272727,25.8509090909091,23.1018181818182,3.25090909090909,37.3454545454545,2.07272727272727,27.6618181818182,1.42727272727273,28.2418181818182,-0.553977695670487,3.58979634480043,0.898133637270266,0.873399915599944,0.884149220840548
106105,63700,42405,0.686454305800162,0.612660676947241,0.609959330319156,51.0890909090909,25.8636363636364,23.0472727272727,3.21272727272727,37.3654545454545,2.00545454545455,27.6618181818182,1.47090909090909,28.2836363636364,-0.537612955449996,3.63292557095939,0.897967899213495,0.873462214411248,0.884190596402651
106812,63923,42889,0.685668007401091,0.611645475544934,0.608856638642784,51.1181818181818,25.88,23.0018181818182,3.16727272727273,37.3727272727273,1.93272727272727,27.7254545454545,1.43454545454545,28.3672727272727,-0.522578833338974,3.65348814526065,0.897705850969233,0.873542222846705,0.884040787289542
107469,64179,43290,0.685016258274099,0.610549418026557,0.607712931582708,51.1254545454546,25.9381818181818,22.9363636363636,3.13454545454545,37.3509090909091,1.94,27.72,1.39272727272727,28.4618181818182,-0.506929793206721,3.66433862461285,0.897720402574771,0.873195009112575,0.884185493460167
108240,64428,43812,0.684363916192948,0.609770408420266,0.607072999170997,51.1618181818182,25.9454545454545,22.8927272727273,3.12181818181818,37.3054545454546,1.93636363636364,27.7618181818182,1.31818181818182,28.5563636363636,-0.487875964088281,3.71798332272606,0.897793098546501,0.873160476524177,0.884520689381304
109003,64683,44320,0.683796012914604,0.609757243266243,0.606013111981338,51.2036363636364,25.9690909090909,22.8272727272727,3.08181818181818,37.2872727272727,1.91272727272727,27.7890909090909,1.27272727272727,28.6563636363636,-0.466267010819336,3.75867383398793,0.897699027057737,0.874186095358118,0.884508164078057
109642,64878,44764,0.68337980881397,0.609413131537995,0.604800569344401,51.2509090909091,26,22.7490909090909,3.04727272727273,37.2745454545455,1.86363636363636,27.8436363636364,1.25636363636364,28.7145454545455,-0.452875783531503,3.79208919961344,0.897616006811409,0.874475524475524,0.884351023017903
110265,65062,45203,0.682906217676554,0.608385447242728,0.604162598670553,51.2909090909091,25.9981818181818,22.7109090909091,3.01454545454545,37.2836363636364,1.84363636363636,27.8727272727273,1.19272727272727,28.7927272727273,-0.440373712761158,3.80767143690451,0.897554058844381,0.874396810965802,0.884396765671283
110971,65246,45725,0.68221903404998,0.607431063969585,0.603346945538431,51.2927272727273,26,22.7072727272727,2.97272727272727,37.3145454545455,1.77636363636364,27.9381818181818,1.13636363636364,28.8618181818182,-0.426388786206107,3.83233585493131,0.897380454432668,0.874265734265734,0.883977900552486
111595,65441,46154,0.681841309056829,0.606597275070018,0.60236958367676,51.3272727272727,26.0127272727273,22.66,2.94181818181818,37.2945454545455,1.75636363636364,28.0127272727273,1.07090909090909,28.9236363636364,-0.413620499447411,3.86487754319202,0.897484945093872,0.874117564828406,0.883896333146112
112210,65598,46612,0.681293373952411,0.605872950903844,0.602121929399346,51.3509090909091,26.0145454545455,22.6345454545455,2.91818181818182,37.3109090909091,1.69090909090909,28.0581818181818,1.06727272727273,28.9545454545455,-0.404539798459419,3.8624155188826,0.897355096838155,0.873986580933743,0.88440838621576
112770,65765,47005,0.680805148726676,0.605898525650083,0.601600494973615,51.3690909090909,26.0327272727273,22.5981818181818,2.89272727272727,37.2909090909091,1.66727272727273,28.0909090909091,1.03636363636364,29.0218181818182,-0.395679487144066,3.86875763559206,0.897320638516264,0.874493644363738,0.884785582106364
113320,65931,47389,0.680035499547591,0.605475432496516,0.600703242643879,51.3581818181818,26.1072727272727,22.5345454545455,2.87090909090909,37.2981818181818,1.63272727272727,28.1018181818182,0.998181818181818,29.0981818181818,-0.384845326081532,3.86477116195654,0.897298828194145,0.874294867330594,0.884863643698564
113798,66100,47698,0.679534234442891,0.605150017662572,0.599784775394399,51.3709090909091,26.1763636363636,22.4527272727273,2.84,37.3290909090909,1.58181818181818,28.1090909090909,0.992727272727273,29.1472727272727,-0.374429820803529,3.81923604062335,0.897324272669357,0.874487740501493,0.885010932059276
114280,66249,48031,0.67921591536893,0.604349210468144,0.599147502279773,51.3854545454545,26.2018181818182,22.4127272727273,2.80545454545455,37.38,1.54,28.0672727272727,0.994545454545454,29.2127272727273,-0.366642798558645,3.80458274517547,0.897494869435992,0.874193324543751,0.884967956518212
114724,66363,48361,0.678968743966523,0.603717375514088,0.598475029684867,51.4109090909091,26.2327272727273,22.3563636363636,2.78363636363636,37.4072727272727,1.48727272727273,28.0981818181818,0.941818181818182,29.2818181818182,-0.361088738462951,3.7899698429487,0.897580987409818,0.873856390352093,0.885165907612232
115341,66460,48881,0.678449458107098,0.603682477323093,0.597896274478085,51.4036363636364,26.2654545454545,22.3309090909091,2.74363636363636,37.4309090909091,1.48181818181818,28.1036363636364,0.854545454545454,29.3854545454545,-0.356144411077151,3.79163867411288,0.897495755517827,0.874082791084037,0.885035010584595
115855,66581,49274,0.678076554965745,0.603430589960729,0.597305660197291,51.4090909090909,26.3090909090909,22.2818181818182,2.71454545454545,37.48,1.41818181818182,28.0872727272727,0.867272727272727,29.4327272727273,-0.346685470424762,3.79018794687634,0.897506631299735,0.873807878369039,0.885026519787842
116369,66732,49637,0.677732476804076,0.60296661762391,0.596660282233013,51.4181818181818,26.3454545454545,22.2363636363636,2.69090909090909,37.4890909090909,1.38545454545455,28.12,0.841818181818182,29.4727272727273,-0.335905030505224,3.81627656275576,0.897524752475248,0.873775017253278,0.885118560915781
116980,66879,50101,0.677261927382672,0.602492486287165,0.596157227897947,51.4327272727273,26.3745454545455,22.1927272727273,2.67090909090909,37.4890909090909,1.34545454545455,28.1854545454545,0.796363636363636,29.5127272727273,-0.323825717098291,3.83692379065535,0.897376979638009,0.873707431407693,0.885138456496805
117344,66986,50358,0.677006736404629,0.602053877140127,0.595292970208836,51.4363636363636,26.4272727272727,22.1363636363636,2.63818181818182,37.5363636363636,1.32181818181818,28.1509090909091,0.801818181818182,29.5509090909091,-0.316211883729027,3.82075011892752,0.897419582891481,0.873546611627107,0.885092402464066
117748,67094,50654,0.676601353496502,0.601251267527593,0.594636886063612,51.4636363636364,26.4309090909091,22.1054545454545,2.61090909090909,37.5545454545455,1.27272727272727,28.1745454545455,0.798181818181818,29.5890909090909,-0.309277534812943,3.81710913696072,0.897297297297297,0.873288849143565,0.885096232933048
118118,67194,50924,0.676383275975868,0.600970387755567,0.594080929638256,51.4763636363636,26.4563636363636,22.0672727272727,2.59090909090909,37.52,1.26909090909091,28.2636363636364,0.741818181818182,29.6145454545455,-0.302176556702365,3.80780189497904,0.897428652161628,0.872998419352622,0.885144599159595
118590,67285,51305,0.676090618117833,0.601018765470158,0.593641591933132,51.46,26.5,22.04,2.56181818181818,37.5581818181818,1.22909090909091,28.26,0.765454545454545,29.6254545454545,-0.295460711328567,3.83596595485102,0.897466699643147,0.873001715265866,0.885167464114832
118987,67418,51569,0.67561276827843,0.600963948651896,0.593169763121781,51.4818181818182,26.5272727272727,21.9909090909091,2.54,37.5509090909091,1.26727272727273,28.26,0.707272727272727,29.6745454545455,-0.287272149015387,3.8131584701213,0.897404202719407,0.87340644276902,0.885407193054981
119479,67530,51949,0.675307949553356,0.600721720025797,0.593090281249911,51.4927272727273,26.5254545454545,21.9818181818182,2.50545454545455,37.56,1.26181818181818,28.2927272727273,0.689090909090909,29.6909090909091,-0.278320963009769,3.82264239571311,0.897355319374316,0.873740489409829,0.885856079404467
119815,67604,52211,0.675123630550222,0.600149689706178,0.592670436180602,51.5054545454545,26.5472727272727,21.9472727272727,2.49818181818182,37.5927272727273,1.19818181818182,28.3509090909091,0.663636363636364,29.6963636363636,-0.27240051835225,3.80971098030833,0.897310081897769,0.873364838024793,0.886090630436584
120131,67694,52437,0.674860392018315,0.599748953973383,0.592500996676264,51.5109090909091,26.5527272727273,21.9363636363636,2.47454545454545,37.6272727272727,1.14,28.3763636363636,0.661818181818182,29.72,-0.264186788758856,3.78275159678676,0.89721506477004,0.873459326211997,0.886282635723166
120441,67797,52644,0.6747120950875,0.599347817752069,0.592223933528596,51.5290909090909,26.5490909090909,21.9218181818182,2.46545454545455,37.6454545454545,1.12909090909091,28.3709090909091,0.649090909090909,29.74,-0.256669890616004,3.7728516575965,0.897216047422462,0.87351047801671,0.886373061292195
120726,67862,52864,0.674481930612214,0.599400630479687,0.59175310889728,51.5272727272727,26.5727272727273,21.9,2.44909090909091,37.6763636363636,1.10363636363636,28.4036363636364,0.621818181818182,29.7454545454545,-0.251756415677003,3.77081083492799,0.897212420606916,0.873622990078686,0.886176836861768
121046,67925,53121,0.674405842944011,0.598895760945257,0.591586300990515,51.5236363636364,26.5836363636364,21.8927272727273,2.43818181818182,37.6709090909091,1.12727272727273,28.3836363636364,0.610909090909091,29.7690909090909,-0.246292589062994,3.75880204683,0.897240454513374,0.873332877368169,0.886222074578523
121319,67982,53337,0.674117321825174,0.598843067683054,0.591323444530854,51.5181818181818,26.6,21.8818181818182,2.41272727272727,37.72,1.07272727272727,28.3836363636364,0.614545454545455,29.7963636363636,-0.240177781816403,3.75309307961301,0.897229574730898,0.873410799726589,0.886414624013295
121582,68068,53514,0.674082135534841,0.59868433560832,0.590825330833704,51.5272727272727,26.62,21.8527272727273,2.40727272727273,37.7272727272727,1.05454545454545,28.3963636363636,0.638181818181818,29.7763636363636,-0.232224894748916,3.73514025048776,0.897212420606916,0.873710812102998,0.886513021050004
121931,68146,53785,0.673883259879642,0.598369017781815,0.590431596525951,51.5127272727273,26.6527272727273,21.8345454545455,2.38727272727273,37.7672727272727,1.04363636363636,28.3945454545455,0.607272727272727,29.8,-0.224779485020025,3.71963095692071,0.897183396865735,0.87366123200764,0.886501790323924
122218,68197,54021,0.673700884964614,0.59812139022606,0.590180344535422,51.5181818181818,26.6618181818182,21.82,2.36,37.7981818181818,1.04181818181818,28.4218181818182,0.550909090909091,29.8272727272727,-0.22067274632652,3.71416731070388,0.897158990647609,0.873567921440262,0.886509457545205
122264,68229,54035,0.673580295606009,0.598032078642487,0.590020682517457,51.5127272727273,26.6745454545455,21.8127272727273,2.35272727272727,37.8018181818182,1.03818181818182,28.4163636363636,0.547272727272727,29.8436363636364,-0.217751851468347,3.6611259736798,0.897183396865735,0.873628246199986,0.886471617904476
122564,68300,54264,0.673511384410526,0.597825007406791,0.589835972345967,51.5127272727273,26.7018181818182,21.7854545454545,2.34181818181818,37.8418181818182,1.00181818181818,28.3963636363636,0.552727272727273,29.8654545454545,-0.2118257508719,3.65368647168983,0.897253988422985,0.873553043715103,0.886746786846937
122814,68378,54436,0.673420297038639,0.597703199228357,0.589473441273493,51.5127272727273,26.7145454545455,21.7727272727273,2.32181818181818,37.8563636363636,0.976363636363636,28.44,0.523636363636364,29.8818181818182,-0.206308977894316,3.67611746571281,0.897359875758859,0.873749404478323,0.886597077244259
123099,68430,54669,0.673400647873745,0.597724496344448,0.589214836030068,51.5018181818182,26.7363636363636,21.7618181818182,2.31636363636364,37.8690909090909,0.950909090909091,28.4327272727273,0.507272727272727,29.9236363636364,-0.202972421424717,3.68684003244747,0.897373437830968,0.873852431145869,0.886707327262094
123284,68470,54814,0.673229342197753,0.597730909113884,0.589004649614145,51.4818181818182,26.7709090909091,21.7472727272727,2.33090909090909,37.86,0.950909090909091,28.4109090909091,0.48,29.9672727272727,-0.199441939703485,3.6599344432354,0.897333568779799,0.873879380603097,0.886715157595519
123522,68512,55010,0.673143629584045,0.597585108822631,0.588648694050139,51.4709090909091,26.8036363636364,21.7254545454545,2.32545454545455,37.9072727272727,0.874545454545455,28.4309090909091,0.465454545454546,29.9963636363636,-0.196844429718542,3.6469569271261,0.897311808965347,0.873965540632207,0.886601389237593
123828,68572,55256,0.673081840922529,0.597442750929792,0.588369818279964,51.4545454545455,26.8363636363636,21.7090909090909,2.31090909090909,37.9218181818182,0.865454545454545,28.4290909090909,0.44,30.0327272727273,-0.191349126096777,3.65362344221635,0.897314487632509,0.873983739837398,0.88643216080402
124021,68602,55419,0.672996176360852,0.597353978402129,0.588178355919165,51.4327272727273,26.8618181818182,21.7054545454545,2.31272727272727,37.9418181818182,0.874545454545455,28.3909090909091,0.421818181818182,30.0581818181818,-0.189800727777153,3.65080659145659,0.897306278280543,0.874035467713551,0.886496900653376
124257,68644,55613,0.672993647455389,0.597283829375615,0.587899752054822,51.42,26.8890909090909,21.6909090909091,2.29818181818182,38.0218181818182,0.807272727272727,28.3763636363636,0.447272727272727,30.0490909090909,-0.185723791188734,3.66363206180659,0.897280859941303,0.874163229427277,0.886420787929589
124379,68670,55709,0.672783501836933,0.597134130019669,0.587610521291354,51.4072727272727,26.9181818181818,21.6745454545455,2.29636363636364,38.0672727272727,0.789090909090909,28.3345454545455,0.450909090909091,30.0618181818182,-0.184747531066734,3.65171791938218,0.897255429016057,0.87402904424181,0.886335039006795
124472,68709,55763,0.672610043247378,0.597123771173074,0.587356666141228,51.4054545454546,26.9436363636364,21.6509090909091,2.28545454545455,38.1127272727273,0.776363636363636,28.3163636363636,0.436363636363636,30.0727272727273,-0.183007755821299,3.61702615510334,0.897287164432497,0.874080572238343,0.886294927779644
124690,68752,55938,0.672477695957233,0.597108182226199,0.587165290734585,51.3981818181818,26.9654545454545,21.6363636363636,2.28545454545455,38.14,0.74,28.34,0.405454545454546,30.0890909090909,-0.179029735227662,3.6068880805915,0.897272630796986,0.874182455667184,0.886386554621849
124756,68785,55971,0.672408234893328,0.596842997015221,0.586918724213948,51.3927272727273,26.98,21.6272727272727,2.27272727272727,38.2254545454545,0.698181818181818,28.2909090909091,0.405454545454546,30.1072727272727,-0.175829936978392,3.58679138990966,0.897367862449586,0.874048116449896,0.88625472887768
125086,68822,56264,0.67242285658507,0.59684815716277,0.586801365992544,51.3654545454545,27.0090909090909,21.6254545454545,2.26,38.2963636363636,0.692727272727273,28.2436363636364,0.381818181818182,30.1254545454545,-0.171551716674383,3.58548312102529,0.897419560369544,0.874183776506227,0.886161089625021
125195,68867,56328,0.67227094583121,0.596751061779995,0.586600696641472,51.3672727272727,27.0272727272727,21.6054545454545,2.24545454545455,38.3618181818182,0.692727272727273,28.1890909090909,0.38,30.1309090909091,-0.167326375395731,3.57272767451676,0.897387795554297,0.874201143625967,0.886224017503997
125492,68912,56580,0.672332788697761,0.596703867444226,0.586642507580657,51.3527272727273,27.0454545454545,21.6018181818182,2.22909090909091,38.4527272727273,0.654545454545455,28.1636363636364,0.370909090909091,30.1290909090909,-0.16157583034639,3.58430925526402,0.897464948307605,0.874151260504202,0.886373200909014
125704,68942,56762,0.672268560469961,0.59649966624993,0.586627822097165,51.3418181818182,27.0490909090909,21.6090909090909,2.23272727272727,38.5109090909091,0.645454545454546,28.1054545454545,0.341818181818182,30.1636363636364,-0.157634980636447,3.6049354377118,0.897407748424109,0.874100961215299,0.886411442995372
125793,68962,56831,0.672151686061885,0.59650909872286,0.586518123618513,51.3381818181818,27.0709090909091,21.5909090909091,2.22363636363636,38.5781818181818,0.636363636363636,28.0654545454545,0.345454545454545,30.1509090909091,-0.156530466740217,3.59040156169371,0.897365065873353,0.87400094029149,0.886568421052632
125916,68999,56917,0.672081011361642,0.596488122845713,0.586383581875754,51.3290909090909,27.0927272727273,21.5781818181818,2.22,38.6254545454546,0.618181818181818,28.0381818181818,0.345454545454545,30.1527272727273,-0.152546947198409,3.57866277477958,0.897417732280118,0.87410240923428,0.886585776879002
125993,69012,56981,0.672050286800013,0.59632366999018,0.586254505849656,51.3181818181818,27.1109090909091,21.5709090909091,2.20727272727273,38.6890909090909,0.616363636363636,27.9963636363636,0.365454545454545,30.1254545454545,-0.150909105994883,3.56545360477811,0.897395925597874,0.873985648179197,0.886547538772758
126163,69025,57138,0.671983769734879,0.596352848498323,0.58609176890163,51.3054545454546,27.1327272727273,21.5618181818182,2.19090909090909,38.8036363636364,0.612727272727273,27.9145454545455,0.369090909090909,30.1090909090909,-0.150054806073273,3.56096372848207,0.897370472747891,0.874019969175099,0.886499704865503
126321,69056,57265,0.671899479486757,0.596198484112333,0.585858459248301,51.3,27.1472727272727,21.5527272727273,2.17636363636364,38.9072727272727,0.574545454545455,27.9181818181818,0.321818181818182,30.1018181818182,-0.14570706878628,3.54822728850625,0.897359560517455,0.87395351952314,0.886451830605703
126424,69073,57351,0.671905438249605,0.596092694720401,0.585809558503286,51.3036363636364,27.1527272727273,21.5436363636364,2.17272727272727,38.9890909090909,0.550909090909091,27.88,0.318181818181818,30.0890909090909,-0.144236262723081,3.53306578451937,0.89733139596697,0.873978840230347,0.886572706557515
126524,69109,57415,0.671862267210808,0.595879892098259,0.585737332991607,51.3,27.1654545454545,21.5345454545455,2.16181818181818,39.0927272727273,0.543636363636364,27.8018181818182,0.336363636363636,30.0636363636364,-0.141136554668695,3.51952274956486,0.897359560517455,0.873970952412824,0.88660925363053
126676,69118,57558,0.671862151004421,0.595860410192585,0.585617637726885,51.3036363636364,27.1727272727273,21.5236363636364,2.15454545454545,39.1854545454545,0.52,27.7763636363636,0.312727272727273,30.0509090909091,-0.140795365599611,3.51778527281501,0.89733139596697,0.873937771830044,0.886551782395675
126872,69134,57738,0.671854530153984,0.595861029195126,0.585495854178534,51.3036363636364,27.18,21.5163636363636,2.15454545454545,39.2581818181818,0.498181818181818,27.7818181818182,0.287272727272727,30.02,-0.140880270249611,3.52181849696419,0.897295956338378,0.874038397217205,0.886513435862768
126964,69167,57797,0.671837225044706,0.595800278243008,0.585487234278796,51.3072727272727,27.1781818181818,21.5145454545455,2.15818181818182,39.3218181818182,0.523636363636364,27.7181818181818,0.274545454545455,30.0036363636364,-0.136978893361613,3.50819405141202,0.897303235408767,0.874096869146374,0.886588354601538
127125,69183,57942,0.671820601761684,0.595503106062694,0.585353830531684,51.3090909090909,27.1781818181818,21.5127272727273,2.16181818181818,39.3890909090909,0.5,27.7036363636364,0.261818181818182,29.9836363636364,-0.134286749533897,3.50775240212679,0.89727143869596,0.873963071982874,0.88657876943881
127145,69203,57942,0.671754840587756,0.595253352602024,0.585287959084236,51.3127272727273,27.1763636363636,21.5109090909091,2.15636363636364,39.4709090909091,0.492727272727273,27.6472727272727,0.283636363636364,29.9490909090909,-0.132826998515388,3.47228658429601,0.897278718730069,0.873954639727036,0.886569182655735
127311,69232,58079,0.671724146028922,0.595229391109092,0.585119476607867,51.3090909090909,27.1909090909091,21.5,2.14,39.5836363636364,0.48,27.5909090909091,0.3,29.9054545454545,-0.129955178973945,3.47907880666581,0.89727143869596,0.874088933467068,0.886596194503171
127380,69242,58138,0.671700176594308,0.59527082980019,0.584998129210841,51.3072727272727,27.2036363636364,21.4890909090909,2.14363636363636,39.6581818181818,0.474545454545455,27.5727272727273,0.3,29.8509090909091,-0.130474701648266,3.46902061009949,0.897267798291931,0.874147841197701,0.886623233776123
127487,69263,58224,0.671589688621052,0.595231998591158,0.584771413380073,51.3127272727273,27.2109090909091,21.4763636363636,2.14,39.7327272727273,0.472727272727273,27.5709090909091,0.254545454545455,29.8290909090909,-0.129006670874812,3.44625958664851,0.8972432853802,0.874248296137913,0.886556044700305
127592,69284,58308,0.671550824115473,0.594956101818154,0.584648153062098,51.32,27.2163636363636,21.4636363636364,2.14,39.8072727272727,0.445454545454545,27.5654545454545,0.236363636363636,29.8054545454545,-0.127498242114499,3.43538950911977,0.897257847374761,0.874139889104149,0.886573485811097
127670,69301,58369,0.671516994531061,0.594765912570953,0.58449588704004,51.3254545454545,27.2218181818182,21.4527272727273,2.14181818181818,39.8909090909091,0.432727272727273,27.5,0.258181818181818,29.7763636363636,-0.125770670795365,3.40994274683974,0.897268766162457,0.874098316858135,0.886515806424273
127832,69314,58518,0.67159242667839,0.594771883583225,0.584340355326628,51.3290909090909,27.2327272727273,21.4381818181818,2.13454545454545,39.9636363636364,0.423636363636364,27.4690909090909,0.256363636363636,29.7527272727273,-0.125278189290277,3.41863532106985,0.897240622011264,0.874215516090266,0.886523619709948
127890,69326,58564,0.671531299554061,0.59462763583473,0.584351102883153,51.3436363636364,27.2290909090909,21.4272727272727,2.13818181818182,40.0381818181818,0.405454545454546,27.4490909090909,0.263636363636364,29.7054545454545,-0.125215213442888,3.4040679724379,0.897269733347498,0.874265491452991,0.886550700042427
128064,69338,58726,0.671574154242782,0.594392046503153,0.584383046301126,51.3545454545455,27.2163636363636,21.4290909090909,2.12909090909091,40.1181818181818,0.401818181818182,27.4218181818182,0.274545454545455,29.6545454545455,-0.122949363829155,3.39796132723039,0.897256151531244,0.874273498563698,0.886560325810283
128058,69343,58715,0.671526279379092,0.594406516739346,0.584225310846572,51.3527272727273,27.2381818181818,21.4090909090909,2.12181818181818,40.1927272727273,0.372727272727273,27.4254545454545,0.26,29.6272727272727,-0.124183596655811,3.36426794373176,0.89732332530803,0.874107202456445,0.886624203821656
128116,69368,58748,0.67147953870544,0.594486350545431,0.584157043902437,51.3581818181818,27.2472727272727,21.3945454545455,2.12181818181818,40.24,0.403636363636364,27.3927272727273,0.243636363636364,29.5981818181818,-0.120943591720292,3.35640071549199,0.897334230183736,0.874215934872548,0.886717090167417
128271,69388,58883,0.671504496953504,0.594187517367566,0.58421292406137,51.3763636363636,27.2472727272727,21.3763636363636,2.11272727272727,40.3272727272727,0.372727272727273,27.3781818181818,0.26,29.5490909090909,-0.119056041247875,3.34883685139092,0.897299784124288,0.87414920592553,0.887046015139917
128350,69400,58950,0.671506848377065,0.59423827709433,0.5841022412046,51.3945454545455,27.2345454545455,21.3709090909091,2.11090909090909,40.3581818181818,0.372727272727273,27.3963636363636,0.247272727272727,29.5145454545455,-0.116667396208107,3.33266385918991,0.897300739378073,0.87429067360972,0.886847030798026
128536,69414,59122,0.671581243126147,0.594203571419028,0.584089426445851,51.4018181818182,27.2327272727273,21.3654545454545,2.10363636363636,40.3909090909091,0.374545454545455,27.4236363636364,0.236363636363636,29.4709090909091,-0.113641817950503,3.3526885445145,0.897244526192919,0.874349045266391,0.886818143136754
128656,69433,59223,0.671577636206504,0.594360702114505,0.583913009318905,51.4127272727273,27.2490909090909,21.3381818181818,2.1,40.44,0.372727272727273,27.4181818181818,0.229090909090909,29.44,-0.114018355599745,3.34486759274521,0.897230965095307,0.874491225728965,0.886758691206544
128781,69440,59341,0.671551360203323,0.59411087693855,0.58383402070439,51.42,27.2490909090909,21.3309090909091,2.10181818181818,40.5163636363636,0.334545454545455,27.4109090909091,0.236363636363636,29.4,-0.110048302190659,3.33028432357718,0.897174781655528,0.874357776739841,0.886634844868735
128916,69455,59461,0.671560819932913,0.593979089551142,0.58381155151902,51.4309090909091,27.2418181818182,21.3272727272727,2.10363636363636,40.58,0.307272727272727,27.42,0.230909090909091,29.3581818181818,-0.108604011820518,3.33663769645447,0.89716124014565,0.874390976439965,0.886615515771526
128986,69463,59523,0.671524436687832,0.594172054396534,0.583724402971055,51.4418181818182,27.2527272727273,21.3054545454545,2.10181818181818,40.6236363636364,0.329090909090909,27.4054545454545,0.212727272727273,29.3272727272727,-0.10986652267225,3.32639431167733,0.89711235994769,0.874507972513176,0.886670080218467
129096,69482,59614,0.671519914724852,0.594001712805645,0.583652436515309,51.4636363636364,27.2472727272727,21.2890909090909,2.09454545454545,40.6763636363636,0.316363636363636,27.4090909090909,0.243636363636364,29.26,-0.107044572429599,3.31154455471445,0.897120650061827,0.874416121713599,0.886668374754462
129175,69487,59688,0.671547966826574,0.593781006794141,0.583594687365794,51.4818181818182,27.2363636363636,21.2818181818182,2.09090909090909,40.7309090909091,0.3,27.42,0.218181818181818,29.24,-0.10482620881078,3.30177299173718,0.897086349991171,0.874365821094793,0.886629645450662
129172,69483,59689,0.671578149631681,0.593755192513758,0.583535672021925,51.4872727272727,27.2490909090909,21.2636363636364,2.08545454545455,40.7654545454546,0.329090909090909,27.3781818181818,0.24,29.2018181818182,-0.108621461060565,3.27995236339894,0.897097252630836,0.874224327750717,0.886703719538264
129223,69492,59731,0.671527547525296,0.593708008922007,0.583435979516653,51.4981818181818,27.2454545454545,21.2563636363636,2.08727272727273,40.8163636363636,0.307272727272727,27.3890909090909,0.238181818181818,29.1618181818182,-0.10663353485976,3.2610845588825,0.897083745233724,0.874341007674341,0.886579420066718
129432,69507,59925,0.671571946030208,0.593729383224233,0.583363370053464,51.5072727272727,27.2545454545455,21.2381818181818,2.08727272727273,40.8654545454545,0.310909090909091,27.3763636363636,0.218181818181818,29.1418181818182,-0.104990525492824,3.26950548101555,0.897101909703837,0.874316210807205,0.886653539936649
129581,69512,60069,0.671557890881944,0.593640391809917,0.583334144383297,51.5072727272727,27.2563636363636,21.2363636363636,2.08909090909091,40.9163636363636,0.314545454545455,27.3618181818182,0.210909090909091,29.1072727272727,-0.103812966837259,3.27364301031286,0.897101909703837,0.874257888066173,0.886643835616438
129658,69530,60128,0.671546709120564,0.59368861823487,0.583203805264851,51.5163636363636,27.2563636363636,21.2272727272727,2.08909090909091,40.9527272727273,0.301818181818182,27.3818181818182,0.203636363636364,29.0709090909091,-0.101800146575922,3.27257060881027,0.897155361050328,0.874324594756854,0.886595289079229
129689,69540,60149,0.671542605320692,0.593562391257497,0.582966923603989,51.5290909090909,27.2654545454545,21.2054545454545,2.06909090909091,41.0127272727273,0.312727272727273,27.36,0.22,29.0254545454545,-0.100902599634587,3.25366815933111,0.897145478282347,0.874233128834356,0.886478607562377
129810,69566,60244,0.671541200101302,0.593575631881334,0.582870417997228,51.5418181818182,27.2636363636364,21.1945454545455,2.06545454545454,41.0709090909091,0.296363636363636,27.3709090909091,0.196363636363636,29,-0.0968555273176621,3.24823560619896,0.89713560039509,0.874358119373124,0.886505962082869
129860,69572,60288,0.671533188881967,0.593521525999206,0.582795186789001,51.5436363636364,27.2654545454545,21.1909090909091,2.06363636363636,41.1054545454545,0.278181818181818,27.3818181818182,0.216363636363636,28.9545454545455,-0.096474428437465,3.22341310156679,0.897139228896963,0.874366497732729,0.886486486486487
129929,69580,60349,0.671552161492416,0.593438449128441,0.582756897270028,51.5509090909091,27.2690909090909,21.18,2.06363636363636,41.1545454545455,0.283636363636364,27.3818181818182,0.198181818181818,28.9181818181818,-0.0960952399851522,3.21233102113686,0.897118470708567,0.874316575543406,0.886599708129453
130038,69589,60449,0.671607184732208,0.593461915605335,0.582585369764791,51.5709090909091,27.2672727272727,21.1618181818182,2.05818181818182,41.1963636363636,0.289090909090909,27.3763636363636,0.192727272727273,28.8872727272727,-0.0943625502679259,3.19744097615846,0.897087857847976,0.874374874974995,0.886502276827906
130053,69604,60449,0.67157694271552,0.593328796366941,0.582646121172849,51.5872727272727,27.2618181818182,21.1509090909091,2.05818181818182,41.2418181818182,0.276363636363636,27.3872727272727,0.18,28.8563636363636,-0.0927157853270976,3.1907550541684,0.897085257110633,0.874349739895958,0.886701624688387
130141,69615,60526,0.671664630102667,0.593288729405358,0.582492909378626,51.6090909090909,27.2545454545455,21.1363636363636,2.05454545454545,41.2836363636364,0.261818181818182,27.4072727272727,0.196363636363636,28.7963636363636,-0.09155927357543,3.18444581856443,0.897128765192884,0.874382921947965,0.886623655913979
130208,69624,60584,0.6716825952348,0.593305588531819,0.582374497121075,51.6218181818182,27.2563636363636,21.1218181818182,2.05454545454545,41.34,0.230909090909091,27.4309090909091,0.185454545454545,28.7581818181818,-0.0908742413635826,3.16370692796667,0.897083685545224,0.874391301447535,0.886631660497547
130239,69638,60601,0.671657747996924,0.593161757662024,0.582219787147932,51.6309090909091,27.2563636363636,21.1127272727273,2.05272727272727,41.3854545454545,0.232727272727273,27.4218181818182,0.18,28.7272727272727,-0.0889683704640695,3.15273652659221,0.897101806528859,0.874391301447535,0.886582845332415
130288,69639,60649,0.671676830334999,0.59325586311316,0.581964244922063,51.6381818181818,27.2618181818182,21.1,2.05818181818182,41.4290909090909,0.209090909090909,27.4363636363636,0.165454545454545,28.7018181818182,-0.0897051256199616,3.1422985335812,0.897116298721876,0.874416433239963,0.886428263679448
130287,69639,60648,0.67165013053315,0.593190424626467,0.581936210265837,51.6454545454545,27.2581818181818,21.0963636363636,2.05636363636364,41.4581818181818,0.209090909090909,27.42,0.181818181818182,28.6745454545455,-0.0899227259144192,3.11367365035482,0.897095581763774,0.874399679829242,0.886408687408429
130389,69646,60743,0.671667954578456,0.593107154637637,0.581835326223633,51.6509090909091,27.2636363636364,21.0854545454545,2.05272727272727,41.4927272727273,0.205454545454545,27.44,0.161818181818182,28.6472727272727,-0.0890177487354694,3.10262997619469,0.897071247535905,0.874291430476826,0.886436147279469
130511,69674,60837,0.671642377810824,0.593027953479183,0.581897854207276,51.6618181818182,27.2545454545455,21.0836363636364,2.06,41.5309090909091,0.183636363636364,27.4545454545455,0.165454545454545,28.6054545454545,-0.0860023218009949,3.10145999452269,0.897092982332653,0.874382921947965,0.886598827181787
130521,69675,60846,0.671667246114132,0.593016420608486,0.581816636908065,51.6672727272727,27.2545454545455,21.0781818181818,2.06545454545454,41.5345454545455,0.209090909090909,27.4436363636364,0.161818181818182,28.5854545454545,-0.0865775637108362,3.08953132038428,0.897068656086146,0.874382921947965,0.886569481583714
130639,69684,60955,0.671681313788078,0.59310277213444,0.581789371667598,51.6709090909091,27.2509090909091,21.0781818181818,2.06545454545454,41.5618181818182,0.201818181818182,27.4581818181818,0.156363636363636,28.5563636363636,-0.0854315595682816,3.0859971692447,0.897040712199585,0.874499599679744,0.88665574053308
130673,69688,60985,0.671684816394692,0.593027348012323,0.581695342069469,51.6709090909091,27.2527272727273,21.0763636363636,2.07636363636364,41.5727272727273,0.192727272727273,27.4672727272727,0.156363636363636,28.5345454545455,-0.0857682614546237,3.08024214792319,0.897075899926106,0.874441256921743,0.886645962732919
130591,69685,60906,0.671604037739501,0.592911444425975,0.581508110195379,51.6781818181818,27.2527272727273,21.0690909090909,2.07454545454545,41.5963636363636,0.190909090909091,27.4672727272727,0.163636363636364,28.5072727272727,-0.0857280832664401,3.04881122561002,0.897020018998698,0.874374541330309,0.886520538488091
130592,69692,60900,0.671570549478277,0.592956504379755,0.58133968428173,51.6872727272727,27.2527272727273,21.06,2.06909090909091,41.6345454545455,0.174545454545455,27.4727272727273,0.165454545454545,28.4836363636364,-0.0848721309824958,3.03156481051648,0.897002954833263,0.874441256921743,0.88647155313822
130589,69694,60895,0.671598859842112,0.592814652012354,0.581237896311714,51.6963636363636,27.2490909090909,21.0545454545455,2.08181818181818,41.6509090909091,0.167272727272727,27.4836363636364,0.169090909090909,28.4472727272727,-0.0856997530052137,3.0177017767321,0.897056237470545,0.874291052245279,0.886442141623489
130633,69704,60929,0.671610558222111,0.592825843843569,0.581160067097426,51.7018181818182,27.2472727272727,21.0509090909091,2.08545454545455,41.6690909090909,0.165454545454545,27.4854545454545,0.165454545454545,28.4290909090909,-0.084428359795592,3.00090808345174,0.897067098044732,0.874349392766582,0.886422525479357
130691,69710,60981,0.671613472783216,0.592806405017777,0.581156809763571,51.6981818181818,27.2527272727273,21.0490909090909,2.09272727272727,41.6854545454545,0.150909090909091,27.4963636363636,0.194545454545455,28.38,-0.0831287141028125,2.99346097353846,0.897059857916579,0.874307825738875,0.886412714865682
130745,69716,61029,0.671607113171696,0.592799865149219,0.581246466184939,51.7036363636364,27.2527272727273,21.0436363636364,2.10363636363636,41.6945454545455,0.145454545454545,27.52,0.170909090909091,28.3654545454545,-0.0832469421518247,2.98709781896323,0.897070717726905,0.874241110147441,0.886642474511837
130800,69724,61076,0.671565843996203,0.592841613001034,0.581168516748692,51.7036363636364,27.26,21.0363636363636,2.10363636363636,41.7290909090909,0.149090909090909,27.5072727272727,0.145454545454545,28.3654545454545,-0.083010308659736,2.9768166536296,0.897070717726905,0.874274661508704,0.886689714779602
130808,69736,61072,0.671536795270395,0.592582817042963,0.581173182839854,51.7090909090909,27.2581818181818,21.0327272727273,2.10545454545455,41.7509090909091,0.154545454545455,27.4672727272727,0.18,28.3418181818182,-0.0808305285556178,2.95540777333081,0.89704641350211,0.874199573105656,0.886756569847856
130760,69736,61024,0.671491225041036,0.592516968869432,0.581142974342533,51.7109090909091,27.2581818181818,21.0309090909091,2.12,41.7563636363636,0.145454545454545,27.4690909090909,0.170909090909091,28.3381818181818,-0.0815653890164289,2.92392617222768,0.897050033402482,0.874132870864461,0.886746779631711
130774,69750,61024,0.671464410452411,0.592587630388983,0.581140122174935,51.7127272727273,27.2618181818182,21.0254545454545,2.11272727272727,41.7636363636364,0.150909090909091,27.4781818181818,0.161818181818182,28.3327272727273,-0.0810871850089329,2.91025767607445,0.897053653048309,0.87421635320795,0.886890349360083
130822,69752,61070,0.671521307459462,0.592497054670491,0.581093486484266,51.7163636363636,27.26,21.0236363636364,2.11818181818182,41.7872727272727,0.141818181818182,27.4654545454545,0.165454545454545,28.3218181818182,-0.0800880509996205,2.90065180366351,0.897025734777106,0.874207963716401,0.886880567326818
130860,69754,61106,0.671527513487839,0.592510571238344,0.581045484991712,51.7218181818182,27.2581818181818,21.02,2.12545454545455,41.8018181818182,0.14,27.4527272727273,0.156363636363636,28.3236363636364,-0.079529791244303,2.89293185911057,0.89700144127676,0.874266275346852,0.886860998183548
130931,69767,61164,0.671556014225312,0.592564616431209,0.580942900760368,51.7236363636364,27.2618181818182,21.0145454545455,2.12545454545455,41.82,0.132727272727273,27.4418181818182,0.156363636363636,28.3236363636364,-0.0769479115631839,2.88533183377744,0.896969910011249,0.874349739895958,0.886831631770202
130971,69771,61200,0.671540204058255,0.592511754424816,0.580964848455826,51.7236363636364,27.2618181818182,21.0145454545455,2.12545454545455,41.8454545454545,0.14,27.4127272727273,0.158181818181818,28.3181818181818,-0.0752577665425303,2.87556515789845,0.896934758155231,0.874349739895958,0.886831631770202
130986,69779,61207,0.671496864785272,0.592484902019687,0.580926264278791,51.7290909090909,27.2581818181818,21.0127272727273,2.13090909090909,41.8527272727273,0.134545454545455,27.4054545454545,0.169090909090909,28.3072727272727,-0.0733525198644863,2.86746506505561,0.896910477663351,0.874399679829242,0.886821839577745
131101,69781,61320,0.671545120954453,0.59242224904752,0.580922462486677,51.7290909090909,27.2581818181818,21.0127272727273,2.13272727272727,41.8581818181818,0.150909090909091,27.3781818181818,0.170909090909091,28.3090909090909,-0.073102380775328,2.87096468283033,0.896840181364451,0.874399679829242,0.886821839577745
131090,69777,61313,0.671443023934283,0.592267431787528,0.58102240746344,51.7218181818182,27.26,21.0181818181818,2.12909090909091,41.8909090909091,0.123636363636364,27.3581818181818,0.172727272727273,28.3254545454545,-0.0744224295700736,2.85540033417161,0.896860828909903,0.874274661508704,0.886851211072664
131062,69783,61279,0.671414607966476,0.59226391855551,0.581019202027097,51.7218181818182,27.2636363636364,21.0145454545455,2.13090909090909,41.8981818181818,0.138181818181818,27.3327272727273,0.174545454545455,28.3254545454545,-0.0738345378875568,2.83623322276399,0.896860828909903,0.874291430476826,0.8869181519294
131108,69789,61319,0.67139217148218,0.592082525731414,0.580885261550186,51.72,27.2709090909091,21.0090909090909,2.13090909090909,41.9181818181818,0.125454545454545,27.3218181818182,0.181818181818182,28.3218181818182,-0.074693036707388,2.83169388167391,0.896857203121704,0.874191612774185,0.88688879273042
131133,69797,61336,0.671416589785083,0.592011567168668,0.580887499976399,51.7181818181818,27.2709090909091,21.0109090909091,2.13272727272727,41.9363636363636,0.134545454545455,27.2909090909091,0.181818181818182,28.3236363636364,-0.0738242423475392,2.82762521713633,0.896888732641941,0.874191612774185,0.886898580823814
131101,69803,61298,0.671403349256021,0.592020907229259,0.580883355620351,51.7272727272727,27.26,21.0127272727273,2.12727272727273,41.9690909090909,0.123636363636364,27.2781818181818,0.183636363636364,28.3181818181818,-0.0732167720377964,2.82213450743055,0.896906854130053,0.874274661508704,0.886908367223328
131129,69793,61336,0.671402010063236,0.59202703233384,0.580802696155391,51.7254545454545,27.2618181818182,21.0127272727273,2.12181818181818,42,0.112727272727273,27.2763636363636,0.161818181818182,28.3272727272727,-0.0751695436288587,2.81274009324102,0.896938380962424,0.87421635320795,0.886821839577745
131073,69793,61280,0.671426993344963,0.591922660572288,0.580765974703451,51.7327272727273,27.2563636363636,21.0109090909091,2.11636363636364,42.0218181818182,0.103636363636364,27.2745454545455,0.167272727272727,28.3163636363636,-0.0759426916702068,2.7882430896163,0.896952869644677,0.874191181375492,0.88681204569055
131151,69799,61352,0.671420873204933,0.591959223287652,0.580721556306895,51.7272727272727,27.2636363636364,21.0090909090909,2.11454545454545,42.0381818181818,0.0963636363636364,27.2763636363636,0.161818181818182,28.3127272727273,-0.074762754028581,2.78690335736187,0.896942003514938,0.874224741580527,0.886802250108178
131166,69801,61365,0.671390201914868,0.591976097909029,0.58068060852939,51.7236363636364,27.2690909090909,21.0072727272727,2.12181818181818,42.0490909090909,0.105454545454545,27.26,0.158181818181818,28.3054545454545,-0.0744125264396478,2.77468058268794,0.896899606299213,0.874249899986665,0.886792452830189
131218,69805,61413,0.671412554104157,0.591929561480415,0.580747690773651,51.7236363636364,27.2654545454545,21.0109090909091,2.11636363636364,42.0818181818182,0.1,27.2345454545455,0.161818181818182,28.3054545454545,-0.0735127132180919,2.77236292353747,0.896899606299213,0.874299813283542,0.88681204569055
131265,69807,61458,0.67140918961459,0.591857653433098,0.580785115082465,51.7236363636364,27.2672727272727,21.0090909090909,2.11272727272727,42.1218181818182,0.0890909090909091,27.2145454545455,0.165454545454545,28.2963636363636,-0.0731567264625152,2.76350114668127,0.896899606299213,0.874241514969661,0.88688879273042
131414,69817,61597,0.671456217933086,0.591989667626207,0.580744064293457,51.7236363636364,27.2672727272727,21.0090909090909,2.10545454545455,42.1509090909091,0.08,27.2145454545455,0.161818181818182,28.2872727272727,-0.070853056085087,2.77032892893661,0.896899606299213,0.874374874974995,0.88688879273042
131443,69821,61622,0.671479790607185,0.591981931149689,0.580739917653482,51.7181818181818,27.2781818181818,21.0036363636364,2.10727272727273,42.1672727272727,0.0854545454545454,27.2,0.152727272727273,28.2872727272727,-0.070610819466211,2.7625150937841,0.896923888205308,0.874291808305006,0.886945983379501
131530,69819,61711,0.671504629734686,0.592054590068707,0.580712383591864,51.7127272727273,27.2854545454545,21.0018181818182,2.10909090909091,42.1745454545455,0.0963636363636364,27.1890909090909,0.150909090909091,28.28,-0.071080924338722,2.76536726991392,0.896877856690809,0.874325314853069,0.886936196000346
131627,69821,61806,0.67154615581543,0.591934372006028,0.580738387326303,51.7181818181818,27.2763636363636,21.0054545454545,2.1,42.1945454545455,0.0963636363636364,27.1927272727273,0.145454545454545,28.2709090909091,-0.0707433350832038,2.76328682335602,0.896853577078573,0.87428342887615,0.886955769064312
131610,69809,61801,0.671550560882268,0.59194911556239,0.580756562472391,51.7163636363636,27.2727272727273,21.0109090909091,2.09090909090909,42.2218181818182,0.0945454545454545,27.1927272727273,0.129090909090909,28.2709090909091,-0.0729988362001843,2.75667836202139,0.896849950780481,0.874266666666667,0.886898580823814
131517,69819,61698,0.67143129798954,0.591915896440848,0.580756742358434,51.7127272727273,27.2763636363636,21.0109090909091,2.08727272727273,42.2490909090909,0.0909090909090909,27.1709090909091,0.141818181818182,28.26,-0.0728434415323136,2.73595884497362,0.896913015962309,0.87428342887615,0.886898580823814
131554,69827,61727,0.671457108648164,0.591863878779436,0.580853869055846,51.7109090909091,27.2745454545455,21.0145454545455,2.07454545454545,42.2709090909091,0.0927272727272727,27.1763636363636,0.141818181818182,28.2436363636364,-0.0723780494150229,2.72907433502207,0.896944551879329,0.874275048330111,0.887004672088597
131572,69823,61749,0.671437115587751,0.591809887426151,0.580868385128874,51.7072727272727,27.2763636363636,21.0163636363636,2.07272727272727,42.2909090909091,0.0872727272727273,27.1781818181818,0.14,28.2309090909091,-0.0728287554703208,2.71144214611162,0.896937304405921,0.874216771097187,0.887014447616576
131575,69819,61756,0.671429336095457,0.591766705360053,0.580884134007081,51.7109090909091,27.2727272727273,21.0163636363636,2.06909090909091,42.3254545454545,0.0872727272727273,27.1545454545455,0.123636363636364,28.24,-0.0723702745730407,2.70558226404881,0.896909391371611,0.8742,0.887014447616576
131581,69825,61756,0.671445486131082,0.591815883674463,0.580783681541582,51.7181818181818,27.2709090909091,21.0109090909091,2.05818181818182,42.3654545454545,0.0909090909090909,27.1254545454545,0.129090909090909,28.2309090909091,-0.0709620210805786,2.69261658604003,0.896888732641941,0.874324954997,0.886985115957079
131603,69829,61774,0.671435404680195,0.591889807158281,0.580744660640319,51.7145454545455,27.28,21.0054545454545,2.04909090909091,42.3927272727273,0.0890909090909091,27.1236363636364,0.129090909090909,28.2163636363636,-0.0714876825009097,2.68154863912443,0.896881482262771,0.87436683551053,0.887042326668398
131607,69827,61780,0.671440262875444,0.59169318798573,0.580774922345585,51.7145454545455,27.2781818181818,21.0072727272727,2.04727272727273,42.4145454545455,0.0945454545454545,27.1,0.130909090909091,28.2127272727273,-0.0726552634324683,2.66916993189264,0.89691664029814,0.874225154969006,0.887052103167734
131582,69815,61767,0.671451334968685,0.59161397471233,0.58080682869605,51.7163636363636,27.2727272727273,21.0109090909091,2.04727272727273,42.4363636363636,0.107272727272727,27.0763636363636,0.132727272727273,28.2,-0.0758607809514532,2.65149644644592,0.896920264379131,0.874133333333333,0.887071651090343
131661,69811,61850,0.671523204646539,0.591649664158107,0.58078281619834,51.7218181818182,27.2636363636364,21.0145454545455,2.04363636363636,42.4890909090909,0.0927272727272727,27.0618181818182,0.125454545454545,28.1872727272727,-0.0759054226042115,2.65422076595608,0.896895982001617,0.874224741580527,0.887004672088597
131647,69819,61828,0.671476090454938,0.591672069369661,0.580769308834357,51.7254545454545,27.26,21.0145454545455,2.04727272727273,42.5054545454545,0.0909090909090909,27.0672727272727,0.112727272727273,28.1763636363636,-0.073859153001302,2.64535503258759,0.896903230342016,0.874274661508704,0.887004672088597
131661,69829,61832,0.67144438371411,0.591541208067625,0.580725809479659,51.7254545454545,27.2581818181818,21.0163636363636,2.04363636363636,42.5381818181818,0.0909090909090909,27.0436363636364,0.12,28.1636363636364,-0.0720837141003523,2.63398276753724,0.896903230342016,0.874266275346852,0.886927934942469
131722,69831,61891,0.671522300664092,0.591455188946224,0.580662270849327,51.7218181818182,27.2690909090909,21.0090909090909,2.03636363636364,42.5818181818182,0.0909090909090909,27.0109090909091,0.118181818181818,28.1618181818182,-0.0717423451876543,2.63153813484718,0.896931135093331,0.874049873316442,0.886975335352661
131823,69821,62002,0.671570171411852,0.591529930349513,0.580591964970521,51.7181818181818,27.2763636363636,21.0054545454545,2.03090909090909,42.6127272727273,0.0909090909090909,26.9927272727273,0.121818181818182,28.1509090909091,-0.0742194274928228,2.6365579618649,0.896888732641941,0.874016797760299,0.886955769064312
131784,69827,61957,0.671517780571077,0.591433886374479,0.580574839265273,51.7145454545455,27.2745454545455,21.0109090909091,2.03090909090909,42.64,0.0927272727272727,26.9763636363636,0.121818181818182,28.1381818181818,-0.0736146199956486,2.61886992747472,0.89691664029814,0.874008399440037,0.886898580823814
131890,69823,62067,0.671575272127738,0.591643866658505,0.5805625726918,51.7145454545455,27.2763636363636,21.0090909090909,2.02545454545455,42.6763636363636,0.0909090909090909,26.96,0.123636363636364,28.1236363636364,-0.0740352695176129,2.61064045484262,0.89691664029814,0.874150113318224,0.88688879273042
131978,69833,62145,0.671589626809933,0.591720910355598,0.580638196505214,51.7145454545455,27.2818181818182,21.0036363636364,2.02,42.7236363636364,0.0981818181818182,26.9472727272727,0.1,28.1109090909091,-0.0732053250761634,2.61261672524905,0.89691664029814,0.874175274908364,0.887119113573407
132036,69831,62205,0.671641762990346,0.59179551217305,0.580600219594416,51.72,27.2781818181818,21.0018181818182,2.01454545454545,42.7672727272727,0.0945454545454545,26.9327272727273,0.1,28.0909090909091,-0.0731993102440769,2.60550420896404,0.896892357449202,0.874291808305006,0.887109341182582
131961,69831,62130,0.671563291387214,0.591870351099874,0.58044996702662,51.7181818181818,27.2836363636364,20.9981818181818,2.00181818181818,42.8018181818182,0.0981818181818182,26.9309090909091,0.0836363636363636,28.0836363636364,-0.0730403474017294,2.58572327739305,0.896888732641941,0.87431693989071,0.887003203740584
131904,69829,62075,0.671514251186279,0.591741492570588,0.580483949714859,51.7127272727273,27.2854545454545,21.0018181818182,1.99090909090909,42.8418181818182,0.112727272727273,26.9127272727273,0.0672727272727273,28.0745454545455,-0.0741961001853435,2.56975229361349,0.896948175233809,0.874192043712934,0.887022768591464
132059,69829,62230,0.671606197797342,0.591559998302858,0.580501103220267,51.7145454545455,27.2781818181818,21.0072727272727,1.98909090909091,42.8963636363636,0.0909090909090909,26.8945454545455,0.0709090909090909,28.0581818181818,-0.0736510231121594,2.58298598900437,0.896951798333509,0.874158501633007,0.886965553055219
132091,69835,62256,0.671598856692391,0.591476524560358,0.580589561992815,51.72,27.2654545454545,21.0145454545455,1.98545454545455,42.9254545454545,0.0818181818181818,26.8927272727273,0.0763636363636364,28.0381818181818,-0.0716837014652232,2.57751784024929,0.896962666104197,0.874166444385169,0.887004672088597
132087,69833,62254,0.671627549422744,0.591398113883118,0.580585440750521,51.72,27.2618181818182,21.0181818181818,1.98,42.9418181818182,0.1,26.8781818181818,0.0745454545454545,28.0254545454545,-0.071959826065284,2.56700805589049,0.8969275117767,0.874082966519941,0.887024221453287
132202,69837,62365,0.671603676173272,0.591410958774176,0.580605101775814,51.72,27.26,21.02,1.96727272727273,42.9927272727273,0.0927272727272727,26.8618181818182,0.0709090909090909,28.0145454545455,-0.0705043872708963,2.57066094475714,0.896962666104197,0.874074568131795,0.88703399359917
132206,69841,62365,0.671630686935112,0.591457631583163,0.580488303310802,51.72,27.2636363636364,21.0163636363636,1.95818181818182,43.0218181818182,0.0909090909090909,26.8690909090909,0.0690909090909091,27.9909090909091,-0.0699182561679084,2.55906061859463,0.896962666104197,0.874091363787929,0.887014447616576
132278,69837,62441,0.671705711520898,0.591379315496321,0.58048202671292,51.7290909090909,27.26,21.0109090909091,1.94727272727273,43.0690909090909,0.0981818181818182,26.8309090909091,0.0836363636363636,27.9709090909091,-0.0705092901830292,2.55280339131132,0.896875329513901,0.874074568131795,0.887071651090343
132317,69833,62484,0.671669227759903,0.591459605260251,0.580400444951249,51.7236363636364,27.2654545454545,21.0109090909091,1.94363636363636,43.1054545454545,0.0945454545454545,26.82,0.0818181818181818,27.9545454545455,-0.0718664102393384,2.5476162658327,0.896864454443195,0.874166444385169,0.886985115957079
132386,69839,62547,0.671728542349016,0.59147690051548,0.580360631792401,51.7254545454545,27.2654545454545,21.0090909090909,1.93272727272727,43.14,0.0981818181818182,26.8036363636364,0.0745454545454545,27.9509090909091,-0.072299020449753,2.54115286549045,0.896903230342016,0.874233128834356,0.886975335352661
132286,69841,62445,0.671668257577154,0.591479426000385,0.580321426878688,51.7236363636364,27.2690909090909,21.0072727272727,1.92,43.1818181818182,0.1,26.7909090909091,0.0636363636363636,27.9436363636364,-0.073171230594529,2.52158172754571,0.896934758155231,0.874249899986665,0.886965553055219
132278,69845,62433,0.671681553018064,0.591405379804577,0.580382123705176,51.7290909090909,27.2618181818182,21.0090909090909,1.91454545454545,43.2109090909091,0.0981818181818182,26.7836363636364,0.0672727272727273,27.9254545454545,-0.0724116481533532,2.51054459028793,0.896945625812801,0.87421635320795,0.887061877974903
132300,69839,62461,0.671768514366924,0.591233621484596,0.580427080043222,51.7254545454545,27.2581818181818,21.0163636363636,1.89636363636364,43.2363636363636,0.0927272727272727,26.7945454545455,0.06,27.92,-0.0722127116238963,2.51222235676409,0.896973531582832,0.87399946638207,0.887014447616576
132434,69843,62591,0.67181484008287,0.591334065677561,0.580348310882502,51.7181818181818,27.2672727272727,21.0145454545455,1.88909090909091,43.2690909090909,0.1,26.7818181818182,0.0581818181818182,27.9018181818182,-0.0725055604136948,2.51839775640348,0.896994199332044,0.874041474961659,0.887004672088597
132339,69845,62494,0.671780047039296,0.591415741744693,0.580367696653558,51.7218181818182,27.2654545454545,21.0127272727273,1.88363636363636,43.3109090909091,0.0872727272727273,26.7618181818182,0.0763636363636364,27.88,-0.0724385646257856,2.49429300121794,0.897036594368475,0.874099759935983,0.887081422514493
132446,69857,62589,0.671840760212464,0.591444712719545,0.580371722363302,51.7254545454545,27.2654545454545,21.0090909090909,1.87090909090909,43.34,0.08,26.7745454545455,0.0581818181818182,27.8763636363636,-0.0708514674311201,2.50434334684502,0.897008682203241,0.874233128834356,0.887148420597144
132574,69861,62713,0.671877696548319,0.591500073057676,0.580297427166185,51.7218181818182,27.2690909090909,21.0090909090909,1.86727272727273,43.3509090909091,0.0836363636363636,26.7690909090909,0.0672727272727273,27.8618181818182,-0.0701030880022286,2.51766806967895,0.896966288185046,0.874316575543406,0.887061877974903
132585,69849,62736,0.671962509903993,0.591482399060603,0.58029395517087,51.7236363636364,27.2672727272727,21.0090909090909,1.86,43.3709090909091,0.0927272727272727,26.7581818181818,0.0654545454545455,27.8527272727273,-0.0729246811512315,2.51270752467892,0.896934758155231,0.874308194972328,0.887061877974903
132514,69853,62661,0.67185978805056,0.591364603893215,0.580277969955029,51.7309090909091,27.26,21.0090909090909,1.85818181818182,43.4054545454546,0.0890909090909091,26.7436363636364,0.0618181818181818,27.8418181818182,-0.0712958623499699,2.49078161511147,0.896914100941937,0.874274661508704,0.887061877974903
132500,69851,62649,0.67187632615602,0.591322157347388,0.580159204081207,51.7381818181818,27.2563636363636,21.0054545454545,1.86,43.4236363636364,0.0836363636363636,26.7436363636364,0.0727272727272727,27.8163636363636,-0.0713728961560595,2.47613938916475,0.896858307562553,0.874257888066173,0.886955769064312
132347,69839,62508,0.671769791445493,0.591398725996412,0.580242289221142,51.7309090909091,27.2581818181818,21.0109090909091,1.86181818181818,43.4290909090909,0.0890909090909091,26.7454545454545,0.0727272727272727,27.8018181818182,-0.0750244158819193,2.45441854951311,0.896949247856038,0.874199573105656,0.886985115957079
132423,69843,62580,0.671753933127791,0.591314748433113,0.580191225772917,51.7290909090909,27.2618181818182,21.0090909090909,1.85818181818182,43.4527272727273,0.0818181818181818,26.7490909090909,0.0709090909090909,27.7872727272727,-0.0744491844756505,2.44859571272761,0.896945625812801,0.874149659863946,0.886975335352661
132489,69845,62644,0.671786167040626,0.591354373885386,0.580282717376866,51.7309090909091,27.2581818181818,21.0109090909091,1.85272727272727,43.48,0.0781818181818182,26.7363636363636,0.0672727272727273,27.7854545454545,-0.0734804548875796,2.44541449517181,0.896914100941937,0.874266275346852,0.887071651090343
132510,69849,62661,0.671829389131839,0.591282004151821,0.580417269307613,51.7272727272727,27.2563636363636,21.0163636363636,1.84545454545455,43.5109090909091,0.0781818181818182,26.7181818181818,0.0745454545454545,27.7727272727273,-0.0743012515264457,2.44077011585998,0.89701230228471,0.874191181375492,0.887187472964789
132563,69847,62716,0.671871746469127,0.591190487966105,0.58043099220042,51.7345454545455,27.2436363636364,21.0218181818182,1.84181818181818,43.5509090909091,0.08,26.7127272727273,0.06,27.7545454545455,-0.0756690757074962,2.44568761895326,0.897026780066072,0.874199145755473,0.887130254281266
132757,69839,62918,0.672067290049182,0.59143430898003,0.580388697323892,51.7254545454545,27.2509090909091,21.0236363636364,1.84545454545455,43.5709090909091,0.0854545454545454,26.7054545454545,0.0545454545454545,27.7381818181818,-0.0758143691479662,2.457751749439,0.896973531582832,0.874299439551641,0.887053532820202
132874,69851,63023,0.67203306957576,0.591357017205261,0.580152534094292,51.7181818181818,27.2709090909091,21.0109090909091,1.84545454545455,43.6036363636364,0.0836363636363636,26.6890909090909,0.06,27.7181818181818,-0.0730848255714095,2.46059319095432,0.896923888205308,0.874258283885592,0.886985115957079
132793,69859,62934,0.671931573602303,0.591290219780652,0.580336308132034,51.72,27.2654545454545,21.0145454545455,1.84545454545455,43.6381818181818,0.0836363636363636,26.6654545454545,0.0654545454545455,27.7018181818182,-0.072132983717099,2.43580067406662,0.896962666104197,0.874299813283542,0.887177712406991
132736,69851,62885,0.671851601844947,0.59141351280568,0.580286168588747,51.7181818181818,27.2654545454545,21.0163636363636,1.85818181818182,43.6509090909091,0.0836363636363636,26.6618181818182,0.0654545454545455,27.68,-0.0724498471539515,2.42598804666407,0.896923888205308,0.874366497732729,0.887100960290683
132803,69855,62948,0.671850930971979,0.591294109996602,0.580213798257183,51.7145454545455,27.2690909090909,21.0163636363636,1.85636363636364,43.6745454545455,0.0836363636363636,26.6690909090909,0.0618181818181818,27.6545454545455,-0.072935028375055,2.42407698253678,0.896986956368878,0.874183224429924,0.887014447616576
132802,69853,62949,0.671887427305316,0.591224955747662,0.58024123000846,51.7254545454545,27.2636363636364,21.0109090909091,1.85272727272727,43.7218181818182,0.0763636363636364,26.6527272727273,0.0690909090909091,27.6272727272727,-0.073257623752976,2.41294973310168,0.896973531582832,0.874158052684228,0.887158186223607
132986,69837,63149,0.671963270584611,0.591175486028706,0.580267870743975,51.7163636363636,27.26,21.0236363636364,1.84909090909091,43.7672727272727,0.0781818181818182,26.6327272727273,0.0690909090909091,27.6036363636364,-0.0735010551520232,2.42810450203886,0.896920264379131,0.874074568131795,0.887053532820202
133016,69841,63175,0.671999287081729,0.591249860156017,0.58021821819603,51.7218181818182,27.2563636363636,21.0218181818182,1.85272727272727,43.7981818181818,0.0854545454545454,26.6272727272727,0.0581818181818182,27.5781818181818,-0.0733390507756584,2.42770477814854,0.896860828909903,0.874257888066173,0.887043764054662
133010,69857,63153,0.671995233502258,0.591151382320932,0.580247787855426,51.7254545454545,27.2581818181818,21.0163636363636,1.85454545454545,43.8345454545455,0.0909090909090909,26.6018181818182,0.0618181818181818,27.5563636363636,-0.0709661461262757,2.41515782097016,0.896868079721607,0.874266275346852,0.887187472964789
133007,69865,63142,0.671980960596153,0.591246701935305,0.580151942915982,51.7218181818182,27.2672727272727,21.0109090909091,1.85272727272727,43.8836363636364,0.0836363636363636,26.5909090909091,0.0563636363636364,27.5327272727273,-0.0686473329910686,2.39898600503802,0.896966288185046,0.874241514969661,0.887158186223607
132939,69855,63084,0.671921387118446,0.591290382570457,0.580216660080986,51.7254545454545,27.2636363636364,21.0109090909091,1.85272727272727,43.9127272727273,0.0872727272727273,26.5836363636364,0.0472727272727273,27.5163636363636,-0.0681987363171753,2.39073406164111,0.896903230342016,0.874224741580527,0.887244721356871
132884,69845,63039,0.671958371569734,0.591364786394797,0.580255038078874,51.7236363636364,27.26,21.0163636363636,1.84909090909091,43.9545454545455,0.08,26.5581818181818,0.0563636363636364,27.5018181818182,-0.0721039288800305,2.38140380326235,0.896934758155231,0.874341359301007,0.887187472964789
132811,69841,62970,0.67196688591227,0.591320210781339,0.580104972061767,51.7254545454545,27.2672727272727,21.0072727272727,1.85636363636364,43.98,0.0836363636363636,26.54,0.0636363636363636,27.4763636363636,-0.0743125436514013,2.3713702366772,0.896938380962424,0.874241514969661,0.887138653280249
132862,69831,63031,0.671949893789392,0.591213099789531,0.580184783164387,51.7127272727273,27.2745454545455,21.0127272727273,1.85272727272727,44.02,0.08,26.5436363636364,0.06,27.4436363636364,-0.0771273620308255,2.36843778372912,0.896983334505309,0.874075061662556,0.887167950160076
133004,69849,63155,0.671924961938883,0.591106992341123,0.580105402765862,51.7072727272727,27.2872727272727,21.0054545454545,1.84545454545455,44.0545454545455,0.0781818181818182,26.5472727272727,0.0563636363636364,27.4181818181818,-0.0737339449920083,2.37005365287292,0.896972467386336,0.87400053304904,0.887215441876569
133134,69847,63287,0.672154199065475,0.59120875590853,0.580156343951498,51.7145454545455,27.2727272727273,21.0127272727273,1.84181818181818,44.0963636363636,0.0781818181818182,26.5272727272727,0.0581818181818182,27.3981818181818,-0.0725972627099757,2.38255181377754,0.896951798333509,0.8742,0.887167950160076
133165,69839,63326,0.67220892385765,0.59108489765808,0.580263819429736,51.7218181818182,27.2581818181818,21.02,1.84,44.1254545454546,0.0836363636363636,26.5218181818182,0.06,27.3690909090909,-0.074061567392941,2.37803556219759,0.896895982001617,0.874199573105656,0.887206989014791
133107,69827,63280,0.672105649599316,0.591181998000332,0.58011076476772,51.7181818181818,27.2672727272727,21.0145454545455,1.84181818181818,44.1690909090909,0.08,26.5036363636364,0.06,27.3454545454545,-0.0784865671080214,2.36173247380859,0.896923888205308,0.874174834966993,0.887091192247794
133033,69831,63202,0.671917785958268,0.591216130284071,0.580074072943044,51.7145454545455,27.2709090909091,21.0145454545455,1.84,44.1963636363636,0.0890909090909091,26.4836363636364,0.0563636363636364,27.3345454545455,-0.0754068261577975,2.34238677625121,0.896881482262771,0.874124941662778,0.887091192247794
133076,69843,63233,0.671946488804761,0.591268033978694,0.580206698158052,51.7163636363636,27.2690909090909,21.0145454545455,1.83454545454545,44.2290909090909,0.0890909090909091,26.4690909090909,0.0545454545454545,27.3236363636364,-0.0739248758194497,2.3388540668032,0.896920264379131,0.874249899986665,0.887264232566188
133159,69847,63312,0.671955100660429,0.591247897561869,0.580155353217041,51.7109090909091,27.2727272727273,21.0163636363636,1.83454545454545,44.2527272727273,0.0909090909090909,26.4763636363636,0.0527272727272727,27.2927272727273,-0.074351456076891,2.3389867903326,0.896909391371611,0.874333333333333,0.887187472964789
133093,69851,63242,0.671835497854496,0.591242357741202,0.580085515224505,51.7127272727273,27.2781818181818,21.0090909090909,1.83090909090909,44.2927272727273,0.0890909090909091,26.46,0.0563636363636364,27.2709090909091,-0.0751734670987141,2.32666844805618,0.896913015962309,0.874291808305006,0.887234963219386
133192,69843,63349,0.671929408017527,0.591189304493969,0.580172919435086,51.7163636363636,27.2709090909091,21.0127272727273,1.83272727272727,44.3254545454545,0.08,26.4563636363636,0.0527272727272727,27.2527272727273,-0.0759425835088636,2.33012191632509,0.896920264379131,0.874258283885592,0.887254477805659
133199,69847,63352,0.672030077357616,0.591036394779163,0.580108433702189,51.7145454545455,27.2690909090909,21.0163636363636,1.83454545454545,44.3490909090909,0.0818181818181818,26.4563636363636,0.06,27.2181818181818,-0.074026218118789,2.31768534991636,0.896986956368878,0.874183224429924,0.887100960290683
133202,69841,63361,0.672069855677644,0.59113184807643,0.579949695562692,51.7090909090909,27.28,21.0109090909091,1.82909090909091,44.3763636363636,0.0872727272727273,26.4581818181818,0.0581818181818182,27.1909090909091,-0.0746077123522727,2.30959329671988,0.89690576652602,0.874233537723274,0.886985115957079
133200,69831,63369,0.67202298969157,0.59097261814499,0.579923279524663,51.7218181818182,27.2636363636364,21.0145454545455,1.83272727272727,44.3854545454545,0.0909090909090909,26.4672727272727,0.0490909090909091,27.1745454545455,-0.0769110691274612,2.30103859286332,0.896825675818188,0.874158052684228,0.8869181519294
133253,69837,63416,0.672050432594798,0.59109161217204,0.580003326957121,51.7254545454545,27.2618181818182,21.0127272727273,1.83636363636364,44.4072727272727,0.0672727272727273,26.48,0.0563636363636364,27.1527272727273,-0.0736159972247234,2.30393707978285,0.896832929101199,0.87421635320795,0.886994894868911
133245,69833,63412,0.67193092768525,0.591189324422454,0.57999346150027,51.7127272727273,27.2836363636364,21.0036363636364,1.83454545454545,44.4381818181818,0.0709090909090909,26.4690909090909,0.0618181818181818,27.1254545454545,-0.0760141011916858,2.29089575412006,0.896877856690809,0.874117019858723,0.887119113573407
133438,69825,63613,0.672093700201192,0.591238271738397,0.579949912157343,51.7163636363636,27.2763636363636,21.0072727272727,1.83272727272727,44.4618181818182,0.0727272727272727,26.4672727272727,0.0527272727272727,27.1127272727273,-0.0773824994086516,2.29865070277486,0.896814793981156,0.874216771097187,0.887052103167734
133389,69835,63554,0.672051548837742,0.591282713420911,0.579920881381572,51.7181818181818,27.2709090909091,21.0109090909091,1.83090909090909,44.4872727272727,0.0781818181818182,26.4654545454545,0.0454545454545455,27.0927272727273,-0.0745673766835931,2.2876832196108,0.896853577078573,0.874324954997,0.886985115957079
133417,69851,63566,0.671935860119428,0.591160546809434,0.580080673545245,51.7072727272727,27.2781818181818,21.0145454545455,1.82909090909091,44.5145454545455,0.08,26.4454545454545,0.0454545454545455,27.0854545454545,-0.0723665633965786,2.2731042844074,0.896866978445093,0.874291808305006,0.887177712406991
133356,69843,63513,0.671988047808865,0.591153640988495,0.580035561146344,51.7072727272727,27.28,21.0127272727273,1.82909090909091,44.5454545454545,0.0690909090909091,26.4327272727273,0.0418181818181818,27.0818181818182,-0.0753539720759198,2.26441365998154,0.896902141425507,0.874233537723274,0.887167950160076
133323,69849,63474,0.671892535160204,0.591226451370696,0.579859187674369,51.7054545454545,27.2854545454545,21.0090909090909,1.82727272727273,44.5690909090909,0.0818181818181818,26.4054545454545,0.04,27.0763636363636,-0.0756449760263257,2.24331652710045,0.896898516070047,0.874325314853069,0.887061877974903
133346,69851,63495,0.671863814314133,0.591201371063734,0.579728024798025,51.6981818181818,27.2963636363636,21.0054545454545,1.82,44.5945454545455,0.0709090909090909,26.4145454545455,0.0454545454545455,27.0545454545455,-0.0763049453524714,2.2425116231919,0.896954350425547,0.874308932258709,0.886955769064312
133395,69847,63548,0.671939894976205,0.591023708521687,0.579753351539031,51.7109090909091,27.2836363636364,21.0054545454545,1.80909090909091,44.6309090909091,0.0672727272727273,26.4036363636364,0.0472727272727273,27.0418181818182,-0.0755886009416083,2.23680936190384,0.896874230863894,0.874250299880048,0.886955769064312
133492,69833,63659,0.672112246189648,0.59104695315851,0.579856359585235,51.7181818181818,27.2727272727273,21.0090909090909,1.79636363636364,44.6563636363636,0.0727272727272727,26.4,0.0363636363636364,27.0381818181818,-0.0754494096650557,2.23866401172074,0.896818421515205,0.8742,0.887061877974903
133506,69835,63671,0.672035938641925,0.591068532853373,0.579909073359175,51.7254545454545,27.2672727272727,21.0072727272727,1.79818181818182,44.6618181818182,0.0727272727272727,26.3963636363636,0.0418181818181818,27.0290909090909,-0.0759954940097735,2.22808813128874,0.89679777848079,0.874241514969661,0.887138653280249
133571,69841,63730,0.671951300009959,0.591138161216463,0.579881093219521,51.7109090909091,27.28,21.0090909090909,1.79636363636364,44.6836363636364,0.0581818181818182,26.4,0.0327272727272727,27.0290909090909,-0.0775986875625015,2.22805579118007,0.896874230863894,0.874300186616902,0.887061877974903
133687,69837,63850,0.672069551905149,0.591046605878209,0.579992241300114,51.7054545454545,27.2763636363636,21.0181818181818,1.78727272727273,44.6945454545455,0.06,26.3981818181818,0.0381818181818182,27.0218181818182,-0.0776420176002747,2.22844574652951,0.896898516070047,0.874150113318224,0.887110726643599
133634,69831,63803,0.672060683473496,0.591080281391251,0.579826399414798,51.7127272727273,27.2709090909091,21.0163636363636,1.78,44.7145454545455,0.0636363636363636,26.3763636363636,0.0490909090909091,27.0163636363636,-0.0795553951278138,2.21039360950447,0.89684269741931,0.874324954997,0.886927934942469
133652,69843,63809,0.671995797719945,0.590999887879012,0.579926631797199,51.7163636363636,27.2672727272727,21.0163636363636,1.77818181818182,44.7254545454545,0.0763636363636364,26.3509090909091,0.0363636363636364,27.0327272727273,-0.0752709827596846,2.19810667725026,0.896779637181831,0.874374874974995,0.887014447616576
133514,69841,63673,0.67199394508874,0.590939509853928,0.579839569317137,51.7181818181818,27.2709090909091,21.0109090909091,1.77454545454545,44.7436363636364,0.0654545454545455,26.3472727272727,0.0381818181818182,27.0309090909091,-0.0764071940175861,2.18296155634082,0.896818421515205,0.874324954997,0.886985115957079
133608,69839,63769,0.671990532537547,0.590834060004495,0.579926902830035,51.7127272727273,27.2672727272727,21.02,1.76727272727273,44.7581818181818,0.0636363636363636,26.3545454545455,0.0309090909090909,27.0254545454545,-0.077454692445661,2.18020100670613,0.896877856690809,0.874174834966993,0.88703399359917
133736,69855,63881,0.672103197433829,0.590864129691037,0.579917312696864,51.7127272727273,27.2709090909091,21.0163636363636,1.76363636363636,44.7727272727273,0.0636363636363636,26.3490909090909,0.0418181818181818,27.0090909090909,-0.0743929490745359,2.17897705069574,0.896913015962309,0.874191612774185,0.887100960290683
133774,69855,63919,0.672078700824295,0.590966818630182,0.579910491252815,51.7145454545455,27.2690909090909,21.0163636363636,1.76363636363636,44.7781818181818,0.0690909090909091,26.3436363636364,0.0418181818181818,27.0036363636364,-0.0757595366548974,2.17875204515982,0.896846324227402,0.874383251100147,0.887100960290683
133640,69847,63793,0.672034411068111,0.590996572095425,0.579816554941588,51.7181818181818,27.2672727272727,21.0145454545455,1.76181818181818,44.7890909090909,0.0690909090909091,26.3436363636364,0.0454545454545455,26.9909090909091,-0.0770208817837225,2.15356313054111,0.896853577078573,0.874374874974995,0.887004672088597
133716,69841,63875,0.672076684644104,0.59100517502424,0.579733443383736,51.7181818181818,27.2709090909091,21.0109090909091,1.76,44.8090909090909,0.0636363636363636,26.3309090909091,0.0454545454545455,26.9909090909091,-0.0755127378748015,2.15528680068779,0.896783265951837,0.874258283885592,0.886985115957079
133729,69837,63892,0.672059269883221,0.590964541281922,0.579812645096805,51.7127272727273,27.2672727272727,21.02,1.75454545454545,44.8218181818182,0.0709090909090909,26.3127272727273,0.0490909090909091,26.9909090909091,-0.0764867878863614,2.14514561314136,0.89680753814781,0.874241514969661,0.886947495891359
133606,69825,63781,0.67198711671256,0.5908150019706,0.579996007274272,51.7145454545455,27.2545454545455,21.0309090909091,1.74909090909091,44.8381818181818,0.0727272727272727,26.2981818181818,0.0454545454545455,26.9963636363636,-0.0815037009722966,2.12292901080271,0.896846324227402,0.874182788525684,0.887006138151638
133689,69833,63856,0.671977249347476,0.590838798418477,0.579968013836896,51.7145454545455,27.2690909090909,21.0163636363636,1.74727272727273,44.8581818181818,0.0618181818181818,26.28,0.0454545454545455,27.0072727272727,-0.0798868744828558,2.12579760335555,0.896811166192033,0.874183224429924,0.887100960290683
133726,69843,63883,0.672032300308027,0.59093605445245,0.579822891442898,51.7109090909091,27.28,21.0090909090909,1.74545454545455,44.8690909090909,0.0672727272727273,26.2618181818182,0.0381818181818182,27.0181818181818,-0.0775330150207579,2.1226610538719,0.896839070356176,0.874233537723274,0.887061877974903
133884,69843,64041,0.672129023442196,0.590678906020783,0.5798181868667,51.7181818181818,27.2690909090909,21.0127272727273,1.74,44.8854545454545,0.0654545454545455,26.2418181818182,0.0363636363636364,27.0309090909091,-0.0754616086939429,2.1175176654392,0.896783265951837,0.874183224429924,0.886994894868911
133750,69835,63915,0.672022535629304,0.590767987938028,0.579865670337096,51.7218181818182,27.2618181818182,21.0163636363636,1.73818181818182,44.88,0.0654545454545455,26.2563636363636,0.0418181818181818,27.0181818181818,-0.0776282162784562,2.09629615763287,0.896790522726474,0.874149659863946,0.887014447616576
133710,69833,63877,0.671987522540864,0.590769399036966,0.57991872121087,51.7163636363636,27.2618181818182,21.0218181818182,1.73818181818182,44.88,0.0690909090909091,26.2472727272727,0.04,27.0254545454545,-0.0785444651920195,2.08463237816045,0.896814793981156,0.87421635320795,0.886957273828057
133828,69833,63995,0.672073594855952,0.590917677987503,0.579860919982217,51.7145454545455,27.2636363636364,21.0218181818182,1.73454545454545,44.8836363636364,0.0563636363636364,26.2545454545455,0.0454545454545455,27.0254545454545,-0.078320674395747,2.08645049957559,0.896776008156664,0.874424808269423,0.886870783601453
133747,69827,63920,0.672095663478511,0.590804951306098,0.579753421334227,51.7090909090909,27.2727272727273,21.0181818181818,1.72727272727273,44.9036363636364,0.0527272727272727,26.2363636363636,0.0581818181818182,27.0218181818182,-0.081568661594131,2.06459433032962,0.896870604781997,0.874266666666667,0.886764705882353
133633,69825,63808,0.672153400999092,0.590686914963972,0.580062825436631,51.7236363636364,27.2509090909091,21.0254545454545,1.72363636363636,44.9090909090909,0.0490909090909091,26.2454545454545,0.0545454545454545,27.0181818181818,-0.0800284657684229,2.04600212949497,0.896899606299213,0.87416599946624,0.88706329989623
133732,69815,63917,0.672074067630304,0.590711924788807,0.580086544438109,51.7145454545455,27.2563636363636,21.0290909090909,1.71272727272727,44.9327272727273,0.0472727272727273,26.2545454545455,0.0418181818181818,27.0109090909091,-0.0822722113553689,2.04740115461278,0.896846324227402,0.87405776799413,0.887082828981497
133833,69835,63998,0.671981681093664,0.590865657890642,0.579979471802894,51.7127272727273,27.2636363636364,21.0236363636364,1.70727272727273,44.9436363636364,0.0436363636363636,26.2709090909091,0.0309090909090909,27.0036363636364,-0.08004712078129,2.04881956734779,0.896877856690809,0.874224741580527,0.887053532820202
133888,69839,64049,0.672113972953338,0.590785119589124,0.579966338850222,51.7218181818182,27.2545454545455,21.0236363636364,1.7,44.9545454545455,0.0618181818181818,26.2509090909091,0.0509090909090909,26.9818181818182,-0.0809794857836757,2.03459663618864,0.896860828909903,0.874316210807205,0.887053532820202
133945,69825,64120,0.672279970316335,0.590768402951328,0.579837379944512,51.7163636363636,27.2581818181818,21.0254545454545,1.70181818181818,44.9654545454545,0.0509090909090909,26.2672727272727,0.0418181818181818,26.9727272727273,-0.0854543674825188,2.0488095048942,0.896920264379131,0.874332977588047,0.88680387409201
133920,69819,64101,0.67219624114541,0.590850773763898,0.579892875673995,51.7254545454545,27.2490909090909,21.0254545454545,1.69636363636364,44.9709090909091,0.0563636363636364,26.2727272727273,0.0418181818181818,26.9618181818182,-0.0833125939011304,2.04304524733346,0.896762627860382,0.874424501234403,0.886890349360083
133902,69831,64071,0.672071545477356,0.590841056047697,0.579568924432964,51.7181818181818,27.26,21.0218181818182,1.68909090909091,44.9872727272727,0.0563636363636364,26.2763636363636,0.0490909090909091,26.9418181818182,-0.0806387183261078,2.02740587556565,0.896818421515205,0.87440805709331,0.88661131292164
133993,69845,64148,0.672083080246191,0.590853318885331,0.57980549010929,51.7163636363636,27.2690909090909,21.0145454545455,1.68727272727273,45.0072727272727,0.0581818181818182,26.2745454545455,0.0436363636363636,26.9290909090909,-0.0803647396976224,2.03495909458619,0.896849950780481,0.874383251100147,0.887004672088597
133882,69839,64043,0.671971978968245,0.590895995155675,0.57989557107807,51.7109090909091,27.2690909090909,21.02,1.68181818181818,45.0254545454545,0.0490909090909091,26.2945454545455,0.0418181818181818,26.9072727272727,-0.0812112188939698,2.01022433146242,0.896874230863894,0.874316575543406,0.88703399359917
133833,69833,64000,0.67203956613173,0.590774591166866,0.579901730742692,51.7145454545455,27.2545454545455,21.0309090909091,1.67636363636364,45.0436363636364,0.0527272727272727,26.3,0.0436363636363636,26.8836363636364,-0.082577054777688,2.00008472259664,0.89691664029814,0.874316210807205,0.886919685311663
133876,69835,64041,0.671958325545775,0.590676625948701,0.579801601151287,51.7163636363636,27.26,21.0236363636364,1.66909090909091,45.0618181818182,0.0509090909090909,26.3109090909091,0.0490909090909091,26.8581818181818,-0.0828805547874998,1.99760861480185,0.896849950780481,0.874274661508704,0.886880567326818
133868,69821,64047,0.671958661879136,0.590661040172195,0.579884982864379,51.7109090909091,27.2581818181818,21.0309090909091,1.66545454545455,45.0890909090909,0.0509090909090909,26.3145454545455,0.0509090909090909,26.8290909090909,-0.084593703134504,1.98976004861973,0.896874230863894,0.874199573105656,0.886833232471687
133893,69823,64070,0.672029223053901,0.590954634237956,0.579826192315614,51.7072727272727,27.2727272727273,21.02,1.66,45.1145454545455,0.0472727272727273,26.3381818181818,0.0472727272727273,26.7927272727273,-0.084017880921006,1.98053623702462,0.896902141425507,0.874266666666667,0.886947495891359
133952,69815,64137,0.672063368586049,0.590913062565504,0.579831621590914,51.7054545454545,27.2727272727273,21.0218181818182,1.65090909090909,45.1690909090909,0.0490909090909091,26.3363636363636,0.0509090909090909,26.7436363636364,-0.0837720661300409,1.98154367113232,0.896828187636261,0.874266666666667,0.886870783601453
133995,69823,64172,0.672057167233128,0.590910903473351,0.579842257074712,51.7072727272727,27.2745454545455,21.0181818181818,1.64363636363636,45.2163636363636,0.0472727272727273,26.3345454545455,0.0436363636363636,26.7145454545455,-0.0843482174833877,1.98258331556466,0.896831815464679,0.874275048330111,0.887024221453287
133963,69817,64146,0.672084184082306,0.590930643695443,0.579869219525027,51.7163636363636,27.2563636363636,21.0272727272727,1.64181818181818,45.2545454545455,0.0545454545454545,26.3345454545455,0.0363636363636364,26.6781818181818,-0.0850516771068876,1.97189759372056,0.896814793981156,0.874391301447535,0.886986597492434
134055,69825,64230,0.672170074751812,0.590940475038146,0.579814392872649,51.7181818181818,27.2618181818182,21.02,1.63272727272727,45.2981818181818,0.0636363636363636,26.3236363636364,0.0381818181818182,26.6436363636364,-0.085346082492668,1.97586655263704,0.896888732641941,0.874416433239963,0.886947495891359
134009,69815,64194,0.672135533156125,0.590928194319915,0.579796810708717,51.72,27.2563636363636,21.0236363636364,1.62909090909091,45.3327272727273,0.06,26.3254545454545,0.0363636363636364,26.6163636363636,-0.0872592886251038,1.96437662137164,0.896892357449202,0.874391301447535,0.886880567326818
134043,69819,64224,0.672036389664813,0.590829321271322,0.579723554325921,51.7218181818182,27.2563636363636,21.0218181818182,1.62,45.3781818181818,0.0654545454545455,26.3145454545455,0.0454545454545455,26.5763636363636,-0.0862255629812849,1.95286609884775,0.896825675818188,0.874324594756854,0.886870783601453
134084,69825,64259,0.672139085525441,0.590857364965982,0.579744669568056,51.72,27.2636363636364,21.0163636363636,1.61454545454545,45.4145454545455,0.0545454545454545,26.3327272727273,0.0363636363636364,26.5472727272727,-0.085800140345567,1.95303463399918,0.896822048794207,0.874358119373124,0.887014447616576
134191,69829,64362,0.672086201800775,0.590849651652993,0.579758258915185,51.7127272727273,27.2672727272727,21.02,1.60545454545455,45.4509090909091,0.0490909090909091,26.3472727272727,0.0290909090909091,26.5181818181818,-0.0854457310620505,1.95561760145832,0.89680753814781,0.874374874974995,0.88703399359917
134199,69821,64378,0.672132124985928,0.59083271939164,0.579750768809321,51.7072727272727,27.2745454545455,21.0181818181818,1.6,45.4872727272727,0.0527272727272727,26.3363636363636,0.0327272727272727,26.4909090909091,-0.0880671178749419,1.95488591197539,0.896831815464679,0.87434171055263,0.887024221453287
134162,69809,64353,0.672155756583103,0.590831199269563,0.579751548268488,51.7036363636364,27.2727272727273,21.0236363636364,1.59636363636364,45.5254545454545,0.0509090909090909,26.3236363636364,0.0327272727272727,26.4709090909091,-0.0901116373861441,1.93660832747648,0.896894890459612,0.874333333333333,0.886880567326818
134222,69811,64411,0.672114686991285,0.590689828005671,0.579848185406254,51.6981818181818,27.2763636363636,21.0254545454545,1.59272727272727,45.5509090909091,0.0527272727272727,26.3363636363636,0.0309090909090909,26.4363636363636,-0.0879021229190006,1.93447394342246,0.896884012098192,0.874083455539261,0.88706329989623
134223,69805,64418,0.672092964183213,0.590782695396294,0.579756648076028,51.7036363636364,27.2636363636364,21.0327272727273,1.58909090909091,45.5690909090909,0.0672727272727273,26.3472727272727,0.0363636363636364,26.3909090909091,-0.0901454306298216,1.92404755408114,0.896824559552695,0.874158052684228,0.887015905947441
134472,69807,64665,0.672289307037838,0.590840053234657,0.579685005011596,51.7072727272727,27.2654545454545,21.0272727272727,1.58363636363636,45.6018181818182,0.0545454545454545,26.3509090909091,0.0418181818181818,26.3672727272727,-0.0898775223791414,1.94753122805956,0.896796652484265,0.874233128834356,0.886986597492434
134448,69815,64633,0.672245006679716,0.590928338605446,0.579680363148948,51.7018181818182,27.28,21.0181818181818,1.57272727272727,45.6454545454545,0.0454545454545455,26.3545454545455,0.04,26.3418181818182,-0.0895926116830114,1.93612533652393,0.896856097904065,0.874233537723274,0.887110726643599
134398,69821,64577,0.672296023726086,0.590920624629042,0.579696759351097,51.72,27.2563636363636,21.0236363636364,1.56909090909091,45.6781818181818,0.0636363636363636,26.3309090909091,0.0490909090909091,26.3090909090909,-0.0862395754673344,1.92797386184419,0.896857203121704,0.874391301447535,0.887053532820202
134375,69823,64552,0.672177709107335,0.590960200033616,0.579480258810655,51.7181818181818,27.2654545454545,21.0163636363636,1.56545454545455,45.7145454545455,0.0472727272727273,26.3509090909091,0.0381818181818182,26.2836363636364,-0.0864990213899132,1.9230770249851,0.896853577078573,0.874433182181915,0.886927934942469
134511,69827,64684,0.672145913448379,0.590763374673034,0.579743493667156,51.7163636363636,27.2545454545455,21.0290909090909,1.56545454545455,45.7472727272727,0.0527272727272727,26.3381818181818,0.0436363636363636,26.2527272727273,-0.0866363950249004,1.92871695128693,0.896814793981156,0.874382921947965,0.887082828981497
134505,69817,64688,0.672130750158389,0.590822136160503,0.579623423780458,51.7181818181818,27.2527272727273,21.0290909090909,1.56181818181818,45.7618181818182,0.0490909090909091,26.3472727272727,0.0436363636363636,26.2363636363636,-0.0877585496273241,1.91939761478623,0.896748110388469,0.874441256921743,0.886909908352066
134740,69825,64915,0.67238618875138,0.590617308309564,0.579515639453515,51.7072727272727,27.2690909090909,21.0236363636364,1.56,45.7945454545455,0.0527272727272727,26.3454545454545,0.04,26.2072727272727,-0.0878297933619416,1.92510544570925,0.896831815464679,0.874183224429924,0.886880567326818
134613,69839,64774,0.672228054861777,0.590914336384938,0.579504487352904,51.7036363636364,27.2781818181818,21.0181818181818,1.55818181818182,45.84,0.0454545454545455,26.3436363636364,0.0309090909090909,26.1818181818182,-0.0877690403628962,1.90212234255265,0.896894890459612,0.874425114977005,0.887024221453287
134551,69835,64716,0.672136957499489,0.590607008379388,0.579519066671688,51.7090909090909,27.2563636363636,21.0345454545455,1.55454545454545,45.8927272727273,0.0454545454545455,26.3163636363636,0.0363636363636364,26.1545454545455,-0.0857647276332665,1.88711488836614,0.896870604781997,0.874391301447535,0.88676635837151
134485,69827,64658,0.672056306418409,0.590511491250525,0.579726921810072,51.7109090909091,27.2454545454545,21.0436363636364,1.55454545454545,45.9127272727273,0.0509090909090909,26.3072727272727,0.0381818181818182,26.1363636363636,-0.0841166789055437,1.87087736343118,0.896803909848458,0.874274274274274,0.886901676170727
134358,69811,64547,0.672060491141302,0.590690250262445,0.579569782452797,51.72,27.2418181818182,21.0381818181818,1.54545454545455,45.9563636363636,0.0490909090909091,26.2927272727273,0.0345454545454545,26.1218181818182,-0.090553655174881,1.85589941322634,0.896857203121704,0.874324234132016,0.886785930343099
134413,69803,64610,0.672157494933156,0.59086178051995,0.579682939080452,51.7109090909091,27.2563636363636,21.0327272727273,1.54,45.9781818181818,0.0490909090909091,26.2963636363636,0.0345454545454545,26.1018181818182,-0.0944128292788016,1.85181537148204,0.896839070356176,0.874324594756854,0.887015905947441
134568,69825,64743,0.672230818091385,0.590854458713721,0.579611887974063,51.7090909090909,27.26,21.0309090909091,1.54181818181818,46,0.0490909090909091,26.3054545454545,0.0418181818181818,26.0618181818182,-0.088312677520695,1.85866658841683,0.896800281293952,0.874541452677916,0.887006138151638
134629,69825,64804,0.672237985624361,0.590809958729102,0.57941356250954,51.7090909090909,27.2545454545455,21.0363636363636,1.53818181818182,46.0418181818182,0.0527272727272727,26.3,0.0345454545454545,26.0327272727273,-0.0875905750691097,1.85792082528668,0.896835443037975,0.874516344229486,0.886776145203112
134668,69833,64835,0.672179253691257,0.590552497997142,0.579603509132454,51.7090909090909,27.2581818181818,21.0327272727273,1.54,46.0763636363636,0.0509090909090909,26.2836363636364,0.0381818181818182,26.0109090909091,-0.0867530902054568,1.85384704327973,0.896870604781997,0.874266275346852,0.887015905947441
134626,69813,64813,0.672293383988557,0.590454145361598,0.579492049003623,51.7127272727273,27.2436363636364,21.0436363636364,1.53636363636364,46.1090909090909,0.0509090909090909,26.2727272727273,0.0490909090909091,25.9818181818182,-0.0915579556295018,1.8373652105516,0.896913015962309,0.874199145755473,0.8867288750648
134652,69819,64833,0.672212124996199,0.590327743983659,0.579549607625127,51.7145454545455,27.2418181818182,21.0436363636364,1.53454545454545,46.1272727272727,0.0545454545454545,26.28,0.0436363636363636,25.96,-0.0882696216376975,1.83328905819746,0.896846324227402,0.87405726490022,0.886901676170727
134669,69821,64848,0.67212630213353,0.590671727899966,0.579471201044765,51.7090909090909,27.2527272727273,21.0381818181818,1.53090909090909,46.1654545454545,0.0490909090909091,26.2890909090909,0.0381818181818182,25.9272727272727,-0.0883548786087803,1.83082743841647,0.896800281293952,0.874374541330309,0.886872353297036
134832,69823,65009,0.672147422286724,0.590816005292747,0.579629560719505,51.7,27.2581818181818,21.0418181818182,1.52909090909091,46.22,0.0436363636363636,26.2672727272727,0.0381818181818182,25.9018181818182,-0.0876924051216602,1.8348008972381,0.89678213469316,0.874533084311633,0.886978311587315
134823,69817,65006,0.672272380978711,0.590578476072493,0.579777412742839,51.7054545454545,27.2418181818182,21.0527272727273,1.52727272727273,46.2581818181818,0.0454545454545455,26.2418181818182,0.0454545454545455,25.8818181818182,-0.0895437667083487,1.82777331791903,0.896828187636261,0.874390976439965,0.887036877105104
134786,69803,64983,0.67235971663555,0.590500754283938,0.579602867256515,51.7127272727273,27.2436363636364,21.0436363636364,1.52181818181818,46.2836363636364,0.0418181818181818,26.24,0.04,25.8727272727273,-0.0921179481493627,1.81762706495144,0.89680753814781,0.874265883609183,0.886988076723691
134760,69799,64961,0.672258025128787,0.59062324184329,0.579333520699289,51.7163636363636,27.2509090909091,21.0327272727273,1.52,46.3018181818182,0.0418181818181818,26.2418181818182,0.0327272727272727,25.8618181818182,-0.0932865135576735,1.81572282128459,0.896779637181831,0.874299439551641,0.886756569847856
134980,69829,65151,0.672368693808531,0.590700632603915,0.579382137955915,51.7236363636364,27.2472727272727,21.0290909090909,1.51454545454545,46.3145454545455,0.0472727272727273,26.2454545454545,0.0381818181818182,25.84,-0.0866219843302547,1.83041240052447,0.896758998875141,0.874549579607634,0.886909908352066
135066,69821,65245,0.67236473592453,0.590485918190616,0.579404463700305,51.7181818181818,27.2490909090909,21.0327272727273,1.51454545454545,46.34,0.0345454545454545,26.2436363636364,0.0345454545454545,25.8327272727273,-0.0901198121318885,1.82873012619093,0.896818421515205,0.874291052245279,0.886929460580913
135006,69819,65187,0.672342733070762,0.590166072661164,0.579378285422356,51.7109090909091,27.2527272727273,21.0363636363636,1.51454545454545,46.3454545454545,0.0381818181818182,26.2490909090909,0.0381818181818182,25.8145454545455,-0.092128232014511,1.80341369998853,0.896909391371611,0.87404096337314,0.88686257562662
134995,69817,65178,0.672304083365462,0.590520533193774,0.579334304506051,51.7109090909091,27.26,21.0290909090909,1.50909090909091,46.3727272727273,0.0418181818181818,26.2490909090909,0.0345454545454545,25.7927272727273,-0.0904968385089887,1.79753812154205,0.896839070356176,0.874207963716401,0.886909908352066
135004,69817,65187,0.672344449586081,0.590429907461608,0.579422177882107,51.7127272727273,27.2527272727273,21.0345454545455,1.50727272727273,46.3963636363636,0.0472727272727273,26.2236363636364,0.0381818181818182,25.7872727272727,-0.0913513127782525,1.78430156133095,0.89684269741931,0.874307825738875,0.886939234160256
134832,69807,65025,0.672262759973362,0.590398248063656,0.579508354386634,51.7181818181818,27.2436363636364,21.0381818181818,1.50363636363636,46.4145454545455,0.0527272727272727,26.2272727272727,0.0381818181818182,25.7636363636364,-0.0939570028698654,1.76449285600207,0.896783265951837,0.874265883609183,0.887045199204909
134939,69819,65120,0.67227440814583,0.590366420063286,0.57941812307537,51.7163636363636,27.2490909090909,21.0345454545455,1.50363636363636,46.4327272727273,0.0472727272727273,26.2345454545455,0.0472727272727273,25.7345454545455,-0.0932158350074711,1.76979170302564,0.896849950780481,0.874291052245279,0.886939234160256
135032,69819,65213,0.672313914452951,0.590717389548704,0.579535434102384,51.7127272727273,27.2581818181818,21.0290909090909,1.50727272727273,46.4490909090909,0.0454545454545455,26.2290909090909,0.0490909090909091,25.72,-0.095064548416386,1.77339754019737,0.89684269741931,0.874599786552828,0.887082828981497
134913,69799,65114,0.672335238412339,0.590758288974377,0.579496782125062,51.7163636363636,27.2563636363636,21.0272727272727,1.50545454545455,46.4709090909091,0.0490909090909091,26.2236363636364,0.0509090909090909,25.7,-0.0965028690732486,1.75683606604791,0.896814793981156,0.874524714828897,0.886986597492434
134841,69789,65052,0.67228764856767,0.590700115446257,0.57925921953555,51.7072727272727,27.2654545454545,21.0272727272727,1.50545454545455,46.5072727272727,0.0490909090909091,26.2181818181818,0.0418181818181818,25.6781818181818,-0.0995557820081145,1.74027977341532,0.896902141425507,0.874366497732729,0.886640726329442
134879,69787,65092,0.672242403149004,0.590675070519142,0.579302222150649,51.7054545454545,27.2636363636364,21.0309090909091,1.50727272727273,46.52,0.0472727272727273,26.2218181818182,0.04,25.6636363636364,-0.0993036512405194,1.73298990762454,0.896863351853154,0.874424808269423,0.886660326791735
134950,69809,65141,0.672292473347563,0.59035918504577,0.579312046758908,51.7218181818182,27.2527272727273,21.0254545454545,1.50181818181818,46.5509090909091,0.0436363636363636,26.2145454545455,0.0345454545454545,25.6545454545455,-0.0956846895488111,1.73686865152664,0.896860828909903,0.874374541330309,0.88680387409201
134994,69803,65191,0.672347218188953,0.590352326397708,0.579317539723935,51.7272727272727,27.2563636363636,21.0163636363636,1.50181818181818,46.5654545454545,0.0490909090909091,26.2036363636364,0.0381818181818182,25.6418181818182,-0.0954599813965615,1.72869783257007,0.896836555360281,0.874257888066173,0.886927934942469
135071,69789,65282,0.672417643019319,0.590104738664754,0.579380209299167,51.7236363636364,27.2436363636364,21.0327272727273,1.50181818181818,46.6036363636364,0.0472727272727273,26.1927272727273,0.0327272727272727,25.6218181818182,-0.0975093493381626,1.72831511187833,0.896829302587177,0.873998932194341,0.886843015214384
135152,69795,65357,0.67237704398036,0.590119984667387,0.579509480865838,51.7272727272727,27.2381818181818,21.0345454545455,1.50181818181818,46.6072727272727,0.0581818181818182,26.1927272727273,0.04,25.6,-0.0948383321659507,1.72261560276278,0.896801405975395,0.874040451238235,0.887025672054629
135129,69795,65334,0.672363309984899,0.590249110082448,0.579406506124734,51.7236363636364,27.2472727272727,21.0290909090909,1.50363636363636,46.6181818181818,0.0581818181818182,26.1872727272727,0.04,25.5927272727273,-0.0959811515512146,1.71491080798759,0.896794150731159,0.87414920592553,0.886909908352066
135130,69797,65333,0.672412216125627,0.590502661306098,0.579282149946637,51.7218181818182,27.2490909090909,21.0290909090909,1.50363636363636,46.64,0.0509090909090909,26.18,0.0345454545454545,25.5909090909091,-0.100202724303778,1.71115089955274,0.896860828909903,0.874491225728965,0.886736987722635
135285,69797,65488,0.672501575293555,0.590580853573068,0.579183955348836,51.7127272727273,27.2527272727273,21.0345454545455,1.5,46.6745454545455,0.0454545454545455,26.1727272727273,0.04,25.5672727272727,-0.099215553907032,1.71782025354914,0.896877856690809,0.87457468810461,0.886593482582764
135427,69805,65622,0.672543997081975,0.590561478974025,0.57914737027931,51.7109090909091,27.2636363636364,21.0254545454545,1.49636363636364,46.6945454545455,0.0454545454545455,26.1672727272727,0.0436363636363636,25.5527272727273,-0.0976077491328231,1.71938590690578,0.896803909848458,0.874491497165722,0.88680387409201
135026,69795,65231,0.672250759779744,0.590483669720289,0.579364721272557,51.7163636363636,27.2527272727273,21.0309090909091,1.49636363636364,46.7072727272727,0.0472727272727273,26.1727272727273,0.0436363636363636,25.5327272727273,-0.0975343959082569,1.67406611643012,0.896779637181831,0.874374541330309,0.887006138151638
134987,69793,65194,0.672352723245449,0.59060989129789,0.579445135057587,51.72,27.2490909090909,21.0309090909091,1.49636363636364,46.7272727272727,0.0418181818181818,26.1672727272727,0.0327272727272727,25.5345454545455,-0.100543206399479,1.65818033600226,0.896857203121704,0.874491225728965,0.887092590991614
134969,69797,65172,0.672327445584077,0.590553000596919,0.579499341986634,51.7181818181818,27.2472727272727,21.0345454545455,1.49636363636364,46.7272727272727,0.0509090909090909,26.1672727272727,0.0363636363636364,25.5218181818182,-0.100162091157307,1.65303635153157,0.896923888205308,0.874416121713599,0.887112109949002
135262,69797,65465,0.672503582715785,0.590510580781948,0.579468889125792,51.7054545454545,27.2490909090909,21.0454545454545,1.49454545454545,46.7509090909091,0.0472727272727273,26.1527272727273,0.0436363636363636,25.5109090909091,-0.0993011729279798,1.6761761255901,0.89693368028694,0.874424501234403,0.886911447084233
135323,69803,65520,0.672348345710685,0.590651996774805,0.579288075879678,51.6963636363636,27.2636363636364,21.04,1.49818181818182,46.7690909090909,0.0381818181818182,26.16,0.0272727272727273,25.5072727272727,-0.0981173436394205,1.67839397046376,0.896845215067,0.874558186062021,0.886795713791911
135481,69803,65678,0.672418554734427,0.590614546290673,0.579341814798407,51.7018181818182,27.2581818181818,21.04,1.49454545454545,46.7872727272727,0.0454545454545455,26.1363636363636,0.0363636363636364,25.5,-0.0968228735405401,1.6830697116188,0.896785764523843,0.874533084311633,0.886882129277566
135352,69795,65557,0.672419087147382,0.590318797142204,0.579349449833192,51.6927272727273,27.2581818181818,21.0490909090909,1.49636363636364,46.8,0.0454545454545455,26.1381818181818,0.0218181818181818,25.4981818181818,-0.101135426861253,1.65899133312474,0.896873131441033,0.874266275346852,0.886844605683683
135406,69809,65597,0.672427668586993,0.590366212383822,0.579403894942151,51.7018181818182,27.2527272727273,21.0454545454545,1.49454545454545,46.8127272727273,0.0472727272727273,26.1381818181818,0.0254545454545455,25.4818181818182,-0.0981074677569929,1.65049658200746,0.896820931213954,0.874441256921743,0.886997840172786
135235,69791,65444,0.672388028946494,0.590400988700996,0.57928437633991,51.6981818181818,27.2672727272727,21.0345454545455,1.49454545454545,46.8290909090909,0.0418181818181818,26.1363636363636,0.0290909090909091,25.4690909090909,-0.102363625930858,1.63134343854406,0.896848842934515,0.874241514969661,0.886939234160256
135212,69781,65431,0.672365629589753,0.590423315939654,0.579226549022662,51.7036363636364,27.2527272727273,21.0436363636364,1.49272727272727,46.8381818181818,0.0454545454545455,26.1327272727273,0.0236363636363636,25.4672727272727,-0.103300070746429,1.62309314521157,0.896824559552695,0.874374541330309,0.8867288750648
135326,69763,65563,0.672426655827828,0.590780279620119,0.579316485037213,51.7054545454545,27.2636363636364,21.0309090909091,1.48727272727273,46.8436363636364,0.0472727272727273,26.1327272727273,0.0327272727272727,25.4563636363636,-0.107074342620961,1.62787988389715,0.896757859202476,0.874491497165722,0.886919685311663
135363,69789,65574,0.67245659489914,0.590518389876082,0.579323098772137,51.7036363636364,27.2672727272727,21.0290909090909,1.48545454545455,46.8581818181818,0.0472727272727273,26.12,0.0327272727272727,25.4563636363636,-0.100614221241002,1.61807036846029,0.896859725006154,0.874308194972328,0.886996368666782
135192,69791,65401,0.672387717566932,0.590344029975469,0.57916924316151,51.7,27.2690909090909,21.0309090909091,1.48545454545455,46.8545454545455,0.0418181818181818,26.1290909090909,0.0290909090909091,25.46,-0.102084747788533,1.59445944680959,0.896957974327413,0.874183224429924,0.886833232471687
135341,69783,65558,0.672477839004413,0.590246790002128,0.579253825236347,51.7018181818182,27.26,21.0381818181818,1.48181818181818,46.8490909090909,0.0454545454545455,26.1290909090909,0.0236363636363636,25.4709090909091,-0.107409796888202,1.59472368347924,0.896926431284288,0.874207963716401,0.886872353297036
135294,69789,65505,0.67241092362366,0.590322484877681,0.579151702135545,51.7036363636364,27.26,21.0363636363636,1.48181818181818,46.8490909090909,0.0545454545454545,26.1236363636364,0.0272727272727273,25.4636363636364,-0.103816171158079,1.58142140754922,0.896894890459612,0.874341359301007,0.886776145203112
135498,69781,65717,0.672514273532217,0.590404895018904,0.579150492522501,51.7072727272727,27.26,21.0327272727273,1.48,46.8563636363636,0.0436363636363636,26.1254545454545,0.0290909090909091,25.4654545454545,-0.104621830054649,1.59633381407158,0.896831815464679,0.87440805709331,0.886756569847856
135392,69767,65625,0.672546882828677,0.590377574423698,0.579325438531373,51.7109090909091,27.2418181818182,21.0472727272727,1.48,46.86,0.0454545454545455,26.1327272727273,0.0327272727272727,25.4490909090909,-0.106505587840167,1.58176299789074,0.896874230863894,0.874324234132016,0.886748445058742
135398,69769,65629,0.672527833320132,0.590282855122152,0.579325178688414,51.7127272727273,27.2381818181818,21.0490909090909,1.47818181818182,46.8781818181818,0.0472727272727273,26.1309090909091,0.0327272727272727,25.4327272727273,-0.105392012871148,1.57406783263326,0.89684269741931,0.874307456111074,0.886758227520083
135270,69763,65507,0.672430339752468,0.59022437163022,0.579193325099931,51.7054545454545,27.2472727272727,21.0472727272727,1.47818181818182,46.8890909090909,0.0418181818181818,26.1418181818182,0.0236363636363636,25.4254545454545,-0.108426971155462,1.55611335594334,0.896898516070047,0.87414920592553,0.88666205943331
135207,69787,65420,0.672328410218196,0.590478721451483,0.579265939147888,51.6909090909091,27.2709090909091,21.0381818181818,1.47454545454545,46.9036363636364,0.0436363636363636,26.1327272727273,0.0290909090909091,25.4163636363636,-0.106817668688944,1.53969223552637,0.897010200492438,0.874324954997,0.886958776250972
135280,69787,65493,0.672319314433659,0.590463503800283,0.579209375745527,51.6836363636364,27.28,21.0363636363636,1.47272727272727,46.9054545454546,0.0454545454545455,26.1418181818182,0.0309090909090909,25.4036363636364,-0.107345449225845,1.53996239004826,0.897030887215929,0.874233537723274,0.88694900605013
135325,69777,65548,0.672200784002463,0.590512017080006,0.579275657846815,51.6872727272727,27.2690909090909,21.0436363636364,1.47272727272727,46.9145454545455,0.0436363636363636,26.1527272727273,0.0327272727272727,25.3836363636364,-0.109703761366109,1.53740242237903,0.896932601660335,0.874449926656888,0.886815275617764
135545,69773,65772,0.67242129482466,0.590470642210207,0.579204131447174,51.6909090909091,27.2727272727273,21.0363636363636,1.46909090909091,46.9218181818182,0.0545454545454545,26.1545454545455,0.0272727272727273,25.3727272727273,-0.109683506528315,1.55253133708823,0.896904678156877,0.874266666666667,0.88694900605013
135619,69773,65846,0.672571342072116,0.5904132035554,0.57911685003932,51.6872727272727,27.2709090909091,21.0418181818182,1.46363636363636,46.9236363636364,0.0472727272727273,26.1709090909091,0.0363636363636364,25.3581818181818,-0.110803032500421,1.55416473948862,0.896967778246799,0.874258283885592,0.886805495549987
135457,69765,65692,0.672503191253384,0.590313282498169,0.579202514727582,51.6854545454545,27.26,21.0545454545455,1.45818181818182,46.9363636363636,0.0545454545454545,26.1763636363636,0.0327272727272727,25.3418181818182,-0.109881647658767,1.52738690461582,0.896964153797446,0.874274661508704,0.886701208981002
135440,69750,65690,0.672434717736496,0.590652690421711,0.579380703024299,51.6745454545455,27.28,21.0454545454545,1.46,46.9472727272727,0.0490909090909091,26.18,0.0345454545454545,25.3290909090909,-0.115067767575304,1.51595267559275,0.896942401745188,0.874300186616902,0.886997840172786
135390,69764,65626,0.672331887120075,0.590435920303485,0.579254222165291,51.6745454545455,27.2781818181818,21.0472727272727,1.45454545454545,46.9436363636364,0.0636363636363636,26.1854545454545,0.0309090909090909,25.3218181818182,-0.111876753349034,1.5014218922514,0.896942401745188,0.874225154969006,0.886834830684174
135581,69760,65821,0.672503722171404,0.590397037165957,0.579355267793832,51.6854545454545,27.2563636363636,21.0581818181818,1.45090909090909,46.9618181818182,0.0490909090909091,26.1927272727273,0.04,25.3054545454545,-0.114627091473283,1.5173987689174,0.896999331621346,0.874257888066173,0.886807114487999
135680,69760,65920,0.672536575118881,0.590440696512997,0.579298024007982,51.6818181818182,27.2672727272727,21.0509090909091,1.44727272727273,46.9745454545455,0.0472727272727273,26.2,0.0363636363636364,25.2945454545455,-0.116532784488663,1.51518631854137,0.896956904133685,0.874374874974995,0.886854378994645
135584,69768,65816,0.672546721763405,0.590271535054437,0.579146894892208,51.7036363636364,27.2527272727273,21.0436363636364,1.44,46.9927272727273,0.0509090909090909,26.1963636363636,0.0363636363636364,25.2836363636364,-0.114300943356846,1.49480550247245,0.896930055913071,0.874307825738875,0.886815275617764
135447,69772,65675,0.672297057983589,0.590366633666184,0.579158499413848,51.6981818181818,27.2545454545455,21.0472727272727,1.43636363636364,47.0072727272727,0.0472727272727273,26.2163636363636,0.0418181818181818,25.2509090909091,-0.111455931627147,1.47111386836041,0.89691918126187,0.874449633088726,0.886834830684174
135569,69766,65803,0.672370876084505,0.590229024954214,0.579112620345149,51.6909090909091,27.2581818181818,21.0509090909091,1.43818181818182,47.0218181818182,0.0509090909090909,26.22,0.0327272727272727,25.2363636363636,-0.112336623229004,1.47431397206912,0.896975026380584,0.874199573105656,0.886768008291588
135654,69766,65888,0.672420114806832,0.590112739134056,0.579113409926924,51.6836363636364,27.2690909090909,21.0472727272727,1.43454545454545,47.0327272727273,0.0581818181818182,26.2145454545455,0.0309090909090909,25.2290909090909,-0.11150321657485,1.47277850040065,0.896960529093084,0.873983197759701,0.886834830684174
135736,69770,65966,0.672359361337661,0.590240383074172,0.579183120046597,51.6672727272727,27.2854545454545,21.0472727272727,1.43272727272727,47.04,0.0563636363636364,26.2090909090909,0.0381818181818182,25.2236363636364,-0.114447198372826,1.47098579873881,0.896963085477003,0.874058772572799,0.887007601935038
135410,69769,65641,0.672294173840006,0.590367788820142,0.57902280369372,51.6909090909091,27.2581818181818,21.0509090909091,1.42363636363636,47.0563636363636,0.0527272727272727,26.2145454545455,0.0309090909090909,25.2218181818182,-0.11568309855568,1.43114542144943,0.897080548716145,0.874266275346852,0.886768008291588
135715,69763,65952,0.672422081397697,0.589991724788726,0.579144990573568,51.6963636363636,27.2363636363636,21.0672727272727,1.41818181818182,47.0636363636364,0.0490909090909091,26.2236363636364,0.0345454545454545,25.2109090909091,-0.113582010725606,1.44526876251171,0.896950726268772,0.874165554072096,0.88668335203245
135895,69757,66138,0.672508608653723,0.590121670872034,0.579068812652838,51.6981818181818,27.2490909090909,21.0527272727273,1.41454545454545,47.0690909090909,0.0563636363636364,26.2109090909091,0.0345454545454545,25.2145454545455,-0.116475326292725,1.44880663542585,0.896848842934515,0.874291052245279,0.886777787373694
135963,69763,66200,0.672662748683046,0.590293316528807,0.579065193559137,51.7054545454545,27.2436363636364,21.0509090909091,1.40909090909091,47.0836363636364,0.0581818181818182,26.2090909090909,0.0381818181818182,25.2018181818182,-0.117086098307416,1.44902658643497,0.896898516070047,0.874399359316604,0.886854378994645
135981,69775,66206,0.672648686721844,0.590137521360357,0.579098513740202,51.6945454545455,27.2527272727273,21.0527272727273,1.40727272727273,47.0854545454546,0.0509090909090909,26.2163636363636,0.0381818181818182,25.2018181818182,-0.113305323110729,1.44062486960214,0.896982273494654,0.874241110147441,0.886864150617497
135869,69779,66090,0.672444530456484,0.590042721766912,0.578916783444703,51.6745454545455,27.2745454545455,21.0509090909091,1.40181818181818,47.0909090909091,0.0509090909090909,26.24,0.0363636363636364,25.18,-0.113996252728115,1.41699086152737,0.897083142746561,0.874008399440037,0.886768008291588
135703,69783,65920,0.672264352247462,0.590235969861153,0.57901466744837,51.6854545454545,27.2709090909091,21.0436363636364,1.39272727272727,47.1054545454545,0.0490909090909091,26.24,0.0327272727272727,25.18,-0.112766285288671,1.39036166676828,0.897034509445246,0.874191612774185,0.886988076723691
135831,69787,66044,0.672332915140549,0.590235573522474,0.579205410160185,51.6836363636364,27.2618181818182,21.0545454545455,1.39090909090909,47.1090909090909,0.0509090909090909,26.2472727272727,0.0309090909090909,25.1709090909091,-0.112814362883364,1.39503031377681,0.897030887215929,0.874283046551954,0.88713298791019
135824,69757,66067,0.67242938175758,0.590342802899205,0.578877831288282,51.6872727272727,27.2636363636364,21.0490909090909,1.38545454545455,47.1163636363636,0.0527272727272727,26.2654545454545,0.0327272727272727,25.1472727272727,-0.120445411151608,1.38443228440275,0.896967778246799,0.874291430476826,0.886844605683683
136088,69773,66315,0.672535997983198,0.590345778411255,0.578847123389394,51.6981818181818,27.2581818181818,21.0436363636364,1.38363636363636,47.1327272727273,0.0527272727272727,26.2527272727273,0.0290909090909091,25.1490909090909,-0.113992549394276,1.40171606713398,0.89691918126187,0.874332977588047,0.886901676170727
136089,69775,66314,0.672428790844875,0.59020931424995,0.578981752769389,51.7,27.2418181818182,21.0581818181818,1.37818181818182,47.1490909090909,0.0490909090909091,26.2527272727273,0.0290909090909091,25.1418181818182,-0.111128474727064,1.39190606047103,0.896887638473712,0.874390976439965,0.886807114487999
135995,69777,66218,0.67235903326127,0.590165544060972,0.578921585865953,51.6872727272727,27.26,21.0527272727273,1.37272727272727,47.1509090909091,0.0509090909090909,26.2654545454545,0.0218181818181818,25.1381818181818,-0.112213768967327,1.37816630501977,0.896897425073871,0.874341359301007,0.886864150617497
135888,69761,66127,0.672311931753234,0.590128680750158,0.578878605874365,51.6690909090909,27.2672727272727,21.0636363636364,1.37454545454545,47.1563636363636,0.0490909090909091,26.2654545454545,0.0290909090909091,25.1254545454545,-0.118406045371839,1.35900335849093,0.897037089168837,0.874174834966993,0.886663789382823
135710,69755,65955,0.672257761740848,0.589876988795244,0.578991893221968,51.6818181818182,27.2509090909091,21.0672727272727,1.38,47.1618181818182,0.0563636363636364,26.2563636363636,0.0290909090909091,25.1163636363636,-0.120391074196959,1.33306692958471,0.89702726473175,0.874032559380838,0.886769655648572
135999,69765,66234,0.672497619151875,0.589792847510477,0.578964492680075,51.6818181818182,27.2527272727273,21.0654545454545,1.39454545454545,47.1727272727273,0.0527272727272727,26.2490909090909,0.0290909090909091,25.1018181818182,-0.118619823368565,1.3494025004689,0.897062445030783,0.873974247781707,0.88684619368203
135805,69767,66038,0.672254000116479,0.590056264665228,0.578955843588417,51.6963636363636,27.2509090909091,21.0527272727273,1.39818181818182,47.1836363636364,0.0545454545454545,26.2418181818182,0.0327272727272727,25.0890909090909,-0.116153344478913,1.32683243082667,0.896950726268772,0.87416599946624,0.887036877105104
135976,69779,66197,0.672378700210432,0.590112076592641,0.578853960467242,51.6909090909091,27.26,21.0490909090909,1.40727272727273,47.1818181818182,0.0563636363636364,26.2418181818182,0.0272727272727273,25.0854545454545,-0.114972941516118,1.33084773541936,0.896975026380584,0.874274661508704,0.886930983847283
136211,69775,66436,0.672459975211858,0.590014347385948,0.578789226610548,51.6854545454545,27.2618181818182,21.0527272727273,1.40545454545455,47.2072727272727,0.0509090909090909,26.2309090909091,0.0290909090909091,25.0763636363636,-0.115734323786852,1.34237466370264,0.896964153797446,0.874149659863946,0.886864150617497
136007,69749,66258,0.672371649074388,0.590058329543309,0.578901021156109,51.6818181818182,27.2545454545455,21.0636363636364,1.40363636363636,47.2090909090909,0.0563636363636364,26.2309090909091,0.0309090909090909,25.0690909090909,-0.123115372365547,1.31903827871323,0.896992084432718,0.874116077384923,0.886836426413466
136009,69767,66242,0.672341051054676,0.590028914832396,0.578857604135049,51.6945454545455,27.2418181818182,21.0636363636364,1.4,47.22,0.0454545454545455,26.2381818181818,0.0327272727272727,25.0636363636364,-0.117323598888668,1.30658629011278,0.896947101857063,0.874324234132016,0.886836426413466
136017,69775,66242,0.672364676905397,0.589902712804298,0.578810069430018,51.7018181818182,27.2436363636364,21.0545454545455,1.38363636363636,47.24,0.0472727272727273,26.2490909090909,0.0218181818181818,25.0581818181818,-0.11467721970105,1.29887877915859,0.896961597974399,0.874199145755473,0.886873920552677
136149,69763,66386,0.672449492711228,0.58983641389393,0.578894254642055,51.6945454545455,27.2436363636364,21.0618181818182,1.36909090909091,47.2672727272727,0.0472727272727273,26.2418181818182,0.0254545454545455,25.0490909090909,-0.117339886003108,1.29989912760317,0.896982273494654,0.874132407901762,0.886826657458563
136271,69777,66494,0.672518625183091,0.589857517327222,0.578837730571403,51.6909090909091,27.2472727272727,21.0618181818182,1.36545454545455,47.2672727272727,0.0509090909090909,26.26,0.0254545454545455,25.0309090909091,-0.117790203228982,1.31260434489867,0.897045374604291,0.874215934872548,0.886826657458563
135936,69765,66171,0.672318451927713,0.589784116490479,0.579079335677258,51.6945454545455,27.2345454545455,21.0709090909091,1.35636363636364,47.2836363636364,0.0490909090909091,26.2636363636364,0.0309090909090909,25.0163636363636,-0.122094122499468,1.27264462939929,0.897087788407428,0.874157153348021,0.886961774096126
136361,69759,66602,0.672447736847612,0.589939379906668,0.579058327231492,51.6854545454545,27.2436363636364,21.0709090909091,1.35272727272727,47.28,0.0454545454545455,26.2745454545455,0.0236363636363636,25.0236363636364,-0.119333329991853,1.303981370445,0.896928975973546,0.874199145755473,0.886961774096126
136552,69769,66783,0.672490157093936,0.589931404111381,0.578944174771137,51.68,27.2581818181818,21.0618181818182,1.34545454545455,47.2818181818182,0.0563636363636364,26.2654545454545,0.0345454545454545,25.0163636363636,-0.117148372618447,1.31482344357805,0.896882915845764,0.874199573105656,0.886999309392265
136168,69761,66407,0.672283244439248,0.58982554056092,0.578887646357149,51.6709090909091,27.2581818181818,21.0709090909091,1.34545454545455,47.2963636363636,0.0509090909090909,26.2690909090909,0.0381818181818182,25,-0.120462245791185,1.27221961779393,0.897005524473064,0.874066168623266,0.886875485374062
136300,69755,66545,0.67242169847073,0.589884016316911,0.578776828521467,51.6763636363636,27.26,21.0636363636364,1.34545454545455,47.3018181818182,0.0527272727272727,26.2672727272727,0.0345454545454545,24.9981818181818,-0.125052986041423,1.26710987423801,0.897016395749771,0.874141265924098,0.886750107898144
136397,69767,66630,0.672393725986026,0.58991258745539,0.578712094080235,51.6854545454545,27.2509090909091,21.0636363636364,1.34363636363636,47.32,0.0527272727272727,26.2527272727273,0.0309090909090909,25,-0.120537987020163,1.26437718574254,0.896964153797446,0.87423271950894,0.886750107898144
