"total_rewards","action_rewards","opinion_rewards","sp0_social_trust","sp1_social_trust","sp2_social_trust","sp0_request_rate","sp1_request_rate","sp2_request_rate","op0_expression_rate","op1_expression_rate","op2_expression_rate","op3_expression_rate","op4_expression_rate","op5_expression_rate","mean_loss1","mean_loss2","sp0_availability","sp1_availability","sp2_availability"
22749,31520,-8771,0.715657695657999,0.733468200570082,0.706417578161859,32.8127272727273,33.8309090909091,33.3563636363636,16.4454545454545,17.0163636363636,16.4090909090909,16.8836363636364,16.7963636363636,16.4490909090909,1.71239750276912,-6.22007482918826,0.863910899318446,0.892137367657333,0.84825029979287
23072,31548,-8476,0.715525468593017,0.733686178560475,0.706259373158279,32.8,33.8927272727273,33.3072727272727,16.3363636363636,17.1218181818182,16.32,16.9763636363636,16.6818181818182,16.5636363636364,1.64239535765214,-6.24254450906407,0.864079822616408,0.892173166675608,0.84829957967138
23395,31533,-8138,0.715590048807026,0.733546961704407,0.706152542786521,32.8272727272727,33.8818181818182,33.2909090909091,16.1854545454545,17.2763636363636,16.1709090909091,17.0890909090909,16.6054545454545,16.6727272727273,1.56875616420399,-6.24847225384279,0.864248130711714,0.891816474376174,0.848115783724741
23726,31571,-7845,0.715739877029261,0.733598195599539,0.705977029072881,32.8454545454545,33.8981818181818,33.2563636363636,16.0909090909091,17.4,16.0272727272727,17.2218181818182,16.4618181818182,16.7981818181818,1.49937709461559,-6.2686666466973,0.864544699695544,0.892083243939069,0.847958012137117
24015,31596,-7581,0.715894533971111,0.733398626089506,0.705982983118781,32.8872727272727,33.8890909090909,33.2236363636364,16.0054545454545,17.4872727272727,15.8745454545455,17.4254545454545,16.2890909090909,16.9181818181818,1.4287813056599,-6.31508558229967,0.864716939407342,0.892000643811363,0.848191320527554
24235,31601,-7366,0.715877671692263,0.733434689593363,0.705807429949074,32.8909090909091,33.9109090909091,33.1981818181818,15.8236363636364,17.6527272727273,15.7745454545455,17.5145454545455,16.2327272727273,17.0018181818182,1.35594320405613,-6.38556706038388,0.86473189607518,0.892123746715994,0.848184456980119
24571,31623,-7052,0.715878576340885,0.733435057324307,0.705685014203633,32.9327272727273,33.9290909090909,33.1381818181818,15.7,17.8,15.6345454545455,17.6436363636364,16.0509090909091,17.1709090909091,1.28448391394182,-6.41407840035178,0.864793242422569,0.892288730507475,0.848403379787117
24945,31668,-6723,0.715803279217941,0.733559708598352,0.705568947856947,32.9527272727273,33.9654545454545,33.0818181818182,15.5527272727273,17.9290909090909,15.5163636363636,17.8290909090909,15.88,17.2927272727273,1.21426797129891,-6.4432181336663,0.864764952549106,0.892350516567636,0.84869469634515
25260,31662,-6402,0.715777454745084,0.733317616520222,0.705474401242343,32.9781818181818,33.98,33.0418181818182,15.4054545454545,18.0636363636364,15.3872727272727,17.9745454545455,15.7454545454545,17.4236363636364,1.13895105015148,-6.48087228103117,0.864869335097585,0.892129059874793,0.848731634842899
25530,31681,-6151,0.71587469050163,0.733099244707457,0.705391884567885,33.0090909090909,33.9945454545455,32.9963636363636,15.2527272727273,18.1927272727273,15.28,18.1345454545455,15.56,17.58,1.06541320789944,-6.55390708879991,0.86510603139631,0.891693854629085,0.849184483138638
25944,31727,-5783,0.715911202545495,0.73315753689014,0.705203592861602,33.0254545454545,34.0327272727273,32.9418181818182,15.0781818181818,18.3854545454545,15.1145454545455,18.2818181818182,15.3763636363636,17.7636363636364,0.993441565470262,-6.5828077825633,0.865338031270645,0.891761940378246,0.849265923391103
26439,31730,-5291,0.715785707451684,0.73327112742109,0.704880512416924,33.0272727272727,34.1181818181818,32.8545454545455,14.9036363636364,18.5563636363636,14.9290909090909,18.46,15.2,17.9509090909091,0.916655363819816,-6.54625917022878,0.865565648224608,0.89166000532907,0.849142224681793
26801,31775,-4974,0.715666716541443,0.733242480014444,0.704790926216099,33.0563636363636,34.1054545454545,32.8381818181818,14.7127272727273,18.7254545454545,14.7981818181818,18.62,15.0254545454545,18.1181818181818,0.843198807673021,-6.59974699399688,0.865628953302899,0.891992749760102,0.849067050550911
27408,31831,-4423,0.715746488539082,0.732986876630231,0.704720598208494,33.0636363636364,34.1054545454545,32.8309090909091,14.4872727272727,18.9581818181818,14.6109090909091,18.8236363636364,14.7854545454545,18.3345454545455,0.77001320773905,-6.53850334178318,0.866098432774264,0.891619575647724,0.849144376142216
27922,31891,-3969,0.71571717015138,0.732824790962774,0.704259432771665,33.1,34.14,32.76,14.2927272727273,19.1163636363636,14.4454545454545,19.0509090909091,14.5563636363636,18.5381818181818,0.696426465836438,-6.5305768224326,0.866190606976106,0.891569473291793,0.848928848928849
28424,31937,-3513,0.715679572659444,0.732762600445692,0.70396901771569,33.0709090909091,34.2018181818182,32.7272727272727,14.0963636363636,19.3072727272727,14.2381818181818,19.26,14.3181818181818,18.78,0.62063186656345,-6.51613584973595,0.866567705756226,0.89155281484238,0.848944444444444
28928,31987,-3059,0.715386600686216,0.732730943456063,0.70383121344664,33.0727272727273,34.2509090909091,32.6763636363636,13.8727272727273,19.5236363636364,14.0236363636364,19.5018181818182,14.0436363636364,19.0345454545455,0.544757993654771,-6.5018588272008,0.866410115448048,0.89154899670878,0.849098597818829
29494,32077,-2583,0.715263344073461,0.732684463889594,0.703531362171195,33.1,34.2690909090909,32.6309090909091,13.6345454545455,19.7672727272727,13.8145454545455,19.6963636363636,13.8109090909091,19.2763636363636,0.471484698490663,-6.47409845807336,0.866575116726174,0.891765704584041,0.849222711316655
29937,32150,-2213,0.715066866722639,0.732576452337645,0.702957913524735,33.1218181818182,34.3236363636364,32.5545454545455,13.4672727272727,19.9109090909091,13.6127272727273,19.8781818181818,13.5727272727273,19.5581818181818,0.396594870090485,-6.49258125857873,0.866553219520228,0.891884733552283,0.848924881318068
30395,32178,-1783,0.715026723118296,0.732428306220483,0.702566481158923,33.14,34.3381818181818,32.5218181818182,13.2763636363636,20.1018181818182,13.4145454545455,20.0818181818182,13.3636363636364,19.7618181818182,0.317448091506958,-6.47642639333552,0.866626433313217,0.892036429100921,0.84860513221893
31011,32224,-1213,0.714957424194468,0.732576354416958,0.70230528132243,33.1527272727273,34.3763636363636,32.4709090909091,13.0745454545455,20.3036363636364,13.16,20.3363636363636,13.1072727272727,20.0181818181818,0.239358381249688,-6.38772093382749,0.866732477788746,0.892473686994235,0.848647740634974
31495,32266,-771,0.714705726864274,0.732088148625857,0.701858820335,33.1909090909091,34.3854545454545,32.4236363636364,12.8945454545455,20.4381818181818,12.9690909090909,20.5836363636364,12.8454545454545,20.2690909090909,0.161252831328999,-6.35620466795835,0.866666666666667,0.892131979695431,0.848595300846745
32075,32320,-245,0.71451811801218,0.731725009629018,0.701506037369923,33.2290909090909,34.4181818181818,32.3527272727273,12.6927272727273,20.6090909090909,12.7709090909091,20.7927272727273,12.6363636363636,20.4981818181818,0.0835765291344036,-6.27047757777301,0.866436857080324,0.891917591125198,0.848769248061144
32595,32370,225,0.714378100920228,0.731866516376442,0.701019777668074,33.2163636363636,34.5054545454545,32.2781818181818,12.5218181818182,20.76,12.56,21.0418181818182,12.4072727272727,20.7090909090909,0.00575927008282055,-6.20873861096122,0.866604630795336,0.891716724628517,0.848645299386019
33078,32408,670,0.713918401895497,0.731728449953372,0.700834030073312,33.1963636363636,34.5709090909091,32.2327272727273,12.3072727272727,20.9927272727273,12.3345454545455,21.2454545454545,12.1909090909091,20.9290909090909,-0.073508495092392,-6.14904392361641,0.866414722313506,0.891395813611023,0.848826714801444
33579,32446,1133,0.713889360220366,0.731316904822659,0.70053145529142,33.2090909090909,34.5945454545455,32.1963636363636,12.1,21.1763636363636,12.1363636363636,21.4890909090909,11.9836363636364,21.1145454545455,-0.151674201271751,-6.08652413053946,0.866630166986039,0.890786776685762,0.848825389654393
34045,32555,1490,0.713791030324513,0.731477358524403,0.700212262063541,33.2163636363636,34.6545454545455,32.1290909090909,11.9036363636364,21.3818181818182,11.9181818181818,21.7018181818182,11.7363636363636,21.3581818181818,-0.2229855729775,-6.06056353774938,0.86671410586239,0.891133263378804,0.848904985569577
34429,32574,1855,0.713698799094261,0.731138960548542,0.699944579798284,33.2327272727273,34.7109090909091,32.0563636363636,11.7545454545455,21.5072727272727,11.72,21.9181818181818,11.5563636363636,21.5436363636364,-0.302048759026961,-6.02055531144142,0.866725024619761,0.89052433083652,0.849129374397368
34869,32636,2233,0.713340959783796,0.730929596928856,0.699700639938895,33.2345454545455,34.7381818181818,32.0272727272727,11.5872727272727,21.6618181818182,11.5527272727273,22.14,11.28,21.7781818181818,-0.376764757253907,-5.96674824357033,0.866677608184255,0.890557939914163,0.849049105875674
35329,32704,2625,0.713448292803705,0.730924853278893,0.69949333308601,33.2418181818182,34.7890909090909,31.9690909090909,11.4254545454545,21.8381818181818,11.3345454545455,22.3272727272727,11.1163636363636,21.9581818181818,-0.450294537435878,-5.90463821671226,0.867199037357108,0.890613567471517,0.849058749928909
35779,32790,2989,0.713223212895404,0.730923528753683,0.699440069969163,33.2272727272727,34.8236363636364,31.9490909090909,11.2745454545455,21.9690909090909,11.1872727272727,22.4909090909091,10.9109090909091,22.1672727272727,-0.52118471102281,-5.84775970578194,0.867250341997264,0.890774291233749,0.849533348508992
36330,32877,3453,0.713079562566623,0.730763396693233,0.699231351166097,33.2545454545455,34.8636363636364,31.8818181818182,11.1,22.1436363636364,10.9854545454545,22.6818181818182,10.7236363636364,22.3654545454545,-0.590839595957236,-5.74017867337574,0.867195188627665,0.890847457627119,0.849729113202167
36673,32953,3720,0.712922343990973,0.730874114840795,0.699078059250394,33.2454545454545,34.9072727272727,31.8472727272727,10.9709090909091,22.2890909090909,10.8418181818182,22.84,10.6127272727273,22.4454545454545,-0.660839184847745,-5.71995209618048,0.867213563029806,0.891140163550185,0.849908654944051
37076,32997,4079,0.712640020504847,0.730985347899648,0.698797933451184,33.2309090909091,35.0054545454545,31.7636363636364,10.8381818181818,22.4109090909091,10.7018181818182,23,10.4363636363636,22.6127272727273,-0.731742236018181,-5.64851500229402,0.866991300541664,0.891081909312834,0.849914138523183
37461,33076,4385,0.712557198181707,0.730963915401303,0.698757246005062,33.2363636363636,35.0254545454545,31.7381818181818,10.6854545454545,22.5345454545455,10.6109090909091,23.1672727272727,10.2509090909091,22.7509090909091,-0.798509860038757,-5.59982054612853,0.867177242888403,0.891455564784053,0.850080201649863
37822,33132,4690,0.712275752008957,0.730636174320879,0.698474386465643,33.2181818181818,35.1254545454545,31.6563636363636,10.5472727272727,22.6672727272727,10.4854545454545,23.3345454545455,10.0509090909091,22.9145454545455,-0.865996817838062,-5.54560563239184,0.866995073891626,0.891091671411564,0.850324507495262
38184,33224,4960,0.711986456339394,0.730914692138832,0.698255899697599,33.2109090909091,35.2054545454545,31.5836363636364,10.4,22.8527272727273,10.3490909090909,23.4472727272727,9.91818181818182,23.0327272727273,-0.929136542840438,-5.50743864395402,0.867020694185919,0.891390796880649,0.850670657993207
38522,33315,5207,0.711842188478918,0.730810161462784,0.697987636689112,33.1636363636364,35.3036363636364,31.5327272727273,10.2945454545455,22.94,10.24,23.5927272727273,9.77636363636364,23.1563636363636,-0.990454797311263,-5.47279145771807,0.867269736842105,0.891435340165834,0.850717868880816
38847,33359,5488,0.711580679416237,0.730657103977993,0.697441771656737,33.14,35.3836363636364,31.4763636363636,10.1909090909091,23.0872727272727,10.0963636363636,23.7381818181818,9.61636363636364,23.2709090909091,-1.0545032531023,-5.41624650467526,0.867394524606353,0.891423873387801,0.850335027726433
39311,33486,5825,0.711605154722405,0.730794733231705,0.696974708235789,33.1727272727273,35.46,31.3672727272727,10.0690909090909,23.2381818181818,9.87454545454546,23.9363636363636,9.50909090909091,23.3727272727273,-1.109719405391,-5.32768610770052,0.867634968484516,0.891862790339948,0.85045212149316
39666,33587,6079,0.711513793315397,0.731104150062345,0.696603289146173,33.1745454545455,35.5472727272727,31.2781818181818,9.97636363636364,23.3690909090909,9.72909090909091,24.06,9.39818181818182,23.4672727272727,-1.16577946624973,-5.27664429328658,0.867806642551792,0.892435169556544,0.850549322792536
40025,33701,6324,0.711475831167297,0.731546425867932,0.696308084512337,33.1636363636364,35.6563636363636,31.18,9.88909090909091,23.4909090909091,9.58363636363636,24.1818181818182,9.26363636363636,23.5909090909091,-1.218792982264,-5.2294927445325,0.867927631578947,0.893019223904951,0.850895095923961
40406,33818,6588,0.711513454818056,0.731790822551134,0.695854547048033,33.1127272727273,35.7963636363636,31.0909090909091,9.76363636363636,23.6327272727273,9.49636363636364,24.2890909090909,9.09636363636364,23.7218181818182,-1.27091413655064,-5.1634421359409,0.86849330112014,0.893336042259244,0.851111111111111
40742,33934,6808,0.711324530537815,0.731703251992793,0.695479000448783,33.0945454545455,35.88,31.0254545454545,9.67090909090909,23.7054545454545,9.40363636363636,24.4345454545455,8.94909090909091,23.8363636363636,-1.32066514762965,-5.1160377480767,0.86864080870234,0.89322995844735,0.851441631504923
41193,34059,7134,0.711408821243704,0.731792872938858,0.695184771607392,33.0690909090909,35.98,30.9509090909091,9.58181818181818,23.8345454545455,9.28727272727273,24.5454545454545,8.78181818181818,23.9690909090909,-1.36811313547871,-5.01853814450177,0.868869584341324,0.893678306129668,0.85184750044058
41564,34178,7386,0.711397648166882,0.732274930489904,0.694638099046368,33.0727272727273,36.0763636363636,30.8509090909091,9.46909090909091,23.9490909090909,9.15454545454545,24.7145454545455,8.68181818181818,24.0309090909091,-1.41492810926654,-4.96331299326637,0.868938977460143,0.894315089204717,0.851838755304102
41906,34281,7625,0.711135148224268,0.732149805283883,0.694489465195192,33.0690909090909,36.1054545454545,30.8254545454545,9.38363636363636,24.0854545454545,9.02181818181818,24.8418181818182,8.55272727272727,24.1145454545455,-1.46083424226804,-4.90066118836403,0.869089509566747,0.894551314331755,0.852129291022767
42279,34407,7872,0.710914581357415,0.732267339467333,0.694010315628252,33.0454545454545,36.2636363636364,30.6909090909091,9.29090909090909,24.1836363636364,8.90181818181818,24.9909090909091,8.42,24.2127272727273,-1.50272780656815,-4.83558238175782,0.869215955983494,0.894911005264477,0.852547393364929
42672,34501,8171,0.710853164027236,0.73216658497678,0.693237045232127,33.0563636363636,36.3727272727273,30.5709090909091,9.16727272727273,24.3254545454545,8.78727272727273,25.0963636363636,8.34,24.2836363636364,-1.54771673435515,-4.74594629352743,0.869589131510918,0.894976255936016,0.852325443083145
42989,34623,8366,0.710646220836283,0.732427823999441,0.693034542044393,33.0418181818182,36.4781818181818,30.48,9.09272727272727,24.42,8.66363636363636,25.2472727272727,8.18,24.3963636363636,-1.58717424273491,-4.69410036639734,0.869806856325318,0.895379554403629,0.853078024337867
43357,34760,8597,0.710198033447166,0.733184808745733,0.692318580140042,33.0145454545455,36.6381818181818,30.3472727272727,8.99090909090909,24.5436363636364,8.59090909090909,25.3436363636364,8.04727272727273,24.4836363636364,-1.62370164015076,-4.63327771696177,0.86958916180196,0.896332688204059,0.853094482056198
43815,34931,8884,0.71029286075085,0.732778731938861,0.691813092384424,33.0218181818182,36.7254545454545,30.2527272727273,8.90363636363636,24.6527272727273,8.52727272727273,25.4018181818182,7.94363636363636,24.5709090909091,-1.65689255920323,-4.54593116532673,0.870223543662592,0.89638100896084,0.853296472143759
44105,35049,9056,0.709969873494496,0.732935244728954,0.691136187539174,32.9981818181818,36.8527272727273,30.1490909090909,8.80545454545454,24.7545454545455,8.44363636363636,25.5090909090909,7.84909090909091,24.6381818181818,-1.69227764498104,-4.50743298557672,0.870130585707201,0.89678819872712,0.853395247859124
44540,35217,9323,0.709647382268746,0.732554228342306,0.690686127279122,32.9781818181818,36.9854545454545,30.0363636363636,8.72727272727273,24.8836363636364,8.32545454545455,25.6145454545455,7.70181818181818,24.7472727272727,-1.72239381616766,-4.40876073674722,0.870492887859742,0.896568675646446,0.853934624697337
44930,35389,9541,0.709245158540143,0.732681651383277,0.690297585257012,32.9454545454545,37.0709090909091,29.9836363636364,8.63454545454545,24.9963636363636,8.24545454545455,25.6981818181818,7.62,24.8054545454545,-1.75035911419175,-4.34047204283151,0.870584988962472,0.896905193977145,0.853980959311139
45256,35536,9720,0.709043825788475,0.732764669985971,0.689875488948405,32.9145454545455,37.1636363636364,29.9218181818182,8.55272727272727,25.08,8.2,25.7472727272727,7.54909090909091,24.8709090909091,-1.77838809761134,-4.29547877691009,0.871126332652047,0.897113502935421,0.853983107492253
45550,35685,9865,0.708737055738007,0.732401604086202,0.689276008065937,32.9527272727273,37.24,29.8072727272727,8.42363636363636,25.2181818181818,8.14727272727273,25.78,7.50545454545455,24.9254545454545,-1.80510585470633,-4.26260462863879,0.870999779298168,0.897129186602871,0.854397950469684
45867,35817,10050,0.708363481782842,0.73180585940752,0.688697916852227,32.94,37.3327272727273,29.7272727272727,8.36363636363636,25.3290909090909,8.05090909090909,25.8509090909091,7.39636363636364,25.0090909090909,-1.83191818865863,-4.20842330076478,0.871005133300215,0.896459358106463,0.854617737003058
46192,36047,10145,0.707752046832476,0.732062036962622,0.688325468241097,32.94,37.4563636363636,29.6036363636364,8.28363636363636,25.4545454545455,7.94727272727273,25.9472727272727,7.32,25.0472727272727,-1.84910611997951,-4.19889842325991,0.870784346194182,0.897140915489539,0.85554600171969
46593,36228,10365,0.707081362745348,0.732045358864983,0.687915331242495,32.9218181818182,37.5709090909091,29.5072727272727,8.18363636363636,25.62,7.82,26.0618181818182,7.24727272727273,25.0672727272727,-1.86916054378856,-4.12876022864472,0.87054730214834,0.897648083623693,0.856060139256886
46932,36444,10488,0.706637311906038,0.731670344022407,0.687393364400919,32.9109090909091,37.6781818181818,29.4109090909091,8.12363636363636,25.7145454545455,7.71636363636364,26.18,7.14545454545455,25.12,-1.88449872461232,-4.10250617265701,0.871056847687973,0.898035998648844,0.856330365974283
47494,36651,10843,0.706326716751686,0.731273650836959,0.686898084486595,32.8872727272727,37.7763636363636,29.3363636363636,8.02727272727273,25.8781818181818,7.59454545454545,26.2890909090909,7.08,25.1309090909091,-1.89904647144404,-3.96533875492486,0.871240601503759,0.898060355200462,0.856523086458011
47815,36885,10930,0.705888939580098,0.730994603943427,0.686179226411351,32.8527272727273,37.9090909090909,29.2381818181818,7.97090909090909,25.96,7.50909090909091,26.3945454545455,7.04727272727273,25.1181818181818,-1.911083343896,-3.95784269517118,0.871769328684487,0.898273381294964,0.856787513214352
48251,37105,11146,0.705386389118215,0.731020993780872,0.685200857620118,32.8018181818182,38.0927272727273,29.1054545454545,7.88181818181818,26.0854545454545,7.40181818181818,26.5036363636364,6.96,25.1672727272727,-1.9239027234641,-3.88646658658981,0.872235463666094,0.898381938809603,0.856634182908546
48596,37302,11294,0.704575521672748,0.730539350062977,0.684797894239034,32.7890909090909,38.1654545454545,29.0454545454545,7.84727272727273,26.1763636363636,7.31090909090909,26.58,6.81090909090909,25.2745454545455,-1.93506086793813,-3.84818904454058,0.872074969502052,0.898289743223286,0.857151799687011
49017,37516,11501,0.703562545922637,0.730401387047246,0.684004029266297,32.7490909090909,38.3927272727273,28.8581818181818,7.76545454545455,26.3290909090909,7.21272727272727,26.66,6.74181818181818,25.2909090909091,-1.94554793184454,-3.78461627906019,0.871530091050411,0.898370903580224,0.857547883064516
49423,37793,11630,0.703178767961779,0.730156270946753,0.683123442161314,32.7690909090909,38.4836363636364,28.7472727272727,7.67454545454545,26.4909090909091,7.12545454545455,26.7109090909091,6.71818181818182,25.28,-1.94951116659425,-3.76351029276848,0.871830438883649,0.899036190116224,0.857820504711909
49829,37991,11838,0.702830420447001,0.729701102408446,0.682244865793985,32.7490909090909,38.5836363636364,28.6672727272727,7.58545454545455,26.6018181818182,6.98909090909091,26.8418181818182,6.64909090909091,25.3327272727273,-1.95882493257523,-3.70056156570261,0.872251832111925,0.898873757127374,0.857614003932264
50361,38233,12128,0.702007743132726,0.729601917603609,0.681255722923519,32.7345454545455,38.7163636363636,28.5490909090909,7.56,26.6690909090909,6.86727272727273,26.9909090909091,6.56545454545455,25.3472727272727,-1.96600206115029,-3.59709494493224,0.872195067762719,0.89898562975486,0.857788816711247
50853,38504,12349,0.701468260635401,0.728745797094508,0.680647983837802,32.7309090909091,38.7927272727273,28.4763636363636,7.48909090909091,26.7654545454545,6.75636363636364,27.1272727272727,6.49090909090909,25.3709090909091,-1.96706208803437,-3.53226232609966,0.872514165092767,0.898762654668167,0.858064104201251
51446,38788,12658,0.700134596274985,0.728251097214409,0.679627184336204,32.7290909090909,38.9254545454545,28.3454545454545,7.41454545454545,26.9018181818182,6.60181818181818,27.2818181818182,6.41454545454545,25.3854545454545,-1.96625264016065,-3.41940547065301,0.871951558246764,0.898921014526601,0.858114175753688
51930,39014,12916,0.699387071975565,0.7281030132153,0.678354472789661,32.6963636363636,39.14,28.1636363636364,7.31272727272727,27.0036363636364,6.51272727272727,27.4363636363636,6.32181818181818,25.4127272727273,-1.97035713358359,-3.32967628403143,0.871934604904632,0.898592465276165,0.85823111684958
52650,39348,13302,0.698380951258598,0.727857068524808,0.677316554215261,32.72,39.2490909090909,28.0309090909091,7.22545454545455,27.0781818181818,6.44181818181818,27.5618181818182,6.24181818181818,25.4509090909091,-1.96360079591924,-3.18052458004518,0.871860413425206,0.899059619215268,0.858338198093014
53256,39690,13566,0.697664819425008,0.727327945160887,0.676231740421634,32.6872727272727,39.4018181818182,27.9109090909091,7.15454545454545,27.2072727272727,6.34727272727273,27.6345454545455,6.19818181818182,25.4581818181818,-1.95724786465818,-3.08716239522804,0.871954611191456,0.899035577499885,0.858510846198945
53723,39971,13752,0.696265080506262,0.726946364984612,0.67506905551882,32.6745454545455,39.56,27.7654545454545,7.07636363636364,27.2527272727273,6.33454545454545,27.7581818181818,6.11636363636364,25.4618181818182,-1.95327008149841,-3.03235458677465,0.871292638139224,0.899209486166008,0.8584244646716
54257,40290,13967,0.695541306842397,0.726463902630739,0.673996926266243,32.6781818181818,39.6272727272727,27.6945454545455,7.03272727272727,27.3327272727273,6.23454545454545,27.9090909090909,6.00363636363636,25.4872727272727,-1.94663649201393,-2.95836890123107,0.871418238468814,0.899839412709337,0.858324579831933
54683,40631,14052,0.69487094764208,0.725909536376551,0.673392345720183,32.6945454545455,39.7272727272727,27.5781818181818,6.98545454545455,27.4181818181818,6.13272727272727,28.0127272727273,5.90727272727273,25.5436363636364,-1.93587060028856,-2.95385481931946,0.871983094205316,0.900137299771167,0.859177215189873
55193,40956,14237,0.693905958236368,0.725493264894306,0.671956218351799,32.6836363636364,39.8672727272727,27.4490909090909,6.91272727272727,27.4709090909091,6.09636363636364,28.1218181818182,5.84,25.5581818181818,-1.92660931565545,-2.90671479403973,0.872274143302181,0.900305559356045,0.858978605020865
55944,41421,14523,0.692446377478192,0.725631423204365,0.67058734673077,32.6090909090909,40.1181818181818,27.2727272727273,6.83454545454545,27.5545454545455,6.04181818181818,28.2436363636364,5.72727272727273,25.5981818181818,-1.9068577663465,-2.80791123238477,0.872260942291609,0.900974393836392,0.8594
56640,41808,14832,0.691555596983378,0.725098006042902,0.669076419090129,32.6145454545455,40.2636363636364,27.1218181818182,6.77818181818182,27.6472727272727,5.93454545454545,28.4163636363636,5.64181818181818,25.5818181818182,-1.89090437130495,-2.69221227439967,0.872338053294682,0.901241815308196,0.859153985385801
57221,42115,15106,0.690853558227112,0.724404879958674,0.667925436553877,32.6490909090909,40.3654545454545,26.9854545454545,6.71090909090909,27.7290909090909,5.83454545454545,28.5945454545455,5.54727272727273,25.5836363636364,-1.87992306460034,-2.61796787841754,0.872584507434427,0.901040493671456,0.85925077482819
57743,42511,15232,0.689351364458852,0.724146949237543,0.666510271961949,32.5581818181818,40.5854545454546,26.8563636363636,6.64545454545455,27.8018181818182,5.77090909090909,28.7472727272727,5.47272727272727,25.5618181818182,-1.86412692774426,-2.5893689356067,0.872675490031831,0.901442523071409,0.859115835082256
58412,42849,15563,0.688343110965296,0.723432684807614,0.665219456843535,32.5363636363636,40.7236363636364,26.74,6.58545454545455,27.8872727272727,5.66181818181818,28.9327272727273,5.40363636363636,25.5290909090909,-1.85328290029006,-2.47366884594614,0.872869516624756,0.901196535404947,0.859114707282247
58824,43180,15644,0.687013295305942,0.722774333260645,0.663598314353132,32.4618181818182,40.9363636363636,26.6018181818182,6.51454545454545,27.9945454545455,5.51818181818182,29.1418181818182,5.28727272727273,25.5436363636364,-1.84050649296154,-2.46815105107698,0.872745603226168,0.900821674439263,0.859544802132458
59531,43558,15973,0.68659447150803,0.721668046354153,0.66238480015637,32.4545454545455,41.0618181818182,26.4836363636364,6.45090909090909,28.0909090909091,5.40181818181818,29.3418181818182,5.11272727272727,25.6018181818182,-1.82377469648014,-2.34494147165255,0.873725490196078,0.900593340417995,0.859879170671427
60108,43897,16211,0.685551050496857,0.720660694560743,0.660988938605556,32.4872727272727,41.1218181818182,26.3909090909091,6.39636363636364,28.1909090909091,5.27818181818182,29.4872727272727,5.06727272727273,25.58,-1.81009700244123,-2.28146751495925,0.873460935751063,0.900871026219216,0.859937995177403
60637,44270,16367,0.684301856314459,0.720169649514449,0.659919436453937,32.4545454545455,41.26,26.2854545454545,6.32,28.2690909090909,5.24363636363636,29.5290909090909,5.05818181818182,25.58,-1.79433367387815,-2.25533794516867,0.873557422969188,0.900982681884282,0.860413640450993
61344,44671,16673,0.682893806653998,0.719455929452893,0.658597494499744,32.46,41.3527272727273,26.1872727272727,6.27090909090909,28.3654545454545,5.13090909090909,29.6454545454545,5.02727272727273,25.56,-1.7761000985449,-2.1513066470623,0.87301854030135,0.901468519169891,0.860792890370062
61939,45029,16910,0.681519815693469,0.718750129304441,0.657249352766527,32.4781818181818,41.4563636363636,26.0654545454545,6.20727272727273,28.4509090909091,5.03454545454545,29.7509090909091,4.99818181818182,25.5581818181818,-1.75667711360888,-2.08025999313051,0.872641773498293,0.902109556598395,0.860630580357143
62475,45408,17067,0.680177837563143,0.717913124209103,0.655784635394145,32.4818181818182,41.5672727272727,25.9509090909091,6.16,28.4963636363636,4.97636363636364,29.8127272727273,4.99272727272727,25.5618181818182,-1.73832216533748,-2.06057199212638,0.87243212986286,0.902370746216429,0.86057591256218
63265,45889,17376,0.679156176146004,0.716828179951087,0.654429169355958,32.4581818181818,41.7036363636364,25.8381818181818,6.11454545454545,28.5436363636364,4.91090909090909,29.9527272727273,4.86909090909091,25.6090909090909,-1.71257677294991,-1.96571419076486,0.873067443423706,0.902166804725988,0.86095278305538
63937,46290,17647,0.677673559179067,0.715699438728903,0.653259210522466,32.4472727272727,41.8254545454545,25.7272727272727,6.07818181818182,28.6454545454545,4.76909090909091,30.1072727272727,4.79454545454545,25.6054545454545,-1.68828475935893,-1.89247841970487,0.872968732489073,0.901973569813945,0.860848056537103
64723,46789,17934,0.676731094243553,0.714656636325753,0.65168261958145,32.4472727272727,41.9381818181818,25.6145454545455,6.04363636363636,28.6745454545455,4.74727272727273,30.2036363636364,4.75454545454545,25.5763636363636,-1.65686145804145,-1.81187285090035,0.873360977249804,0.902106997312061,0.860945485519591
65506,47214,18292,0.675735882622564,0.713439164386458,0.650593542300555,32.4854545454545,41.9872727272727,25.5272727272727,6.00181818181818,28.6890909090909,4.71818181818182,30.2836363636364,4.71272727272727,25.5945454545455,-1.63390547253869,-1.70269895602356,0.873397884367829,0.902004936560863,0.861680911680912
66316,47708,18608,0.674308225599394,0.712730225075208,0.648886533953583,32.4727272727273,42.18,25.3472727272727,5.93636363636364,28.7436363636364,4.65454545454545,30.3672727272727,4.68727272727273,25.6109090909091,-1.60248714306138,-1.6150726440278,0.873572228443449,0.902323376007586,0.862276737680224
66964,48090,18874,0.673206954171676,0.711901158090334,0.647297999780263,32.4454545454545,42.3090909090909,25.2454545454545,5.89272727272727,28.7690909090909,4.62,30.4945454545455,4.62181818181818,25.6018181818182,-1.58125570551916,-1.53540795228698,0.874138414121603,0.902148689299527,0.862153402952827
67677,48497,19180,0.671709091427243,0.71083584143835,0.646070373782744,32.4836363636364,42.3581818181818,25.1581818181818,5.81454545454546,28.86,4.51090909090909,30.6327272727273,4.59090909090909,25.5909090909091,-1.55906764485619,-1.45092508413575,0.873894548304041,0.90239086577671,0.862108838621088
68501,48956,19545,0.67037266026907,0.710267281785285,0.644838834924266,32.4818181818182,42.4763636363636,25.0418181818182,5.78181818181818,28.9090909090909,4.44,30.7581818181818,4.52,25.5909090909091,-1.53199070421132,-1.34971671917222,0.873943464875455,0.902876466055988,0.862557177085602
69283,49397,19886,0.669156378601987,0.709568343477439,0.643361476706243,32.4690909090909,42.6018181818182,24.9290909090909,5.74545454545455,28.9309090909091,4.38909090909091,30.8981818181818,4.41090909090909,25.6254545454545,-1.5075975859707,-1.26897600008683,0.874118042333968,0.903290512568819,0.86288381591423
70121,49829,20292,0.667922382303403,0.708362884476057,0.642243402215741,32.4945454545455,42.6981818181818,24.8072727272727,5.68181818181818,28.98,4.28545454545455,31.1090909090909,4.31818181818182,25.6254545454545,-1.48330475633795,-1.17112410203977,0.873713070725157,0.903125532277295,0.863749633538552
70900,50227,20673,0.666657812685367,0.707167555330707,0.640540436447986,32.5054545454545,42.8218181818182,24.6727272727273,5.60909090909091,29.0636363636364,4.19818181818182,31.2636363636364,4.27272727272727,25.5927272727273,-1.46079155342145,-1.0721496431665,0.873699518961853,0.902853260869565,0.863522476050111
71784,50740,21044,0.665542532751392,0.705939181459338,0.639108227336428,32.5309090909091,42.9254545454545,24.5436363636364,5.56545454545455,29.1218181818182,4.13636363636364,31.3563636363636,4.22363636363636,25.5963636363636,-1.42801939899271,-0.989201638644392,0.87374245472837,0.903045448769537,0.864360322986888
72654,51160,21494,0.664531109812677,0.705335006477297,0.638069635307123,32.6145454545455,42.9836363636364,24.4018181818182,5.53090909090909,29.0545454545455,4.16727272727273,31.4927272727273,4.17272727272727,25.5818181818182,-1.40102657079697,-0.868141633407636,0.874010480544096,0.903092085783173,0.864838685641904
73354,51568,21786,0.663548333310387,0.704522779042865,0.636510293695235,32.6890909090909,43.0436363636364,24.2672727272727,5.45636363636364,29.1309090909091,4.07272727272727,31.6363636363636,4.12,25.5836363636364,-1.37696391289884,-0.78720791041851,0.873908448745759,0.903396130776379,0.864913463699708
74164,51978,22186,0.662592693151215,0.703711686823412,0.635244099481249,32.7418181818182,43.14,24.1181818181818,5.4,29.1945454545455,4,31.78,4.04727272727273,25.5781818181818,-1.35148005173965,-0.694780701127919,0.874055975122168,0.903443334597716,0.865435356200528
75060,52350,22710,0.661266908423767,0.702158348468675,0.634330845609919,32.7818181818182,43.2236363636364,23.9945454545455,5.36181818181818,29.2254545454545,3.93818181818182,31.9618181818182,3.93818181818182,25.5745454545455,-1.32748854268681,-0.539632424170321,0.873655019412091,0.903209523408909,0.865727059180117
75918,52728,23190,0.660004020110431,0.700957067912652,0.633489921192896,32.8436363636364,43.2909090909091,23.8654545454545,5.31818181818182,29.2090909090909,3.9,32.1309090909091,3.84181818181818,25.6,-1.30419510196556,-0.374885927411643,0.87367139061116,0.903107937841243,0.866067347249733
76837,53118,23719,0.659455302314574,0.699856256402152,0.632020599777701,32.9181818181818,43.3472727272727,23.7345454545455,5.27818181818182,29.1963636363636,3.81090909090909,32.3963636363636,3.71272727272727,25.6054545454545,-1.27997074330395,-0.231878691640767,0.874123170394918,0.903191980202173,0.865635054389459
77656,53528,24128,0.658381896749874,0.698696565512636,0.630926889871607,32.9545454545455,43.3745454545455,23.6709090909091,5.22,29.1618181818182,3.83636363636364,32.5418181818182,3.58727272727273,25.6527272727273,-1.25118541378867,-0.153939988125454,0.874041379310345,0.903420523138833,0.865811506260081
78639,53912,24727,0.657975594521716,0.69763683005907,0.629738576763782,33.0163636363636,43.4290909090909,23.5545454545455,5.14363636363636,29.1618181818182,3.82909090909091,32.6745454545455,3.52181818181818,25.6690909090909,-1.22427636886185,0.00112993730740114,0.874497494355416,0.903416227078624,0.865380162099575
79377,54277,25100,0.656799471210399,0.696313433152803,0.628554554513041,33.0563636363636,43.5,23.4436363636364,5.06909090909091,29.1818181818182,3.74727272727273,32.8509090909091,3.43818181818182,25.7127272727273,-1.20047423785383,0.0859642110087655,0.874319344370497,0.903322884012539,0.865363735070576
80222,54711,25511,0.65554460563041,0.69451551127452,0.627625144528055,33.1018181818182,43.5218181818182,23.3763636363636,5.03272727272727,29.2090909090909,3.69636363636364,32.9690909090909,3.37090909090909,25.7218181818182,-1.17261457497423,0.204506692832166,0.874052510161485,0.903705560429461,0.865676285292059
81184,55097,26087,0.654563017209391,0.692850564433424,0.626177974768491,33.1490909090909,43.6254545454546,23.2254545454545,4.98545454545455,29.2381818181818,3.60181818181818,33.0672727272727,3.35636363636364,25.7509090909091,-1.14605268118056,0.347008781270547,0.874067573497148,0.903309160623489,0.865664631282292
82058,55462,26596,0.653403637218367,0.692433662980326,0.62534751926731,33.1454545454545,43.78,23.0745454545455,4.90545454545455,29.3109090909091,3.56,33.1527272727273,3.26363636363636,25.8072727272727,-1.12365150532939,0.474744135954163,0.874108612177729,0.903650483824079,0.866204396816642
82811,55842,26969,0.652139645344889,0.691042708092883,0.62417061567867,33.1545454545455,43.8509090909091,22.9945454545455,4.83454545454545,29.3581818181818,3.47090909090909,33.3072727272727,3.24363636363636,25.7854545454545,-1.09910481761802,0.563772289454937,0.873594735398958,0.903516046106642,0.866608681900846
84049,56258,27791,0.65138077283274,0.690127832746504,0.623121059140693,33.1818181818182,43.9127272727273,22.9054545454545,4.77272727272727,29.3927272727273,3.37818181818182,33.5072727272727,3.09818181818182,25.8509090909091,-1.06956617398696,0.739913725988431,0.873808219178082,0.903569062603511,0.866963010001588
85242,56726,28516,0.650624042718429,0.689100101847536,0.621812593684878,33.2163636363636,44,22.7836363636364,4.70545454545455,29.4181818181818,3.30727272727273,33.6272727272727,3.05636363636364,25.8854545454545,-1.03359680920839,0.904656921598044,0.873884722754393,0.903760330578512,0.867049716702578
86369,57114,29255,0.649912976873349,0.688219532166253,0.620846192304806,33.2472727272727,44.0981818181818,22.6545454545455,4.63818181818182,29.48,3.20727272727273,33.7890909090909,2.94727272727273,25.9381818181818,-1.00664874396541,1.09294912259687,0.874166028655802,0.903562299002226,0.867656500802568
87492,57493,29999,0.64934476433248,0.687288583964116,0.620086572040407,33.2781818181818,44.1745454545455,22.5472727272727,4.56545454545455,29.5490909090909,3.15090909090909,33.84,2.94727272727273,25.9472727272727,-0.979143944111737,1.29205223579298,0.874392176145987,0.903523213697728,0.868236432545762
88424,57861,30563,0.648302607338115,0.686339805111228,0.619380156258638,33.2563636363636,44.2836363636364,22.46,4.48363636363636,29.5927272727273,3.14363636363636,33.8963636363636,2.92545454545455,25.9581818181818,-0.956803703443571,1.40390131839297,0.874419113225083,0.90355559205124,0.868776815348498
89513,58242,31271,0.647809478512651,0.684948288936464,0.61827339710455,33.3054545454545,44.34,22.3545454545455,4.43636363636364,29.7072727272727,3.03454545454545,33.9836363636364,2.82909090909091,26.0090909090909,-0.928917308558117,1.55786277543415,0.874658805546457,0.90326813466191,0.868889792598617
90727,58633,32094,0.647003324085665,0.684239270105892,0.617252748812727,33.3381818181818,44.4036363636364,22.2581818181818,4.36181818181818,29.7981818181818,2.96909090909091,34.0818181818182,2.71090909090909,26.0781818181818,-0.901435000110756,1.72318549400026,0.87456369982548,0.903570551142413,0.869220715569351
91956,59031,32925,0.646410257945217,0.683281029782488,0.616249501826331,33.3836363636364,44.46,22.1563636363636,4.27454545454545,29.9254545454545,2.90545454545455,34.1254545454545,2.63272727272727,26.1363636363636,-0.874656182663007,1.92053874588825,0.874680028320898,0.903774587985114,0.869440341375349
92920,59343,33577,0.645825567269585,0.682554328087569,0.61509797041434,33.4218181818182,44.5072727272727,22.0709090909091,4.20545454545455,29.9763636363636,2.88909090909091,34.1618181818182,2.58363636363636,26.1836363636364,-0.854597470299764,2.04101017706774,0.874714394516375,0.903958495036562,0.869264354559684
94235,59724,34511,0.645121360265235,0.68153806834576,0.613909612900114,33.4545454545455,44.5490909090909,21.9963636363636,4.13636363636364,30.1072727272727,2.8,34.2036363636364,2.47272727272727,26.28,-0.828387313065204,2.26980944567106,0.874836956521739,0.903926210105298,0.869482559100678
95361,60049,35312,0.644705058254259,0.681166266761701,0.612934906490899,33.4636363636364,44.6563636363636,21.88,4.09090909090909,30.2,2.73454545454545,34.2454545454545,2.39272727272727,26.3363636363636,-0.809499774060466,2.45652951692993,0.874979625101874,0.904279141728757,0.869868705334884
96416,60398,36018,0.643728822349362,0.679789436269978,0.611998561041238,33.4309090909091,44.7509090909091,21.8181818181818,4.00545454545455,30.3109090909091,2.70545454545455,34.2272727272727,2.32181818181818,26.4290909090909,-0.785434551401572,2.59903564371846,0.874966008593028,0.903831308658026,0.87025
97425,60711,36714,0.643139559136737,0.678763915902316,0.61064381246507,33.4836363636364,44.8,21.7163636363636,3.92545454545454,30.4163636363636,2.67454545454545,34.2545454545455,2.22363636363636,26.5054545454545,-0.763773941790516,2.72964268611236,0.8748370981755,0.903774350649351,0.870144005358339
98632,61054,37578,0.642563488820726,0.678122029772415,0.60936267613576,33.5127272727273,44.8545454545455,21.6327272727273,3.84363636363636,30.5,2.65636363636364,34.2836363636364,2.13272727272727,26.5836363636364,-0.739522742073644,2.94011161422188,0.875162760416667,0.903850830968788,0.870062195326946
99769,61376,38393,0.64212657522847,0.676956203301441,0.608538683066656,33.5527272727273,44.9109090909091,21.5363636363636,3.78,30.5872727272727,2.64727272727273,34.2327272727273,2.04727272727273,26.7054545454545,-0.719676274399866,3.1021781522442,0.875311585564105,0.903566657220356,0.87083157450401
100800,61712,39088,0.641364546966411,0.676389681087121,0.607460635550369,33.5690909090909,44.9927272727273,21.4381818181818,3.70909090909091,30.7,2.58,34.2381818181818,2.02,26.7527272727273,-0.696222306923433,3.22998982803388,0.875426528733142,0.903742018912147,0.871342549402086
101825,62023,39802,0.641135956002999,0.675709585651204,0.606469564593539,33.5872727272727,45.0781818181818,21.3345454545455,3.63272727272727,30.8563636363636,2.54181818181818,34.1981818181818,1.96909090909091,26.8018181818182,-0.674080413105813,3.3305885607546,0.875764629459211,0.903803492921389,0.871569797170615
102899,62305,40594,0.640646744773125,0.674823523879584,0.605644776667303,33.6327272727273,45.0636363636364,21.3036363636364,3.57090909090909,31.0036363636364,2.47636363636364,34.1654545454545,1.91454545454545,26.8690909090909,-0.652109688046304,3.47244746488604,0.875716293653368,0.903853136978011,0.871468806008364
103778,62570,41208,0.640004809517968,0.673775022583894,0.604675615304332,33.66,45.0690909090909,21.2709090909091,3.48545454545455,31.16,2.38545454545455,34.1745454545455,1.86545454545455,26.9290909090909,-0.633913459967483,3.54470742568374,0.875816993464052,0.903743746974342,0.87118557141636
104736,62826,41910,0.639321139032169,0.673097552964255,0.603586762447428,33.6981818181818,45.1090909090909,21.1927272727273,3.40545454545455,31.2963636363636,2.38,34.1854545454545,1.74909090909091,26.9836363636364,-0.617242249778726,3.64829007644545,0.875418150426244,0.903748488512696,0.871482498284145
105674,63145,42529,0.6389742575493,0.672729853138824,0.602184251185298,33.7381818181818,45.1745454545455,21.0872727272727,3.33454545454545,31.4036363636364,2.40727272727273,34.1163636363636,1.75454545454545,26.9836363636364,-0.593450531228022,3.75216392149979,0.875350291010994,0.904169685261209,0.871357130539748
106522,63408,43114,0.638428061220356,0.672550790829878,0.601378646412651,33.7636363636364,45.2272727272727,21.0090909090909,3.27272727272727,31.5181818181818,2.42727272727273,34.0618181818182,1.71272727272727,27.0072727272727,-0.573434137214314,3.84009808356112,0.875282714054927,0.904643216080402,0.871743833838165
107483,63683,43800,0.637698817706809,0.671670114336901,0.599880870992693,33.7981818181818,45.2890909090909,20.9127272727273,3.22363636363636,31.7054545454545,2.34545454545454,34.0218181818182,1.58727272727273,27.1163636363636,-0.551462277905508,3.91678165265105,0.87524880305557,0.90473322895339,0.87132672578682
108772,63986,44786,0.6369764849372,0.670603717327272,0.598731073952367,33.8254545454545,45.3454545454545,20.8290909090909,3.16181818181818,31.8672727272727,2.32363636363636,33.9381818181818,1.57272727272727,27.1363636363636,-0.526036463034424,4.08424362011931,0.875241883465921,0.904410585404972,0.871421089385475
109731,64242,45489,0.63634815885268,0.669930252676315,0.597857375895566,33.84,45.3854545454545,20.7745454545455,3.09636363636364,32.0436363636364,2.26545454545455,33.9381818181818,1.52181818181818,27.1345454545455,-0.509671845050021,4.17235811037774,0.875241779497099,0.904414710359747,0.871696131629617
110555,64497,46058,0.635659759743275,0.669979915199575,0.596883786411572,33.8454545454545,45.4818181818182,20.6727272727273,3.04181818181818,32.2127272727273,2.15818181818182,33.9145454545455,1.51636363636364,27.1563636363636,-0.490917099809105,4.22328284437006,0.875208165457964,0.904737157705377,0.872207563764292
111364,64713,46651,0.635085290972238,0.669767182614688,0.596167588887037,33.8781818181818,45.4872727272727,20.6345454545455,2.98,32.3872727272727,2.04181818181818,33.94,1.42909090909091,27.2218181818182,-0.475757063146342,4.25430086006156,0.875221381420061,0.904988408345991,0.872411666226099
112391,64942,47449,0.634512636968514,0.669112858767616,0.5954974105531,33.9127272727273,45.4981818181818,20.5890909090909,2.91272727272727,32.5018181818182,2.03636363636364,33.9527272727273,1.34909090909091,27.2472727272727,-0.457784697718241,4.36485420749946,0.875241260990778,0.904891304347826,0.872748145531614
113118,65195,47923,0.634044527713063,0.668377046451817,0.594372350427082,33.9345454545455,45.5472727272727,20.5181818181818,2.88727272727273,32.5472727272727,2.07090909090909,33.9290909090909,1.31272727272727,27.2527272727273,-0.438622563569383,4.39305158403109,0.875428632661809,0.90491397549,0.873017279574657
113863,65368,48495,0.63318862010945,0.66801631906188,0.593438541632823,33.9472727272727,45.5945454545455,20.4581818181818,2.85272727272727,32.6690909090909,1.97454545454545,33.9490909090909,1.32181818181818,27.2327272727273,-0.424818764965643,4.43124628642743,0.875153982111296,0.904773298241416,0.872733736224671
114879,65597,49282,0.63259484871838,0.66751052775309,0.592632336608509,33.9854545454545,45.5909090909091,20.4236363636364,2.79818181818182,32.7509090909091,1.94909090909091,33.9490909090909,1.29636363636364,27.2563636363636,-0.408248850364577,4.5012777810747,0.875133747057565,0.904765702891326,0.872874566010861
115541,65775,49766,0.631807482469668,0.667283225043907,0.592009897075476,34.0018181818182,45.6454545454545,20.3527272727273,2.76,32.8527272727273,1.90545454545455,33.9818181818182,1.19636363636364,27.3036363636364,-0.394845333763144,4.53300453045151,0.874979947596385,0.904640509858594,0.873503662676434
116366,65952,50414,0.631246601045867,0.667074673669653,0.591316629125838,34.0290909090909,45.6818181818182,20.2890909090909,2.72363636363636,32.9654545454545,1.81818181818182,34.0127272727273,1.15818181818182,27.3218181818182,-0.384181432425976,4.55558947758241,0.874866424449669,0.904796019900498,0.87382381933865
116843,66107,50736,0.630832504047936,0.666967377672303,0.590891177546574,34.0345454545455,45.7218181818182,20.2436363636364,2.68,33.0781818181818,1.76545454545455,34.0054545454545,1.15818181818182,27.3127272727273,-0.376427283883095,4.56514341235161,0.874886478978578,0.904879309659204,0.874438656367882
117616,66275,51341,0.630145839683671,0.666948413192966,0.590313103768869,34.0236363636364,45.7763636363636,20.2,2.64363636363636,33.1763636363636,1.71454545454545,34.0418181818182,1.06727272727273,27.3563636363636,-0.364460427855903,4.57650378671559,0.874953241062363,0.904913214441752,0.874617461746175
118224,66451,51773,0.629639702818805,0.666808828617728,0.589411486651437,34.0381818181818,45.8109090909091,20.1509090909091,2.60545454545455,33.2763636363636,1.66909090909091,34.0854545454545,1.00909090909091,27.3545454545455,-0.350282679565928,4.5616097857329,0.874953261043748,0.905143673598984,0.874763150771452
118895,66610,52285,0.628946739125288,0.666425604692356,0.58859830897635,34.0509090909091,45.8490909090909,20.1,2.56363636363636,33.3345454545455,1.63636363636364,34.1418181818182,0.996363636363636,27.3272727272727,-0.339343726736578,4.59578832252459,0.874839812046134,0.905064044097236,0.87516960651289
119530,66767,52763,0.628715311600646,0.666201880403631,0.5880882434849,34.0927272727273,45.8454545454545,20.0618181818182,2.53272727272727,33.4327272727273,1.56909090909091,34.2072727272727,0.958181818181818,27.3,-0.329254080659964,4.59091228807176,0.87499333368887,0.905215149712473,0.87547580206634
120122,66895,53227,0.628220680954294,0.666178653197485,0.587246305138361,34.0727272727273,45.92,20.0072727272727,2.49454545454545,33.5527272727273,1.46181818181818,34.2890909090909,0.927272727272727,27.2745454545455,-0.320597500862046,4.60512595413761,0.875026680896478,0.905091859360152,0.875408942202835
120645,67041,53604,0.627926595457828,0.666088017165434,0.586341180498592,34.0945454545455,45.9545454545455,19.9509090909091,2.46363636363636,33.5909090909091,1.44545454545455,34.3727272727273,0.889090909090909,27.2381818181818,-0.310662474212321,4.60557251545516,0.875266638225256,0.905163204747774,0.87523922354871
121360,67162,54198,0.627167558434197,0.665860542943348,0.585740513937596,34.0890909090909,45.9836363636364,19.9272727272727,2.41636363636364,33.6818181818182,1.35636363636364,34.4781818181818,0.838181818181818,27.2290909090909,-0.301631177318367,4.61029409285296,0.875086671289135,0.905144122415088,0.875182481751825
121870,67268,54602,0.626882754909615,0.665548005394065,0.584989366371144,34.1127272727273,46.0109090909091,19.8763636363636,2.39090909090909,33.7272727272727,1.36,34.5,0.809090909090909,27.2127272727273,-0.295695342258974,4.60845615619963,0.875013324805458,0.905002766142417,0.875137211855104
122339,67379,54960,0.626552515551961,0.665383723113219,0.584204151277849,34.12,46.0545454545455,19.8254545454545,2.36181818181818,33.7290909090909,1.36545454545455,34.5654545454545,0.789090909090909,27.1890909090909,-0.288212946192785,4.61506685106592,0.87525311733987,0.904816423213581,0.874816581071167
123148,67499,55649,0.626359633735966,0.665153523089192,0.58379295084659,34.1654545454545,46.0254545454545,19.8090909090909,2.34545454545454,33.7618181818182,1.33090909090909,34.6327272727273,0.756363636363636,27.1727272727273,-0.277690703895959,4.66856958259913,0.875312649672716,0.904835269021095,0.874804956402019
124043,67607,56436,0.626023765133616,0.664945649842667,0.583454220118985,34.2036363636364,46.0072727272727,19.7890909090909,2.32,33.7818181818182,1.26363636363636,34.7490909090909,0.723636363636364,27.1618181818182,-0.269825032692064,4.74260140624405,0.875186051456517,0.904679102118242,0.874862183020948
124384,67724,56660,0.625731855106181,0.665086942256499,0.583137538335719,34.2090909090909,46.0490909090909,19.7418181818182,2.29818181818182,33.8363636363636,1.18181818181818,34.8509090909091,0.710909090909091,27.1218181818182,-0.262238824960183,4.68537334318865,0.875312250863673,0.905002566431082,0.87511512249033
125045,67820,57225,0.62539671580276,0.665010407801481,0.582749655201922,34.2327272727273,46.0381818181818,19.7290909090909,2.27272727272727,33.8018181818182,1.20545454545455,34.9272727272727,0.674545454545455,27.1181818181818,-0.253977100060067,4.72526993183419,0.875185893350329,0.905059041901979,0.87494240162197
125589,67939,57650,0.625141660252033,0.664549615746015,0.582407787391616,34.2545454545455,46.0381818181818,19.7072727272727,2.25818181818182,33.7836363636364,1.19818181818182,35,0.649090909090909,27.1109090909091,-0.244481261938133,4.7484118223529,0.87531847133758,0.904980056079934,0.875080727004336
126183,68024,58159,0.624965467655903,0.664397184697368,0.582086652787223,34.2654545454545,46.04,19.6945454545455,2.23272727272727,33.7890909090909,1.16545454545455,35.0927272727273,0.654545454545455,27.0654545454545,-0.238132514957,4.76987214698033,0.875464289504404,0.904983808545928,0.875092319054653
126525,68090,58435,0.624690677376209,0.664101955780836,0.581655349847946,34.2781818181818,46.0472727272727,19.6745454545455,2.22545454545455,33.8072727272727,1.09818181818182,35.2018181818182,0.610909090909091,27.0563636363636,-0.232474690692669,4.7437392590832,0.875510528828303,0.904880360104241,0.874965345162185
126715,68158,58557,0.624175267200583,0.66451926362781,0.581246913461769,34.2636363636364,46.1054545454545,19.6309090909091,2.20181818181818,33.8109090909091,1.08909090909091,35.2927272727273,0.583636363636364,27.0218181818182,-0.231113822317936,4.69877345516262,0.875457681082515,0.904960959066172,0.875150504769843
127274,68273,59001,0.623976435396775,0.664439320924854,0.580708957215433,34.2981818181818,46.1,19.6018181818182,2.18545454545455,33.8236363636364,1.04181818181818,35.3981818181818,0.563636363636364,26.9872727272727,-0.219852838577406,4.71145981404592,0.875636132315522,0.905068033918359,0.874965216584732
127548,68344,59204,0.62380767920138,0.664169773239038,0.580359596190921,34.3054545454545,46.1072727272727,19.5872727272727,2.17090909090909,33.7781818181818,1.06363636363636,35.4527272727273,0.609090909090909,26.9254545454545,-0.215456130986356,4.71510335274718,0.875821496714013,0.905004140541819,0.875058015408893
127741,68409,59332,0.623383035715983,0.664467382713415,0.579753097957504,34.3054545454545,46.1490909090909,19.5454545454545,2.15636363636364,33.7636363636364,1.02,35.6018181818182,0.589090909090909,26.8690909090909,-0.210011326639109,4.67060515216806,0.875715497138011,0.905247813411079,0.874883720930233
128359,68484,59875,0.623124394042211,0.664010041229015,0.579368655860853,34.3345454545455,46.1236363636364,19.5418181818182,2.14,33.7545454545455,0.930909090909091,35.7981818181818,0.541818181818182,26.8345454545455,-0.202462979924167,4.71528445251963,0.875661936030502,0.90515610217597,0.874953479717157
128633,68560,60073,0.622693922142626,0.663903503259404,0.579045874201305,34.3309090909091,46.1472727272727,19.5218181818182,2.12727272727273,33.7054545454545,0.907272727272727,35.9890909090909,0.478181818181818,26.7927272727273,-0.196414429665839,4.68786266906695,0.875595805529075,0.90512588156495,0.875291049641427
129020,68636,60384,0.622401129752547,0.663930302328362,0.578687286062982,34.3436363636364,46.1509090909091,19.5054545454545,2.11636363636364,33.6690909090909,0.894545454545455,36.1127272727273,0.476363636363636,26.7309090909091,-0.189605255223366,4.68711571097374,0.875588967123723,0.905251546310523,0.875279642058166
129304,68693,60611,0.62227589548891,0.663645082161864,0.578473096075323,34.3545454545455,46.1381818181818,19.5072727272727,2.10545454545455,33.6436363636364,0.834545454545455,36.2563636363636,0.467272727272727,26.6927272727273,-0.186857087462505,4.65735492841764,0.875681397195025,0.905264817150063,0.875384471991798
129678,68748,60930,0.622012528243707,0.663790375325361,0.578047502755355,34.3527272727273,46.16,19.4872727272727,2.09454545454545,33.62,0.790909090909091,36.3709090909091,0.467272727272727,26.6563636363636,-0.182534002316904,4.63886347142133,0.875621890547264,0.905309595084292,0.875256577719724
129880,68813,61067,0.621901678221648,0.663403864969422,0.577773645854694,34.3709090909091,46.16,19.4690909090909,2.08363636363636,33.5909090909091,0.803636363636364,36.46,0.429090909090909,26.6327272727273,-0.177554350193399,4.60182258432562,0.875687685146001,0.905152040334016,0.87542024654464
130234,68876,61358,0.621443381369166,0.663619951986282,0.577456424312227,34.3654545454545,46.1890909090909,19.4454545454545,2.06545454545454,33.5890909090909,0.76,36.5709090909091,0.429090909090909,26.5854545454545,-0.172971978563477,4.60089112845334,0.875562139569335,0.905290505432216,0.875455820476858
130556,68953,61603,0.621276812028642,0.663550981685002,0.577045140163389,34.38,46.2072727272727,19.4127272727273,2.05636363636364,33.5327272727273,0.743636363636364,36.7036363636364,0.427272727272727,26.5363636363636,-0.16572341683998,4.59213906770403,0.875614786609551,0.905327772094121,0.875526833380163
130977,69025,61952,0.621168262058248,0.66364021577842,0.576956592737611,34.3872727272727,46.2036363636364,19.4090909090909,2.04727272727273,33.4836363636364,0.736363636363636,36.8309090909091,0.42,26.4818181818182,-0.160297928418731,4.59977375106378,0.875693967112568,0.905477727058083,0.875690866510539
131206,69062,62144,0.621076828966305,0.663443065299021,0.576551620388014,34.4,46.2054545454545,19.3945454545455,2.03636363636364,33.4490909090909,0.712727272727273,36.9709090909091,0.381818181818182,26.4490909090909,-0.155893815594556,4.574226979234,0.875634249471459,0.90544209656475,0.875503890503422
131402,69101,62301,0.620736113796771,0.663583287384111,0.576215659776829,34.4,46.2254545454545,19.3745454545455,2.03272727272727,33.4109090909091,0.678181818181818,37.1272727272727,0.345454545454545,26.4054545454545,-0.151556074871174,4.55013115568595,0.875528541226216,0.905483008181246,0.875469219219219
131579,69139,62440,0.620530814945086,0.663566908905061,0.576015985882876,34.3963636363636,46.2418181818182,19.3618181818182,2.02909090909091,33.3927272727273,0.650909090909091,37.2272727272727,0.352727272727273,26.3472727272727,-0.14924752578478,4.50306497162039,0.875568241886034,0.905398498014391,0.875575171377594
131802,69179,62623,0.620326639178659,0.663519621927353,0.575945263158986,34.4,46.24,19.36,2.02,33.3672727272727,0.612727272727273,37.3545454545455,0.354545454545454,26.2909090909091,-0.146752041268998,4.49224581664259,0.875581395348837,0.90547341931425,0.875751314800902
131980,69219,62761,0.620185156181533,0.66367046911903,0.575427480643061,34.4036363636364,46.2527272727273,19.3436363636364,2.01272727272727,33.3181818181818,0.614545454545455,37.4563636363636,0.378181818181818,26.22,-0.142190467518892,4.47634687694636,0.875541697494979,0.905538739730335,0.875458219757496
132136,69240,62896,0.61999897258028,0.663466599984166,0.575303044230512,34.4090909090909,46.2490909090909,19.3418181818182,2.00363636363636,33.2890909090909,0.601818181818182,37.5818181818182,0.350909090909091,26.1727272727273,-0.140015352271042,4.45199626467445,0.875455746367239,0.905491999842749,0.875540515134424
132325,69274,63051,0.619912423657419,0.663352480008857,0.575027094678973,34.42,46.2472727272727,19.3327272727273,1.99636363636364,33.2527272727273,0.594545454545455,37.7181818181818,0.350909090909091,26.0872727272727,-0.135633803710384,4.42863910956816,0.875442396069938,0.905488284321434,0.875576036866359
132398,69301,63097,0.619794528347693,0.66324610063918,0.574686625609832,34.4254545454545,46.2618181818182,19.3127272727273,1.99454545454545,33.2254545454545,0.570909090909091,37.8563636363636,0.341818181818182,26.0109090909091,-0.134830781874586,4.38781904578209,0.875462131615084,0.905400094324792,0.87572961777443
132639,69343,63296,0.619596625473871,0.663061867224102,0.574504457657876,34.4327272727273,46.2636363636364,19.3036363636364,1.99636363636364,33.2,0.54,37.9909090909091,0.309090909090909,25.9636363636364,-0.129391889042613,4.37002459899946,0.87543563206252,0.90540381214384,0.875859470660262
132787,69371,63416,0.619415362386201,0.662930796011596,0.57430841200025,34.4418181818182,46.2690909090909,19.2890909090909,1.98545454545455,33.1872727272727,0.534545454545455,38.0836363636364,0.276363636363636,25.9327272727273,-0.126485365823001,4.34854141284119,0.875310140949163,0.905375668028922,0.875954378357998
132881,69401,63480,0.619207062938194,0.662941609848105,0.573867785281265,34.4472727272727,46.2890909090909,19.2636363636364,1.99272727272727,33.1345454545455,0.545454545454545,38.1909090909091,0.26,25.8763636363636,-0.123064035156594,4.31674802249128,0.875277103346353,0.905337994422405,0.875884851344974
133010,69436,63574,0.619037186833459,0.662994985577225,0.573779923689729,34.4509090909091,46.2945454545455,19.2545454545455,1.99454545454545,33.1145454545455,0.576363636363636,38.2327272727273,0.285454545454545,25.7963636363636,-0.120014066331681,4.3083265022798,0.875237492083597,0.905427696174692,0.876015108593012
133166,69450,63716,0.618919602346523,0.662869279023214,0.573529906981151,34.4527272727273,46.3018181818182,19.2454545454545,1.98909090909091,33.1018181818182,0.54,38.3545454545455,0.269090909090909,25.7454545454545,-0.119214777665647,4.29150615795092,0.875244076204549,0.905364014764784,0.875862068965517
133397,69480,63917,0.618798202978485,0.662768544908588,0.573513559087412,34.4581818181818,46.2872727272727,19.2545454545455,1.98181818181818,33.1127272727273,0.496363636363636,38.4345454545455,0.263636363636364,25.7109090909091,-0.115647177029248,4.27008583545685,0.875211059518784,0.905412836829287,0.876015108593012
133540,69505,64035,0.618686039579774,0.662622322946623,0.573566682564429,34.4672727272727,46.2781818181818,19.2545454545455,1.98181818181818,33.1254545454545,0.461818181818182,38.5054545454545,0.269090909090909,25.6563636363636,-0.113148866513538,4.23317001218146,0.875243973202511,0.905394256079833,0.876203966005666
133675,69520,64155,0.618506908682699,0.662559481789533,0.573541210954014,34.4618181818182,46.2854545454545,19.2527272727273,1.98,33.1527272727273,0.416363636363636,38.5854545454546,0.250909090909091,25.6145454545455,-0.11236423939276,4.21758480586789,0.87517146776406,0.905369839336921,0.87628671262631
133799,69556,64243,0.618487168400188,0.662658572464039,0.573355185599791,34.4690909090909,46.2981818181818,19.2327272727273,1.98545454545455,33.1436363636364,0.394545454545454,38.6309090909091,0.270909090909091,25.5745454545455,-0.109453209498315,4.19307428828695,0.875250553855892,0.905474395224631,0.876347135564379
133941,69573,64368,0.618435665973446,0.662430702446861,0.573188528038608,34.4781818181818,46.2872727272727,19.2345454545455,1.98181818181818,33.1545454545455,0.365454545454545,38.7218181818182,0.252727272727273,25.5236363636364,-0.106279967585579,4.17322834394025,0.875230712440015,0.905452117212664,0.87616977029965
134065,69600,64465,0.618377998725574,0.662128774727858,0.573030321636788,34.4945454545455,46.2763636363636,19.2290909090909,1.97636363636364,33.1472727272727,0.38,38.7763636363636,0.229090909090909,25.4909090909091,-0.103060458143194,4.14704422046515,0.875237191650854,0.905429828697155,0.876229198184569
134133,69618,64515,0.618404350217488,0.662045162717423,0.57283889480859,34.5018181818182,46.2763636363636,19.2218181818182,1.96909090909091,33.1618181818182,0.38,38.8054545454546,0.24,25.4436363636364,-0.101297594392963,4.13473169448023,0.875263490725126,0.905429828697155,0.876087779038971
134174,69629,64545,0.618281769427286,0.661976351824616,0.572684015567935,34.5018181818182,46.2818181818182,19.2163636363636,1.96545454545455,33.1545454545455,0.383636363636364,38.8781818181818,0.229090909090909,25.3890909090909,-0.101197133564247,4.11195029487664,0.875263490725126,0.905401689255549,0.876052606679913
134306,69658,64648,0.618258149984767,0.66200690234433,0.572522900458943,34.5090909090909,46.28,19.2109090909091,1.96181818181818,33.1345454545455,0.398181818181818,38.9636363636364,0.216363636363636,25.3254545454545,-0.0976624642392959,4.10284371118654,0.875342465753425,0.905476545925984,0.876017414347908
134381,69664,64717,0.61814096159311,0.662041813025927,0.572442821154632,34.5109090909091,46.2836363636364,19.2054545454545,1.96727272727273,33.1327272727273,0.396363636363636,39.0272727272727,0.2,25.2763636363636,-0.0961936611410982,4.07626616805792,0.875243664717349,0.905483972344437,0.876076872100729
134479,69670,64809,0.61816502116545,0.661929430452944,0.572311955148356,34.52,46.2745454545455,19.2054545454545,1.96181818181818,33.1618181818182,0.378181818181818,39.0690909090909,0.176363636363636,25.2527272727273,-0.0959235855764498,4.05690662908283,0.875276519540714,0.905465404109858,0.87598220202594
134566,69676,64890,0.61816616737796,0.661905930438862,0.572260587553533,34.5236363636364,46.2709090909091,19.2054545454545,1.96363636363636,33.1745454545455,0.363636363636364,39.0890909090909,0.178181818181818,25.2309090909091,-0.094764743765832,4.04517148976976,0.875289656625237,0.905457974773076,0.87598220202594
134607,69684,64923,0.618096032666439,0.661755573232166,0.572200113286649,34.5254545454545,46.2690909090909,19.2054545454545,1.96181818181818,33.1818181818182,0.363636363636364,39.1254545454546,0.194545454545455,25.1727272727273,-0.0942491829851034,4.03719768510623,0.875296224129759,0.905414963847847,0.87598220202594
134683,69700,64983,0.618089903582465,0.661634468402062,0.572114621343835,34.5236363636364,46.2709090909091,19.2054545454545,1.96,33.1872727272727,0.343636363636364,39.1854545454545,0.181818181818182,25.1418181818182,-0.092078759115909,4.02295414608988,0.875342321466189,0.905418680498251,0.87588753195115
134830,69718,65112,0.617977616666282,0.661666288610071,0.572068760969825,34.5145454545455,46.2818181818182,19.2036363636364,1.96181818181818,33.2072727272727,0.312727272727273,39.2454545454545,0.143636363636364,25.1290909090909,-0.0902203811566076,4.00168302980336,0.875362166148659,0.905440974268317,0.875970460140125
134862,69726,65136,0.617895651359662,0.661648040801264,0.572018027138521,34.5145454545455,46.2872727272727,19.1981818181818,1.96,33.2163636363636,0.32,39.2690909090909,0.156363636363636,25.0781818181818,-0.0901748199089277,3.98885658498515,0.875362166148659,0.905412836829287,0.876029927076428
134924,69736,65188,0.6179299482068,0.661534557530395,0.571947639992397,34.5163636363636,46.2836363636364,19.2,1.96,33.2290909090909,0.310909090909091,39.2981818181818,0.16,25.0418181818182,-0.0886396279032025,3.96867902434685,0.875421407501054,0.905405405405405,0.87594696969697
134984,69746,65238,0.617917449876859,0.661443105039262,0.571904025096275,34.5090909090909,46.2945454545455,19.1963636363636,1.95636363636364,33.2618181818182,0.294545454545454,39.3254545454545,0.158181818181818,25.0036363636364,-0.0873602249490266,3.934134547006,0.875447839831402,0.905309873537036,0.87601818526236
135067,69753,65314,0.617879736634027,0.661505459230846,0.57186322255119,34.5127272727273,46.2945454545455,19.1927272727273,1.95090909090909,33.2763636363636,0.285454545454545,39.3781818181818,0.143636363636364,24.9654545454545,-0.0863477881997824,3.92786680595441,0.87540828152987,0.905349147749588,0.876089427813566
135101,69757,65344,0.617901827461802,0.66143999456865,0.571843287507735,34.5163636363636,46.2945454545455,19.1890909090909,1.95090909090909,33.2909090909091,0.283636363636364,39.3872727272727,0.152727272727273,24.9345454545455,-0.0857889271775837,3.91126246757128,0.875421407501054,0.905309873537036,0.876160697365928
135166,69763,65403,0.617856283171046,0.661388072498142,0.571805135991335,34.5163636363636,46.2909090909091,19.1927272727273,1.95636363636364,33.2981818181818,0.274545454545455,39.4363636363636,0.141818181818182,24.8927272727273,-0.0852229276920711,3.89014724625105,0.875421407501054,0.905302435192459,0.876184160666919
135210,69767,65443,0.617850146499361,0.661266084422986,0.571749544823966,34.52,46.2872727272727,19.1927272727273,1.95636363636364,33.2963636363636,0.269090909090909,39.48,0.121818181818182,24.8763636363636,-0.084128754809684,3.87559577202932,0.875434530706837,0.905255715295781,0.876184160666919
135251,69767,65484,0.61781631521978,0.661367524472863,0.571700818710732,34.5163636363636,46.2927272727273,19.1909090909091,1.95272727272727,33.3145454545455,0.247272727272727,39.5181818181818,0.110909090909091,24.8563636363636,-0.0857575137844172,3.84963257434693,0.875474083438685,0.905266878755744,0.876172430127901
135245,69767,65478,0.617689790653664,0.661373322121958,0.571612144791754,34.5090909090909,46.3,19.1909090909091,1.96,33.32,0.247272727272727,39.54,0.127272727272727,24.8054545454545,-0.0860064737529187,3.82941253195432,0.875447839831402,0.905242489691734,0.876077688299384
135297,69775,65522,0.617689367823052,0.661374066200552,0.571558150955607,34.5054545454545,46.3036363636364,19.1909090909091,1.96363636363636,33.3236363636364,0.236363636363636,39.5872727272727,0.114545454545455,24.7745454545455,-0.0851413774969511,3.81998387229714,0.87548740647065,0.905249931283622,0.876077688299384
135314,69775,65539,0.617664247629675,0.66141440195939,0.57153110840545,34.5054545454545,46.3036363636364,19.1909090909091,1.96727272727273,33.3363636363636,0.230909090909091,39.6181818181818,0.116363636363636,24.7309090909091,-0.0854627721592392,3.80739486576481,0.87548740647065,0.905249931283622,0.876077688299384
135327,69773,65554,0.617697289354,0.661478389924305,0.571346523607198,34.5072727272727,46.3072727272727,19.1854545454545,1.96909090909091,33.3490909090909,0.230909090909091,39.6381818181818,0.116363636363636,24.6963636363636,-0.0857232313292942,3.79820516573435,0.875493967016176,0.905257371706781,0.875947687642153
135414,69783,65631,0.617749839988997,0.661519506174966,0.571287003338711,34.5090909090909,46.3072727272727,19.1836363636364,1.96363636363636,33.3727272727273,0.223636363636364,39.6745454545455,0.0909090909090909,24.6745454545455,-0.0849467076478587,3.78447883555835,0.875553213909378,0.905296635125054,0.875935930243579
135460,69781,65679,0.617664404535135,0.661457848849347,0.571266430686094,34.5127272727273,46.3036363636364,19.1836363636364,1.96181818181818,33.3909090909091,0.209090909090909,39.7145454545455,0.103636363636364,24.62,-0.0841706883078256,3.77234802615236,0.87540828152987,0.905289197785369,0.875935930243579
135523,69795,65728,0.617668732500443,0.661333537096185,0.57126049992539,34.5181818181818,46.2981818181818,19.1836363636364,1.96363636363636,33.3963636363636,0.216363636363636,39.7381818181818,0.0945454545454545,24.5909090909091,-0.0821899772344874,3.76759806698696,0.875427969449565,0.905278039585297,0.876030707989764
135537,69797,65740,0.6175624971315,0.661281451216838,0.571186925517377,34.52,46.3,19.18,1.96363636363636,33.4018181818182,0.232727272727273,39.7436363636364,0.0981818181818182,24.56,-0.0808805486299785,3.76170524407855,0.875329189929422,0.905242489691734,0.876007204474358
135572,69803,65769,0.617567636927465,0.661228483771798,0.571089152085086,34.5181818181818,46.3,19.1818181818182,1.96181818181818,33.4181818181818,0.236363636363636,39.7436363636364,0.0945454545454545,24.5454545454545,-0.079085001000567,3.75095860257067,0.875375296286542,0.905242489691734,0.875829383886256
135627,69811,65816,0.617531517834227,0.66123475602036,0.571130023217289,34.5163636363636,46.3018181818182,19.1818181818182,1.96363636363636,33.4327272727273,0.225454545454545,39.7909090909091,0.0981818181818182,24.4890909090909,-0.0785284899905739,3.74313122520054,0.875368731563422,0.905285478677452,0.875924170616114
135647,69813,65834,0.617402876010673,0.661273916621268,0.571115189860932,34.5090909090909,46.3090909090909,19.1818181818182,1.96545454545455,33.4527272727273,0.218181818181818,39.8054545454546,0.101818181818182,24.4563636363636,-0.078013800350924,3.72189055450938,0.875342465753425,0.905261091480173,0.875924170616114
135700,69827,65873,0.617444424858257,0.661275716737198,0.57101946942731,34.5090909090909,46.3127272727273,19.1781818181818,1.96181818181818,33.4654545454545,0.209090909090909,39.8581818181818,0.107272727272727,24.3981818181818,-0.0757888112117309,3.71437065354125,0.875395152792413,0.905268530150754,0.875900644671976
135754,69831,65923,0.617438666352583,0.661354767513215,0.570930492762392,34.5127272727273,46.3127272727273,19.1745454545455,1.96727272727273,33.4781818181818,0.203636363636364,39.8836363636364,0.105454545454545,24.3618181818182,-0.0751592577522388,3.71135323813016,0.875355600042145,0.905307788944724,0.875877109804665
135789,69839,65950,0.61742831740603,0.661359572169741,0.570836694867394,34.5145454545455,46.3127272727273,19.1727272727273,1.96545454545455,33.4854545454545,0.207272727272727,39.9018181818182,0.110909090909091,24.3290909090909,-0.073866502588548,3.69728333597834,0.875309487436127,0.905347047738694,0.875865339023234
135813,69847,65966,0.617432044272284,0.661394399212169,0.570861591910973,34.5163636363636,46.3163636363636,19.1672727272727,1.96727272727273,33.5,0.207272727272727,39.9145454545455,0.114545454545455,24.2963636363636,-0.0734914273815858,3.68462665704164,0.87531605562579,0.905354479076706,0.876019730601404
135849,69847,66002,0.6174679138846,0.661299605225574,0.570816586272742,34.5181818181818,46.3109090909091,19.1709090909091,1.96909090909091,33.5327272727273,0.187272727272727,39.9381818181818,0.103636363636364,24.2690909090909,-0.0730468476986888,3.67327237135985,0.875322623123519,0.905343331632052,0.875948406676783
135881,69845,66036,0.617430441205959,0.661215308331797,0.570785705049155,34.52,46.3054545454546,19.1745454545455,1.97090909090909,33.5472727272727,0.18,39.9763636363636,0.101818181818182,24.2236363636364,-0.0733014376540764,3.66512954162264,0.875276519540714,0.905292916601225,0.875971932486251
135934,69857,66077,0.617367697508676,0.661137569181042,0.570859077745086,34.5181818181818,46.3072727272727,19.1745454545455,1.96909090909091,33.5745454545455,0.189090909090909,39.9818181818182,0.0963636363636364,24.1890909090909,-0.0709854422227181,3.65114422108639,0.875269949960495,0.905257371706781,0.876161577849422
136001,69865,66136,0.617340914071726,0.660969034944409,0.570784597881654,34.5236363636364,46.3,19.1763636363636,1.96727272727273,33.6054545454545,0.172727272727273,40.0109090909091,0.0890909090909091,24.1545454545455,-0.0687473949670014,3.63733708965169,0.875236991784285,0.905242489691734,0.876078505736228
136033,69865,66168,0.617239228635581,0.661049001082567,0.570758179350608,34.5163636363636,46.3018181818182,19.1818181818182,1.97090909090909,33.6181818181818,0.174545454545455,40.0345454545455,0.1,24.1018181818182,-0.0683518811136888,3.6259582655843,0.875210703750527,0.905246210633786,0.876018957345972
136044,69869,66175,0.617097830469347,0.661089898665185,0.570804336086035,34.5090909090909,46.3036363636364,19.1872727272727,1.97818181818182,33.6218181818182,0.185454545454545,40.0672727272727,0.0890909090909091,24.0581818181818,-0.0690362239989554,3.62289214178242,0.875184404636459,0.905289197785369,0.876054202596418
136091,69871,66220,0.617099400452874,0.660990004997432,0.57077848701826,34.5109090909091,46.3,19.1890909090909,1.98,33.6472727272727,0.165454545454545,40.0818181818182,0.0872727272727273,24.0381818181818,-0.0681313376615766,3.60135710906576,0.875190980454138,0.90528175927744,0.875971195755164
136124,69877,66247,0.617168117113499,0.660925577947694,0.570844092251486,34.5127272727273,46.2963636363636,19.1909090909091,1.98363636363636,33.6472727272727,0.169090909090909,40.1127272727273,0.0836363636363636,24.0036363636364,-0.0675381481727196,3.59026730008085,0.875250237066695,0.90527431960099,0.876077688299384
136147,69877,66270,0.617174381885859,0.660875022939696,0.570833178239092,34.5127272727273,46.2945454545455,19.1927272727273,1.98363636363636,33.6690909090909,0.172727272727273,40.1163636363636,0.0854545454545454,23.9727272727273,-0.0673767150557151,3.57647766521709,0.875250237066695,0.905270599324484,0.876089427813566
136177,69873,66304,0.617094878420786,0.660895363880803,0.570819179060887,34.5127272727273,46.2945454545455,19.1927272727273,1.98363636363636,33.6818181818182,0.170909090909091,40.1454545454545,0.0836363636363636,23.9345454545455,-0.0678539312777337,3.5662637042051,0.87519755557897,0.905270599324484,0.876089427813566
136234,69879,66355,0.617100234587783,0.660774465059333,0.570802565264066,34.5163636363636,46.2872727272727,19.1963636363636,1.98181818181818,33.6945454545455,0.178181818181818,40.1727272727273,0.08,23.8927272727273,-0.0664325901116999,3.55504069822756,0.875210703750527,0.905255715295781,0.876112900170487
136263,69879,66384,0.617095880681809,0.660814289266992,0.57075270864869,34.5145454545455,46.2909090909091,19.1945454545455,1.98181818181818,33.7036363636364,0.185454545454545,40.1872727272727,0.0618181818181818,23.88,-0.0666777241945304,3.54166866120967,0.875204130011063,0.905263157894737,0.876101165103723
136246,69869,66377,0.617106078415477,0.660899189381859,0.570689095257687,34.5072727272727,46.2963636363636,19.1963636363636,1.98363636363636,33.7127272727273,0.174545454545455,40.2072727272727,0.0618181818181818,23.86,-0.0689301362010817,3.52618156410754,0.875283207755941,0.905235046930841,0.87601818526236
136297,69877,66420,0.617173475905452,0.660920679999687,0.570603453703538,34.5018181818182,46.3054545454546,19.1927272727273,1.98545454545455,33.7218181818182,0.165454545454545,40.2363636363636,0.06,23.8309090909091,-0.0676231934172723,3.50930843949318,0.875368887015177,0.905214386681326,0.875994694960212
136297,69871,66426,0.617149554732439,0.660886275840037,0.570613231259442,34.4963636363636,46.3090909090909,19.1945454545455,1.98727272727273,33.7345454545455,0.163636363636364,40.2454545454545,0.0672727272727273,23.8018181818182,-0.068960396350237,3.49335885036059,0.875349180414273,0.905182567726737,0.876006441223833
136324,69869,66455,0.617135905508842,0.660812229978907,0.570594845996262,34.5,46.3054545454546,19.1945454545455,1.98727272727273,33.7490909090909,0.152727272727273,40.2563636363636,0.0581818181818182,23.7963636363636,-0.0692313615951372,3.48162893195721,0.875309617918314,0.905175121721376,0.876006441223833
136369,69885,66484,0.617205212082354,0.660785816993955,0.570582601225554,34.5054545454545,46.3036363636364,19.1909090909091,1.99090909090909,33.7472727272727,0.152727272727273,40.2672727272727,0.0618181818181818,23.78,-0.0674127116622747,3.47672374382276,0.875382021287807,0.905210664781875,0.876077688299384
136406,69889,66517,0.617211448478867,0.660819004434993,0.570564756295976,34.5072727272727,46.3072727272727,19.1854545454545,1.98545454545455,33.7618181818182,0.147272727272727,40.2818181818182,0.0618181818181818,23.7618181818182,-0.0672899363084236,3.46526183152402,0.875388587386058,0.905218108288508,0.876137225170584
136431,69889,66542,0.617176636974478,0.660738799867582,0.570551406608471,34.5127272727273,46.3018181818182,19.1854545454545,1.98545454545455,33.7781818181818,0.134545454545455,40.2927272727273,0.0672727272727273,23.7418181818182,-0.0669708939418673,3.45013516018675,0.875355600042145,0.90520694259012,0.876137225170584
136454,69893,66561,0.617074890552162,0.660725349647881,0.570467396120875,34.5109090909091,46.3072727272727,19.1818181818182,1.98545454545455,33.7909090909091,0.127272727272727,40.3,0.0745454545454545,23.7218181818182,-0.0662619707798678,3.43780383337289,0.87529634898056,0.905218108288508,0.876113744075829
136485,69891,66594,0.617069257828816,0.660720159042806,0.570465581007582,34.5109090909091,46.3054545454546,19.1836363636364,1.98545454545455,33.7909090909091,0.136363636363636,40.3127272727273,0.0581818181818182,23.7163636363636,-0.0667830903008011,3.42218393644487,0.87529634898056,0.905214386681326,0.876125485735949
136497,69885,66612,0.617061346224334,0.660651499186209,0.570400910496982,34.5109090909091,46.2981818181818,19.1909090909091,1.98181818181818,33.7963636363636,0.145454545454545,40.3236363636364,0.0454545454545455,23.7072727272727,-0.0674665384086521,3.40592478623783,0.87529634898056,0.905199497329563,0.875982946470867
136516,69883,66633,0.616979564290895,0.660607951829261,0.57041614047945,34.5109090909091,46.2963636363636,19.1927272727273,1.98181818181818,33.8054545454545,0.134545454545455,40.3272727272727,0.0454545454545455,23.7054545454545,-0.0679115887595716,3.395168433694,0.875243664717349,0.905195774260692,0.875994694960212
136536,69885,66651,0.617049854952059,0.660606279617479,0.570433562787318,34.5109090909091,46.2945454545455,19.1945454545455,1.98,33.8109090909091,0.132727272727273,40.3327272727273,0.0563636363636364,23.6872727272727,-0.0680853724474384,3.37982503734529,0.87529634898056,0.905231325111932,0.876006441223833
136560,69901,66659,0.617043569579023,0.66058804929165,0.570372368809823,34.5090909090909,46.3036363636364,19.1872727272727,1.98,33.8145454545455,0.136363636363636,40.3218181818182,0.0618181818181818,23.6854545454545,-0.0663529536334284,3.37126875789836,0.875289778714436,0.905249931283622,0.876054202596418
136657,69913,66744,0.617063446569948,0.6605593459567,0.570390990292562,34.5090909090909,46.3,19.1909090909091,1.97636363636364,33.8363636363636,0.112727272727273,40.3272727272727,0.0672727272727273,23.68,-0.0649549376075315,3.36540186177431,0.875342465753425,0.90528175927744,0.876077688299384
136710,69917,66793,0.617015183253931,0.660638065895681,0.570368619995918,34.5090909090909,46.3018181818182,19.1890909090909,1.97454545454545,33.8472727272727,0.114545454545455,40.3327272727273,0.0581818181818182,23.6727272727273,-0.0640450179449875,3.35853374389593,0.875289778714436,0.905324746721118,0.876065946560546
136755,69927,66828,0.616993314877294,0.660628225849285,0.570321993899432,34.5090909090909,46.3072727272727,19.1836363636364,1.97272727272727,33.8545454545455,0.12,40.3290909090909,0.0527272727272727,23.6709090909091,-0.0634867051286909,3.34591586783698,0.875289778714436,0.905335898543327,0.876125485735949
136772,69927,66845,0.616883787642632,0.660602245133082,0.570304426106101,34.5,46.3163636363636,19.1836363636364,1.97090909090909,33.8636363636364,0.118181818181818,40.3254545454545,0.0509090909090909,23.6709090909091,-0.0633865894117414,3.33195650630884,0.875256916996047,0.905315223365,0.876125485735949
136763,69915,66848,0.61686309207941,0.660567060063867,0.570226295522322,34.5,46.3109090909091,19.1890909090909,1.97090909090909,33.8727272727273,0.118181818181818,40.3127272727273,0.0490909090909091,23.6763636363636,-0.0646591821685433,3.31875146758658,0.875256916996047,0.905264810961486,0.875971195755164
136778,69913,66865,0.616859779021263,0.660565716329883,0.570307725594095,34.5,46.3036363636364,19.1963636363636,1.97090909090909,33.8745454545455,0.118181818181818,40.3,0.0509090909090909,23.6854545454545,-0.0652197238962716,3.3114232077348,0.875256916996047,0.905289197785369,0.87601818526236
136818,69919,66899,0.616903368565389,0.660588901669155,0.570339176250106,34.4981818181818,46.3090909090909,19.1927272727273,1.96909090909091,33.8963636363636,0.112727272727273,40.2836363636364,0.0418181818181818,23.6963636363636,-0.0639382324487749,3.30269998002967,0.875303046273848,0.90530035335689,0.876089427813566
136827,69909,66918,0.616935131740835,0.660602053464426,0.570332329642095,34.4981818181818,46.3054545454546,19.1963636363636,1.96909090909091,33.9181818181818,0.1,40.2618181818182,0.0454545454545455,23.7054545454545,-0.0652213210562794,3.29126080156897,0.875303046273848,0.905292916601225,0.87601818526236
136839,69913,66926,0.616852751863052,0.660505229990082,0.570327387536663,34.5,46.3036363636364,19.1963636363636,1.96727272727273,33.9290909090909,0.0963636363636364,40.2581818181818,0.0418181818181818,23.7072727272727,-0.0644344216568491,3.27509765500541,0.875256916996047,0.905289197785369,0.87601818526236
136854,69913,66941,0.616910740281757,0.660426970933528,0.570276082392845,34.5036363636364,46.3,19.1963636363636,1.96181818181818,33.9381818181818,0.105454545454545,40.2345454545455,0.04,23.72,-0.0638424649706973,3.26532499956983,0.875270063761395,0.90528175927744,0.875923470354234
136811,69911,66900,0.616911653162442,0.660351697033309,0.57024934047649,34.5,46.3036363636364,19.1963636363636,1.96181818181818,33.9509090909091,0.110909090909091,40.2,0.0581818181818182,23.7181818181818,-0.0641648175680364,3.25187203792686,0.875256916996047,0.905249931283622,0.875923470354234
136843,69917,66926,0.616755601203857,0.660353371840868,0.570304707381353,34.4945454545455,46.3090909090909,19.1963636363636,1.96,33.9581818181818,0.109090909090909,40.1963636363636,0.0472727272727273,23.7290909090909,-0.0636692811024576,3.2389652333815,0.875184482395109,0.90530035335689,0.87601818526236
136885,69919,66966,0.616809454020052,0.660410827768167,0.570397839332151,34.4927272727273,46.3090909090909,19.1981818181818,1.96,33.9709090909091,0.0927272727272727,40.1927272727273,0.0454545454545455,23.7381818181818,-0.0638946913407629,3.22506300241432,0.875230615149439,0.905339615233608,0.87612463301449
136867,69909,66958,0.616746659371273,0.660401617712817,0.570387540993632,34.4872727272727,46.3109090909091,19.2018181818182,1.95454545454545,33.9927272727273,0.0909090909090909,40.1781818181818,0.0436363636363636,23.74,-0.0657158811400719,3.20799999982119,0.875210881484606,0.905304071296769,0.876053404033709
136863,69901,66962,0.61673695987262,0.660381427505119,0.570410067007053,34.4909090909091,46.3054545454546,19.2036363636364,1.95090909090909,34,0.1,40.1454545454545,0.0454545454545455,23.7581818181818,-0.0670861937224055,3.19599056495354,0.875171323141803,0.905292916601225,0.876065139178186
136859,69895,66964,0.616767219794615,0.660336344307544,0.570365485705341,34.4963636363636,46.3,19.2036363636364,1.95272727272727,34.0054545454545,0.1,40.1254545454546,0.0472727272727273,23.7690909090909,-0.0681929992304173,3.18308607388118,0.875138354503769,0.90528175927744,0.875970460140125
136894,69905,66989,0.616871978402435,0.660213549108812,0.570498875362424,34.5,46.2963636363636,19.2036363636364,1.95272727272727,34.0181818181818,0.1,40.1018181818182,0.0509090909090909,23.7763636363636,-0.0672990877493496,3.17934258756312,0.875204216073781,0.90527431960099,0.876159818216247
136942,69911,67031,0.61691800355488,0.660085230985341,0.570434276797631,34.5,46.2945454545455,19.2054545454545,1.94363636363636,34.0418181818182,0.0890909090909091,40.0945454545455,0.0472727272727273,23.7836363636364,-0.0658246067826853,3.16408846888014,0.875256916996047,0.905231325111932,0.876076872100729
136951,69905,67046,0.616854410770461,0.660250583847788,0.57027262365042,34.4963636363636,46.3,19.2036363636364,1.94363636363636,34.0381818181818,0.0927272727272727,40.0818181818182,0.0472727272727273,23.7963636363636,-0.0673557522829717,3.15434518133883,0.875243767459021,0.90528175927744,0.875875781102064
137006,69901,67105,0.617040337370763,0.660319812424903,0.570165996725214,34.5018181818182,46.3018181818182,19.1963636363636,1.94181818181818,34.06,0.0745454545454545,40.0709090909091,0.0345454545454545,23.8181818181818,-0.0673380192830254,3.1415756454268,0.875316188870152,0.905285478677452,0.875828755446107
137033,69917,67116,0.616944799795457,0.660215806517615,0.570297110262989,34.4963636363636,46.3036363636364,19.2,1.94,34.0654545454545,0.0818181818181818,40.0563636363636,0.0327272727272727,23.8236363636364,-0.0650982442523607,3.12950486247851,0.875349180414273,0.905289197785369,0.87594696969697
137047,69915,67132,0.617012127113387,0.660203804688859,0.570288695802172,34.5018181818182,46.2981818181818,19.2,1.93818181818182,34.0745454545455,0.0763636363636364,40.0527272727273,0.0309090909090909,23.8272727272727,-0.0654803469824732,3.11937609435144,0.875368887015177,0.905317310713164,0.87594696969697
137000,69897,67103,0.616948885694359,0.660211719739432,0.570271363758154,34.5054545454545,46.2909090909091,19.2036363636364,1.93818181818182,34.0781818181818,0.0836363636363636,40.04,0.0272727272727273,23.8327272727273,-0.0683364724477129,3.11070008625022,0.875276636104964,0.905302435192459,0.875875781102064
137031,69909,67122,0.616921020614377,0.66015719401204,0.570348371868859,34.5054545454545,46.2927272727273,19.2018181818182,1.93818181818182,34.0909090909091,0.0763636363636364,40.0254545454545,0.0327272727272727,23.8363636363636,-0.0665628144997093,3.10022431373258,0.875276636104964,0.90530615451082,0.876053404033709
137060,69917,67143,0.617011652912791,0.660070367057136,0.570325140424881,34.5036363636364,46.2963636363636,19.2,1.94,34.0945454545455,0.0818181818181818,40.0072727272727,0.0254545454545455,23.8509090909091,-0.0657536979020899,3.08544277953492,0.87537545449755,0.90527431960099,0.876041666666667
137093,69917,67176,0.617046569953034,0.660166458044622,0.570154054297577,34.5036363636364,46.3018181818182,19.1945454545455,1.93818181818182,34.1163636363636,0.08,39.9981818181818,0.0181818181818182,23.8490909090909,-0.0658140611734284,3.07918232929977,0.87537545449755,0.905285478677452,0.875911717343942
137123,69915,67208,0.61699001307998,0.660180509877263,0.570117420564796,34.5036363636364,46.3036363636364,19.1927272727273,1.94181818181818,34.1218181818182,0.0745454545454545,39.9909090909091,0.0254545454545455,23.8454545454545,-0.0663450407199641,3.07794738890265,0.875322759129473,0.905289197785369,0.875899962106859
137144,69917,67227,0.61702952062486,0.660206570472311,0.570103493852347,34.5018181818182,46.3054545454546,19.1927272727273,1.94181818181818,34.1272727272727,0.0709090909090909,39.9854545454545,0.0236363636363636,23.8509090909091,-0.0665729496267555,3.07016282002865,0.875368887015177,0.905292916601225,0.875899962106859
137155,69927,67228,0.616962745252619,0.660186057853784,0.570287844742898,34.5018181818182,46.3018181818182,19.1963636363636,1.93818181818182,34.1436363636364,0.0690909090909091,39.9745454545455,0.0272727272727273,23.8472727272727,-0.0653735959162573,3.05956013442271,0.875316188870152,0.90540328280845,0.876112900170487
137116,69915,67201,0.616924015061986,0.660198450969501,0.570268865988754,34.4981818181818,46.3072727272727,19.1945454545455,1.93818181818182,34.1563636363636,0.0709090909090909,39.9654545454545,0.0218181818181818,23.8472727272727,-0.0675169066799506,3.05002908873456,0.875250342574049,0.9053751619616,0.876101165103723
137134,69917,67217,0.616919356985071,0.660276126204271,0.570072768694307,34.5036363636364,46.3109090909091,19.1854545454545,1.93818181818182,34.16,0.0709090909090909,39.9618181818182,0.02,23.8490909090909,-0.0680826858504919,3.03732093427838,0.875217368393318,0.905421852302619,0.875947687642153
137144,69919,67225,0.616857278730038,0.66027517933548,0.570007628182846,34.5018181818182,46.3163636363636,19.1818181818182,1.94,34.1672727272727,0.0690909090909091,39.96,0.0236363636363636,23.84,-0.0683288867598921,3.03378873181275,0.875210792580101,0.905393734788412,0.875924170616114
137161,69927,67234,0.61684145150374,0.660243933506924,0.570044129786787,34.4981818181818,46.3163636363636,19.1854545454545,1.93818181818182,34.1854545454545,0.0672727272727273,39.9527272727273,0.0236363636363636,23.8327272727273,-0.0660221926601397,3.02237030720677,0.875250342574049,0.905393734788412,0.875947687642153
137185,69927,67258,0.616881698858253,0.660157182751861,0.570279417979609,34.5,46.3072727272727,19.1927272727273,1.93636363636364,34.2127272727273,0.0636363636363636,39.9363636363636,0.0181818181818182,23.8327272727273,-0.0657407239891902,3.01415824012154,0.875256916996047,0.9053751619616,0.876184160666919
137212,69927,67285,0.617040175566582,0.660162646389143,0.570367739144232,34.4981818181818,46.3018181818182,19.2,1.93090909090909,34.2418181818182,0.0545454545454545,39.9218181818182,0.0181818181818182,23.8327272727273,-0.0654082607825826,3.00342027099634,0.875408453673448,0.905364014764784,0.876136363636364
137220,69931,67289,0.617008571933312,0.660134491435175,0.570312278693566,34.4981818181818,46.3072727272727,19.1945454545455,1.93090909090909,34.26,0.0618181818181818,39.8981818181818,0.0218181818181818,23.8272727272727,-0.0650088989824574,2.99476983490485,0.875408453673448,0.905335898543327,0.876101165103723
137182,69927,67255,0.617028355057336,0.660133094242351,0.57028728927715,34.5036363636364,46.3054545454546,19.1909090909091,1.93636363636364,34.2727272727273,0.0727272727272727,39.8781818181818,0.0236363636363636,23.8163636363636,-0.0652227301140639,2.98316558795896,0.87537545449755,0.905332181561175,0.876172430127901
137190,69925,67265,0.617070503328732,0.660078466367117,0.570245970877383,34.5072727272727,46.3018181818182,19.1909090909091,1.93636363636364,34.3018181818182,0.0636363636363636,39.8654545454545,0.0309090909090909,23.8018181818182,-0.0666326065498486,2.97329988070679,0.875388587386058,0.905364014764784,0.876077688299384
137197,69937,67260,0.61711811323724,0.660167376081102,0.570133807872434,34.5,46.32,19.18,1.93454545454545,34.3163636363636,0.0690909090909091,39.8654545454545,0.0290909090909091,23.7854545454545,-0.0664782807643033,2.96468336742202,0.875467720685112,0.90536190924792,0.876196795904825
137183,69927,67256,0.617100755206242,0.660168882821866,0.570089931282324,34.5036363636364,46.3127272727273,19.1836363636364,1.93272727272727,34.3418181818182,0.0690909090909091,39.8418181818182,0.0436363636363636,23.7709090909091,-0.0674059451957047,2.95650327148085,0.875428149865627,0.905386306532663,0.876030707989764
137187,69923,67264,0.617232158793238,0.660103272599953,0.570030870335295,34.5145454545455,46.3036363636364,19.1818181818182,1.93272727272727,34.3618181818182,0.0690909090909091,39.8363636363636,0.0436363636363636,23.7563636363636,-0.0657847754097516,2.94932331534272,0.875414844861192,0.905328464287117,0.876018957345972
137167,69921,67246,0.617256051862153,0.660044899114585,0.569939376651144,34.5127272727273,46.3054545454546,19.1818181818182,1.93454545454545,34.3854545454545,0.0727272727272727,39.8309090909091,0.0345454545454545,23.7418181818182,-0.0662460186771734,2.9481598618017,0.875460963017596,0.905292916601225,0.875924170616114
137211,69925,67286,0.617202848267755,0.660177378808859,0.570056190932167,34.5036363636364,46.3090909090909,19.1872727272727,1.93454545454545,34.4127272727273,0.08,39.8181818181818,0.0309090909090909,23.7236363636364,-0.0673232917244274,2.94108586936173,0.875480845233704,0.905378877110326,0.87595944281247
137193,69921,67272,0.617152447113021,0.660143799756843,0.570142188220451,34.5036363636364,46.3036363636364,19.1927272727273,1.92909090909091,34.4381818181818,0.08,39.8090909090909,0.0381818181818182,23.7054545454545,-0.0669309908758474,2.93576460968364,0.875428149865627,0.905367730788864,0.875994694960212
137207,69911,67296,0.617118158651264,0.66017961630326,0.570072980674676,34.5090909090909,46.3018181818182,19.1890909090909,1.92363636363636,34.4727272727273,0.0690909090909091,39.8036363636364,0.0436363636363636,23.6872727272727,-0.0679059686777195,2.92589633645998,0.875289778714436,0.905364014764784,0.875971195755164
137256,69927,67329,0.617131686536919,0.660200272477553,0.569963662744482,34.5,46.3163636363636,19.1836363636364,1.92,34.4872727272727,0.0709090909090909,39.8145454545455,0.0327272727272727,23.6745454545455,-0.0670305917993987,2.92060213695196,0.875415019762846,0.905354479076706,0.875935930243579
137282,69927,67355,0.617135468322821,0.660108509049758,0.570074029847621,34.5,46.3072727272727,19.1927272727273,1.91818181818182,34.5109090909091,0.0672727272727273,39.8181818181818,0.0272727272727273,23.6581818181818,-0.0665586696508399,2.91316815657033,0.875415019762846,0.9053751619616,0.875994694960212
137271,69931,67340,0.617127601771638,0.660146186725822,0.570069862038618,34.4981818181818,46.3127272727273,19.1890909090909,1.91818181818182,34.5272727272727,0.0727272727272727,39.8127272727273,0.04,23.6290909090909,-0.0661482570223928,2.90704146770083,0.875408453673448,0.905386306532663,0.876065946560546
137285,69925,67360,0.617123977622826,0.660152381556,0.570077565087559,34.4945454545455,46.3163636363636,19.1890909090909,1.91818181818182,34.5490909090909,0.0654545454545455,39.8218181818182,0.0490909090909091,23.5963636363636,-0.0680135742197639,2.90600959478285,0.87539531941809,0.905354479076706,0.876160697365928
137298,69917,67381,0.617101015778507,0.660139116019002,0.570018129394748,34.4945454545455,46.3181818181818,19.1872727272727,1.91818181818182,34.5690909090909,0.0654545454545455,39.8181818181818,0.0363636363636364,23.5927272727273,-0.0690701957519526,2.89139171944592,0.875342610162344,0.90531894013739,0.876054202596418
137273,69904,67369,0.617092096828419,0.660143094465619,0.570034748849641,34.4981818181818,46.3127272727273,19.1890909090909,1.91636363636364,34.5818181818182,0.0654545454545455,39.8218181818182,0.0436363636363636,23.5709090909091,-0.0710537727295146,2.87744109105657,0.875303046273848,0.905307788944724,0.875971195755164
137321,69910,67411,0.617216263832731,0.660159847361768,0.570047055630417,34.4945454545455,46.3127272727273,19.1927272727273,1.91636363636364,34.5963636363636,0.0618181818181818,39.8236363636364,0.0418181818181818,23.56,-0.0705018085844296,2.87281526510858,0.87539531941809,0.905347047738694,0.875994694960212
137314,69900,67414,0.617134837681234,0.660371286541007,0.570005071119316,34.4890909090909,46.3236363636364,19.1872727272727,1.91818181818182,34.6,0.06,39.8454545454545,0.0472727272727273,23.5290909090909,-0.0743416254251894,2.87488763568584,0.875322895250145,0.90536933825261,0.876054202596418
137402,69910,67492,0.617243259368291,0.660278438049786,0.569940918320441,34.4927272727273,46.3145454545455,19.1927272727273,1.91454545454545,34.6163636363636,0.0636363636363636,39.8509090909091,0.0381818181818182,23.5163636363636,-0.0711288362790748,2.86446741291068,0.875388751251911,0.905390020806344,0.875994694960212
137430,69917,67513,0.617211164185892,0.660250183490655,0.569796617247335,34.5,46.3163636363636,19.1836363636364,1.91454545454545,34.6163636363636,0.0672727272727273,39.8581818181818,0.0418181818181818,23.5018181818182,-0.0688357375992795,2.85986216139387,0.87536231884058,0.905354479076706,0.875935930243579
137448,69933,67515,0.617237587788689,0.660073581420701,0.56983631831647,34.5072727272727,46.3163636363636,19.1763636363636,1.91636363636364,34.6181818181818,0.0636363636363636,39.8727272727273,0.0345454545454545,23.4945454545455,-0.0668149512586586,2.85832631333985,0.875388587386058,0.905315223365,0.876173319427325
137452,69927,67525,0.617107985429023,0.660192219377299,0.569836070801416,34.5054545454545,46.32,19.1745454545455,1.91272727272727,34.6163636363636,0.0654545454545455,39.8945454545455,0.0345454545454545,23.4763636363636,-0.0688466716886482,2.84731307514012,0.875329328696385,0.905322656617993,0.876161577849422
137466,69931,67535,0.617162366887039,0.660162984611328,0.569915155352298,34.5036363636364,46.3163636363636,19.18,1.91272727272727,34.6181818181818,0.0636363636363636,39.9254545454545,0.0327272727272727,23.4472727272727,-0.0696433435503092,2.84291137135164,0.875428149865627,0.905354479076706,0.876196795904825
137484,69937,67547,0.617149266099835,0.660094493371116,0.569875298103393,34.5054545454545,46.3145454545455,19.18,1.91272727272727,34.6254545454545,0.0690909090909091,39.9309090909091,0.0327272727272727,23.4290909090909,-0.0678863794227337,2.83694029319185,0.875434713879229,0.905350763553566,0.876196795904825
137554,69937,67617,0.617173589331598,0.660210150884326,0.569824345374217,34.5036363636364,46.3127272727273,19.1836363636364,1.91272727272727,34.6254545454545,0.0727272727272727,39.9509090909091,0.0254545454545455,23.4127272727273,-0.0679561382340167,2.83148697800088,0.875428149865627,0.905425565326633,0.876125485735949
137595,69943,67652,0.61701928516726,0.66027371382748,0.569808357980162,34.4981818181818,46.3181818181818,19.1836363636364,1.90909090909091,34.6309090909091,0.0636363636363636,39.9690909090909,0.0254545454545455,23.4018181818182,-0.0681035977732046,2.82843004675921,0.875355749973648,0.905475956820412,0.876125485735949
137559,69933,67626,0.617001208036433,0.660154151160906,0.569658592141025,34.5,46.3163636363636,19.1836363636364,1.91090909090909,34.6218181818182,0.0618181818181818,40,0.0218181818181818,23.3836363636364,-0.0686796828612966,2.82118623496287,0.87536231884058,0.905393734788412,0.875935930243579
137601,69935,67666,0.617054072062897,0.66009992849584,0.569720021353435,34.5,46.3145454545455,19.1854545454545,1.90909090909091,34.6163636363636,0.06,40.0145454545455,0.0272727272727273,23.3727272727273,-0.0676026224613782,2.81421423062513,0.87536231884058,0.905390020806344,0.875947687642153
137591,69929,67662,0.6170524562371,0.660077243335822,0.569708077273454,34.5054545454545,46.3109090909091,19.1836363636364,1.90727272727273,34.6145454545455,0.0618181818181818,40.0163636363636,0.0327272727272727,23.3672727272727,-0.069626443319364,2.80379152227701,0.875329328696385,0.905421852302619,0.875935930243579
137628,69925,67703,0.617085467491984,0.660137421805991,0.56982366657017,34.5036363636364,46.3109090909091,19.1854545454545,1.90727272727273,34.6163636363636,0.0618181818181818,40.0309090909091,0.0272727272727273,23.3563636363636,-0.0708713193516649,2.80119378645481,0.875322759129473,0.905421852302619,0.876137225170584
137635,69915,67720,0.61706961438212,0.660163511582016,0.569680321177886,34.5,46.3109090909091,19.1890909090909,1.91090909090909,34.5963636363636,0.06,40.0527272727273,0.0290909090909091,23.3509090909091,-0.0716823246576744,2.80073535656557,0.87536231884058,0.905382591967335,0.875876444949782
137661,69922,67739,0.616990329170699,0.660301637578816,0.569615032668368,34.4909090909091,46.3272727272727,19.1818181818182,1.91090909090909,34.5927272727273,0.0618181818181818,40.0654545454545,0.0290909090909091,23.34,-0.071160717444251,2.78608795679174,0.87532946758039,0.90541601255887,0.875924170616114
137649,69924,67725,0.616972502645728,0.660168862723326,0.569622597562692,34.4909090909091,46.3309090909091,19.1781818181818,1.91090909090909,34.5836363636364,0.0636363636363636,40.0872727272727,0.0181818181818182,23.3363636363636,-0.0702593062725844,2.77850870983675,0.875276752767528,0.905384192763519,0.875995449374289
137653,69921,67732,0.616956949491439,0.660156388418798,0.569556050176566,34.4963636363636,46.3254545454545,19.1781818181818,1.91090909090909,34.5836363636364,0.0563636363636364,40.1054545454545,0.0236363636363636,23.32,-0.0703893505731354,2.76995592428879,0.875243767459021,0.905412300325758,0.875900644671976
137632,69899,67733,0.617055716837867,0.660276654012489,0.569649124987581,34.4981818181818,46.32,19.1818181818182,1.91272727272727,34.5745454545455,0.06,40.12,0.02,23.3127272727273,-0.0743209902944562,2.75676540040242,0.875250342574049,0.905401161877846,0.876018957345972
137682,69909,67773,0.616976328208716,0.660170472223753,0.569515935305241,34.5,46.3272727272727,19.1727272727273,1.91272727272727,34.5672727272727,0.0654545454545455,40.1309090909091,0.0145454545454545,23.3090909090909,-0.0715197237433379,2.75224128361707,0.875256916996047,0.905298273155416,0.875960170697013
137719,69903,67816,0.616978229085748,0.660277035247629,0.569569003760049,34.5036363636364,46.3218181818182,19.1745454545455,1.91272727272727,34.5709090909091,0.0545454545454545,40.1381818181818,0.0163636363636364,23.3072727272727,-0.0747197196981605,2.74464296031405,0.875217368393318,0.905365623896063,0.875877109804665
137737,69909,67828,0.616939981925265,0.660248361311141,0.569565120280018,34.5018181818182,46.3290909090909,19.1690909090909,1.91272727272727,34.5690909090909,0.0509090909090909,40.1436363636364,0.0109090909090909,23.3127272727273,-0.0728672157094645,2.7389480590905,0.875210792580101,0.905301989717829,0.87603149008821
137795,69921,67874,0.616963610591413,0.660167974009823,0.569520642794814,34.5,46.3272727272727,19.1727272727273,1.91272727272727,34.5581818181818,0.0509090909090909,40.1545454545455,0.0127272727272727,23.3109090909091,-0.0698589589507636,2.73661972205155,0.875256916996047,0.905337519623234,0.875960170697013
137806,69923,67883,0.616877323192723,0.660105099378995,0.56954080108867,34.4981818181818,46.3254545454545,19.1763636363636,1.91272727272727,34.5490909090909,0.0509090909090909,40.1581818181818,0.0127272727272727,23.3163636363636,-0.0707149187175673,2.72573064477183,0.875250342574049,0.905373052317595,0.875888878354034
137785,69911,67874,0.616851414588928,0.660078558816958,0.569515951722894,34.5054545454545,46.3163636363636,19.1781818181818,1.91272727272727,34.5436363636364,0.0472727272727273,40.1654545454545,0.0163636363636364,23.3145454545455,-0.0724993178643424,2.71842324225317,0.87517125092212,0.905354479076706,0.875900644671976
137791,69911,67880,0.61691933302831,0.66014348118216,0.569514158979956,34.5072727272727,46.3163636363636,19.1763636363636,1.91272727272727,34.5381818181818,0.0454545454545455,40.1727272727273,0.0218181818181818,23.3090909090909,-0.0731446705269098,2.70663395502435,0.875177828125823,0.905393734788412,0.875983692045131
137784,69903,67881,0.61697196002974,0.659970755681495,0.569614491944222,34.5072727272727,46.3054545454546,19.1872727272727,1.91090909090909,34.5254545454545,0.0563636363636364,40.1727272727273,0.0181818181818182,23.3163636363636,-0.0731982157798484,2.69362402414818,0.875177828125823,0.905332181561175,0.87595944281247
137835,69915,67920,0.616953819456415,0.660109237678347,0.569539534218469,34.4981818181818,46.3272727272727,19.1745454545455,1.91090909090909,34.5127272727273,0.0527272727272727,40.1909090909091,0.0145454545454545,23.3181818181818,-0.072915467882095,2.68971140524796,0.875197638874249,0.905337519623234,0.876066755167836
137862,69927,67935,0.616965358541474,0.660066131675082,0.5693751462657,34.4963636363636,46.3309090909091,19.1727272727273,1.91090909090909,34.5090909090909,0.0563636363636364,40.1763636363636,0.0218181818181818,23.3254545454545,-0.0705800496865942,2.67866367943246,0.875296473936647,0.90534494937603,0.875865339023234
137893,69927,67966,0.616878396175506,0.660193199518259,0.569437524195058,34.4981818181818,46.3309090909091,19.1709090909091,1.90909090909091,34.5072727272727,0.0527272727272727,40.1890909090909,0.0218181818181818,23.32,-0.0720393988397766,2.6747770269994,0.875197638874249,0.905423436151008,0.875948406676783
137879,69923,67956,0.616799497024915,0.660112734097386,0.569569076622799,34.4927272727273,46.3272727272727,19.18,1.90909090909091,34.4981818181818,0.0527272727272727,40.1981818181818,0.0254545454545455,23.3163636363636,-0.0721803023413734,2.66702776028013,0.875177903115281,0.90541601255887,0.876007204474358
137808,69901,67907,0.6168301788438,0.659967922095918,0.569638016894473,34.5036363636364,46.3145454545455,19.1818181818182,1.90727272727273,34.4963636363636,0.0509090909090909,40.2036363636364,0.0236363636363636,23.3181818181818,-0.0763896166768973,2.65325665480711,0.875111977657164,0.905350763553566,0.876113744075829
137845,69899,67946,0.61689529617108,0.66011877651495,0.569706020126244,34.5018181818182,46.3163636363636,19.1818181818182,1.90727272727273,34.4963636363636,0.0454545454545455,40.2054545454545,0.0236363636363636,23.3218181818182,-0.0782240806925322,2.64748534945432,0.875158094435076,0.905393734788412,0.876208530805687
137859,69901,67958,0.616915599447726,0.659995269715899,0.569731734039583,34.5145454545455,46.2981818181818,19.1872727272727,1.90909090909091,34.4872727272727,0.0509090909090909,40.2090909090909,0.0254545454545455,23.3181818181818,-0.0750364193609461,2.63969626843252,0.87515145129853,0.905395852968897,0.876148962380366
137903,69909,67994,0.616888642363352,0.660036926417673,0.569645861770715,34.5036363636364,46.3072727272727,19.1890909090909,1.90909090909091,34.4727272727273,0.0636363636363636,40.2218181818182,0.0163636363636364,23.3163636363636,-0.0733527480538628,2.63440486584705,0.875217368393318,0.905414425379874,0.875971195755164
137891,69907,67984,0.616897003173768,0.660048997025484,0.56954471757612,34.5,46.3254545454545,19.1745454545455,1.90909090909091,34.4727272727273,0.0563636363636364,40.2309090909091,0.0181818181818182,23.3127272727273,-0.0737888416681513,2.62436543210325,0.875204216073781,0.905294556301268,0.876066755167836
137937,69917,68020,0.616928649787341,0.660128996236294,0.569510613705143,34.5018181818182,46.3254545454545,19.1727272727273,1.90909090909091,34.4727272727273,0.0545454545454545,40.2363636363636,0.02,23.3072727272727,-0.0734670293887823,2.62189314171926,0.875210792580101,0.905373052317595,0.876055002370792
137918,69915,68003,0.616785355304703,0.660153854794021,0.56956479795057,34.5,46.3254545454545,19.1745454545455,1.90909090909091,34.4690909090909,0.0581818181818182,40.2418181818182,0.0236363636363636,23.2981818181818,-0.0754404803227358,2.61044564274648,0.875204216073781,0.905373052317595,0.876066755167836
137943,69915,68028,0.616695794510433,0.660116790663288,0.569500075735257,34.4981818181818,46.3272727272727,19.1745454545455,1.90727272727273,34.4672727272727,0.0581818181818182,40.2527272727273,0.0236363636363636,23.2909090909091,-0.0727959005712447,2.60485737648454,0.87509223147465,0.905337519623234,0.876066755167836
137967,69911,68056,0.6167112009704,0.660143162238818,0.569491289488067,34.5018181818182,46.3163636363636,19.1818181818182,1.90727272727273,34.4672727272727,0.0563636363636364,40.2654545454546,0.0127272727272727,23.2909090909091,-0.0755911602429643,2.60375797061504,0.875105396290051,0.905472246211824,0.875829383886256
137979,69907,68072,0.616751013121239,0.660119051627176,0.569544317504195,34.5036363636364,46.3054545454546,19.1909090909091,1.90727272727273,34.4709090909091,0.0563636363636364,40.2636363636364,0.0218181818181818,23.28,-0.07444611958953,2.59558923700824,0.875111977657164,0.905489241400974,0.875793462813832
138013,69915,68098,0.616827947606151,0.660117461759631,0.569494311410204,34.5072727272727,46.3072727272727,19.1854545454545,1.90727272727273,34.4727272727273,0.06,40.2636363636364,0.0127272727272727,23.2836363636364,-0.0735752538312227,2.58935018152168,0.875177828125823,0.90549295221642,0.875758150113722
138034,69929,68105,0.616698719832795,0.660217656008237,0.569632128897393,34.5036363636364,46.3181818181818,19.1781818181818,1.90545454545455,34.4745454545455,0.0563636363636364,40.2727272727273,0.02,23.2709090909091,-0.0726182115680951,2.58160028712485,0.875164673025241,0.905475956820412,0.876185058778915
137997,69921,68076,0.616745541250823,0.660106966743374,0.569630889316273,34.5090909090909,46.3127272727273,19.1781818181818,1.90545454545455,34.4781818181818,0.0654545454545455,40.2690909090909,0.0163636363636364,23.2654545454545,-0.074229741732283,2.57218664810485,0.875131717597471,0.905464824120603,0.876185058778915
138037,69917,68120,0.61671942982227,0.660080220731854,0.569663374696338,34.5145454545455,46.3036363636364,19.1818181818182,1.90363636363636,34.4709090909091,0.0654545454545455,40.2854545454545,0.0127272727272727,23.2618181818182,-0.0736345094432843,2.57039314965633,0.875046093873466,0.905446263792359,0.876208530805687
138124,69931,68193,0.616827172189272,0.660348336588514,0.569492811717592,34.5036363636364,46.3218181818182,19.1745454545455,1.90363636363636,34.4709090909091,0.0636363636363636,40.2945454545455,0.00909090909090909,23.2581818181818,-0.0726787163006851,2.56818447494033,0.875217368393318,0.905483377163716,0.876161577849422
138123,69925,68198,0.61674546292851,0.660323685696506,0.569441870399116,34.4963636363636,46.3309090909091,19.1727272727273,1.90545454545455,34.4727272727273,0.0581818181818182,40.3036363636364,0.02,23.24,-0.0718335310824014,2.56264340315776,0.875138354503769,0.905462679538498,0.876055002370792
138094,69915,68179,0.616803134041718,0.66021705374574,0.569484361533497,34.5054545454545,46.32,19.1745454545455,1.90545454545455,34.4745454545455,0.0563636363636364,40.3090909090909,0.0127272727272727,23.2418181818182,-0.0753262567683123,2.5518273671835,0.875118558330699,0.905440414507772,0.876066755167836
138061,69899,68162,0.61680427468032,0.660207697000586,0.569474299600617,34.5036363636364,46.3127272727273,19.1836363636364,1.90545454545455,34.4690909090909,0.0563636363636364,40.3127272727273,0.0254545454545455,23.2309090909091,-0.0764113630916902,2.54508805685169,0.875111977657164,0.905464824120603,0.875841152497394
138054,69889,68165,0.616892221292137,0.660106527851963,0.56960864929298,34.5054545454545,46.3,19.1945454545455,1.90727272727273,34.4709090909091,0.0545454545454545,40.3127272727273,0.0254545454545455,23.2290909090909,-0.0780385373649717,2.53626616879112,0.87517125092212,0.905399568034557,0.875911717343942
138093,69901,68192,0.616688002682156,0.660163542642276,0.569585705757822,34.4981818181818,46.3145454545455,19.1872727272727,1.90909090909091,34.4709090909091,0.0490909090909091,40.3163636363636,0.02,23.2345454545455,-0.0766705653683113,2.52981965515593,0.87509223147465,0.905429278059121,0.87595944281247
138140,69913,68227,0.616634690503253,0.660171873873771,0.569511159177611,34.4963636363636,46.3254545454545,19.1781818181818,1.90909090909091,34.4709090909091,0.0509090909090909,40.3254545454545,0.0163636363636364,23.2272727272727,-0.076177299792074,2.52615403822115,0.875085648026142,0.905412300325758,0.875995449374289
138173,69931,68242,0.616486933923366,0.660201478839654,0.569504674478476,34.4963636363636,46.3290909090909,19.1745454545455,1.90727272727273,34.4709090909091,0.0581818181818182,40.3254545454545,0.02,23.2181818181818,-0.0729015057700136,2.51599307346412,0.875032941548516,0.905458969428201,0.876066755167836
138168,69921,68247,0.616718240345475,0.66032243844628,0.569543546308898,34.5,46.3218181818182,19.1781818181818,1.90727272727273,34.4690909090909,0.0618181818181818,40.3327272727273,0.0254545454545455,23.2036363636364,-0.0750480480978943,2.51208234022117,0.875151515151515,0.905483377163716,0.876090254076602
138171,69919,68252,0.616735542888584,0.660143830655252,0.569557927295205,34.5,46.3163636363636,19.1836363636364,1.90727272727273,34.4727272727273,0.0563636363636364,40.3381818181818,0.0236363636363636,23.2018181818182,-0.0760552759189688,2.50200053391216,0.875204216073781,0.905432990500118,0.876125485735949
138157,69911,68246,0.616769032061648,0.659885345364727,0.569518038318393,34.5145454545455,46.2945454545455,19.1909090909091,1.90545454545455,34.4745454545455,0.0545454545454545,40.34,0.0236363636363636,23.2018181818182,-0.0755368290839463,2.49203049283983,0.87515145129853,0.905349147749588,0.875982946470867
138115,69897,68218,0.616807810505862,0.659900734508894,0.569644457080354,34.5163636363636,46.2854545454545,19.1981818181818,1.90545454545455,34.4727272727273,0.0509090909090909,40.3472727272727,0.02,23.2036363636364,-0.0806393345275534,2.48604096983221,0.875105351875263,0.905409121263307,0.876029927076428
138146,69905,68241,0.616912247387935,0.659922976084581,0.5694725663862,34.5127272727273,46.2963636363636,19.1909090909091,1.90727272727273,34.4727272727273,0.0490909090909091,40.3509090909091,0.0181818181818182,23.2018181818182,-0.0782643197104335,2.48448901786892,0.875144874091244,0.905431410281585,0.87588820464235
138106,69893,68213,0.616804544757126,0.660017503637931,0.56947666706413,34.5072727272727,46.3090909090909,19.1836363636364,1.90545454545455,34.4745454545455,0.0490909090909091,40.3618181818182,0.0181818181818182,23.1909090909091,-0.0807090572179401,2.47314669215544,0.875019758680647,0.905418138987044,0.876030707989764
138127,69895,68232,0.616866846933891,0.66004338408849,0.569299616993579,34.5072727272727,46.3181818181818,19.1745454545455,1.90363636363636,34.4781818181818,0.0454545454545455,40.3672727272727,0.0181818181818182,23.1872727272727,-0.0817025894637812,2.46770277019929,0.875125138310765,0.905358194308145,0.875971932486251
138171,69905,68266,0.616708405525836,0.659939446938789,0.569342896029379,34.5018181818182,46.3072727272727,19.1909090909091,1.90363636363636,34.4763636363636,0.0490909090909091,40.3654545454545,0.0272727272727273,23.1781818181818,-0.0772645012999419,2.46554048825479,0.875105396290051,0.905414425379874,0.875698720985315
138221,69911,68310,0.616750973877152,0.65996132836715,0.569453832241199,34.5018181818182,46.3090909090909,19.1890909090909,1.90363636363636,34.4763636363636,0.0509090909090909,40.3745454545455,0.0145454545454545,23.18,-0.0772322445459643,2.46446996270679,0.875158094435076,0.905418138987044,0.875876444949782
138199,69905,68294,0.616730060725474,0.660017183345921,0.569475356591119,34.5,46.3090909090909,19.1909090909091,1.90727272727273,34.4727272727273,0.0545454545454545,40.3745454545455,0.0127272727272727,23.1781818181818,-0.0776419682690175,2.45105239468711,0.875098814229249,0.905457400863761,0.87588820464235
138216,69909,68307,0.616639641979184,0.659978404235513,0.569488887105515,34.5018181818182,46.3072727272727,19.1909090909091,1.91454545454545,34.4654545454545,0.0472727272727273,40.38,0.0163636363636364,23.1763636363636,-0.078622451712462,2.44691094050438,0.875052698145025,0.905453688798147,0.875982946470867
138213,69915,68298,0.616710744187865,0.659991018832985,0.569398279093651,34.5,46.3127272727273,19.1872727272727,1.91636363636364,34.46,0.0509090909090909,40.3854545454545,0.0163636363636364,23.1709090909091,-0.0795574248046085,2.44145978593522,0.875151515151515,0.905386306532663,0.87595944281247
138146,69897,68249,0.616824829508692,0.659929586840697,0.569295620050626,34.5109090909091,46.3018181818182,19.1872727272727,1.91636363636364,34.4509090909091,0.0563636363636364,40.3872727272727,0.0181818181818182,23.1709090909091,-0.0808169669482264,2.4306348816788,0.875138296190928,0.905324746721118,0.875769923244575
138165,69895,68270,0.616809205678521,0.659973738760453,0.569481586192209,34.5090909090909,46.3,19.1909090909091,1.91636363636364,34.4509090909091,0.0527272727272727,40.3872727272727,0.0181818181818182,23.1745454545455,-0.0837108152304691,2.425959234799,0.875184404636459,0.905360298448851,0.87588820464235
138194,69895,68299,0.61685580722005,0.66007766842269,0.569490593966088,34.5127272727273,46.2927272727273,19.1945454545455,1.91454545454545,34.4490909090909,0.0545454545454545,40.3890909090909,0.0181818181818182,23.1745454545455,-0.0830377241752682,2.41746218266728,0.875144874091244,0.905463257531126,0.875911717343942
138208,69891,68317,0.616834226246496,0.660016290245034,0.569459876248522,34.5218181818182,46.2836363636364,19.1945454545455,1.91272727272727,34.4454545454545,0.0527272727272727,40.4036363636364,0.02,23.1654545454545,-0.0826612516353965,2.41303771431981,0.87507241797019,0.905483972344437,0.875911717343942
138265,69905,68360,0.616832378857714,0.660129196027819,0.569509384553805,34.5054545454545,46.3036363636364,19.1909090909091,1.91636363636364,34.4345454545455,0.0472727272727273,40.4272727272727,0.0127272727272727,23.1618181818182,-0.0812874662883008,2.40876551241699,0.87517125092212,0.905524796795853,0.875982946470867
138256,69907,68349,0.61679662774606,0.659966036000752,0.569483927708086,34.5072727272727,46.2963636363636,19.1963636363636,1.91818181818182,34.4218181818182,0.0563636363636364,40.4272727272727,0.0218181818181818,23.1545454545455,-0.0789856267066418,2.40222631021487,0.875125138310765,0.905470682951734,0.875923470354234
138254,69900,68354,0.61679836021709,0.660084307608691,0.569490248543723,34.5018181818182,46.3109090909091,19.1872727272727,1.92,34.4127272727273,0.06,40.4327272727273,0.02,23.1545454545455,-0.0822570967334534,2.39710664419796,0.875105396290051,0.905421852302619,0.876054202596418
138238,69890,68348,0.616644508923034,0.660313824096422,0.56933282850447,34.5018181818182,46.3163636363636,19.1818181818182,1.92181818181818,34.4036363636364,0.06,40.4490909090909,0.02,23.1454545454545,-0.0873638574340889,2.38937794819728,0.875,0.905550757635236,0.875924170616114
138243,69892,68351,0.61671877812456,0.660154871882709,0.56941181825566,34.5109090909091,46.2963636363636,19.1927272727273,1.92363636363636,34.4036363636364,0.0490909090909091,40.4709090909091,0.0127272727272727,23.14,-0.0875778037152486,2.38246607644568,0.875085611927717,0.905509955621883,0.875899962106859
138246,69876,68370,0.616779115251409,0.66010034225763,0.56968354434126,34.5054545454545,46.28,19.2145454545455,1.92363636363636,34.4090909090909,0.0490909090909091,40.4781818181818,0.0109090909090909,23.1290909090909,-0.0897947040987095,2.37493364491754,0.875118558330699,0.905555119038265,0.875851627554883
138323,69902,68421,0.616837268028316,0.660037114625234,0.569632498415793,34.5,46.2909090909091,19.2090909090909,1.92545454545455,34.4036363636364,0.0436363636363636,40.4872727272727,0.00909090909090909,23.1309090909091,-0.0822478146956366,2.3720626080832,0.875256916996047,0.905498821681068,0.875911026975864
138276,69890,68386,0.616792880272764,0.660206449360905,0.569521624307715,34.5018181818182,46.2945454545455,19.2036363636364,1.92909090909091,34.4,0.0454545454545455,40.4872727272727,0.0109090909090909,23.1272727272727,-0.0865216357247184,2.35592007057064,0.875210792580101,0.9055847930249,0.875781102064003
138269,69882,68387,0.616754990758421,0.660219561542767,0.569563029153558,34.5054545454545,46.2945454545455,19.2,1.92727272727273,34.3981818181818,0.0472727272727273,40.4945454545455,0.0163636363636364,23.1163636363636,-0.0877285752715331,2.35425291877579,0.875118558330699,0.905506244599796,0.87594696969697
138285,69888,68397,0.616501837813318,0.660211279269704,0.569412249116938,34.5018181818182,46.3090909090909,19.1890909090909,1.92363636363636,34.4072727272727,0.0454545454545455,40.5,0.00909090909090909,23.1145454545455,-0.0876959891894578,2.34638906924731,0.874947301854975,0.905496662740479,0.875876444949782
138287,69890,68397,0.61661145506726,0.660119312205039,0.569400792923519,34.5109090909091,46.3,19.1890909090909,1.92545454545455,34.4054545454545,0.0563636363636364,40.5054545454545,0.0109090909090909,23.0963636363636,-0.0880756260176316,2.33657008306631,0.874980243401296,0.905517376791675,0.875876444949782
138400,69904,68496,0.616631270438729,0.660202050399852,0.569521121279292,34.4963636363636,46.3054545454546,19.1981818181818,1.92727272727273,34.4090909090909,0.0527272727272727,40.5145454545455,0.0109090909090909,23.0854545454545,-0.0841092109352096,2.33965683456256,0.875085648026142,0.905567771320873,0.875935221138365
138421,69908,68513,0.616830854900537,0.660169339557817,0.569445617401473,34.5036363636364,46.2963636363636,19.2,1.92545454545455,34.4054545454545,0.0527272727272727,40.5290909090909,0.0163636363636364,23.0709090909091,-0.0827648844490547,2.32921696613035,0.875164673025241,0.905667046302478,0.875852272727273
138422,69900,68522,0.616814236528138,0.660155858654676,0.569459327343359,34.5072727272727,46.2872727272727,19.2054545454545,1.92363636363636,34.4109090909091,0.0509090909090909,40.5490909090909,0.0109090909090909,23.0545454545455,-0.0848219714143356,2.32671500989659,0.875125138310765,0.905687799512923,0.875792861876361
138365,69873,68492,0.6169431383085,0.66014963419447,0.569494509308938,34.5109090909091,46.2872727272727,19.2018181818182,1.92181818181818,34.4236363636364,0.0490909090909091,40.5454545454545,0.0127272727272727,23.0472727272727,-0.0925321193692401,2.31864448239688,0.875138296190928,0.90560923874617,0.875769340024619
138422,69889,68533,0.616830521203476,0.660204866985874,0.569347163169192,34.5018181818182,46.3,19.1981818181818,1.92,34.4472727272727,0.0472727272727273,40.5272727272727,0.0109090909090909,23.0472727272727,-0.0902551266592292,2.31230054349977,0.875210792580101,0.905674455134498,0.875651103324178
138388,69885,68503,0.61662314418504,0.66014231811461,0.569288789181799,34.4981818181818,46.3072727272727,19.1945454545455,1.91636363636364,34.4672727272727,0.0418181818181818,40.5181818181818,0.0181818181818182,23.0381818181818,-0.0902878180294382,2.30373983284966,0.87509223147465,0.90561074247124,0.875722269584162
138422,69895,68527,0.616686784934566,0.65992214008206,0.569374636862007,34.5018181818182,46.3072727272727,19.1909090909091,1.91454545454545,34.4818181818182,0.0454545454545455,40.5109090909091,0.0109090909090909,23.0363636363636,-0.0870710160874296,2.29795099167492,0.875105396290051,0.905453688798147,0.875982946470867
138463,69889,68574,0.61652408576029,0.659893633785424,0.569417363149041,34.4945454545455,46.2981818181818,19.2072727272727,1.91454545454545,34.4981818181818,0.0418181818181818,40.4981818181818,0.0145454545454545,23.0327272727273,-0.0877807333475423,2.29027589855462,0.875026354627873,0.905474395224631,0.87570995834911
138512,69881,68631,0.616739221290869,0.659892676530966,0.569635002157983,34.4981818181818,46.2818181818182,19.22,1.91272727272727,34.5163636363636,0.0454545454545455,40.4890909090909,0.0127272727272727,23.0236363636364,-0.0878863014891977,2.28858024477112,0.875144935174449,0.905480259281084,0.875886860278119
138483,69877,68606,0.616756294785693,0.659888451449268,0.569718238299629,34.5018181818182,46.2781818181818,19.22,1.91090909090909,34.54,0.0527272727272727,40.4654545454545,0.0218181818181818,23.0090909090909,-0.0910394209820714,2.27950599225746,0.875105396290051,0.905512120378737,0.875981458707785
138480,69869,68611,0.616727373476488,0.659898718673635,0.569780257663478,34.4981818181818,46.2890909090909,19.2127272727273,1.90909090909091,34.5709090909091,0.0527272727272727,40.4418181818182,0.02,23.0054545454545,-0.0929743062707447,2.27717776333659,0.87509223147465,0.905416552103382,0.876123781584177
138560,69881,68679,0.616793024610134,0.660084372505379,0.569667705076673,34.5018181818182,46.2945454545455,19.2036363636364,1.90727272727273,34.6054545454545,0.0454545454545455,40.4218181818182,0.0163636363636364,23.0036363636364,-0.0904098396014888,2.27253420285627,0.875105396290051,0.905545518812348,0.876065139178186
138551,69872,68679,0.616752429987928,0.660010101437496,0.569673912054819,34.4945454545455,46.2909090909091,19.2145454545455,1.90727272727273,34.6345454545455,0.0527272727272727,40.3854545454545,0.0145454545454545,23.0054545454545,-0.0918428545746296,2.25876856475899,0.875079063883618,0.905616653574234,0.875851627554883
138587,69878,68709,0.616903765710087,0.659980684530205,0.56982456868342,34.5,46.2890909090909,19.2109090909091,1.90727272727273,34.6454545454545,0.0472727272727273,40.3836363636364,0.00909090909090909,23.0072727272727,-0.0925754455021392,2.25093741568906,0.875098814229249,0.905612946305825,0.876206700738217
138565,69877,68688,0.61684589218428,0.659665335284969,0.569624771315949,34.4981818181818,46.2781818181818,19.2236363636364,1.90727272727273,34.6636363636364,0.0454545454545455,40.3654545454545,0.0109090909090909,23.0072727272727,-0.0875746251602488,2.23848360875537,0.87509223147465,0.905512120378737,0.875815757117185
138574,69887,68687,0.616827003211084,0.659710601522251,0.569675591698489,34.5,46.2854545454545,19.2145454545455,1.90545454545455,34.6854545454545,0.0418181818181818,40.3454545454545,0.0109090909090909,23.0109090909091,-0.0904459692146206,2.23237511415289,0.875098814229249,0.905566248968849,0.87613550340651
138614,69887,68727,0.616873016551491,0.659621383837799,0.569949804013741,34.4981818181818,46.2781818181818,19.2236363636364,1.90545454545455,34.7036363636364,0.0436363636363636,40.3145454545455,0.0181818181818182,23.0145454545455,-0.0898149529043373,2.22838429402221,0.875144935174449,0.905590696578006,0.876194079258489
138685,69903,68782,0.616720220001675,0.659709054335464,0.569764937626376,34.4927272727273,46.2854545454545,19.2218181818182,1.90363636363636,34.72,0.0472727272727273,40.2927272727273,0.0145454545454545,23.0218181818182,-0.0860980583066438,2.22496841582893,0.875125191081124,0.905644812821621,0.875993189557321
138633,69875,68758,0.616874184620634,0.659705600410544,0.569872836641613,34.5,46.2763636363636,19.2236363636364,1.9,34.7490909090909,0.0363636363636364,40.2745454545455,0.0181818181818182,23.0218181818182,-0.0940483672965043,2.21676397129301,0.875151515151515,0.905586987270156,0.876099498723163
138622,69866,68756,0.616802882516605,0.659751883952387,0.569826663325462,34.5036363636364,46.2745454545455,19.2218181818182,1.89454545454545,34.7618181818182,0.0345454545454545,40.2763636363636,0.0109090909090909,23.0218181818182,-0.0966209412174066,2.20630465107123,0.875111977657164,0.905622568857805,0.875993189557321
138668,69877,68791,0.61683282367107,0.659776793016391,0.569704220251296,34.4981818181818,46.2945454545455,19.2072727272727,1.89272727272727,34.7781818181818,0.0381818181818182,40.2563636363636,0.0127272727272727,23.0218181818182,-0.0947226200326854,2.20369406193918,0.875144935174449,0.905545518812348,0.876088602801969
138659,69871,68788,0.616902715886404,0.659877559768108,0.569719856711796,34.4981818181818,46.2872727272727,19.2145454545455,1.89272727272727,34.7890909090909,0.04,40.2472727272727,0.0145454545454545,23.0163636363636,-0.0974109754453159,2.18966350176541,0.875197638874249,0.905648519129547,0.876040878122634
138723,69881,68842,0.616788152429151,0.659737649043989,0.569742468380629,34.5,46.2818181818182,19.2181818181818,1.89454545454545,34.8090909090909,0.0345454545454545,40.2345454545455,0.0163636363636364,23.0109090909091,-0.0927459733896698,2.18983114485375,0.875098814229249,0.905598114319387,0.876158940397351
138723,69875,68848,0.616890409307696,0.659631450038457,0.569735786920566,34.5018181818182,46.2745454545455,19.2236363636364,1.89272727272727,34.8272727272727,0.0381818181818182,40.2127272727273,0.0145454545454545,23.0145454545455,-0.0929371251994532,2.17954906483011,0.875158094435076,0.905583277670818,0.875910337652511
138773,69891,68882,0.616886547685909,0.659537533212018,0.569905584863208,34.5,46.2836363636364,19.2163636363636,1.89272727272727,34.84,0.0363636363636364,40.2072727272727,0.0127272727272727,23.0109090909091,-0.090945969988719,2.17071687716313,0.875256916996047,0.905483972344437,0.87624183934147
138747,69873,68874,0.616865894512314,0.659510428540456,0.569800835906993,34.5036363636364,46.2763636363636,19.22,1.89272727272727,34.8563636363636,0.0327272727272727,40.2,0.0163636363636364,23.0018181818182,-0.0934609188846397,2.16683604278686,0.875164673025241,0.905508407983656,0.875981458707785
138792,69881,68911,0.616850053710708,0.659592971740655,0.569775781529111,34.5072727272727,46.28,19.2127272727273,1.89272727272727,34.8636363636364,0.0327272727272727,40.2054545454545,0.0181818181818182,22.9872727272727,-0.0918109900976891,2.16627734491432,0.875125138310765,0.905515832482125,0.876123781584177
138792,69881,68911,0.61692308165267,0.659483552977987,0.569849040691773,34.5127272727273,46.2690909090909,19.2181818181818,1.89090909090909,34.8836363636364,0.0345454545454545,40.1854545454545,0.02,22.9854545454545,-0.0947808780305257,2.15607599022544,0.875144874091244,0.905532851304621,0.876158940397351
138826,69882,68944,0.61686401908924,0.659452488729843,0.569869588333297,34.5018181818182,46.2727272727273,19.2254545454545,1.88909090909091,34.8981818181818,0.0309090909090909,40.1854545454545,0.0109090909090909,22.9854545454545,-0.0949410958919378,2.15405155815692,0.875158094435076,0.905540275049116,0.876111216190656
138801,69872,68929,0.616708385869807,0.659463450568103,0.570020321298622,34.4945454545455,46.2763636363636,19.2290909090909,1.88909090909091,34.9054545454545,0.0309090909090909,40.1854545454545,0.00909090909090909,22.98,-0.0965264328173362,2.14422579229047,0.875079063883618,0.905508407983656,0.876323751891074
138768,69877,68891,0.616733879024609,0.65949611521442,0.569739628094126,34.4981818181818,46.2763636363636,19.2254545454545,1.89090909090909,34.9,0.04,40.1890909090909,0.0163636363636364,22.9636363636364,-0.0948113919084955,2.12948620205914,0.87509223147465,0.905626276913406,0.876016644599962
138797,69863,68934,0.616873849023729,0.659496120604523,0.569712128817567,34.5054545454545,46.2618181818182,19.2327272727273,1.89090909090909,34.9145454545455,0.0345454545454545,40.1945454545455,0.0109090909090909,22.9545454545455,-0.0982071612985402,2.12354757399298,0.87517125092212,0.90563590630404,0.875874456418983
138843,69863,68980,0.617027935358488,0.65935266868124,0.569971346996194,34.5109090909091,46.2545454545455,19.2345454545455,1.88909090909091,34.9236363636364,0.0363636363636364,40.1890909090909,0.00909090909090909,22.9527272727273,-0.0983947703358188,2.12153235805983,0.875190980454138,0.905542452830189,0.876075243406749
138836,69885,68951,0.616806060783532,0.65933180383323,0.569939745112075,34.4981818181818,46.2727272727273,19.2290909090909,1.89090909090909,34.9272727272727,0.0454545454545455,40.1781818181818,0.02,22.9381818181818,-0.0936949279991412,2.10974606370384,0.875197638874249,0.905500982318271,0.876229198184569
138859,69888,68971,0.616781502777952,0.659389630841496,0.56957919535708,34.4945454545455,46.2872727272727,19.2181818181818,1.89090909090909,34.9363636363636,0.0363636363636364,40.1890909090909,0.0181818181818182,22.9290909090909,-0.092247333107331,2.10397694535045,0.875184482395109,0.905491397596041,0.875875118259224
138888,69886,69002,0.616738207188147,0.659397901645984,0.569638300024252,34.5,46.2745454545455,19.2254545454545,1.89090909090909,34.9363636363636,0.0454545454545455,40.1836363636364,0.0127272727272727,22.9309090909091,-0.0938548386987267,2.09975746818818,0.875151515151515,0.905583277670818,0.875827501418574
138791,69862,68929,0.616843441248129,0.65941560705653,0.56955649924912,34.5072727272727,46.2709090909091,19.2218181818182,1.89272727272727,34.9454545454545,0.0490909090909091,40.1690909090909,0.02,22.9236363636364,-0.0997596477691497,2.07952887433666,0.875125138310765,0.905536563322724,0.875804010594022
138896,69886,69010,0.616844272047411,0.659218289186241,0.569692783894895,34.5109090909091,46.2672727272727,19.2218181818182,1.89090909090909,34.9545454545455,0.0381818181818182,40.1818181818182,0.0163636363636364,22.9181818181818,-0.0932845991807302,2.08651837868277,0.875138296190928,0.90556843635792,0.875993189557321
138879,69875,69004,0.616694333449829,0.659294876678206,0.569645091433756,34.5054545454545,46.2709090909091,19.2236363636364,1.88909090909091,34.9581818181818,0.0363636363636364,40.1872727272727,0.00909090909090909,22.92,-0.0948199022828538,2.07381871594116,0.875065865739277,0.905536563322724,0.875910337652511
138932,69867,69065,0.616825611446525,0.659376355118019,0.569928041067455,34.5072727272727,46.2618181818182,19.2309090909091,1.88909090909091,34.96,0.0345454545454545,40.1945454545455,0.00727272727272727,22.9145454545455,-0.096850234194029,2.06976137342016,0.875125138310765,0.905518000314416,0.876146355299234
138878,69850,69028,0.616837715996699,0.659392760919758,0.569913512378984,34.5109090909091,46.2690909090909,19.22,1.88727272727273,34.9581818181818,0.0345454545454545,40.2036363636364,0.00727272727272727,22.9090909090909,-0.101637894602424,2.06055880625394,0.875032927664507,0.905414963847847,0.876265253996784
138897,69860,69037,0.61698726316156,0.65930938278416,0.569935069375535,34.5109090909091,46.2636363636364,19.2254545454545,1.88363636363636,34.9581818181818,0.0327272727272727,40.2181818181818,0.00909090909090909,22.8981818181818,-0.100842947417352,2.05215172947977,0.875190980454138,0.90548241304775,0.876300359372045
138912,69862,69050,0.616906741249631,0.659237392266843,0.569802246257013,34.5072727272727,46.2618181818182,19.2309090909091,1.88363636363636,34.9418181818182,0.0472727272727273,40.2254545454545,0.00545454545454545,22.8963636363636,-0.0996869882171847,2.04859159215861,0.875230517940882,0.905439396321333,0.87595726576534
138953,69870,69083,0.616782300327308,0.65938899680975,0.569595246685548,34.5018181818182,46.2763636363636,19.2218181818182,1.88,34.9418181818182,0.0309090909090909,40.2527272727273,0.00727272727272727,22.8872727272727,-0.0990105035612942,2.04287936919877,0.875158094435076,0.905469118340405,0.875898600075672
138965,69876,69089,0.616676619891121,0.659340108890486,0.569722279903772,34.5018181818182,46.2654545454546,19.2327272727273,1.88,34.9363636363636,0.0309090909090909,40.2581818181818,0.0127272727272727,22.8818181818182,-0.0991312900417886,2.0323943384669,0.875158094435076,0.905564725300637,0.875968992248062
138966,69872,69094,0.616712380306309,0.6594400824884,0.569848444476332,34.5036363636364,46.2672727272727,19.2290909090909,1.88181818181818,34.9236363636364,0.0436363636363636,40.2654545454546,0.00909090909090909,22.8763636363636,-0.0980488170144698,2.03127671218139,0.875111977657164,0.90556843635792,0.876134644478064
138984,69871,69113,0.616679124539624,0.659486874015835,0.569810197671512,34.5072727272727,46.2654545454546,19.2272727272727,1.88,34.9181818181818,0.0436363636363636,40.2781818181818,0.00909090909090909,22.8709090909091,-0.0992032054854049,2.02053611252711,0.875125138310765,0.905564725300637,0.87612293144208
138967,69865,69102,0.616626190463846,0.659219826669913,0.569695377805314,34.5072727272727,46.2636363636364,19.2290909090909,1.87818181818182,34.9145454545455,0.0363636363636364,40.2909090909091,0.00909090909090909,22.8709090909091,-0.0992333866460037,2.01388320759023,0.875019758680647,0.90548241304775,0.875945537065053
139027,69871,69156,0.616713553196665,0.659392333001275,0.56956620733286,34.5036363636364,46.2727272727273,19.2236363636364,1.87636363636364,34.9090909090909,0.0309090909090909,40.3018181818182,0.0181818181818182,22.8636363636364,-0.0986874808094316,2.007805750845,0.875164673025241,0.905500982318271,0.875815757117185
139072,69876,69196,0.616883544073522,0.65916831834607,0.569686254810955,34.5109090909091,46.2618181818182,19.2272727272727,1.87636363636364,34.9054545454545,0.0290909090909091,40.3145454545455,0.0163636363636364,22.8581818181818,-0.0975764825827686,2.00427590275861,0.875243664717349,0.905439396321333,0.875933806146572
139054,69868,69186,0.616941707938237,0.659120887249095,0.569834043057001,34.5181818181818,46.2581818181818,19.2236363636364,1.87636363636364,34.8945454545455,0.0272727272727273,40.3309090909091,0.0109090909090909,22.86,-0.101825487266813,1.99611253298988,0.875269949960495,0.905471267982077,0.876194079258489
139058,69880,69178,0.6168765035596,0.659182317502324,0.569829241907884,34.5181818181818,46.2618181818182,19.22,1.87636363636364,34.8818181818182,0.0290909090909091,40.3490909090909,0.00909090909090909,22.8545454545455,-0.0991756327015041,1.98915201696059,0.875269949960495,0.905478698317874,0.876265253996784
139030,69868,69162,0.616740048354241,0.659237619356022,0.569824409682042,34.5090909090909,46.2618181818182,19.2290909090909,1.87636363636364,34.8745454545455,0.0290909090909091,40.3563636363636,0.0145454545454545,22.8490909090909,-0.101819591438768,1.97841588754038,0.875184404636459,0.905478698317874,0.876229198184569
139024,69846,69178,0.616828256679213,0.659289146575472,0.569757397974862,34.5127272727273,46.2545454545455,19.2327272727273,1.87090909090909,34.8709090909091,0.0290909090909091,40.3636363636364,0.0127272727272727,22.8527272727273,-0.106689506081933,1.96893330864524,0.87519755557897,0.905463836477987,0.876063528077141
139030,69838,69192,0.616721715107211,0.659327209677037,0.569843687587304,34.5145454545455,46.2618181818182,19.2236363636364,1.86909090909091,34.8618181818182,0.0327272727272727,40.3745454545455,0.0145454545454545,22.8472727272727,-0.108151469785662,1.96753503597257,0.875046093873466,0.90536079232825,0.876288659793814
139043,69841,69202,0.616505372831827,0.659372987359535,0.569620206341474,34.5054545454545,46.2581818181818,19.2363636363636,1.86909090909091,34.8436363636364,0.0381818181818182,40.3945454545455,0.0163636363636364,22.8381818181818,-0.104264302800055,1.95888556447303,0.875065865739277,0.905471267982077,0.875614366729679
139069,69859,69210,0.616750936791495,0.659474023150301,0.569458816361007,34.5072727272727,46.2709090909091,19.2218181818182,1.86727272727273,34.8327272727273,0.0345454545454545,40.4163636363636,0.0163636363636364,22.8327272727273,-0.104318634623566,1.95503153946589,0.875230517940882,0.905575857597548,0.875614831630723
139138,69873,69265,0.616630835567699,0.659416406683384,0.569830872326128,34.5054545454545,46.2709090909091,19.2236363636364,1.86363636363636,34.8327272727273,0.0363636363636364,40.4345454545455,0.00909090909090909,22.8236363636364,-0.102424277882859,1.9491975761569,0.875118558330699,0.905615151872372,0.876099498723163
139105,69859,69246,0.616698939398075,0.65933375728261,0.569797507197252,34.5109090909091,46.2581818181818,19.2309090909091,1.86,34.8309090909091,0.0309090909090909,40.4490909090909,0.00727272727272727,22.8218181818182,-0.103906770670702,1.93998823856766,0.875190980454138,0.905510573068155,0.876051810532287
139114,69852,69262,0.616950014756081,0.659288011425861,0.569688205582119,34.5145454545455,46.2581818181818,19.2272727272727,1.85818181818182,34.8290909090909,0.0254545454545455,40.46,0.0109090909090909,22.8163636363636,-0.105288039422356,1.93395133412189,0.875256808723595,0.905471267982077,0.876028368794326
139121,69850,69271,0.616983260932308,0.659163267274333,0.569845696011503,34.5109090909091,46.2527272727273,19.2363636363636,1.85636363636364,34.8290909090909,0.0254545454545455,40.4654545454545,0.0109090909090909,22.8127272727273,-0.108268400917983,1.92889667740938,0.875401717506981,0.905420810566453,0.876086956521739
139167,69844,69323,0.616925254709148,0.65909969713115,0.57001851703516,34.5290909090909,46.2381818181818,19.2327272727273,1.85454545454545,34.8127272727273,0.0290909090909091,40.4890909090909,0.00909090909090909,22.8054545454545,-0.105582960215477,1.92631962174465,0.875151387499342,0.905351736070151,0.876347135564379
139172,69840,69332,0.616970242211274,0.659181216445803,0.569917138202158,34.5254545454545,46.2363636363636,19.2381818181818,1.85454545454545,34.8109090909091,0.0309090909090909,40.4890909090909,0.0181818181818182,22.7963636363636,-0.107259933260899,1.92169536650392,0.875243562062247,0.905387337790012,0.876193176448351
139140,69856,69284,0.616728495606972,0.659209470558894,0.569859309729641,34.5181818181818,46.2472727272727,19.2345454545455,1.85272727272727,34.8054545454545,0.0436363636363636,40.4945454545455,0.02,22.7836363636364,-0.106753061603575,1.90747868957167,0.875164603634448,0.905566913036641,0.87616977029965
139179,69853,69326,0.616712626334845,0.659252361858775,0.569562622349725,34.5163636363636,46.2563636363636,19.2272727272727,1.84909090909091,34.8,0.0381818181818182,40.52,0.0109090909090909,22.7818181818182,-0.106344624146004,1.90140221205709,0.875105351875263,0.905546165638143,0.875839243498818
139190,69855,69335,0.616764812632437,0.659344321456759,0.569727550311871,34.5109090909091,46.26,19.2290909090909,1.84363636363636,34.8,0.0381818181818182,40.5290909090909,0.0109090909090909,22.7781818181818,-0.108117793544079,1.89982057610019,0.875243664717349,0.905514286837244,0.876040090771558
139148,69829,69319,0.616800504126357,0.659159518081226,0.569759063069185,34.5145454545455,46.2472727272727,19.2381818181818,1.84181818181818,34.8036363636364,0.0290909090909091,40.5472727272727,0.0127272727272727,22.7654545454545,-0.108313550400833,1.89398336441214,0.875098772585998,0.905409655606227,0.875909649371515
139213,69833,69380,0.616759379447593,0.6591501536804,0.569778286875756,34.5127272727273,46.2454545454545,19.2418181818182,1.84,34.8054545454545,0.0254545454545455,40.5563636363636,0.0127272727272727,22.76,-0.108050315559508,1.88753323652358,0.875092192603519,0.905445252604679,0.875933100255126
139162,69818,69344,0.616880684002605,0.659093071800194,0.569910190340253,34.52,46.24,19.24,1.84,34.8054545454545,0.0254545454545455,40.5654545454545,0.00909090909090909,22.7545454545455,-0.113003510147312,1.88055330215403,0.875171178763299,0.905316137150047,0.876110376110376
139197,69824,69373,0.616874686114789,0.659187096037091,0.569696100949308,34.5181818181818,46.2418181818182,19.24,1.84,34.8036363636364,0.0272727272727273,40.5672727272727,0.0109090909090909,22.7509090909091,-0.113176378491335,1.87701114874164,0.875217276797472,0.905359179019384,0.875826875826876
139276,69844,69432,0.616918223880228,0.659203180101324,0.569935267283906,34.5181818181818,46.2381818181818,19.2436363636364,1.83818181818182,34.8036363636364,0.0272727272727273,40.58,0.00545454545454545,22.7454545454545,-0.10794552251649,1.87621057166676,0.875217276797472,0.905509024419016,0.876133786848073
139259,69835,69424,0.617045863009749,0.659370339128035,0.569874375151691,34.5254545454545,46.2454545454545,19.2290909090909,1.83636363636364,34.8072727272727,0.0236363636363636,40.5854545454546,0.0109090909090909,22.7363636363636,-0.111775373656631,1.8654942973157,0.875190899994734,0.905523884411244,0.876323751891074
139211,69813,69398,0.617101581961161,0.659312739529503,0.569987809744738,34.5272727272727,46.2363636363636,19.2363636363636,1.83818181818182,34.7945454545455,0.0272727272727273,40.6054545454545,0.00545454545454545,22.7290909090909,-0.113762212932422,1.86147988335102,0.875250131648236,0.905387337790012,0.876370510396975
139264,69827,69437,0.617155744985295,0.659280320268765,0.56996877091446,34.5309090909091,46.2254545454545,19.2436363636364,1.83818181818182,34.7890909090909,0.0290909090909091,40.6181818181818,0.00727272727272727,22.7181818181818,-0.111499460735914,1.85973726465282,0.875315922493682,0.905483008181246,0.876133786848073
139194,69796,69398,0.617062437954827,0.659289878182375,0.569864532073772,34.5309090909091,46.2327272727273,19.2363636363636,1.83636363636364,34.7890909090909,0.0327272727272727,40.6181818181818,0.0127272727272727,22.7109090909091,-0.117355444938452,1.84636301883623,0.875157961246841,0.905340569450999,0.875992438563327
139192,69792,69400,0.617155887192884,0.659346843390242,0.569804105860007,34.5290909090909,46.2272727272727,19.2436363636364,1.83636363636364,34.7890909090909,0.0327272727272727,40.6236363636364,0.0163636363636364,22.7018181818182,-0.119776509739776,1.84138643298171,0.875204044020852,0.905486725663717,0.875850340136054
139177,69790,69387,0.617122199571655,0.659158519366982,0.569802047735314,34.5254545454545,46.2218181818182,19.2527272727273,1.83636363636364,34.7927272727273,0.0327272727272727,40.6327272727273,0.00909090909090909,22.6963636363636,-0.119737717609546,1.83259112096434,0.875243562062247,0.905436236330737,0.875720086882614
139234,69806,69428,0.617054929507716,0.659154971687969,0.569926421880047,34.5181818181818,46.2381818181818,19.2436363636364,1.83454545454545,34.7909090909091,0.0309090909090909,40.6490909090909,0.00909090909090909,22.6854545454545,-0.119025818150707,1.83008766520387,0.875269949960495,0.905351736070151,0.876228269085412
139216,69805,69411,0.617102419605939,0.65894295637056,0.570016322237041,34.5345454545455,46.2163636363636,19.2490909090909,1.83454545454545,34.7836363636364,0.0327272727272727,40.6654545454545,0.0145454545454545,22.6690909090909,-0.117407028773662,1.81490185661241,0.875171106665263,0.905385735080058,0.876168886370077
139304,69827,69477,0.61708470564201,0.65905393163055,0.569908520674152,34.5236363636364,46.2236363636364,19.2527272727273,1.83272727272727,34.78,0.0363636363636364,40.6763636363636,0.00727272727272727,22.6672727272727,-0.111982820773185,1.81170894424219,0.875236991784285,0.905479290406325,0.876003399754462
139327,69825,69502,0.617141893000855,0.659124847774087,0.569823660085084,34.5290909090909,46.2272727272727,19.2436363636364,1.83090909090909,34.7781818181818,0.0345454545454545,40.6981818181818,0.00727272727272727,22.6509090909091,-0.112298260759086,1.80823363314848,0.875256700542362,0.905447394296952,0.876039304610733
139280,69801,69479,0.616946862811879,0.659248612566486,0.569838931528278,34.5181818181818,46.2363636363636,19.2454545454545,1.82727272727273,34.7890909090909,0.0327272727272727,40.7018181818182,0.00909090909090909,22.64,-0.119425891054958,1.79976895118598,0.875164603634448,0.905426661423516,0.876051015588096
139279,69801,69478,0.616794686030783,0.659083351338778,0.569738675594479,34.5163636363636,46.2327272727273,19.2509090909091,1.82909090909091,34.7763636363636,0.0381818181818182,40.7163636363636,0.00727272727272727,22.6327272727273,-0.11763042790765,1.79694605653852,0.875105351875263,0.905379896177442,0.87580279561768
139327,69809,69518,0.616989520733776,0.659181389710025,0.569770907904428,34.5218181818182,46.2363636363636,19.2418181818182,1.82545454545455,34.7872727272727,0.0309090909090909,40.7345454545455,0.00909090909090909,22.6127272727273,-0.118831963225834,1.79277402923061,0.875230420814241,0.905348014156508,0.876027591420202
139360,69818,69542,0.61690147845591,0.659278873651008,0.569637600682917,34.5109090909091,46.2490909090909,19.24,1.82545454545455,34.7909090909091,0.0309090909090909,40.7509090909091,0.00545454545454545,22.5963636363636,-0.118140582942578,1.78278519529638,0.875243664717349,0.905491999842749,0.875826875826876
139387,69812,69575,0.616769134733328,0.659379314513358,0.569727431710205,34.5090909090909,46.2509090909091,19.24,1.82,34.7963636363636,0.0254545454545455,40.7690909090909,0.00727272727272727,22.5818181818182,-0.118799529735539,1.77753232317469,0.875131717597471,0.90549571507194,0.875921375921376
139396,69816,69580,0.61696039460787,0.65940834657694,0.569569002541603,34.5236363636364,46.2527272727273,19.2236363636364,1.82181818181818,34.7963636363636,0.0236363636363636,40.78,0.00727272727272727,22.5709090909091,-0.119673552301802,1.76782063908917,0.875184326943333,0.905460120287747,0.876004918187837
139365,69812,69553,0.616981490422415,0.659189823475157,0.569597862824093,34.5272727272727,46.24,19.2327272727273,1.82,34.7963636363636,0.0309090909090909,40.7945454545455,0.00727272727272727,22.5509090909091,-0.118810891095332,1.75952635242773,0.875250131648236,0.905394778232148,0.875874456418983
139426,69820,69606,0.616976159085914,0.659215886957163,0.569571589962429,34.5363636363636,46.2309090909091,19.2327272727273,1.81818181818182,34.8054545454545,0.0290909090909091,40.7927272727273,0.00363636363636364,22.5509090909091,-0.120372621837702,1.76095260025679,0.875230323769413,0.905533488024541,0.875874456418983
139469,69829,69640,0.616951769587015,0.659216654438322,0.569580384409738,34.5327272727273,46.2345454545455,19.2327272727273,1.81636363636364,34.8163636363636,0.0327272727272727,40.7945454545455,0.00545454545454545,22.5345454545455,-0.116250381651678,1.75506039724516,0.875269836255463,0.905501592669786,0.875874456418983
139435,69809,69626,0.616827343433536,0.659278320400582,0.569730363469012,34.5290909090909,46.2436363636364,19.2272727272727,1.81636363636364,34.8145454545455,0.0327272727272727,40.8,0.00545454545454545,22.5309090909091,-0.119676428229088,1.74267080210107,0.875151387499342,0.905362900055044,0.87612293144208
139471,69811,69660,0.617083218807447,0.659199839725138,0.569697671913448,34.5418181818182,46.2309090909091,19.2272727272727,1.81454545454545,34.8272727272727,0.0236363636363636,40.8127272727273,0.00545454545454545,22.5163636363636,-0.118802964806938,1.73926717493768,0.875197389198863,0.905415503205254,0.876028368794326
139456,69799,69657,0.617203787101137,0.659220623279841,0.569697479294578,34.5436363636364,46.2254545454545,19.2309090909091,1.81454545454545,34.8290909090909,0.0272727272727273,40.8072727272727,0.00727272727272727,22.5145454545455,-0.124289247212238,1.73533768198792,0.875309226801411,0.905483008181246,0.875862720998393
139501,69815,69686,0.617302523139599,0.659104699564783,0.569815608853635,34.5490909090909,46.22,19.2309090909091,1.81272727272727,34.8345454545455,0.0236363636363636,40.8145454545455,0.00363636363636364,22.5109090909091,-0.121415727605001,1.73143107090357,0.875381538785391,0.905511191534558,0.876051810532287
139508,69802,69706,0.617318206627398,0.65928198989542,0.56964359264525,34.5490909090909,46.2272727272727,19.2236363636364,1.81090909090909,34.84,0.0254545454545455,40.8272727272727,0.00545454545454545,22.4909090909091,-0.127537622365741,1.72353887408972,0.875434164824755,0.905486725663717,0.875910337652511
139455,69781,69674,0.617153153114867,0.659265436856727,0.569686761362951,34.5418181818182,46.2272727272727,19.2309090909091,1.81272727272727,34.8363636363636,0.0272727272727273,40.8327272727273,0.0109090909090909,22.48,-0.127163335050996,1.71719714480622,0.875197389198863,0.905408062930187,0.87595726576534
139443,69773,69670,0.617307073648751,0.659268736989602,0.569488475550881,34.5472727272727,46.2109090909091,19.2418181818182,1.80909090909091,34.8454545454545,0.0254545454545455,40.8381818181818,0.00727272727272727,22.4745454545455,-0.131265923242476,1.70952824222093,0.875269722646177,0.905492603084671,0.875555135594822
139490,69801,69689,0.617097674736936,0.659157111598599,0.569592715346046,34.5527272727273,46.2163636363636,19.2309090909091,1.80727272727273,34.8527272727273,0.0236363636363636,40.8509090909091,0.0127272727272727,22.4527272727273,-0.123591112459491,1.70015703538983,0.875131551252368,0.905464416381447,0.87595726576534
139527,69799,69728,0.617090489471552,0.659202325047949,0.569553239962857,34.5490909090909,46.2163636363636,19.2345454545455,1.80545454545455,34.8618181818182,0.0254545454545455,40.8654545454545,0.00545454545454545,22.4363636363636,-0.122158042956488,1.69800221690146,0.87511840858857,0.905503757032141,0.875791662728046
139531,69791,69740,0.617161417944534,0.659304328064998,0.569574060554912,34.5581818181818,46.2054545454545,19.2363636363636,1.80181818181818,34.8727272727273,0.0254545454545455,40.8745454545455,0.00545454545454545,22.42,-0.126077530586984,1.68859741112048,0.875151260062082,0.905560146381773,0.875803402646503
139507,69797,69710,0.617284896668901,0.659135676531744,0.569715221256616,34.5472727272727,46.2163636363636,19.2363636363636,1.8,34.8818181818182,0.0272727272727273,40.88,0.0109090909090909,22.4,-0.12532612626581,1.67967880118892,0.875322351455187,0.905385735080058,0.876086956521739
139526,69795,69731,0.61721673817137,0.659204888857162,0.569779666971211,34.5363636363636,46.2290909090909,19.2345454545455,1.8,34.8854545454545,0.0290909090909091,40.8854545454545,0.00909090909090909,22.3909090909091,-0.126890754092628,1.6820626858008,0.87533561463543,0.905372453394164,0.87616977029965
139500,69781,69719,0.617290563806728,0.65918063127172,0.56980720437572,34.5454545454545,46.2109090909091,19.2436363636364,1.8,34.8836363636364,0.0309090909090909,40.8963636363636,0.00545454545454545,22.3836363636364,-0.129969811574715,1.67211251282556,0.875263157894737,0.905413912496066,0.876133786848073
139430,69767,69663,0.61716173358291,0.659051272391533,0.569812570599879,34.5490909090909,46.2127272727273,19.2381818181818,1.79636363636364,34.8963636363636,0.0236363636363636,40.9127272727273,0.0163636363636364,22.3545454545455,-0.13355866071784,1.66252829574937,0.875065782549205,0.905417633867097,0.876287685473963
139594,69791,69803,0.617318087306065,0.659314174106578,0.569684374920468,34.5527272727273,46.2145454545455,19.2327272727273,1.79636363636364,34.8963636363636,0.0272727272727273,40.9272727272727,0.0109090909090909,22.3418181818182,-0.130069615642027,1.65866748583926,0.87528941275521,0.905460697143756,0.87615806390622
139510,69753,69757,0.617240729447229,0.659276377060174,0.56958311051461,34.5636363636364,46.1963636363636,19.24,1.79272727272727,34.8981818181818,0.0254545454545455,40.9436363636364,0.00909090909090909,22.3309090909091,-0.133509443104942,1.65145737603095,0.875118358758548,0.905384130982368,0.875826875826876
139448,69729,69719,0.617306714098046,0.659179269028982,0.569540960355039,34.5654545454545,46.1818181818182,19.2527272727273,1.79454545454545,34.9018181818182,0.0254545454545455,40.9490909090909,0.00909090909090909,22.32,-0.139161058117712,1.63874149945438,0.875124927673452,0.905393700787402,0.875625649258665
139427,69733,69694,0.617441250186587,0.658998466946278,0.569483013170632,34.5818181818182,46.1781818181818,19.24,1.79454545454545,34.9054545454545,0.0236363636363636,40.9563636363636,0.0109090909090909,22.3090909090909,-0.137545255315358,1.63063479537906,0.875026288117771,0.905386250885896,0.875826875826876
139491,69745,69746,0.617567782434839,0.659075746066383,0.569508970890068,34.5854545454545,46.1727272727273,19.2418181818182,1.79272727272727,34.9036363636364,0.0254545454545455,40.9690909090909,0.0181818181818182,22.2909090909091,-0.137588647647962,1.62865016630173,0.875197140153506,0.905453829493995,0.87583860909005
139575,69763,69812,0.617575281628873,0.659035784071311,0.569379567675169,34.5854545454545,46.1909090909091,19.2236363636364,1.79272727272727,34.9109090909091,0.0236363636363636,40.9890909090909,0.0127272727272727,22.2709090909091,-0.133542877757678,1.62306670091242,0.87530228156871,0.905294233418618,0.876004918187837
139530,69745,69785,0.617312133043739,0.659205635306595,0.569529759397606,34.5854545454545,46.1963636363636,19.2181818181818,1.79272727272727,34.9163636363636,0.0236363636363636,40.9981818181818,0.0109090909090909,22.2581818181818,-0.137211457852192,1.61861653102943,0.8749868573231,0.905344773299748,0.876158940397351
139496,69723,69773,0.617616667865511,0.65936715495085,0.569617783492815,34.5872727272727,46.1836363636364,19.2290909090909,1.79272727272727,34.9218181818182,0.0309090909090909,41.0018181818182,0.0109090909090909,22.2418181818182,-0.146297812624041,1.61283884865486,0.875203700783262,0.905436793827015,0.876134644478064
139548,69738,69810,0.61747850508718,0.65930072337058,0.569499431528251,34.5709090909091,46.1909090909091,19.2381818181818,1.79090909090909,34.9254545454545,0.0272727272727273,41.0181818181818,0.0109090909090909,22.2272727272727,-0.139634712333116,1.61234283853238,0.875197223098769,0.905451682739618,0.875909649371515
139604,69740,69864,0.617552403753673,0.659109089902286,0.569360602272201,34.5872727272727,46.1745454545455,19.2381818181818,1.78909090909091,34.9290909090909,0.0272727272727273,41.0381818181818,0.00909090909090909,22.2072727272727,-0.138501007518657,1.60527177378535,0.87525626872733,0.905378799810994,0.875720631320291
139621,69744,69877,0.617439250389966,0.659123749444889,0.569388457922002,34.5927272727273,46.1690909090909,19.2381818181818,1.78727272727273,34.9272727272727,0.0254545454545455,41.0581818181818,0.0145454545454545,22.1872727272727,-0.132923446559223,1.5974182471125,0.875013139913802,0.905407001929666,0.875815140345903
