"total_rewards","action_rewards","opinion_rewards","sp0_social_trust","sp1_social_trust","sp2_social_trust","sp0_request_rate","sp1_request_rate","sp2_request_rate","op0_expression_rate","op1_expression_rate","op2_expression_rate","op3_expression_rate","op4_expression_rate","op5_expression_rate","mean_loss1","mean_loss2","sp0_availability","sp1_availability","sp2_availability"
19548,28586,-9038,0.699895065307052,0.711028371540939,0.706075277757296,33.8436363636364,33.02,33.1363636363636,16.72,16.4763636363636,16.8690909090909,16.5818181818182,16.1490909090909,17.2036363636364,1.44339899583296,-6.35110793763941,0.832276780917589,0.854523429326579,0.842030178326475
19780,28614,-8834,0.699858350509672,0.711129236212618,0.706230287494844,33.8981818181818,32.9981818181818,33.1036363636364,16.5963636363636,16.6181818181818,16.7163636363636,16.7090909090909,16.0563636363636,17.3036363636364,1.37466359463605,-6.41201849200509,0.831956661660588,0.854868036806436,0.842642939528753
20138,28655,-8517,0.69998662418095,0.711323714835334,0.706134975714453,33.9454545454545,32.9690909090909,33.0854545454545,16.4981818181818,16.7181818181818,16.5818181818182,16.8381818181818,15.9509090909091,17.4127272727273,1.30683173374696,-6.41968898122961,0.832190680235672,0.855456901781283,0.842666373578062
20392,28728,-8336,0.69977995181354,0.711327976170373,0.705954229254684,33.9945454545455,32.9690909090909,33.0363636363636,16.3709090909091,16.8109090909091,16.5090909090909,16.9709090909091,15.8436363636364,17.4945454545455,1.24169143113223,-6.48570592186668,0.831791196448628,0.855622345999007,0.842762795817281
20597,28766,-8169,0.699789217247129,0.711382824921862,0.706025992662101,34.0545454545455,32.9454545454545,33,16.2709090909091,16.8654545454545,16.4381818181818,17.04,15.7854545454545,17.6,1.17320926948027,-6.57030069611289,0.831446876668446,0.855960264900662,0.843085399449036
20784,28754,-7970,0.69975339426581,0.711142656004819,0.705766270336031,34.0945454545455,32.9472727272727,32.9581818181818,16.1690909090909,16.9472727272727,16.3545454545455,17.1545454545455,15.6872727272727,17.6872727272727,1.10024081576954,-6.64185270396146,0.831218003412969,0.855692290712433,0.843051801180559
21090,28814,-7724,0.699792347958393,0.711189656700306,0.705674019440527,34.1290909090909,32.9381818181818,32.9327272727273,16.04,17.0854545454545,16.2272727272727,17.2945454545455,15.5981818181818,17.7545454545455,1.03251082138582,-6.69754516428167,0.831442118160993,0.855983660852285,0.843096118809695
21291,28839,-7548,0.699899856502886,0.710850513287555,0.705428941311264,34.1963636363636,32.9145454545455,32.8890909090909,15.9054545454545,17.2272727272727,16.1363636363636,17.3472727272727,15.5127272727273,17.8709090909091,0.961195562102578,-6.78981213786385,0.831401531263292,0.855604043528697,0.842998507380176
21523,28871,-7348,0.699773797198028,0.710433702804242,0.70558104735655,34.2454545454545,32.8636363636364,32.8909090909091,15.8036363636364,17.3218181818182,16.0090909090909,17.46,15.3581818181818,18.0472727272727,0.89005712704225,-6.87753887176514,0.831271568887709,0.855103734439834,0.843449419568823
21807,28937,-7130,0.699906704109131,0.710319526863926,0.705270338794801,34.2963636363636,32.8781818181818,32.8254545454545,15.6509090909091,17.4272727272727,15.8981818181818,17.5981818181818,15.2163636363636,18.2090909090909,0.820350043340163,-6.95681288459084,0.83184011026878,0.85549964054637,0.843469591226321
22269,28969,-6700,0.699773674441954,0.709851411419591,0.704817742828534,34.3545454545455,32.8545454545455,32.7909090909091,15.4981818181818,17.6018181818182,15.7036363636364,17.7672727272727,15.0781818181818,18.3509090909091,0.747101838480343,-6.94356747540561,0.831754432389521,0.855174322080797,0.843360133074577
22649,29055,-6406,0.699674179993385,0.70958105929929,0.704788047077869,34.3636363636364,32.8672727272727,32.7690909090909,15.3472727272727,17.74,15.52,17.9272727272727,14.9654545454545,18.5,0.678243770382621,-7.0068047913638,0.831851851851852,0.855009127620734,0.84392165566221
23030,29117,-6087,0.699556567063859,0.7096342936585,0.704453138215737,34.4072727272727,32.9036363636364,32.6890909090909,15.16,17.9018181818182,15.3690909090909,18.0927272727273,14.8,18.6763636363636,0.606725828214125,-7.04985593015497,0.831695201860072,0.855114107310604,0.844040269202959
23481,29151,-5670,0.699358915379144,0.709281647827128,0.704209707853064,34.4436363636364,32.9327272727273,32.6236363636364,15.0054545454545,18.0327272727273,15.2109090909091,18.26,14.6309090909091,18.86,0.531589873270555,-7.0485140692104,0.831714527027027,0.854579583724397,0.844006019060358
23985,29166,-5181,0.699081576876994,0.709109953266269,0.703948961763221,34.4527272727273,32.9636363636364,32.5836363636364,14.7927272727273,18.2272727272727,14.98,18.4872727272727,14.4636363636364,19.0490909090909,0.454105944525112,-7.0157609614459,0.831600612169508,0.854329840044126,0.843926120194186
24446,29212,-4766,0.699150157871394,0.70886956932593,0.703596843937065,34.5036363636364,32.94,32.5563636363636,14.5854545454545,18.4327272727273,14.7690909090909,18.6818181818182,14.3054545454545,19.2254545454545,0.378319215232676,-7.01842293522575,0.831901775833904,0.854501297124248,0.84368368144756
24994,29331,-4337,0.698979360138802,0.708433846092151,0.703558238708865,34.5363636363636,32.9145454545455,32.5490909090909,14.3945454545455,18.6509090909091,14.5418181818182,18.8781818181818,14.1145454545455,19.42,0.308525996858423,-7.00842623819004,0.831850486970255,0.854664972656466,0.844095631772986
25547,29419,-3872,0.698761207848396,0.708338267470545,0.70332523473776,34.5654545454545,32.9145454545455,32.52,14.1981818181818,18.8327272727273,14.3763636363636,19.0636363636364,13.9109090909091,19.6181818181818,0.23514883464033,-6.98720449425957,0.831781600126243,0.854941169971828,0.844235715084424
26178,29503,-3325,0.698553244837132,0.708113871512554,0.703216998929408,34.5945454545455,32.92,32.4854545454545,13.9781818181818,19.1036363636364,14.0690909090909,19.2890909090909,13.7054545454545,19.8545454545455,0.161405624584718,-6.91363606669686,0.83202817049456,0.854909974594057,0.844685733475122
26629,29538,-2909,0.698129157097743,0.70792536205355,0.70310214711568,34.6254545454545,32.8890909090909,32.4854545454545,13.7727272727273,19.3527272727273,13.8363636363636,19.4563636363636,13.5509090909091,20.0309090909091,0.0833489095622843,-6.91257405822927,0.831705524049569,0.855160594836641,0.84479767168523
27086,29579,-2493,0.697985268049542,0.707534093494846,0.70310421342126,34.6472727272727,32.8709090909091,32.4818181818182,13.5909090909091,19.56,13.6054545454545,19.6181818181818,13.4072727272727,20.2181818181818,0.00512111268260262,-6.89885070432316,0.831863979848867,0.85508048011505,0.844948222781976
27546,29668,-2122,0.697862780557837,0.707285856740176,0.702803108167149,34.6563636363636,32.8945454545455,32.4490909090909,13.3763636363636,19.7890909090909,13.3963636363636,19.8218181818182,13.2254545454545,20.3909090909091,-0.0691015565937216,-6.8947194034403,0.832170400293794,0.854687154543445,0.845072000896509
28013,29703,-1690,0.697623918116733,0.706961283457982,0.702700737764058,34.7127272727273,32.78,32.5072727272727,13.1818181818182,20.0363636363636,13.1672727272727,20.0036363636364,13.0181818181818,20.5927272727273,-0.147526787627827,-6.86163007129322,0.831971506390111,0.855122302956348,0.844957771687455
28464,29752,-1288,0.697435185518572,0.706502794945955,0.702412129666346,34.74,32.7509090909091,32.5090909090909,12.9854545454545,20.2618181818182,12.9272727272727,20.2436363636364,12.8454545454545,20.7363636363636,-0.224372746727683,-6.83665981834585,0.831946407075941,0.854882584799867,0.844854586129754
28993,29807,-814,0.697063785612317,0.706411845695547,0.702125099125757,34.7127272727273,32.8054545454545,32.4818181818182,12.7963636363636,20.4472727272727,12.7018181818182,20.4690909090909,12.7163636363636,20.8690909090909,-0.300884778662161,-6.76734729571776,0.831866750471402,0.854791331818434,0.844836272040302
29438,29893,-455,0.696919286826313,0.706209626294629,0.702073849616871,34.6945454545455,32.82,32.4854545454545,12.6327272727273,20.6654545454545,12.4618181818182,20.6345454545455,12.5872727272727,21.0181818181818,-0.375089346278797,-6.74860639788888,0.832040666596793,0.855021882444186,0.8450775172105
29880,29930,-50,0.696516298200383,0.706164196072878,0.701706743688717,34.6763636363636,32.8563636363636,32.4672727272727,12.4236363636364,20.8872727272727,12.24,20.8418181818182,12.4327272727273,21.1745454545455,-0.452310531247746,-6.69986718838865,0.831742869127517,0.855237673620718,0.84515876127009
30282,30024,258,0.696244233778496,0.706228080501246,0.701483103855467,34.6363636363636,32.8872727272727,32.4763636363636,12.2527272727273,21.1036363636364,12.0163636363636,21.0272727272727,12.2763636363636,21.3236363636364,-0.523980305140669,-6.68898438106884,0.831916010498688,0.855650154798762,0.845314074571716
30689,30074,615,0.695865189395497,0.705836880648145,0.701520443749165,34.6,32.9,32.5,12.1145454545455,21.2472727272727,11.8690909090909,21.18,12.1218181818182,21.4672727272727,-0.599216331406073,-6.651777566563,0.831791907514451,0.855263885051119,0.845594405594406
31151,30193,958,0.695497056149039,0.705803027181559,0.701254011100232,34.5818181818182,32.9054545454545,32.5127272727273,11.96,21.4054545454545,11.7,21.38,11.9345454545455,21.62,-0.66726858344945,-6.61393903602253,0.831598317560463,0.855619405459167,0.845375237669165
31702,30269,1433,0.695513163581122,0.705589789289499,0.700992084406233,34.5454545454545,32.9381818181818,32.5163636363636,11.7963636363636,21.6072727272727,11.5054545454545,21.5672727272727,11.7672727272727,21.7563636363636,-0.738090218197216,-6.5058473083106,0.83221052631579,0.855597262088761,0.845280697830463
32257,30404,1853,0.69523707826667,0.705920935116639,0.700914915201526,34.52,32.9072727272727,32.5727272727273,11.6472727272727,21.7890909090909,11.3036363636364,21.7672727272727,11.5872727272727,21.9054545454545,-0.802052978764881,-6.41350365877152,0.832350152744127,0.856732416155589,0.845325146525258
32665,30555,2110,0.694760789253007,0.706358870551681,0.700770898872669,34.4127272727273,33,32.5872727272727,11.5036363636364,21.9309090909091,11.1745454545455,21.9181818181818,11.46,22.0127272727273,-0.864925275607543,-6.3971129970117,0.832567231996619,0.857355371900826,0.845728951626402
33138,30634,2504,0.694556402637911,0.706315618654362,0.700586650127982,34.4127272727273,32.9672727272727,32.62,11.3745454545455,22.12,10.9636363636364,22.0909090909091,11.3418181818182,22.1090909090909,-0.93271151591431,-6.30804266116836,0.832778570296402,0.857544672402383,0.845883730003902
33613,30702,2911,0.694268483911965,0.706156908381274,0.700547683164918,34.3454545454545,33.0072727272727,32.6472727272727,11.2018181818182,22.3272727272727,10.7618181818182,22.3218181818182,11.1872727272727,22.2,-0.999719724330035,-6.21479234370318,0.833033350979354,0.857496970364658,0.84584539986634
33942,30785,3157,0.694051691489271,0.705795033764043,0.700108890499229,34.3036363636364,33.0418181818182,32.6545454545455,11.0618181818182,22.4745454545455,10.6290909090909,22.5018181818182,11.0418181818182,22.2909090909091,-1.06430593756112,-6.19689844521609,0.833094821646261,0.857205744786221,0.845378619153675
34311,30874,3437,0.693691640256938,0.705575136761987,0.699968957721638,34.2563636363636,33.0909090909091,32.6527272727273,10.9309090909091,22.6345454545455,10.5145454545455,22.66,10.8345454545455,22.4254545454545,-1.12633878236467,-6.146760578589,0.833129876333528,0.857142857142857,0.845370009466006
34575,30912,3663,0.693415577393971,0.70545024171841,0.699743343929686,34.22,33.1454545454545,32.6345454545455,10.8127272727273,22.7654545454545,10.4218181818182,22.78,10.7,22.52,-1.1915306830948,-6.11658818125725,0.833111949418203,0.856719692814043,0.845228146414842
34951,31032,3919,0.69318170287454,0.705241487186111,0.699560143300241,34.16,33.2018181818182,32.6381818181818,10.7054545454545,22.92,10.2763636363636,22.9327272727273,10.5963636363636,22.5690909090909,-1.24895695908503,-6.08038563186472,0.833138173302108,0.856689118887246,0.845412511837781
35457,31130,4327,0.692784454440045,0.705602044754508,0.699481480670877,34.0527272727273,33.2763636363636,32.6709090909091,10.6109090909091,23.0618181818182,10.1309090909091,23.1036363636364,10.44,22.6527272727273,-1.30593996156346,-5.95831577290188,0.833360029900155,0.857119440498306,0.845734320218154
35593,31168,4425,0.69255141700467,0.70508047906133,0.699170156337044,33.9963636363636,33.2981818181818,32.7054545454545,10.5163636363636,23.1745454545455,10.0381818181818,23.2563636363636,10.2890909090909,22.7254545454545,-1.36690385016528,-5.97959408868443,0.833725532142475,0.85694004586655,0.845619301756727
35815,31208,4607,0.692171634254987,0.705061067971151,0.698853761038703,33.9363636363636,33.3654545454545,32.6981818181818,10.4290909090909,23.3436363636364,9.90181818181818,23.3363636363636,10.1890909090909,22.8,-1.42559140053662,-5.95872244618156,0.833753013661934,0.856629066535884,0.845862989323843
36085,31213,4872,0.691745595384981,0.704847004307251,0.698267110565891,33.86,33.4563636363636,32.6836363636364,10.3490909090909,23.4945454545455,9.77636363636364,23.4127272727273,10.1054545454545,22.8618181818182,-1.48482131470333,-5.89874717484821,0.833592869032916,0.85620346720287,0.845404984423676
36499,31362,5137,0.691446687815202,0.705065403280184,0.698189862323046,33.7981818181818,33.4872727272727,32.7145454545455,10.2690909090909,23.6327272727273,9.65636363636364,23.5054545454545,9.97636363636364,22.96,-1.53083829392086,-5.82768579071218,0.833718865996019,0.856933434683462,0.845384316122937
36974,31491,5483,0.691216320389058,0.705248358796414,0.69781609653532,33.7490909090909,33.5290909090909,32.7218181818182,10.1872727272727,23.7763636363636,9.51454545454545,23.6436363636364,9.86909090909091,23.0090909090909,-1.57641933181069,-5.72122868299484,0.833961857558453,0.857599913236809,0.845529810523976
37351,31618,5733,0.691245699092773,0.70498726937655,0.697662675923124,33.6981818181818,33.5490909090909,32.7527272727273,10.1254545454545,23.9218181818182,9.38,23.7254545454545,9.76,23.0872727272727,-1.62125595862215,-5.65500416376374,0.834682205676055,0.85763060914806,0.84550904851782
37617,31731,5886,0.690688803589996,0.704714228026171,0.697492714606342,33.6381818181818,33.64,32.7218181818182,10.0290909090909,24.06,9.26545454545455,23.86,9.64909090909091,23.1363636363636,-1.66625124649568,-5.63794583028013,0.834495432679315,0.8576910604259,0.845640940156693
38021,31839,6182,0.690369457561598,0.704676954570641,0.697105410741406,33.6272727272727,33.6872727272727,32.6854545454545,9.92,24.24,9.11454545454546,24.0072727272727,9.52545454545454,23.1927272727273,-1.70925615971739,-5.54475827488032,0.834549878345499,0.858052677029361,0.84585859709629
38459,31926,6533,0.690238802747565,0.704255978214963,0.6970236682188,33.6236363636364,33.6690909090909,32.7072727272727,9.83636363636364,24.3836363636364,8.98545454545455,24.1272727272727,9.42909090909091,23.2381818181818,-1.75282188220458,-5.41991955963048,0.834856432163521,0.857706015768442,0.84635054755684
38920,32018,6902,0.690118110308215,0.704159225697561,0.696516610908646,33.5672727272727,33.7,32.7327272727273,9.73272727272727,24.5963636363636,8.81272727272727,24.2309090909091,9.29090909090909,23.3363636363636,-1.79361850781874,-5.29332449761304,0.835174953959484,0.857890477475047,0.845914569793923
39311,32142,7169,0.689801410288459,0.704311667978134,0.696033564180524,33.4963636363636,33.7454545454545,32.7581818181818,9.64363636363636,24.74,8.67818181818182,24.3109090909091,9.20909090909091,23.4181818181818,-1.83087340105664,-5.20747718919407,0.834988872604896,0.858459051724138,0.845645778986513
39697,32289,7408,0.689470224482531,0.704581127036892,0.69564109368684,33.4563636363636,33.8145454545455,32.7290909090909,9.54545454545454,24.8709090909091,8.53454545454546,24.4872727272727,9.07272727272727,23.4890909090909,-1.86362097100778,-5.13196961554614,0.835117656649095,0.859070867835251,0.845786345203044
40046,32409,7637,0.689171452118943,0.704586195785611,0.695317244383049,33.4472727272727,33.8345454545455,32.7181818181818,9.47090909090909,25,8.42363636363636,24.58,8.98181818181818,23.5436363636364,-1.89866741516373,-5.06226484667171,0.835072841922157,0.859584072223118,0.845679355376494
40340,32509,7831,0.688533339461187,0.704073151751351,0.694762566578135,33.4127272727273,33.9127272727273,32.6745454545455,9.37272727272727,25.1309090909091,8.33636363636364,24.6709090909091,8.84181818181818,23.6472727272727,-1.93207379254428,-5.00672752884301,0.834793491864831,0.858996354278362,0.845528907684603
40847,32693,8154,0.688171346777162,0.704012803386001,0.694364223918183,33.3727272727273,34.0145454545455,32.6127272727273,9.28545454545454,25.3036363636364,8.20181818181818,24.7854545454545,8.69090909090909,23.7327272727273,-1.95732721848921,-4.89027381918647,0.834867883410515,0.859418430617917,0.845570608239951
41144,32852,8292,0.687756523363697,0.703766119977856,0.694071624373576,33.3145454545455,34.0836363636364,32.6018181818182,9.20545454545454,25.4236363636364,8.08727272727273,24.8909090909091,8.59818181818182,23.7945454545455,-1.98398114334453,-4.86356441676617,0.835125252414998,0.859596713965646,0.845853549718365
41551,32972,8579,0.687341020908925,0.703526882716443,0.693639564169625,33.2909090909091,34.1618181818182,32.5472727272727,9.13272727272727,25.54,7.98909090909091,24.9927272727273,8.48181818181818,23.8636363636364,-2.01221518408168,-4.76323961561376,0.835117422173676,0.859811591888871,0.845706943746159
41943,33135,8808,0.687130604655208,0.70361574711178,0.692969608212993,33.26,34.3090909090909,32.4309090909091,9.05454545454546,25.68,7.86,25.0890909090909,8.38,23.9363636363636,-2.03580844402313,-4.68939881920815,0.835346853987864,0.859724430312666,0.846106408028256
42487,33304,9183,0.686556333615605,0.703490956488986,0.692674837485977,33.1890909090909,34.4527272727273,32.3581818181818,8.98727272727273,25.8090909090909,7.68727272727273,25.2581818181818,8.25636363636364,24.0018181818182,-2.05726245262406,-4.54490386735309,0.835268982140901,0.859728745580242,0.84671573860763
43087,33488,9599,0.686309353928798,0.703024977631975,0.692479621352532,33.1381818181818,34.5545454545455,32.3072727272727,8.88545454545454,25.96,7.54363636363636,25.4018181818182,8.11454545454546,24.0945454545455,-2.07787035324357,-4.37951147475026,0.835564578075277,0.859352801894238,0.847430919016264
43524,33662,9862,0.685862714824945,0.702845827796611,0.691746934165131,33.0418181818182,34.6618181818182,32.2963636363636,8.77818181818182,26.0509090909091,7.47272727272727,25.5327272727273,8.02909090909091,24.1363636363636,-2.09542696801099,-4.28124401894483,0.835745336488197,0.859106168694922,0.847154196926195
43950,33807,10143,0.685675044414437,0.702480152459354,0.691485885648389,33.0363636363636,34.6690909090909,32.2945454545455,8.70181818181818,26.1309090909091,7.33454545454545,25.6854545454545,7.97272727272727,24.1745454545455,-2.11482373963703,-4.18307134942575,0.835883324160704,0.859083280889448,0.847370791577525
44173,33928,10245,0.685295127210815,0.70237312617609,0.690961490814418,32.9818181818182,34.72,32.2981818181818,8.63454545454545,26.2,7.23454545454545,25.8072727272727,7.92,24.2036363636364,-2.13495472940532,-4.17018228498372,0.83632855567806,0.858975701717637,0.847106507543346
44353,33998,10355,0.684453967100595,0.702104285578994,0.6904028219768,32.94,34.7854545454545,32.2745454545455,8.55818181818182,26.2545454545455,7.16727272727273,25.9072727272727,7.86,24.2527272727273,-2.15854127352888,-4.14567225792191,0.83578958988795,0.858718377587288,0.846825530956002
44838,34267,10571,0.683733807494527,0.70216752749169,0.689770317336027,32.9272727272727,34.8054545454545,32.2672727272727,8.46363636363636,26.3254545454545,7.08909090909091,26.04,7.76909090909091,24.3127272727273,-2.16350897225467,-4.07006350240924,0.836057426836002,0.859426422190879,0.846621964275652
45295,34500,10795,0.683068839083429,0.701566897201494,0.689459057465096,32.8636363636364,34.8618181818182,32.2745454545455,8.37090909090909,26.3909090909091,6.99090909090909,26.1836363636364,7.70363636363636,24.36,-2.17031922232021,-3.99387340356003,0.836182572614108,0.859080004172317,0.846938200664751
45710,34695,11015,0.68272247210682,0.70046617521714,0.689161570429841,32.8490909090909,34.8436363636364,32.3072727272727,8.27454545454546,26.46,6.88909090909091,26.3290909090909,7.58363636363636,24.4636363636364,-2.17844387238676,-3.91667003577406,0.836165384402502,0.858693383427259,0.846980696719005
46214,34928,11286,0.68222420984209,0.699614494944924,0.688416142949105,32.7927272727273,34.9181818181818,32.2890909090909,8.16909090909091,26.5090909090909,6.81818181818182,26.4890909090909,7.47454545454545,24.54,-2.18307944102721,-3.81826809102839,0.836271900643158,0.858630564957042,0.846781913396025
46658,35126,11532,0.681732299205065,0.6989713451653,0.68811168230277,32.7618181818182,34.9236363636364,32.3145454545455,8.08545454545455,26.5745454545455,6.70181818181818,26.6181818181818,7.39090909090909,24.6290909090909,-2.19067837921056,-3.72957030480558,0.836283922526222,0.858548521449396,0.847183930681371
47076,35323,11753,0.681036575785814,0.698433856541636,0.687609213537174,32.6563636363636,35.0309090909091,32.3127272727273,7.99818181818182,26.5763636363636,6.63090909090909,26.8327272727273,7.24909090909091,24.7127272727273,-2.19786713990298,-3.64670547138561,0.836423361728189,0.858151243058079,0.847287868557281
47474,35545,11929,0.680518437680256,0.69785348892194,0.687213458778243,32.5745454545455,35.1490909090909,32.2763636363636,7.91090909090909,26.6090909090909,6.53636363636364,26.9727272727273,7.20181818181818,24.7690909090909,-2.20104228366505,-3.59443901587616,0.836738111185533,0.857748810262777,0.84790446146913
47967,35783,12184,0.679718119248533,0.697725789733685,0.686434247515392,32.4709090909091,35.2490909090909,32.28,7.82,26.6872727272727,6.41272727272727,27.1018181818182,7.11636363636364,24.8618181818182,-2.20198480866172,-3.50812200497497,0.836888963547791,0.858100789188632,0.847696293792948
48514,36094,12420,0.67909947020679,0.697358284203545,0.68596329819578,32.4054545454545,35.3109090909091,32.2836363636364,7.72181818181818,26.7272727272727,6.30363636363636,27.2636363636364,7.02727272727273,24.9563636363636,-2.19662527875467,-3.41751563549042,0.837232789092745,0.858349209618454,0.847995043928813
48973,36320,12653,0.678265915273248,0.696901133734625,0.685137140074062,32.3381818181818,35.3163636363636,32.3454545454545,7.64,26.7290909090909,6.25090909090909,27.4018181818182,6.94363636363636,25.0345454545455,-2.19440559419719,-3.33647126934745,0.83717530642078,0.858577018121911,0.847329960652052
49434,36522,12912,0.677711800660383,0.696094680202887,0.684650518732938,32.2472727272727,35.3818181818182,32.3709090909091,7.55272727272727,26.7654545454545,6.14909090909091,27.5927272727273,6.83818181818182,25.1018181818182,-2.19662321264094,-3.2457132531838,0.837674785746504,0.857810894141829,0.847450011233431
49910,36778,13132,0.677393301283412,0.695307610625313,0.683942256474106,32.2,35.4327272727273,32.3672727272727,7.43818181818182,26.8109090909091,6.13636363636364,27.6727272727273,6.76181818181818,25.18,-2.19290241761641,-3.18196404305371,0.83845285149633,0.858015188834154,0.847489046174587
50427,37036,13391,0.676677534535101,0.694582235242974,0.683240325212916,32.1472727272727,35.4709090909091,32.3818181818182,7.35272727272727,26.8327272727273,6.05090909090909,27.8181818181818,6.7,25.2454545454545,-2.18943063291636,-3.09177735773,0.838810022057576,0.857962991439848,0.847725996631106
50907,37298,13609,0.676073675637904,0.694554190254001,0.682561619547353,32.0290909090909,35.6145454545455,32.3563636363636,7.26909090909091,26.8545454545455,5.94727272727273,27.9854545454545,6.67090909090909,25.2727272727273,-2.18388675505465,-3.02126576304436,0.839293823796549,0.858382683275475,0.847943358057991
51530,37609,13921,0.675452085786185,0.694353186893361,0.682145683903674,31.9563636363636,35.6909090909091,32.3527272727273,7.16,26.9,5.82181818181818,28.2072727272727,6.59272727272727,25.3181818181818,-2.17463658452034,-2.90938260067593,0.839952207555758,0.858940397350993,0.848207260874452
52130,37902,14228,0.674479895653601,0.69400163248322,0.68134177927865,31.8690909090909,35.76,32.3709090909091,7.06,26.9327272727273,5.75636363636364,28.4,6.46363636363636,25.3872727272727,-2.16696537787264,-2.81788440861485,0.840027384755819,0.859263778726866,0.848236351381712
52519,38208,14311,0.673451866409887,0.693675520689343,0.680779106160369,31.8145454545455,35.78,32.4054545454545,6.98181818181818,26.9272727272727,5.73636363636364,28.5454545454545,6.37636363636364,25.4327272727273,-2.15286747813225,-2.80256556407972,0.839524517087667,0.860307942476752,0.848622566346855
53142,38479,14663,0.67251145560828,0.692839363152606,0.68044805020631,31.7872727272727,35.7909090909091,32.4218181818182,6.90545454545455,26.92,5.63818181818182,28.7345454545455,6.24909090909091,25.5527272727273,-2.14553046714176,-2.66850965727459,0.839901618715323,0.85999491998984,0.8488111260655
53611,38711,14900,0.671509340074128,0.691731513434112,0.679405708901865,31.74,35.8090909090909,32.4509090909091,6.82909090909091,26.9563636363636,5.53818181818182,28.8909090909091,6.19454545454545,25.5909090909091,-2.1379117900675,-2.59379713128914,0.839548605144068,0.86011678090886,0.847826086956522
54239,39055,15184,0.670442709009796,0.690761950292797,0.678485702143515,31.6581818181818,35.8309090909091,32.5109090909091,6.74545454545455,26.9672727272727,5.47272727272727,29.0127272727273,6.15090909090909,25.6509090909091,-2.12200728058815,-2.49478573799133,0.839593383873191,0.86050641903892,0.847659526872099
54773,39343,15430,0.669505226959648,0.690126256013484,0.677995819497773,31.6109090909091,35.82,32.5690909090909,6.64,27.0072727272727,5.40545454545455,29.1418181818182,6.06,25.7454545454545,-2.1077613781799,-2.41129329502583,0.839583572989762,0.86046393584082,0.848099145871713
55356,39654,15702,0.668628556096729,0.68939235475188,0.677228268352038,31.5363636363636,35.8545454545455,32.6090909090909,6.54727272727273,27.0636363636364,5.34,29.2436363636364,5.96909090909091,25.8363636363636,-2.09483081156557,-2.31782850460573,0.83989622369559,0.860344827586207,0.84800669082799
56002,40013,15989,0.668052441977599,0.687807570654531,0.676744124665087,31.5254545454545,35.7981818181818,32.6763636363636,6.46545454545455,27.1036363636364,5.28,29.3527272727273,5.86,25.9381818181818,-2.07505096413872,-2.21493799036199,0.840475229251975,0.860226522423688,0.848208324059648
56469,40306,16163,0.667015414507438,0.686060337135441,0.676159764265073,31.5181818181818,35.7636363636364,32.7181818181818,6.39090909090909,27.0563636363636,5.30545454545455,29.3890909090909,5.83272727272727,26.0254545454545,-2.05998842770403,-2.17528061297807,0.840207672339198,0.859532282663955,0.848235621005835
56956,40634,16322,0.665950185730726,0.685524048814891,0.675326634880865,31.4454545454545,35.8181818181818,32.7363636363636,6.32363636363636,27.0709090909091,5.18909090909091,29.54,5.76545454545455,26.1109090909091,-2.04716730876402,-2.13552514639768,0.840185024573576,0.860203045685279,0.848319911135796
57623,41022,16601,0.664976738159916,0.684517927608547,0.674431505483789,31.3636363636364,35.8581818181818,32.7781818181818,6.24,27.1181818181818,5.09090909090909,29.6818181818182,5.66545454545455,26.2036363636364,-2.02529912103306,-2.06022320877422,0.840521739130435,0.86035898996045,0.848291546483248
58228,41391,16837,0.664012769301261,0.683484814086015,0.673818765011586,31.3436363636364,35.7781818181818,32.8781818181818,6.15818181818182,27.1672727272727,5.02363636363636,29.7836363636364,5.55454545454545,26.3127272727273,-2.00135851177302,-1.9965167554942,0.840245953941644,0.860910661652607,0.847868163468451
58827,41752,17075,0.663094658510547,0.681735013564963,0.672733171649381,31.3054545454545,35.7563636363636,32.9381818181818,6.08181818181818,27.2018181818182,4.96545454545455,29.82,5.5,26.4309090909091,-1.98073635751551,-1.93581009358168,0.840631896852131,0.860673243160785,0.847372488408037
59571,42173,17398,0.661977168120928,0.680740066853733,0.671824527060282,31.2236363636364,35.8236363636364,32.9527272727273,6.00363636363636,27.2727272727273,4.82727272727273,29.9545454545455,5.42909090909091,26.5127272727273,-1.95338049043309,-1.82752689827572,0.840796599312875,0.860833375628077,0.847715736040609
60226,42562,17664,0.660699574198579,0.679626387781518,0.671079310854424,31.1781818181818,35.84,32.9818181818182,5.94727272727273,27.2763636363636,4.79090909090909,30.02,5.35090909090909,26.6145454545455,-1.92716890031641,-1.73820196959105,0.840389549801726,0.860896915584416,0.847960308710033
60686,42901,17785,0.659541714236633,0.678477279959925,0.670421899262344,31.1236363636364,35.9127272727273,32.9636363636364,5.86909090909091,27.3309090909091,4.72363636363636,30.0563636363636,5.32727272727273,26.6927272727273,-1.90277328139002,-1.71278071335771,0.840752424348639,0.860621709194006,0.84815223386652
61372,43339,18033,0.658421485058547,0.677823581355442,0.669359926034387,31.0490909090909,35.9872727272727,32.9636363636364,5.77636363636364,27.3636363636364,4.65272727272727,30.1163636363636,5.24363636363636,26.8472727272727,-1.87468468790705,-1.64785936366428,0.84072143819172,0.860859899964634,0.848593491450634
62087,43743,18344,0.657522801570314,0.676011213250448,0.668152489267179,31.0436363636364,35.9381818181818,33.0181818181818,5.68909090909091,27.4109090909091,4.58,30.18,5.12909090909091,27.0109090909091,-1.84721826043996,-1.56351939737797,0.840810589199953,0.860821612870586,0.847962555066079
62731,44104,18627,0.656448908368877,0.675633321692786,0.666773547259603,30.98,35.9709090909091,33.0490909090909,5.61090909090909,27.48,4.48909090909091,30.2309090909091,5.07272727272727,27.1163636363636,-1.82289805439386,-1.47873322990808,0.84065966312577,0.861352608168217,0.847389558232932
63359,44488,18871,0.655179085609213,0.674787047646135,0.665906171848525,30.9272727272727,35.9454545454545,33.1272727272727,5.53272727272727,27.5345454545455,4.44363636363636,30.2272727272727,5.05636363636364,27.2054545454545,-1.79574590352449,-1.43111840567806,0.840858318636096,0.861608497723824,0.847365532381998
63986,44887,19099,0.654060429079857,0.673222132058665,0.664899016270801,30.9127272727273,35.9509090909091,33.1363636363636,5.45636363636364,27.5945454545455,4.33636363636364,30.3163636363636,4.97818181818182,27.3181818181818,-1.7690964021466,-1.39399684559215,0.841195153511352,0.861376624690234,0.847133058984911
64923,45333,19590,0.653303682533282,0.671696937511806,0.664188014525685,30.9163636363636,35.8890909090909,33.1945454545455,5.39090909090909,27.6527272727273,4.27272727272727,30.3527272727273,4.85818181818182,27.4727272727273,-1.73917593820529,-1.22928438620134,0.841155022347683,0.861492476822534,0.84745577038944
65673,45748,19925,0.652363195361091,0.669871650905919,0.663119568519043,30.9018181818182,35.8218181818182,33.2763636363636,5.28545454545455,27.7509090909091,4.21272727272727,30.3672727272727,4.77454545454545,27.6090909090909,-1.71089676916599,-1.12408341413194,0.841433278418451,0.861587656075525,0.847065894437766
66600,46245,20355,0.651038693789846,0.669886769273863,0.661977873288256,30.8581818181818,35.8454545454545,33.2963636363636,5.21818181818182,27.7763636363636,4.13818181818182,30.4327272727273,4.72363636363636,27.7109090909091,-1.67864551666108,-1.00040762451562,0.841267970775395,0.862845549074309,0.847103150767215
67608,46711,20897,0.650114894923012,0.668276066387514,0.661600355564599,30.8872727272727,35.7218181818182,33.3909090909091,5.14909090909091,27.7890909090909,4.12363636363636,30.48,4.62,27.8381818181818,-1.64523951926015,-0.842128833992915,0.841358606074876,0.863083422405456,0.847862782466648
68445,47184,21261,0.648646115064671,0.667695158684625,0.660358067382262,30.8272727272727,35.7472727272727,33.4254545454545,5.08545454545455,27.8,4.06181818181818,30.5690909090909,4.5,27.9836363636364,-1.61392568268559,-0.767091797698628,0.841285756414037,0.863740399776207,0.84802001740644
69113,47614,21499,0.647712025627635,0.666146538864915,0.659465352463987,30.8163636363636,35.7018181818182,33.4818181818182,5.04,27.7727272727273,4.03454545454545,30.6345454545455,4.47636363636364,28.0418181818182,-1.58342878655954,-0.713602583787658,0.841760575845183,0.864381747810145,0.847678522943253
69762,47985,21777,0.646349235043724,0.664404578860616,0.658402534404295,30.7690909090909,35.7490909090909,33.4818181818182,4.96363636363636,27.8145454545455,3.97090909090909,30.6363636363636,4.47454545454545,28.14,-1.55442498123104,-0.626592665910721,0.841458370265319,0.863798189400875,0.84762421938637
70545,48410,22135,0.64518318302287,0.663790010039804,0.657484853716028,30.7127272727273,35.7781818181818,33.5090909090909,4.88363636363636,27.8836363636364,3.92181818181818,30.6454545454545,4.43636363636364,28.2290909090909,-1.52326115803285,-0.518921669369394,0.841700213118636,0.864163024697632,0.84758545849159
71135,48830,22305,0.643888688307888,0.662425227579678,0.655875814911796,30.6836363636364,35.8272727272727,33.4890909090909,4.83636363636364,27.9072727272727,3.87636363636364,30.6836363636364,4.41090909090909,28.2854545454545,-1.49143060472879,-0.482648979127407,0.841550130362645,0.863790916011165,0.847277268038439
72063,49215,22848,0.642914330199199,0.661005468459714,0.654480014323086,30.6890909090909,35.82,33.4909090909091,4.76181818181818,27.9545454545455,3.78727272727273,30.7927272727273,4.30727272727273,28.3963636363636,-1.4618292694742,-0.342325862700289,0.840926595177439,0.863357189990356,0.847176981541802
73044,49667,23377,0.641899505718027,0.660006924173345,0.653714778085365,30.6636363636364,35.8109090909091,33.5254545454545,4.70545454545455,28.0054545454545,3.71090909090909,30.8945454545455,4.2,28.4836363636364,-1.43031949184158,-0.195501737973907,0.840616661725467,0.863830219333875,0.84760561852595
74131,50116,24015,0.640852845414695,0.65893710314619,0.652541757075006,30.68,35.7490909090909,33.5709090909091,4.61272727272727,28.0927272727273,3.65818181818182,30.9781818181818,4.07454545454545,28.5836363636364,-1.39843132739717,-0.0111666942184622,0.840642408439019,0.864255925134778,0.847703639514731
75168,50518,24650,0.639996388055923,0.657348620039675,0.651566111641938,30.6818181818182,35.7509090909091,33.5672727272727,4.54545454545455,28.1290909090909,3.61636363636364,31.0181818181818,4.00727272727273,28.6836363636364,-1.36526255174117,0.159497987411239,0.84077037037037,0.86349997457153,0.847470479904669
76111,50920,25191,0.63906726081401,0.656127995144458,0.650471601481798,30.6618181818182,35.76,33.5781818181818,4.46545454545455,28.2181818181818,3.50545454545455,31.1563636363636,3.93454545454546,28.72,-1.33301337049766,0.317838967794722,0.840903700189753,0.863432987594061,0.847249296079705
76952,51263,25689,0.637850569362754,0.65496616181289,0.649394402311537,30.6418181818182,35.7327272727273,33.6254545454545,4.40363636363636,28.2890909090909,3.47090909090909,31.1890909090909,3.83272727272727,28.8145454545455,-1.30538148961284,0.447154886478728,0.840443837892363,0.863176105429197,0.847031469665838
77954,51650,26304,0.636841629033021,0.653704256615017,0.648360134508091,30.5945454545455,35.7345454545455,33.6709090909091,4.34181818181818,28.36,3.44,31.1509090909091,3.81636363636364,28.8909090909091,-1.27515533986417,0.608725832944567,0.840256730254947,0.86303042637631,0.847075976024623
79008,52033,26975,0.635730477561944,0.652920050398104,0.647388739923016,30.5327272727273,35.7472727272727,33.72,4.27454545454545,28.4290909090909,3.41090909090909,31.1727272727273,3.72909090909091,28.9836363636364,-1.24677023792809,0.789796635508537,0.840111951408325,0.863638675550582,0.846597649088752
80023,52403,27620,0.634924009202233,0.65138352077455,0.64633785644838,30.5090909090909,35.7381818181818,33.7527272727273,4.20545454545455,28.4836363636364,3.36181818181818,31.2563636363636,3.63636363636364,29.0563636363636,-1.21744412712076,0.957604828476906,0.839868891537545,0.863502238502239,0.846369316957552
80872,52759,28113,0.634430778145405,0.65166775977395,0.645488407433018,30.4254545454545,35.7745454545455,33.8,4.12545454545455,28.5509090909091,3.38181818181818,31.2436363636364,3.56181818181818,29.1363636363636,-1.19222090555863,1.0843590810895,0.840683638102068,0.864149217320594,0.846046261430877
82014,53135,28879,0.633366891107709,0.650834841789764,0.644972356669543,30.3527272727273,35.7763636363636,33.8709090909091,4.06181818181818,28.6690909090909,3.26909090909091,31.3145454545455,3.46909090909091,29.2163636363636,-1.1635787805373,1.30071116103367,0.840841020726009,0.86420694211516,0.846046486660583
83138,53497,29641,0.632694642811637,0.649385457657652,0.644022901234821,30.3563636363636,35.7018181818182,33.9418181818182,3.96545454545454,28.7545454545455,3.25636363636364,31.3345454545455,3.41636363636364,29.2727272727273,-1.13343830068003,1.47905395721847,0.840620507906085,0.864076186596048,0.845886008142276
84239,53816,30423,0.631771093419862,0.648652049529803,0.643204148958848,30.3109090909091,35.6927272727273,33.9963636363636,3.88363636363636,28.84,3.19636363636364,31.3727272727273,3.44545454545455,29.2618181818182,-1.10794204392216,1.67985191927715,0.84038150080979,0.86404156690948,0.845651941384105
85377,54151,31226,0.630728936830281,0.647389651633184,0.642268481336209,30.2636363636364,35.6981818181818,34.0381818181818,3.79090909090909,28.9418181818182,3.08,31.4945454545455,3.32545454545455,29.3672727272727,-1.08139186880805,1.85486317087303,0.840192249924902,0.863756748497504,0.845467656642273
86661,54452,32209,0.629957447829906,0.646577581637034,0.641488162453594,30.2309090909091,35.7090909090909,34.06,3.7,29.0163636363636,3.00363636363636,31.6345454545455,3.19636363636364,29.4490909090909,-1.05661858685992,2.10820260142738,0.839959102664341,0.863391038696538,0.845086211498425
87787,54731,33056,0.629041106355858,0.646012194658132,0.640756766518908,30.1963636363636,35.6909090909091,34.1127272727273,3.63272727272727,29.0963636363636,2.92909090909091,31.7127272727273,3.11090909090909,29.5181818181818,-1.03444641869177,2.31851327432828,0.839595375722543,0.863423331635252,0.844845965248907
89018,55060,33958,0.628209512166762,0.645456472039432,0.640116129785673,30.1472727272727,35.7345454545455,34.1181818181818,3.54363636363636,29.1527272727273,2.86909090909091,31.8054545454545,3.05818181818182,29.5709090909091,-1.01128393492915,2.52209915166551,0.83933417767324,0.863488348427801,0.845190514255262
90360,55423,34937,0.627559648952901,0.644931845081515,0.639492424573775,30.06,35.8127272727273,34.1272727272727,3.45818181818182,29.2581818181818,2.76727272727273,31.8563636363636,3.07272727272727,29.5872727272727,-0.986289331994274,2.75252068422057,0.839835480554043,0.863329441031629,0.845498135322323
91540,55702,35838,0.62664580004512,0.644408251860193,0.638838023580611,30.0218181818182,35.8545454545455,34.1236363636364,3.38363636363636,29.3,2.77090909090909,31.9327272727273,2.91454545454545,29.6981818181818,-0.965316768126054,2.96075068153441,0.839510658914729,0.863438133874239,0.845588235294118
92921,56063,36858,0.626118775904445,0.643725927103006,0.637960410242744,30.0181818181818,35.8218181818182,34.16,3.32181818181818,29.3563636363636,2.71454545454545,31.9745454545455,2.84363636363636,29.7890909090909,-0.935296503386714,3.16294205435975,0.839733494851605,0.863770175616689,0.845220353417075
94317,56392,37925,0.624947154227673,0.643501783960285,0.63725476558442,29.9527272727273,35.8272727272727,34.22,3.25636363636364,29.4072727272727,2.62727272727273,32.08,2.71818181818182,29.9109090909091,-0.908380426737395,3.41960535096851,0.839383270608231,0.863790916011165,0.845066680835237
95587,56717,38870,0.624151836862259,0.642952754505625,0.636511821802183,29.96,35.7836363636364,34.2563636363636,3.17090909090909,29.4545454545455,2.57454545454545,32.1381818181818,2.59272727272727,30.0690909090909,-0.879262518611821,3.61932055611502,0.839179512076708,0.864183730501499,0.844859614670134
96950,56990,39960,0.623536072090459,0.642222198563256,0.63603130416243,29.9454545454545,35.7709090909091,34.2836363636364,3.08545454545455,29.5163636363636,2.52727272727273,32.16,2.55090909090909,30.16,-0.856635494259271,3.8483687623658,0.838919247115968,0.864237064145573,0.844611794654221
98548,57346,41202,0.622796885391694,0.64166322497637,0.635472318756546,29.9545454545455,35.74,34.3054545454545,2.99090909090909,29.6272727272727,2.41636363636364,32.2054545454545,2.42909090909091,30.3309090909091,-0.830664353208108,4.13893380510536,0.838907435508346,0.864780994047922,0.844763620945516
99640,57641,41999,0.622596592762772,0.641167007200344,0.63519833601272,29.9036363636364,35.7418181818182,34.3545454545455,2.90909090909091,29.6436363636364,2.41454545454545,32.2218181818182,2.36727272727273,30.4436363636364,-0.811838728595864,4.28222472071648,0.839666808536511,0.864991352121274,0.844985445885155
100841,57891,42950,0.621645851927809,0.640642151763294,0.634619376479198,29.8727272727273,35.7163636363636,34.4109090909091,2.81636363636364,29.7145454545455,2.34909090909091,32.2418181818182,2.34363636363636,30.5345454545455,-0.790524108978835,4.47065390944481,0.839440048691418,0.864946039503156,0.844658142238191
102093,58151,43942,0.620704435487074,0.63978594907563,0.634199965346547,29.8509090909091,35.7090909090909,34.44,2.74181818181818,29.6781818181818,2.33090909090909,32.2654545454545,2.28727272727273,30.6963636363636,-0.769288955493407,4.67025257254189,0.839139968327446,0.864969450101833,0.844419807834442
103573,58412,45161,0.620152991865515,0.639015850782014,0.633783820181562,29.84,35.7,34.46,2.64181818181818,29.7418181818182,2.23454545454545,32.3418181818182,2.20181818181818,30.8381818181818,-0.745067255808548,4.89426025274125,0.839142091152815,0.864833206009677,0.844246293462776
104813,58646,46167,0.619430979008618,0.638794067493363,0.633217126775773,29.8163636363636,35.7109090909091,34.4727272727273,2.55454545454545,29.8290909090909,2.11272727272727,32.3563636363636,2.16,30.9872727272727,-0.728782735155387,5.06145835356279,0.839075553387402,0.865078152843542,0.844198312236287
105843,58911,46932,0.618568033728333,0.638187400541113,0.63288178815104,29.7709090909091,35.6836363636364,34.5454545454545,2.48909090909091,29.8490909090909,2.06727272727273,32.3381818181818,2.08545454545455,31.1709090909091,-0.705895859273997,5.18637629368089,0.838829852204715,0.865127891572404,0.844421052631579
106928,59119,47809,0.617748076154277,0.637534337226348,0.632438766443837,29.7072727272727,35.6745454545455,34.6181818181818,2.41454545454545,29.8836363636364,1.99818181818182,32.3654545454545,2.02363636363636,31.3145454545455,-0.68649019561708,5.29230790517547,0.838851826917192,0.865042556444626,0.844432773109244
107730,59337,48393,0.616986176711425,0.636881648216224,0.631964464839842,29.6563636363636,35.66,34.6836363636364,2.33636363636364,29.92,1.94545454545455,32.4181818181818,1.95090909090909,31.4290909090909,-0.66957223859023,5.34062051725658,0.838697811292992,0.865293427828481,0.844621513944223
108882,59571,49311,0.6164771103035,0.635888851497066,0.63145637013632,29.6236363636364,35.6527272727273,34.7236363636364,2.27454545454545,29.8945454545455,1.87636363636364,32.4854545454545,1.89636363636364,31.5727272727273,-0.647993045672774,5.46397170465101,0.839133370158964,0.864908970370748,0.84464341815897
109675,59816,49859,0.615019859977752,0.635657813927281,0.630937137042383,29.5545454545455,35.6763636363636,34.7690909090909,2.20363636363636,29.8872727272727,1.90727272727273,32.4690909090909,1.84727272727273,31.6854545454545,-0.629248453575102,5.52523332292383,0.839003383574285,0.865202323922128,0.844637347696491
110740,60034,50706,0.614091383196958,0.635573167752809,0.630525357810001,29.5072727272727,35.6963636363636,34.7963636363636,2.13818181818182,29.8890909090909,1.81636363636364,32.6145454545455,1.67636363636364,31.8654545454545,-0.611367264017463,5.62568766664375,0.838930309938998,0.86548158712372,0.84475911798516
111563,60261,51302,0.613392752353583,0.635235808181887,0.629931944316608,29.4545454545455,35.7272727272727,34.8181818181818,2.07818181818182,29.8418181818182,1.83090909090909,32.62,1.67818181818182,31.9509090909091,-0.593542831052433,5.70111410238526,0.839259259259259,0.865699745547074,0.844856396866841
112525,60483,52042,0.612774640454194,0.634842708042667,0.629692937110444,29.4090909090909,35.7163636363636,34.8745454545455,2.01272727272727,29.8690909090909,1.74363636363636,32.6690909090909,1.62545454545455,32.08,-0.573556416447867,5.77656149918383,0.839505409582689,0.866065974343311,0.84479432772014
113281,60661,52620,0.61231004477026,0.634327432161032,0.629265940353632,29.3945454545455,35.7145454545455,34.8909090909091,1.94909090909091,29.88,1.70545454545455,32.6527272727273,1.58727272727273,32.2254545454545,-0.560467311604457,5.80992463163354,0.83961155440094,0.866262790816067,0.844867118290776
114005,60818,53187,0.611805489857425,0.6338422165581,0.6287042245145,29.36,35.7290909090909,34.9109090909091,1.90545454545455,29.8545454545455,1.60909090909091,32.7472727272727,1.52909090909091,32.3545454545455,-0.546381756155328,5.82340384643864,0.83991825613079,0.866266347768561,0.84479975001302
114756,60963,53793,0.610993962942565,0.633376711791265,0.627892267608108,29.3290909090909,35.7454545454545,34.9254545454545,1.84909090909091,29.8872727272727,1.52181818181818,32.7963636363636,1.38727272727273,32.5581818181818,-0.535247793996876,5.82642580396072,0.839625565680987,0.866276703967447,0.844604091831954
115292,61102,54190,0.610278939844341,0.63266090012556,0.627369127170985,29.2636363636364,35.7854545454545,34.9509090909091,1.79636363636364,29.8981818181818,1.45454545454545,32.7981818181818,1.39090909090909,32.6618181818182,-0.522519802335988,5.81533159911633,0.839826032929481,0.865816482064831,0.844301097643448
115895,61233,54662,0.609739635680115,0.631492062137928,0.626966004168761,29.2727272727273,35.7345454545455,34.9927272727273,1.74181818181818,29.9,1.42,32.7745454545455,1.33636363636364,32.8272727272727,-0.511165815049952,5.81321090903472,0.839751552795031,0.865777958685255,0.844071495375663
116561,61372,55189,0.608715201479593,0.631334711548784,0.626601603689056,29.2181818181818,35.7672727272727,35.0145454545455,1.68909090909091,29.8872727272727,1.40181818181818,32.8472727272727,1.18363636363636,32.9909090909091,-0.50048908804628,5.7973107571629,0.839576851275669,0.865849938999593,0.8440648042372
117199,61496,55703,0.608210676378665,0.630615309732793,0.62640748803786,29.1745454545455,35.7854545454545,35.04,1.64727272727273,29.8745454545455,1.37090909090909,32.8490909090909,1.13454545454545,33.1236363636364,-0.488121952861547,5.80459933765233,0.839773152187461,0.865511634996443,0.843970527189705
117744,61639,56105,0.607603112674822,0.630328201366323,0.626243866229026,29.1545454545455,35.76,35.0854545454545,1.6,29.8709090909091,1.35454545454545,32.8163636363636,1.08909090909091,33.2690909090909,-0.476465116678314,5.79051840491593,0.839600873090115,0.865720968069961,0.844120847800176
118379,61782,56597,0.606869568371076,0.629834263919267,0.625849711124183,29.12,35.7618181818182,35.1181818181818,1.55818181818182,29.8527272727273,1.32727272727273,32.78,1.08,33.4018181818182,-0.46430488218638,5.78266231214458,0.839535464535465,0.865727795007372,0.84411079471913
118935,61902,57033,0.606271417355801,0.62906462365912,0.625534151894119,29.1,35.7436363636364,35.1563636363636,1.50727272727273,29.8781818181818,1.25818181818182,32.7818181818182,1.02545454545455,33.5490909090909,-0.456821081888947,5.73536387644708,0.839425179631365,0.865710361666412,0.843969797269342
119374,62012,57362,0.605478832416554,0.62891974692858,0.625176966866973,29.0490909090909,35.76,35.1909090909091,1.46909090909091,29.8381818181818,1.2,32.7745454545455,1.04727272727273,33.6709090909091,-0.44571411843327,5.71255734251304,0.839456719033611,0.865670124059386,0.843812968225265
119707,62122,57585,0.60509059890449,0.628746534781287,0.624814094653269,29.02,35.7872727272727,35.1927272727273,1.44727272727273,29.7745454545455,1.17454545454545,32.7763636363636,1.06181818181818,33.7654545454545,-0.435818741910837,5.66227990415963,0.839546394336194,0.865620078240106,0.843924364538128
120159,62242,57917,0.604523771368486,0.628888965979504,0.624414165391822,28.9836363636364,35.7963636363636,35.22,1.42727272727273,29.7490909090909,1.14181818181818,32.74,1.02,33.9218181818182,-0.424804140881381,5.63288160372864,0.839345085000941,0.866009752133279,0.843787104434464
120518,62325,58193,0.603630473338678,0.628172111234896,0.62416292103314,28.9309090909091,35.8218181818182,35.2472727272727,1.40727272727273,29.7072727272727,1.10909090909091,32.7109090909091,0.952727272727273,34.1127272727273,-0.415664243257859,5.58343357227065,0.83911513323278,0.865648157547457,0.843650056741979
120886,62440,58446,0.603129207018223,0.62718028149095,0.623801641981758,28.8981818181818,35.8254545454545,35.2763636363636,1.38363636363636,29.6781818181818,1.08363636363636,32.6636363636364,0.941818181818182,34.2490909090909,-0.407993725043806,5.53241316811605,0.839184597961495,0.865408038976857,0.843675909700031
121339,62547,58792,0.602847613552511,0.627133041275693,0.623394438552593,28.8818181818182,35.8309090909091,35.2872727272727,1.37090909090909,29.6454545454545,1.00727272727273,32.6545454545455,0.921818181818182,34.4,-0.399230830540711,5.50238591432571,0.839282341831917,0.865682244887603,0.843672712283594
121724,62631,59093,0.602464498958088,0.626665435514261,0.623019119393667,28.8636363636364,35.8272727272727,35.3090909090909,1.35272727272727,29.6236363636364,0.990909090909091,32.5890909090909,0.876363636363636,34.5672727272727,-0.392659178477797,5.46759061027657,0.839244094488189,0.865567114945445,0.84346035015448
122107,62730,59377,0.601889056114689,0.626238470518353,0.622892776435736,28.8327272727273,35.8218181818182,35.3454545454545,1.33636363636364,29.5618181818182,1.00727272727273,32.5763636363636,0.809090909090909,34.7090909090909,-0.381866943006488,5.42676442184232,0.839008702232312,0.865648157547457,0.843621399176955
122386,62772,59614,0.601563172813858,0.626055589285932,0.622765910361498,28.8072727272727,35.8436363636364,35.3490909090909,1.32727272727273,29.5309090909091,0.981818181818182,32.5454545454545,0.772727272727273,34.8418181818182,-0.379679533890025,5.38699082000689,0.838992678616511,0.865577761996551,0.843637485855365
122737,62853,59884,0.601120558614524,0.625591654698462,0.622601764837661,28.7927272727273,35.8345454545455,35.3727272727273,1.30545454545455,29.4672727272727,0.936363636363636,32.5727272727273,0.776363636363636,34.9418181818182,-0.370731449702924,5.36352039209821,0.838848193988381,0.865594398498148,0.843741968645592
123084,62914,60170,0.600838410049667,0.624932130976379,0.62239527797215,28.7836363636364,35.8181818181818,35.3981818181818,1.29454545454545,29.4490909090909,0.874545454545455,32.5563636363636,0.754545454545455,35.0709090909091,-0.361829054355621,5.32596323070201,0.838797296443686,0.865329949238579,0.843648877703015
123402,62989,60413,0.600398565893968,0.624746602913965,0.622243339428083,28.7672727272727,35.8254545454545,35.4072727272727,1.28,29.4272727272727,0.861818181818182,32.5163636363636,0.745454545454545,35.1690909090909,-0.353986423767426,5.28887841288339,0.838768802932625,0.865408038976857,0.843637670740474
123714,63057,60657,0.59996392884312,0.624620493744789,0.621942468948092,28.7472727272727,35.8272727272727,35.4254545454545,1.25636363636364,29.3890909090909,0.818181818181818,32.5509090909091,0.707272727272727,35.2781818181818,-0.346805604310198,5.24604595743797,0.838656631459111,0.865567114945445,0.8435126257442
123991,63125,60866,0.599667970427868,0.623938108954729,0.621727721001129,28.7581818181818,35.7927272727273,35.4490909090909,1.24545454545455,29.3109090909091,0.825454545454545,32.54,0.685454545454545,35.3927272727273,-0.338147060894831,5.22117379348386,0.838528165897452,0.865538961698669,0.8434630968867
124221,63193,61028,0.599457955993189,0.62343726822481,0.62168348598543,28.7454545454545,35.7981818181818,35.4563636363636,1.23090909090909,29.2727272727273,0.790909090909091,32.5290909090909,0.689090909090909,35.4872727272727,-0.333104088699276,5.18638121397658,0.83864642631246,0.865356290314389,0.843649043638788
124490,63245,61245,0.599160052527528,0.623236367312347,0.621600044475327,28.7454545454545,35.7836363636364,35.4709090909091,1.20909090909091,29.2654545454545,0.74,32.5218181818182,0.667272727272727,35.5963636363636,-0.327241294085979,5.14530121887272,0.838393421884883,0.865504801585285,0.843661899636065
124695,63286,61409,0.598931004664793,0.622928058027267,0.621605985382067,28.7363636363636,35.7727272727273,35.4909090909091,1.20545454545455,29.22,0.725454545454545,32.5072727272727,0.643636363636364,35.6981818181818,-0.324479347806085,5.10540513213385,0.838405567858273,0.865412960609911,0.843801229508197
124892,63331,61561,0.59877621870195,0.622930310084543,0.621498446857028,28.7236363636364,35.7836363636364,35.4927272727273,1.19272727272727,29.16,0.749090909090909,32.4818181818182,0.630909090909091,35.7854545454545,-0.321352059529586,5.07887583523989,0.838523863780225,0.865555612011585,0.843809231084473
125180,63386,61794,0.598518428660709,0.622992053803988,0.62136399935883,28.7036363636364,35.7818181818182,35.5145454545455,1.19090909090909,29.1036363636364,0.707272727272727,32.5309090909091,0.576363636363636,35.8909090909091,-0.317687619172714,5.05031776414676,0.838538037625895,0.865752032520325,0.843853990682435
125337,63425,61912,0.598161919081502,0.62287193308008,0.621195044672203,28.6872727272727,35.7909090909091,35.5218181818182,1.17636363636364,29.0690909090909,0.703636363636364,32.5109090909091,0.572727272727273,35.9672727272727,-0.314269638518718,5.01225561330264,0.838382557992141,0.865735331470663,0.843885959973384
125474,63462,62012,0.597909914989161,0.622610930945125,0.621116043025679,28.6781818181818,35.7781818181818,35.5436363636364,1.16545454545455,29.0290909090909,0.674545454545455,32.5145454545455,0.572727272727273,36.0436363636364,-0.310575674033978,4.97102051119913,0.838267926203005,0.865789206220144,0.843879482326462
125696,63509,62187,0.597853892475814,0.622296128804195,0.621059279362362,28.6709090909091,35.7781818181818,35.5509090909091,1.15636363636364,29.0236363636364,0.62,32.5381818181818,0.536363636363636,36.1254545454546,-0.305726543339816,4.94955342073332,0.838480563130192,0.865789206220144,0.843860277195315
125890,63550,62340,0.597743050338931,0.622140541621871,0.620973464745216,28.6472727272727,35.7890909090909,35.5636363636364,1.14727272727273,29.0036363636364,0.612727272727273,32.52,0.518181818181818,36.1981818181818,-0.302316302806139,4.92351399362087,0.838537699923839,0.865779313147734,0.843916155419223
126079,63582,62497,0.597610191720297,0.62187391784965,0.620825254928745,28.6418181818182,35.7927272727273,35.5654545454545,1.14545454545455,28.9654545454545,0.610909090909091,32.5327272727273,0.487272727272727,36.2581818181818,-0.298435677791184,4.89184195714241,0.838506951056942,0.865640556740831,0.843924134757937
126290,63626,62664,0.59753425572328,0.621807308277602,0.620746049417591,28.6218181818182,35.8072727272727,35.5709090909091,1.13818181818182,28.9236363636364,0.592727272727273,32.5545454545455,0.465454545454546,36.3254545454545,-0.295841047438708,4.85907398926263,0.838775250921103,0.865593581801564,0.844050296462891
126437,63673,62764,0.597157720583245,0.621582082950515,0.620558746417145,28.6145454545455,35.8072727272727,35.5781818181818,1.13272727272727,28.8727272727273,0.590909090909091,32.5545454545455,0.452727272727273,36.3963636363636,-0.294025934893976,4.83094440796836,0.838734273732368,0.865593581801564,0.84403107113655
126540,63688,62852,0.596958785400258,0.621368763269472,0.620415571605177,28.6145454545455,35.8036363636364,35.5818181818182,1.12909090909091,28.8127272727273,0.605454545454545,32.5418181818182,0.436363636363636,36.4745454545455,-0.290383238921111,4.80235839906064,0.838670733257085,0.865478366849482,0.843893714869699
126725,63719,63006,0.596767352616741,0.621090703228763,0.620368832108252,28.6054545454545,35.8036363636364,35.5909090909091,1.13090909090909,28.7636363636364,0.590909090909091,32.5636363636364,0.416363636363636,36.5345454545455,-0.286640464395962,4.7951595636254,0.838683022945401,0.865427584806013,0.843882503192848
126810,63743,63067,0.596639678005773,0.621032600199717,0.620299626361365,28.6018181818182,35.7981818181818,35.6,1.12545454545455,28.7090909090909,0.58,32.5727272727273,0.42,36.5927272727273,-0.285340987586162,4.7596593005752,0.838662513508359,0.865457869876581,0.843871297242084
126822,63767,63055,0.596461758529692,0.620850274354792,0.620244072381249,28.5872727272727,35.8054545454545,35.6072727272727,1.13090909090909,28.6345454545455,0.569090909090909,32.5854545454545,0.425454545454545,36.6545454545455,-0.283847842382436,4.7092551338063,0.838771226865102,0.865332859391662,0.843852124183007
126943,63791,63152,0.596535707449537,0.6208882895561,0.620146919700483,28.5690909090909,35.8109090909091,35.62,1.13090909090909,28.5872727272727,0.567272727272727,32.6018181818182,0.401818181818182,36.7109090909091,-0.283770630203865,4.68506797477603,0.83898682619487,0.865353371242892,0.843907916900618
127064,63824,63240,0.596454120400266,0.620827759706513,0.620119799200436,28.5672727272727,35.8145454545455,35.6181818181818,1.13636363636364,28.5381818181818,0.576363636363636,32.5781818181818,0.398181818181818,36.7727272727273,-0.280819316221062,4.67103209204294,0.839040224032587,0.865468575489897,0.844002041858091
127161,63855,63306,0.59646030822677,0.620845652070153,0.620056862461595,28.5618181818182,35.8181818181818,35.62,1.13090909090909,28.4963636363636,0.567272727272727,32.6,0.392727272727273,36.8127272727273,-0.278562940959819,4.64773680500009,0.839136800560188,0.865583756345178,0.844010004593946
127324,63899,63425,0.596329130166964,0.620638147787643,0.619972457804434,28.5509090909091,35.8054545454545,35.6436363636364,1.12909090909091,28.4527272727273,0.525454545454546,32.6363636363636,0.392727272727273,36.8636363636364,-0.273592169976539,4.62598768167875,0.839139018022034,0.865637536180369,0.844011426239543
127448,63921,63527,0.59598588446028,0.620676400562783,0.619807494830725,28.5345454545455,35.8090909090909,35.6563636363636,1.12,28.4127272727273,0.501818181818182,32.6872727272727,0.367272727272727,36.9109090909091,-0.270076377315193,4.59295867224309,0.839046769466038,0.865498857578066,0.84396512161542
127571,63970,63601,0.595867275532501,0.620635458420015,0.61984007780034,28.52,35.8054545454545,35.6745454545455,1.11636363636364,28.3727272727273,0.494545454545455,32.6763636363636,0.38,36.96,-0.265699862891978,4.5831426882947,0.839092184113222,0.865688315645153,0.844044646042506
127694,63990,63704,0.595690723954808,0.620348176893676,0.619976678063178,28.5,35.7945454545455,35.7054545454545,1.12,28.3290909090909,0.492727272727273,32.7036363636364,0.341818181818182,37.0127272727273,-0.263678054443815,4.55328598401763,0.839043062200957,0.865596586579977,0.84412873001324
127773,64003,63770,0.595662982573179,0.620107074636815,0.619934118913905,28.4927272727273,35.7763636363636,35.7309090909091,1.12,28.3090909090909,0.454545454545454,32.7090909090909,0.349090909090909,37.0581818181818,-0.261628625342961,4.52421330216933,0.839065790313318,0.865528281750267,0.844087115815184
127802,64025,63777,0.595547775345165,0.620020501203374,0.619883876140624,28.4872727272727,35.76,35.7527272727273,1.12,28.28,0.438181818181818,32.7109090909091,0.370909090909091,37.08,-0.259447898182341,4.50302802276882,0.839034975746745,0.865568436038235,0.844080553295362
127919,64055,63864,0.595602308948544,0.619839184432993,0.619771914344729,28.4872727272727,35.7418181818182,35.7709090909091,1.12909090909091,28.2472727272727,0.438181818181818,32.6981818181818,0.356363636363636,37.1309090909091,-0.253933708854443,4.48271968989548,0.839162624457493,0.865652660494455,0.844007319304666
127995,64089,63906,0.595498946540716,0.619852464566782,0.619723840402766,28.4763636363636,35.7363636363636,35.7872727272727,1.13454545454545,28.2145454545455,0.454545454545454,32.6745454545455,0.350909090909091,37.1709090909091,-0.250917644993487,4.46419821074232,0.839164857617163,0.865733909946579,0.843977036020932
128070,64102,63968,0.595451827345018,0.619718098107598,0.619819307655704,28.4654545454545,35.7018181818182,35.8327272727273,1.13272727272727,28.1763636363636,0.443636363636364,32.6981818181818,0.341818181818182,37.2072727272727,-0.252252284708348,4.43391345512461,0.839230965763924,0.865705846404563,0.844073472701441
128118,64117,64001,0.595356570573235,0.61966043491733,0.619763747386319,28.4563636363636,35.6763636363636,35.8672727272727,1.13272727272727,28.1563636363636,0.425454545454545,32.7418181818182,0.323636363636364,37.22,-0.25080762075218,4.38986957364462,0.839243498817967,0.865813882376924,0.84407157702641
128252,64140,64112,0.595266399430529,0.619666242737627,0.619742064326978,28.4472727272727,35.6618181818182,35.8909090909091,1.13454545454545,28.1145454545455,0.42,32.7818181818182,0.310909090909091,37.2381818181818,-0.245850743059154,4.37694275780496,0.839192125782948,0.865861119608443,0.844072948328268
128304,64156,64148,0.595091833943811,0.619650799524721,0.619776745496898,28.4363636363636,35.64,35.9236363636364,1.13636363636364,28.0945454545455,0.412727272727273,32.7890909090909,0.294545454545454,37.2727272727273,-0.244462280002931,4.33097482247447,0.839130434782609,0.86593204775023,0.844113776698046
128358,64173,64185,0.595008587222287,0.619524335068371,0.619710723478876,28.4218181818182,35.6218181818182,35.9563636363636,1.13818181818182,28.0636363636364,0.403636363636364,32.8145454545455,0.283636363636364,37.2963636363636,-0.244503590487875,4.31164750792086,0.83911207778915,0.865914659044508,0.84400283171521
128417,64184,64233,0.594888794276736,0.619345600048493,0.619696477236973,28.4072727272727,35.6109090909091,35.9818181818182,1.14,28.0581818181818,0.372727272727273,32.8309090909091,0.278181818181818,37.32,-0.243272503381807,4.27405180353671,0.839029697900666,0.86577146941693,0.844012127337039
128446,64199,64247,0.594865640755223,0.61909018878327,0.619646007626514,28.3963636363636,35.5854545454545,36.0181818181818,1.14181818181818,28.0436363636364,0.369090909090909,32.8345454545455,0.281818181818182,37.3290909090909,-0.240455519768875,4.25382714506916,0.839031886285056,0.865624361332516,0.843967693084301
128524,64223,64301,0.594809287095234,0.618876410547075,0.619609243678269,28.3818181818182,35.5545454545455,36.0636363636364,1.14363636363636,28.0254545454545,0.36,32.8381818181818,0.274545454545455,37.3581818181818,-0.238082482394847,4.22965897199782,0.839013452914798,0.865660956277167,0.843811444416436
128589,64234,64355,0.594701172851374,0.618949136414389,0.619538537874846,28.3781818181818,35.5454545454545,36.0763636363636,1.14727272727273,27.9927272727273,0.372727272727273,32.8509090909091,0.245454545454545,37.3909090909091,-0.236565346651795,4.21519161425531,0.838864684777037,0.865780051150895,0.843765749420421
128622,64244,64378,0.594523953729833,0.618746316003578,0.619493492287054,28.3672727272727,35.5181818181818,36.1145454545455,1.15090909090909,27.9672727272727,0.376363636363636,32.86,0.249090909090909,37.3963636363636,-0.235264171016487,4.19786658312448,0.838802717600308,0.865676990017917,0.843729547399688
128678,64263,64415,0.594457845681345,0.618698621255197,0.619484263085507,28.3436363636364,35.5018181818182,36.1545454545455,1.15454545454545,27.9436363636364,0.363636363636364,32.8963636363636,0.229090909090909,37.4127272727273,-0.236544325519141,4.17380162489347,0.838860735133748,0.865717504865308,0.843650993210963
128768,64293,64475,0.59430474593766,0.61851421629103,0.619489603222964,28.3145454545455,35.4818181818182,36.2036363636364,1.16,27.9145454545455,0.343636363636364,32.9272727272727,0.214545454545455,37.44,-0.231555651690261,4.15228566132825,0.838952032363706,0.865641813989239,0.843561671353957
128805,64312,64493,0.594166631467167,0.618556096627015,0.619473237776054,28.2836363636364,35.4818181818182,36.2345454545455,1.16545454545455,27.8872727272727,0.329090909090909,32.9436363636364,0.216363636363636,37.4581818181818,-0.230399720680858,4.12412493511696,0.838904602725636,0.865641813989239,0.843594761402981
128857,64337,64520,0.59411842143165,0.61860973068114,0.619484569619325,28.2527272727273,35.4890909090909,36.2581818181818,1.16545454545455,27.8636363636364,0.327272727272727,32.9454545454545,0.210909090909091,37.4872727272727,-0.230907500861213,4.09997911388901,0.838985777720574,0.865720579947743,0.843696720489419
128859,64333,64526,0.593957874094928,0.618383034657283,0.619499435737242,28.2309090909091,35.4781818181818,36.2909090909091,1.16727272727273,27.84,0.318181818181818,32.9545454545455,0.221818181818182,37.4981818181818,-0.23269413668366,4.07890470739115,0.838861338313905,0.865576794957208,0.843637274549098
128924,64349,64575,0.593981370566302,0.618260129216021,0.619446678743033,28.2054545454545,35.4690909090909,36.3254545454545,1.17454545454545,27.8254545454545,0.287272727272727,32.9690909090909,0.229090909090909,37.5145454545455,-0.231374155772342,4.0628417246213,0.838973763939921,0.865439819561206,0.843585765053306
128989,64368,64621,0.59379259894845,0.618084960824321,0.619506130246353,28.1709090909091,35.4490909090909,36.38,1.17272727272727,27.8109090909091,0.285454545454545,32.9727272727273,0.214545454545455,37.5436363636364,-0.227902715873312,4.04552795621143,0.838905382728798,0.865415192080833,0.843520415812884
129061,64390,64671,0.593728665682122,0.617938443778052,0.619544261432562,28.1509090909091,35.4472727272727,36.4018181818182,1.17272727272727,27.7890909090909,0.278181818181818,32.98,0.210909090909091,37.5690909090909,-0.225278545939364,4.02835255761377,0.838855518956275,0.865305703734099,0.843614205084661
129174,64430,64744,0.593571604056552,0.617662421009084,0.619487345976105,28.1381818181818,35.4327272727273,36.4290909090909,1.17090909090909,27.7818181818182,0.238181818181818,33.0036363636364,0.216363636363636,37.5890909090909,-0.219192414994309,4.00692432439801,0.838653398811062,0.865199096880131,0.843731283689359
129210,64448,64762,0.59343928278201,0.617623370926008,0.619547006961001,28.1145454545455,35.4381818181818,36.4472727272727,1.17636363636364,27.76,0.236363636363636,33.0018181818182,0.207272727272727,37.6181818181818,-0.220798668423033,3.98532343051312,0.838711763564638,0.865117233594993,0.843859124014766
129303,64489,64814,0.593268306058307,0.617538075735624,0.6195980851857,28.0745454545455,35.44,36.4854545454545,1.17818181818182,27.7581818181818,0.229090909090909,32.9927272727273,0.196363636363636,37.6454545454545,-0.216026909709696,3.96621117818762,0.838741014183019,0.865124153498871,0.843823192305776
129296,64493,64803,0.593122038588471,0.617358629324638,0.619573700194682,28.0509090909091,35.44,36.5090909090909,1.17636363636364,27.7327272727273,0.24,32.9890909090909,0.209090909090909,37.6527272727273,-0.215098473560912,3.95372920173474,0.838734767954369,0.864867638005336,0.843625498007968
129434,64529,64905,0.593120689080893,0.617341858686769,0.619689930265904,28.0254545454545,35.4309090909091,36.5436363636364,1.18,27.7090909090909,0.230909090909091,32.9909090909091,0.209090909090909,37.68,-0.210380000332159,3.95662785780362,0.838912676787336,0.864986914353159,0.843673814617643
129472,64539,64933,0.593048268949972,0.617227568295957,0.619698159724343,28.0018181818182,35.42,36.5781818181818,1.18181818181818,27.6963636363636,0.221818181818182,32.9981818181818,0.198181818181818,37.7036363636364,-0.209072025634602,3.94021012193777,0.838971495357444,0.864945331348493,0.843622626503629
129553,64566,64987,0.592774918731127,0.616927224361494,0.619744933461963,27.9927272727273,35.3963636363636,36.6109090909091,1.17818181818182,27.6981818181818,0.2,33.02,0.205454545454545,37.6981818181818,-0.203777618338989,3.93053358476609,0.838724343985451,0.865009245942059,0.843563766388558
129572,64590,64982,0.592627009652814,0.61684499948861,0.619763164986939,27.9654545454545,35.4,36.6345454545455,1.18181818181818,27.6690909090909,0.221818181818182,33.0054545454545,0.209090909090909,37.7127272727273,-0.202139772929844,3.9107287783853,0.838827124374228,0.864920390344119,0.843515807236091
129628,64608,65020,0.592438529353429,0.61660531262838,0.619856266083818,27.9454545454545,35.3854545454545,36.6690909090909,1.18,27.6545454545455,0.205454545454545,33.0272727272727,0.189090909090909,37.7436363636364,-0.201706780727148,3.89143882656301,0.838776837996096,0.864813482684205,0.843514478381595
129708,64627,65081,0.592351043751043,0.616570864741474,0.619934078345847,27.9345454545455,35.38,36.6854545454545,1.18181818181818,27.6327272727273,0.192727272727273,33.0581818181818,0.181818181818182,37.7527272727273,-0.197273374299138,3.87866048128767,0.838778963811507,0.864792640937355,0.843534717747931
129727,64637,65090,0.592238851547986,0.616392245682937,0.619982558910166,27.9272727272727,35.3672727272727,36.7054545454545,1.18181818181818,27.6272727272727,0.189090909090909,33.0527272727273,0.172727272727273,37.7763636363636,-0.195638308056567,3.86140418943356,0.838671875,0.864743985194324,0.843570437883891
129835,64670,65165,0.592363009833399,0.616325798367333,0.620026993563508,27.9072727272727,35.3636363636364,36.7290909090909,1.18181818181818,27.6090909090909,0.178181818181818,33.0618181818182,0.169090909090909,37.8,-0.193467368958095,3.84801063119349,0.838947162681608,0.864781491002571,0.843621602890946
129868,64681,65187,0.592296587873462,0.616318473212427,0.619937809631681,27.8872727272727,35.3709090909091,36.7418181818182,1.18181818181818,27.6054545454545,0.16,33.0436363636364,0.198181818181818,37.8109090909091,-0.191084122978976,3.84390536324883,0.839027252575303,0.864655083787396,0.843477830562154
129950,64696,65254,0.592176544805713,0.616189799044974,0.6199203834809,27.8763636363636,35.3709090909091,36.7527272727273,1.18181818181818,27.5945454545455,0.150909090909091,33.0636363636364,0.178181818181818,37.8309090909091,-0.189872998497131,3.83325417045165,0.838964257761544,0.864655083787396,0.843524290095973
129977,64707,65270,0.592134184912563,0.616065963446512,0.619900086181542,27.8654545454545,35.3709090909091,36.7636363636364,1.17818181818182,27.5872727272727,0.136363636363636,33.0654545454545,0.181818181818182,37.8509090909091,-0.188293245569168,3.81747676780955,0.838966462221062,0.864603680477023,0.843471810089021
130045,64731,65314,0.592186486913413,0.615829399932676,0.619875288837017,27.8563636363636,35.3581818181818,36.7854545454545,1.17090909090909,27.5854545454545,0.143636363636364,33.0490909090909,0.178181818181818,37.8727272727273,-0.185005917231849,3.80796482796696,0.83910971868677,0.8645035223942,0.843416370106762
130112,64754,65358,0.592115922267854,0.615879739181282,0.619891945311072,27.8454545454545,35.36,36.7945454545455,1.17090909090909,27.5563636363636,0.154545454545455,33.0509090909091,0.172727272727273,37.8945454545455,-0.183309974425091,3.79251498146491,0.839111981717271,0.86451048951049,0.843455057567821
130162,64763,65399,0.591974450907454,0.615788942914644,0.619910646411975,27.8436363636364,35.3563636363636,36.8,1.17090909090909,27.54,0.165454545454545,33.0527272727273,0.156363636363636,37.9145454545455,-0.18228132589826,3.77837656311352,0.838905576596578,0.864496554561349,0.843478260869565
130183,64769,65414,0.591858697954034,0.615756925722045,0.619865995153121,27.8345454545455,35.36,36.8054545454546,1.16909090909091,27.5327272727273,0.163636363636364,33.0490909090909,0.158181818181818,37.9272727272727,-0.18242394341558,3.75996955438432,0.838852962309752,0.86451048951049,0.843402657708838
130197,64783,65414,0.591715480481422,0.615709257179637,0.619878915878158,27.82,35.3654545454545,36.8145454545455,1.17090909090909,27.5236363636364,0.163636363636364,33.0345454545455,0.16,37.9472727272727,-0.181414622409714,3.74453343852338,0.838834063133129,0.864531386561102,0.843342552350849
130248,64809,65439,0.59149505572868,0.615753742352604,0.619837053515968,27.8036363636364,35.3763636363636,36.82,1.16909090909091,27.5163636363636,0.161818181818182,33.0418181818182,0.145454545454545,37.9654545454545,-0.180013723853468,3.72745720178566,0.838739210044468,0.864573161330113,0.84336575971557
130317,64829,65488,0.591413313624586,0.615518562506872,0.61979555484289,27.7963636363636,35.3690909090909,36.8345454545455,1.16545454545455,27.5109090909091,0.145454545454545,33.0436363636364,0.147272727272727,37.9872727272727,-0.173427627580664,3.72016452757472,0.838697017268446,0.864493908394592,0.843279530085394
130335,64833,65502,0.591225146582899,0.61554163670886,0.619763539742285,27.7836363636364,35.3763636363636,36.84,1.16545454545455,27.4963636363636,0.147272727272727,33.04,0.150909090909091,38,-0.17409728980856,3.70252628407695,0.83862312675872,0.864470370560724,0.843253380712664
130414,64852,65562,0.591224049767329,0.61545588183637,0.619752578825941,27.7745454545455,35.3727272727273,36.8527272727273,1.16181818181818,27.48,0.156363636363636,33.0381818181818,0.147272727272727,38.0163636363636,-0.168630571899914,3.70015374621884,0.838701230688662,0.864405037265484,0.843208841087375
130466,64870,65596,0.591170577889192,0.615384499700828,0.619738732154987,27.7636363636364,35.3709090909091,36.8654545454545,1.15636363636364,27.4709090909091,0.156363636363636,33.0272727272727,0.150909090909091,38.0381818181818,-0.164592652782713,3.69231773123822,0.838703339882122,0.86439806723553,0.843213651607812
130508,64880,65628,0.59111727316576,0.615449247981973,0.619580845488232,27.7563636363636,35.38,36.8636363636364,1.15818181818182,27.4618181818182,0.150909090909091,33.0218181818182,0.145454545454545,38.0618181818182,-0.165295503164684,3.68444587274201,0.838792086990698,0.864432910221491,0.843107274969174
130575,64902,65673,0.591062467608448,0.615539742876444,0.619614628240266,27.7436363636364,35.3927272727273,36.8636363636364,1.15272727272727,27.4563636363636,0.152727272727273,33.0090909090909,0.152727272727273,38.0763636363636,-0.163291384032081,3.67802244913341,0.838849203748607,0.864481660330833,0.843156596794081
130566,64902,65664,0.590937440907639,0.615698278063488,0.619550234131148,27.7345454545455,35.4,36.8654545454545,1.15090909090909,27.4472727272727,0.138181818181818,33.0127272727273,0.154545454545455,38.0963636363636,-0.167940875738648,3.65902144899592,0.838796381277042,0.864612223934258,0.843164332215427
130662,64921,65741,0.590831410780795,0.615813621266762,0.619484676402372,27.7272727272727,35.4054545454545,36.8672727272727,1.15090909090909,27.4418181818182,0.138181818181818,33.0090909090909,0.134545454545455,38.1254545454546,-0.163859448866622,3.65020608845252,0.838754098360656,0.864684434858522,0.843172066873798
130711,64932,65779,0.590729817719417,0.615829648484816,0.619617062445254,27.7309090909091,35.3945454545455,36.8745454545455,1.15272727272727,27.4327272727273,0.149090909090909,32.9854545454545,0.136363636363636,38.1436363636364,-0.160935089376819,3.64334151483226,0.838578547075793,0.864745466687214,0.84325230511316
130756,64942,65814,0.590680609618973,0.615832111810147,0.619707229412093,27.7163636363636,35.3981818181818,36.8854545454545,1.15272727272727,27.4381818181818,0.138181818181818,32.9636363636364,0.136363636363636,38.1709090909091,-0.160684733248358,3.63595689559694,0.83862503279979,0.864810724741897,0.843298664169172
130795,64954,65841,0.590744149230393,0.61550822653713,0.619827129744341,27.7127272727273,35.3854545454545,36.9018181818182,1.15090909090909,27.44,0.138181818181818,32.9472727272727,0.134545454545455,38.1890909090909,-0.157904069348429,3.62307801223783,0.838800682325154,0.864607953961566,0.8433188805676
130795,64950,65845,0.59074270431241,0.615621926142194,0.619781952835935,27.7127272727273,35.3836363636364,36.9036363636364,1.14727272727273,27.4381818181818,0.132727272727273,32.9381818181818,0.132727272727273,38.2109090909091,-0.159443756619426,3.6114457634193,0.838800682325154,0.86465238168645,0.843326599990146
130812,64950,65862,0.590577297614495,0.615558295242337,0.61980086394429,27.7163636363636,35.38,36.9036363636364,1.14727272727273,27.4418181818182,0.132727272727273,32.9127272727273,0.130909090909091,38.2345454545455,-0.158728356835094,3.60073189786212,0.838559433219627,0.864689860732823,0.843375868354929
130837,64958,65879,0.590513623578798,0.615555895678717,0.619818199737126,27.7109090909091,35.38,36.9090909090909,1.14909090909091,27.44,0.129090909090909,32.9090909090909,0.127272727272727,38.2454545454545,-0.157272779661633,3.58578203210438,0.838593268158257,0.864741250835089,0.843349753694581
130862,64967,65895,0.590573706369899,0.615426471985055,0.619881206048031,27.7072727272727,35.3709090909091,36.9218181818182,1.14545454545455,27.4345454545455,0.130909090909091,32.9,0.127272727272727,38.2618181818182,-0.156747259555744,3.57632291620936,0.838768948093707,0.864706487097769,0.843305264194613
130881,64966,65915,0.590532758590309,0.615457454669002,0.619840529648749,27.7109090909091,35.3690909090909,36.92,1.14545454545455,27.4309090909091,0.130909090909091,32.8781818181818,0.127272727272727,38.2872727272727,-0.155033303994622,3.56776933550665,0.838658880650876,0.864750938158639,0.84324830099478
130938,64982,65956,0.590512014054133,0.615353400705196,0.619816766501904,27.7,35.3763636363636,36.9236363636364,1.14727272727273,27.4254545454545,0.121818181818182,32.8745454545455,0.114545454545455,38.3163636363636,-0.152509578478798,3.55723935579034,0.838726616343945,0.864727347484196,0.843214496750049
130977,64986,65991,0.59035917206392,0.615540641895753,0.619801652204434,27.6927272727273,35.3890909090909,36.9181818181818,1.14909090909091,27.42,0.127272727272727,32.8527272727273,0.121818181818182,38.3290909090909,-0.15262181224746,3.55008055851371,0.838618606788786,0.864724619810933,0.843289830091111
131008,64992,66016,0.590409420880185,0.615490256040804,0.619792273761391,27.6945454545455,35.3854545454545,36.92,1.14909090909091,27.4163636363636,0.12,32.8381818181818,0.12,38.3563636363636,-0.151677489580206,3.54164780901576,0.838629201680672,0.864762100503545,0.84324830099478
131078,65002,66076,0.590376824283068,0.615571639550279,0.61984071954198,27.6872727272727,35.3927272727273,36.92,1.14909090909091,27.4145454545455,0.125454545454545,32.8036363636364,0.112727272727273,38.3945454545455,-0.150790807056579,3.5323143128221,0.838652482269504,0.864789890064728,0.8432975475229
131084,65002,66082,0.590240571984187,0.615622876749147,0.619766902018089,27.6818181818182,35.3927272727273,36.9254545454545,1.14909090909091,27.4163636363636,0.118181818181818,32.7872727272727,0.114545454545455,38.4145454545455,-0.152815987735415,3.51888959441673,0.838620689655172,0.864841261687044,0.843271456004727
131107,65000,66107,0.59023124646013,0.61556362388623,0.619842855750206,27.6763636363636,35.3836363636364,36.94,1.14909090909091,27.4109090909091,0.12,32.7763636363636,0.110909090909091,38.4327272727273,-0.152508794854988,3.51162672724405,0.838720273288661,0.864806536149222,0.843234729536841
131108,65001,66107,0.590316336101622,0.615392864404048,0.61980592953347,27.6818181818182,35.3818181818182,36.9363636363636,1.14909090909091,27.4109090909091,0.112727272727273,32.7636363636364,0.121818181818182,38.4418181818182,-0.152144080980427,3.49212343303317,0.838752052545156,0.864799588900308,0.843170071375831
131129,65001,66128,0.59029947680564,0.615422249223014,0.619812007978186,27.6854545454545,35.3781818181818,36.9363636363636,1.14727272727273,27.4090909090909,0.118181818181818,32.7490909090909,0.121818181818182,38.4545454545455,-0.152017877270489,3.48535120444034,0.838641886123334,0.864888477746942,0.843170071375831
131164,64999,66165,0.590243390500559,0.615508790382469,0.619803297819318,27.6818181818182,35.3909090909091,36.9272727272727,1.14909090909091,27.4054545454545,0.116363636363636,32.7290909090909,0.114545454545455,38.4854545454545,-0.152692308205984,3.47889038219371,0.838620689655172,0.864834318006679,0.843180699162974
131195,65003,66192,0.590256490636651,0.615551757802092,0.619732747970812,27.6818181818182,35.4036363636364,36.9145454545455,1.14727272727273,27.4054545454545,0.110909090909091,32.72,0.116363636363636,38.5,-0.152405758074548,3.47412847770717,0.838686371100164,0.864728841413311,0.843225139141999
131214,65003,66211,0.590172701357836,0.615534381525252,0.619675819781106,27.6854545454545,35.3963636363636,36.9181818181818,1.14727272727273,27.4072727272727,0.1,32.7072727272727,0.110909090909091,38.5272727272727,-0.152361954482463,3.46601025099781,0.838576213305313,0.864803780562975,0.843142083230731
131255,65017,66238,0.590081938323417,0.615582113274772,0.619713912015722,27.68,35.4018181818182,36.9181818181818,1.14727272727273,27.4018181818182,0.1,32.7,0.105454545454545,38.5454545454545,-0.152713167089546,3.46067378566685,0.838544403573305,0.864927327820862,0.843142083230731
131272,65021,66251,0.59011369366046,0.61546811063072,0.619733978926709,27.68,35.4018181818182,36.9181818181818,1.14727272727273,27.4018181818182,0.0927272727272727,32.6909090909091,0.105454545454545,38.5618181818182,-0.152084613039518,3.45357517285103,0.838544403573305,0.864824610959889,0.843240581137651
131307,65033,66274,0.590180945362118,0.615333689339991,0.619640918942873,27.6818181818182,35.3945454545455,36.9236363636364,1.14181818181818,27.4072727272727,0.0872727272727273,32.6727272727273,0.107272727272727,38.5836363636364,-0.148206308977784,3.44452679806643,0.838620689655172,0.86484820465403,0.843165255071893
131315,65029,66286,0.590090492144387,0.615285493884103,0.619646157051638,27.6745454545455,35.3981818181818,36.9272727272727,1.14181818181818,27.4018181818182,0.0890909090909091,32.6618181818182,0.107272727272727,38.5981818181818,-0.149381881500912,3.44036067432978,0.838643978713619,0.864759361035492,0.843131462333826
131348,65035,66313,0.590097229238794,0.61508767518378,0.619625430102203,27.6745454545455,35.3981818181818,36.9272727272727,1.13818181818182,27.4,0.0854545454545454,32.6472727272727,0.112727272727273,38.6163636363636,-0.147452137663177,3.43431434064934,0.838643978713619,0.864656633622682,0.843082225504677
131347,65033,66314,0.590288882868594,0.615043377025296,0.619654528832491,27.6836363636364,35.3872727272727,36.9290909090909,1.14,27.3981818181818,0.0836363636363636,32.6418181818182,0.112727272727273,38.6236363636364,-0.149785536277341,3.42568448196927,0.83876264284776,0.864717669424035,0.843089951257939
131341,65029,66312,0.590219893565029,0.615043337382016,0.619786346425895,27.6890909090909,35.38,36.9309090909091,1.14,27.3909090909091,0.0909090909090909,32.6418181818182,0.101818181818182,38.6345454545455,-0.150770777426343,3.41392415473238,0.838663077024099,0.864741250835089,0.843196140212682
131343,65025,66318,0.590046279245702,0.615065350771867,0.619755051820133,27.6836363636364,35.3890909090909,36.9272727272727,1.14,27.3818181818182,0.0909090909090909,32.6381818181818,0.103636363636364,38.6454545454545,-0.151503136755094,3.40351617531004,0.838565611454092,0.864673242909988,0.843180699162974
131359,65029,66330,0.590016611877123,0.615068921688776,0.619729712311104,27.68,35.3909090909091,36.9290909090909,1.13818181818182,27.3781818181818,0.0927272727272727,32.62,0.109090909090909,38.6618181818182,-0.151536175185836,3.39374504429712,0.838610089332633,0.864731569483689,0.843139185662941
131362,65035,66327,0.589941957183642,0.615075425650631,0.619715027534056,27.6763636363636,35.3927272727273,36.9309090909091,1.13818181818182,27.3727272727273,0.0927272727272727,32.6145454545455,0.109090909090909,38.6727272727273,-0.150149358642838,3.38143559765409,0.838588884509263,0.864738518442412,0.843146908231587
131380,65033,66347,0.589943463548176,0.615069653255348,0.619656125636641,27.6763636363636,35.3927272727273,36.9309090909091,1.13636363636364,27.3709090909091,0.0890909090909091,32.6054545454545,0.114545454545455,38.6836363636364,-0.150478225222006,3.37704173153774,0.838588884509263,0.864635775197781,0.843146908231587
131429,65035,66394,0.589941738032551,0.6150991641463,0.619661004168789,27.6836363636364,35.3890909090909,36.9272727272727,1.13454545454545,27.3709090909091,0.0872727272727273,32.6090909090909,0.103636363636364,38.6945454545455,-0.151264026918745,3.37330653730103,0.838499934322869,0.864724619810933,0.843180699162974
131431,65029,66402,0.589934393636262,0.615007898885886,0.61968615157426,27.6890909090909,35.38,36.9309090909091,1.13454545454545,27.3745454545455,0.0781818181818182,32.6072727272727,0.103636363636364,38.7018181818182,-0.151488370696527,3.36356984663077,0.838466084444153,0.864741250835089,0.843097676250492
131408,65031,66377,0.589929327132056,0.614856549980873,0.61968154025214,27.6909090909091,35.3745454545455,36.9345454545455,1.13454545454545,27.3745454545455,0.0781818181818182,32.5963636363636,0.109090909090909,38.7072727272727,-0.15079030233266,3.34876798426902,0.838476690741957,0.864720394736842,0.843063896819927
131427,65033,66394,0.589946609822373,0.614937998853888,0.61972391786111,27.6836363636364,35.3854545454545,36.9309090909091,1.13272727272727,27.38,0.0709090909090909,32.5927272727273,0.109090909090909,38.7145454545455,-0.152335555564654,3.33929402667352,0.838565611454092,0.864659336142226,0.843146908231587
131439,65037,66402,0.589945781866473,0.614995025476601,0.619578933243885,27.68,35.3909090909091,36.9290909090909,1.13272727272727,27.38,0.0709090909090909,32.5890909090909,0.107272727272727,38.72,-0.14979925372278,3.32938944855705,0.838544403573305,0.864628820960699,0.843089951257939
131479,65047,66432,0.58989834511184,0.615034408446187,0.61972333167793,27.6818181818182,35.3909090909091,36.9272727272727,1.12727272727273,27.3836363636364,0.08,32.58,0.103636363636364,38.7254545454545,-0.150153115042485,3.32287614443763,0.838489326765189,0.864731569483689,0.843229935992122
131500,65043,66457,0.589950281618972,0.615064305558788,0.619872398432921,27.6890909090909,35.3818181818182,36.9290909090909,1.12909090909091,27.3818181818182,0.08,32.58,0.0927272727272727,38.7363636363636,-0.15200906844852,3.31788856641982,0.838466084444153,0.864799588900308,0.843286888877948
131515,65047,66468,0.58989502736744,0.614974898511723,0.619822648931849,27.6890909090909,35.3836363636364,36.9272727272727,1.12727272727273,27.3872727272727,0.08,32.5727272727273,0.0854545454545454,38.7472727272727,-0.150429126163098,3.31096642604098,0.838466084444153,0.864806536149222,0.843229935992122
131526,65051,66475,0.589864520845374,0.614962235542401,0.619794552078441,27.6872727272727,35.3854545454545,36.9272727272727,1.12909090909091,27.3927272727273,0.0727272727272727,32.5690909090909,0.0927272727272727,38.7436363636364,-0.14988665877979,3.30374663297764,0.838455476753349,0.864813482684205,0.843229935992122
131519,65045,66474,0.589890573779081,0.614938445310855,0.619736500102775,27.6927272727273,35.3818181818182,36.9254545454545,1.12909090909091,27.3909090909091,0.0727272727272727,32.5745454545455,0.0872727272727273,38.7454545454545,-0.151106729267419,3.29551180664619,0.83842164007616,0.864799588900308,0.843222216751194
131534,65051,66483,0.590069468264037,0.614907078052832,0.619645213681624,27.6872727272727,35.3763636363636,36.9363636363636,1.13272727272727,27.3890909090909,0.0781818181818182,32.5636363636364,0.0872727272727273,38.7490909090909,-0.149321205628803,3.28872566790405,0.838652482269504,0.86477874286889,0.843071621954221
131496,65037,66459,0.589923172263831,0.614963405793469,0.619661560725043,27.6872727272727,35.3709090909091,36.9418181818182,1.13090909090909,27.3963636363636,0.0690909090909091,32.5581818181818,0.0945454545454545,38.7509090909091,-0.152834098821569,3.27789829253981,0.838521145258734,0.864809293718515,0.843094792794566
131510,65031,66479,0.589847908983851,0.614982648444502,0.619808905567323,27.6927272727273,35.36,36.9472727272727,1.12909090909091,27.3981818181818,0.0709090909090909,32.5545454545455,0.0872727272727273,38.76,-0.154771385957296,3.27457058547403,0.838355984505285,0.864921842863019,0.843117956793465
131532,65037,66495,0.589930143660016,0.615086271003213,0.619836027487793,27.6909090909091,35.3690909090909,36.94,1.13090909090909,27.3945454545455,0.0763636363636364,32.5527272727273,0.0854545454545454,38.76,-0.155100342586891,3.27026995295151,0.838476690741957,0.864853750064257,0.843234729536841
131537,65037,66500,0.589904746692101,0.615084006113042,0.619790489177899,27.6854545454545,35.38,36.9345454545455,1.13090909090909,27.3963636363636,0.0727272727272727,32.5545454545455,0.0854545454545454,38.76,-0.154863275656879,3.26401460848918,0.838510540487292,0.864792640937355,0.843211578221916
131536,65047,66489,0.58980674311948,0.615020396794282,0.619756103197196,27.6836363636364,35.3909090909091,36.9254545454545,1.13272727272727,27.3890909090909,0.0781818181818182,32.5527272727273,0.0854545454545454,38.7618181818182,-0.15377014637766,3.25314958299595,0.838499934322869,0.864731569483689,0.843222216751194
131555,65053,66502,0.589978892350661,0.615076665506591,0.619743831653681,27.6781818181818,35.3963636363636,36.9254545454545,1.13454545454545,27.3836363636364,0.08,32.5472727272727,0.0945454545454545,38.76,-0.154155958264495,3.24777188731188,0.838730867765881,0.864752414218204,0.843172977497661
131565,65057,66508,0.589879251472645,0.615055528872855,0.619606109730888,27.6854545454545,35.3945454545455,36.92,1.13454545454545,27.3836363636364,0.0763636363636364,32.5527272727273,0.0818181818181818,38.7709090909091,-0.151497825745768,3.23636066924611,0.838576213305313,0.864796835670622,0.84314980793854
131522,65033,66489,0.589747732361386,0.615107593664621,0.619638906118154,27.6945454545455,35.3872727272727,36.9181818181818,1.13454545454545,27.3854545454545,0.0727272727272727,32.5527272727273,0.0818181818181818,38.7727272727273,-0.155733533833303,3.2237553332763,0.838366596638655,0.864820428505369,0.843142083230731
131523,65035,66488,0.589750889317768,0.615099970013769,0.619675014362722,27.6872727272727,35.3854545454545,36.9272727272727,1.13272727272727,27.3854545454545,0.0727272727272727,32.5490909090909,0.0836363636363636,38.7763636363636,-0.157422660277437,3.21601728382944,0.838455476753349,0.864813482684205,0.843131462333826
131496,65031,66465,0.589740155172615,0.614994703580862,0.619595116956452,27.6945454545455,35.3818181818182,36.9236363636364,1.13272727272727,27.3854545454545,0.0690909090909091,32.5472727272727,0.0854545454545454,38.78,-0.158420001306381,3.20224920791489,0.838366596638655,0.864799588900308,0.843116013393736
131522,65041,66481,0.589932050289999,0.614848008714682,0.619576832600905,27.7,35.3727272727273,36.9272727272727,1.13272727272727,27.3818181818182,0.0709090909090909,32.5490909090909,0.0836363636363636,38.7818181818182,-0.156823879798387,3.19764802554114,0.838595339678372,0.864764841942945,0.843082225504677
131555,65043,66512,0.589977812394129,0.614833566823067,0.619650166276902,27.7018181818182,35.3727272727273,36.9254545454545,1.13272727272727,27.3745454545455,0.0709090909090909,32.5472727272727,0.0909090909090909,38.7836363636364,-0.156354045500682,3.19163497312164,0.838605933315831,0.864764841942945,0.843074498990595
131555,65039,66516,0.589880035617305,0.614930985166502,0.619809135501436,27.6963636363636,35.3836363636364,36.92,1.13090909090909,27.3654545454545,0.0763636363636364,32.5490909090909,0.0963636363636364,38.7818181818182,-0.15722956611161,3.18364563228732,0.838574148230815,0.864703766507374,0.84324830099478
131604,65051,66553,0.58987801410659,0.614949241037894,0.619771433643337,27.7018181818182,35.3763636363636,36.9218181818182,1.12909090909091,27.3654545454545,0.0763636363636364,32.5545454545455,0.0909090909090909,38.7836363636364,-0.154388194968289,3.17544536024163,0.838605933315831,0.86477874286889,0.843206775988575
131643,65063,66580,0.589917976959706,0.614872931202241,0.619798530576849,27.7036363636364,35.3781818181818,36.9181818181818,1.12909090909091,27.3636363636364,0.0727272727272727,32.5690909090909,0.0909090909090909,38.7745454545455,-0.152980976041131,3.17123974889348,0.838616525562775,0.864785692260253,0.843289830091111
131582,65037,66545,0.589879393676914,0.614856373308614,0.619863769041205,27.7090909090909,35.3672727272727,36.9236363636364,1.12909090909091,27.36,0.0690909090909091,32.5763636363636,0.0890909090909091,38.7763636363636,-0.159519023823933,3.16229151086035,0.838517060367454,0.864795393789842,0.843263738428206
131548,65027,66521,0.589755350742746,0.614857653224001,0.619754783943831,27.7109090909091,35.3672727272727,36.9218181818182,1.12909090909091,27.3581818181818,0.0618181818181818,32.5872727272727,0.0872727272727273,38.7763636363636,-0.160181518421847,3.15221837989309,0.838396430680402,0.864743985194324,0.843206775988575
131591,65037,66554,0.589826434234203,0.615040317744594,0.619751765432567,27.6981818181818,35.38,36.9218181818182,1.12909090909091,27.3563636363636,0.0654545454545455,32.5818181818182,0.0872727272727273,38.78,-0.160032118679109,3.14760522810234,0.838584744650125,0.864792640937355,0.843206775988575
131594,65041,66553,0.589824468301878,0.615149413221747,0.619711706796495,27.6945454545455,35.3854545454545,36.92,1.13090909090909,27.3436363636364,0.0709090909090909,32.5963636363636,0.0854545454545454,38.7727272727273,-0.159687275936912,3.13535896399143,0.838629201680672,0.864864864864865,0.84319905446666
131606,65039,66567,0.589736119500402,0.615125271885216,0.619704203005195,27.7,35.38,36.92,1.12909090909091,27.3345454545455,0.0763636363636364,32.6,0.0872727272727273,38.7727272727273,-0.159230566296769,3.12646625941958,0.838529701345586,0.864895421141888,0.84314980793854
131610,65029,66581,0.589789170987222,0.614991791052802,0.619833743149572,27.7036363636364,35.38,36.9163636363636,1.12363636363636,27.3327272727273,0.0709090909090909,32.62,0.0818181818181818,38.7709090909091,-0.158979197263464,3.12092189402743,0.838485266128503,0.864792640937355,0.843183609141056
131644,65043,66601,0.589974660485246,0.615013724992155,0.619806113628559,27.7036363636364,35.3818181818182,36.9145454545455,1.12363636363636,27.3272727272727,0.0690909090909091,32.6272727272727,0.0781818181818182,38.7745454545455,-0.157991811991881,3.11538481386378,0.838682155279911,0.864902363823227,0.843175885337142
131661,65039,66622,0.589966509314861,0.615125474420372,0.619667680778244,27.7036363636364,35.3909090909091,36.9054545454546,1.12363636363636,27.3218181818182,0.0672727272727273,32.6309090909091,0.08,38.7763636363636,-0.160004386439687,3.11016170345247,0.838682155279911,0.864885692268174,0.843137254901961
131693,65047,66646,0.589785824690339,0.615142356615202,0.619606319676915,27.7,35.4036363636364,36.8963636363636,1.12181818181818,27.32,0.06,32.6363636363636,0.0781818181818182,38.7836363636364,-0.160184455303666,3.10275797156871,0.838529701345586,0.864882908792112,0.843197161582812
131647,65025,66622,0.589742361859452,0.615119791587282,0.619714648874701,27.7,35.3854545454545,36.9145454545455,1.12363636363636,27.3109090909091,0.0618181818181818,32.64,0.08,38.7836363636364,-0.164703302269547,3.08892619400709,0.838529701345586,0.864864864864865,0.843126631532286
131692,65031,66661,0.58986475591884,0.615099204875269,0.619711361139455,27.7054545454545,35.3836363636364,36.9109090909091,1.12363636363636,27.3054545454545,0.06,32.6345454545455,0.0818181818181818,38.7945454545455,-0.165473004635847,3.08000371197069,0.838627116419478,0.864909305791069,0.843209694103739
131683,65027,66656,0.58967591598301,0.615188371422145,0.61976247682131,27.6981818181818,35.3890909090909,36.9127272727273,1.12363636363636,27.3054545454545,0.0581818181818182,32.6345454545455,0.0854545454545454,38.7927272727273,-0.165910639492689,3.07235747974112,0.838519102008665,0.864878750513769,0.843315929465077
131664,65020,66644,0.589566908631364,0.615166916721904,0.619737912975537,27.6981818181818,35.3945454545455,36.9072727272727,1.12181818181818,27.3,0.0581818181818182,32.6327272727273,0.0854545454545454,38.8018181818182,-0.166478573990753,3.0625420099082,0.838387816725745,0.86484820465403,0.843342036553525
131682,65018,66664,0.589750462756395,0.615109721939272,0.619807290518363,27.6909090909091,35.3945454545455,36.9145454545455,1.12363636363636,27.2927272727273,0.0581818181818182,32.6254545454545,0.0872727272727273,38.8127272727273,-0.167583068434297,3.05436512286013,0.838673670387393,0.864796835670622,0.843225139141999
131698,65014,66684,0.589850369158689,0.615076194645848,0.619829896107482,27.6945454545455,35.3945454545455,36.9109090909091,1.12545454545455,27.2890909090909,0.0545454545454545,32.6181818181818,0.0836363636363636,38.8290909090909,-0.16939653919597,3.05130106712353,0.838760504201681,0.864796835670622,0.84316043544653
131711,65016,66695,0.589799046229828,0.614856230936049,0.619863743969439,27.7,35.3872727272727,36.9127272727273,1.12545454545455,27.2872727272727,0.0581818181818182,32.6018181818182,0.0818181818181818,38.8454545454545,-0.167646946525201,3.04053695329719,0.838660978011158,0.864717669424035,0.843168160772338
131727,65020,66707,0.589728270954301,0.615074923898488,0.619798957354603,27.6945454545455,35.3872727272727,36.9181818181818,1.12727272727273,27.2872727272727,0.0509090909090909,32.5909090909091,0.0927272727272727,38.8509090909091,-0.168628702554534,3.02910699941303,0.838694852941177,0.864871808046036,0.843142083230731
131662,65004,66658,0.589833989541835,0.614923842548864,0.619649468159935,27.7018181818182,35.3763636363636,36.9218181818182,1.12727272727273,27.2836363636364,0.0545454545454545,32.5763636363636,0.0927272727272727,38.8654545454545,-0.170039848923493,3.01819738649594,0.838671567340509,0.86477874286889,0.843059043679519
131701,65009,66692,0.589772812918947,0.614745471404517,0.619697305652057,27.7072727272727,35.3690909090909,36.9236363636364,1.12909090909091,27.2781818181818,0.0545454545454545,32.5745454545455,0.0909090909090909,38.8727272727273,-0.167413617497501,3.01532020278021,0.838572084782466,0.864699532205829,0.84306677171558
131709,65009,66700,0.589688851052215,0.614826832625126,0.619797677326957,27.7072727272727,35.3672727272727,36.9254545454545,1.12727272727273,27.2763636363636,0.0509090909090909,32.5618181818182,0.0890909090909091,38.8945454545455,-0.168827313824493,3.00753586212258,0.838506463678719,0.864795393789842,0.843123738244128
131734,65015,66719,0.589795993429908,0.61483703547405,0.619706854775842,27.7072727272727,35.3818181818182,36.9109090909091,1.12727272727273,27.2763636363636,0.06,32.5290909090909,0.0963636363636364,38.9109090909091,-0.169447808626997,3.00041481894864,0.838637705886213,0.86469681397739,0.84316043544653
131791,65031,66760,0.589651138595206,0.61476716893876,0.619663251691373,27.7,35.3818181818182,36.9181818181818,1.12727272727273,27.2727272727273,0.06,32.5181818181818,0.0909090909090909,38.9309090909091,-0.16436049676532,2.99659961499697,0.838595339678372,0.864748201438849,0.843043585323812
131825,65029,66796,0.589749656444854,0.614844234148514,0.619821490225296,27.7018181818182,35.3672727272727,36.9309090909091,1.12909090909091,27.2727272727273,0.0509090909090909,32.5,0.0963636363636364,38.9509090909091,-0.167246184067335,2.9954575679265,0.838605933315831,0.864949619576393,0.843097676250492
131871,65037,66834,0.589699390216422,0.614777464465547,0.619874725422809,27.7018181818182,35.3672727272727,36.9309090909091,1.12909090909091,27.2727272727273,0.0418181818181818,32.4945454545455,0.0945454545454545,38.9672727272727,-0.164883622213859,2.98828306904655,0.838605933315831,0.864898210980876,0.843097676250492
131888,65039,66849,0.589730966638676,0.61475996790584,0.619919079301702,27.7036363636364,35.3690909090909,36.9272727272727,1.13090909090909,27.2690909090909,0.0436363636363636,32.4745454545455,0.0963636363636364,38.9854545454545,-0.166344083753541,2.98628119855527,0.838616525562775,0.864853750064257,0.843229935992122
131875,65027,66848,0.589753115261554,0.614625743246813,0.619835502546382,27.7036363636364,35.3690909090909,36.9272727272727,1.13272727272727,27.2672727272727,0.0490909090909091,32.4581818181818,0.0909090909090909,39.0018181818182,-0.166601486557523,2.97128064987588,0.838616525562775,0.864750938158639,0.843131462333826
131875,65031,66844,0.589802989098563,0.614808294026895,0.619844406344847,27.6927272727273,35.3836363636364,36.9236363636364,1.13272727272727,27.2618181818182,0.0490909090909091,32.4436363636364,0.0981818181818182,39.0145454545455,-0.168735187092203,2.96461234993979,0.838815573501412,0.864755151328298,0.843165255071893
131866,65019,66847,0.589817616706925,0.614544223656321,0.61997816213542,27.7072727272727,35.3581818181818,36.9345454545455,1.13454545454545,27.2618181818182,0.0418181818181818,32.4418181818182,0.0854545454545454,39.0345454545455,-0.171185634360352,2.95545125095682,0.838768948093707,0.864709209646732,0.84316235108792
131876,65027,66849,0.58976942856847,0.614473819917932,0.619836615174152,27.7090909090909,35.3636363636364,36.9272727272727,1.13454545454545,27.2545454545455,0.0436363636363636,32.4254545454545,0.0963636363636364,39.0454545454545,-0.168086620321264,2.94687713750384,0.838713910761155,0.864678663239074,0.843082225504677
131872,65025,66847,0.589691017900104,0.614565757881678,0.619758128499641,27.7054545454545,35.3745454545455,36.92,1.13454545454545,27.2527272727273,0.0418181818181818,32.4018181818182,0.0945454545454545,39.0745454545455,-0.169946782406822,2.9322317216249,0.838692741829636,0.864668996710526,0.84310056141042
131859,65025,66834,0.589677692562213,0.614519927805141,0.619714685453387,27.7054545454545,35.3727272727273,36.9218181818182,1.13454545454545,27.2545454545455,0.0490909090909091,32.3781818181818,0.0872727272727273,39.0963636363636,-0.171064768772869,2.92062727311965,0.838627116419478,0.864713441274737,0.843059043679519
131923,65025,66898,0.589668745312116,0.614577190247781,0.619854445108098,27.7109090909091,35.3636363636364,36.9254545454545,1.13272727272727,27.2545454545455,0.0381818181818182,32.3745454545455,0.0854545454545454,39.1145454545455,-0.171757831883257,2.92099436651492,0.838593268158257,0.864832904884319,0.843074498990595
131912,65016,66896,0.58959694512132,0.61458663457952,0.619886719553704,27.7181818181818,35.3545454545455,36.9272727272727,1.12909090909091,27.2545454545455,0.0436363636363636,32.36,0.0854545454545454,39.1272727272727,-0.173897966734578,2.90943941938776,0.838373237126927,0.864901002828491,0.843180699162974
131905,65014,66891,0.589588531280345,0.614707788391961,0.619835179650156,27.7072727272727,35.3690909090909,36.9236363636364,1.12909090909091,27.2454545454545,0.0418181818181818,32.3418181818182,0.0945454545454545,39.1472727272727,-0.176498982756377,2.89751055529764,0.838440842574972,0.864905156017067,0.843165255071893
131920,65012,66908,0.589489562001708,0.614541144953822,0.6198445336239,27.7072727272727,35.3636363636364,36.9290909090909,1.12545454545455,27.24,0.0472727272727273,32.3254545454545,0.0854545454545454,39.1763636363636,-0.176319967895027,2.88861682140692,0.838440842574972,0.864832904884319,0.843089951257939
131992,65032,66960,0.58956714053978,0.614589642759797,0.619775975825406,27.7018181818182,35.3818181818182,36.9163636363636,1.12545454545455,27.2363636363636,0.04,32.3109090909091,0.0854545454545454,39.2018181818182,-0.174029527475465,2.88251482894305,0.838605933315831,0.864850976361768,0.843134357762017
132016,65023,66993,0.589562141173129,0.614674115526401,0.619855540686597,27.7,35.38,36.92,1.12181818181818,27.2345454545455,0.0472727272727273,32.2981818181818,0.0727272727272727,39.2254545454545,-0.17912256108671,2.87460554281927,0.838595339678372,0.864895421141888,0.84314980793854
132061,65039,67022,0.589533950857499,0.614560591369142,0.619847772377284,27.6981818181818,35.38,36.9218181818182,1.12181818181818,27.2327272727273,0.0436363636363636,32.2927272727273,0.0727272727272727,39.2363636363636,-0.171711933714422,2.86848973970522,0.838584744650125,0.864792640937355,0.843157531885557
132087,65041,67046,0.589590589696198,0.614638629368644,0.619882315525798,27.6981818181818,35.3763636363636,36.9254545454545,1.11818181818182,27.2309090909091,0.0490909090909091,32.2763636363636,0.0763636363636364,39.2490909090909,-0.173707642436387,2.86262927488847,0.838716029933045,0.864830138253585,0.843222216751194
132077,65033,67044,0.589616455080709,0.614570698343446,0.619829180167055,27.7090909090909,35.3581818181818,36.9327272727273,1.11454545454545,27.2327272727273,0.0472727272727273,32.2654545454545,0.0727272727272727,39.2672727272727,-0.17573794274411,2.84816403096457,0.838648293963255,0.864914896899265,0.843154630039876
132055,65013,67042,0.589477043732797,0.614576237341581,0.619921906474045,27.7072727272727,35.3563636363636,36.9363636363636,1.11090909090909,27.2309090909091,0.04,32.2581818181818,0.0818181818181818,39.2781818181818,-0.179430947879287,2.84010543153113,0.838506463678719,0.864856525763653,0.843170071375831
132095,65019,67076,0.589519111723832,0.614435696963937,0.619842015775004,27.7127272727273,35.3618181818182,36.9254545454545,1.11090909090909,27.2236363636364,0.0418181818181818,32.2436363636364,0.0763636363636364,39.3036363636364,-0.175451413032451,2.83158221794292,0.838472641385645,0.864825955061957,0.843074498990595
132075,65021,67054,0.589369580839796,0.614321444461185,0.619876505450794,27.7054545454545,35.3690909090909,36.9254545454545,1.11090909090909,27.2127272727273,0.0454545454545455,32.2309090909091,0.0763636363636364,39.3236363636364,-0.177253753599309,2.81963470993056,0.838430240189001,0.864750938158639,0.843123738244128
132038,65017,67021,0.58941486390806,0.614323537197437,0.61990776625893,27.6981818181818,35.3709090909091,36.9309090909091,1.11090909090909,27.2127272727273,0.0454545454545455,32.2127272727273,0.0872727272727273,39.3309090909091,-0.180979252453174,2.80355053133839,0.838584744650125,0.864757890408142,0.843097676250492
132049,65011,67038,0.589383943580023,0.614277365303143,0.619868459188885,27.7036363636364,35.3672727272727,36.9290909090909,1.10727272727273,27.2163636363636,0.0418181818181818,32.2127272727273,0.0818181818181818,39.34,-0.180660914566199,2.79495735529133,0.838550895845639,0.864692576598807,0.843089951257939
132111,65019,67092,0.589616728041705,0.614379484539651,0.61979689808247,27.7036363636364,35.3690909090909,36.9272727272727,1.10727272727273,27.2163636363636,0.0345454545454545,32.2036363636364,0.0909090909090909,39.3472727272727,-0.180037692289228,2.78933394397186,0.838747784997047,0.864802344111448,0.843082225504677
132153,65027,67126,0.58959623296319,0.614547254015431,0.619803544443886,27.7,35.3781818181818,36.9218181818182,1.10545454545455,27.2145454545455,0.0363636363636364,32.1890909090909,0.0963636363636364,39.3581818181818,-0.18114650917176,2.78492592778904,0.838726616343945,0.864837085003597,0.843157531885557
132130,65019,67111,0.589560177124705,0.614484321734551,0.619842683713458,27.7036363636364,35.3836363636364,36.9127272727273,1.10363636363636,27.2090909090909,0.04,32.1818181818182,0.0963636363636364,39.3690909090909,-0.181351984257873,2.77494684848511,0.838682155279911,0.864755151328298,0.843168160772338
132130,65029,67101,0.589344291309076,0.61452643350887,0.619853171920563,27.7036363636364,35.3763636363636,36.92,1.10363636363636,27.2054545454545,0.0436363636363636,32.1927272727273,0.0836363636363636,39.3709090909091,-0.181390006186187,2.76074290469458,0.838485266128503,0.864932929022974,0.84324830099478
132147,65013,67134,0.58933971540754,0.614386608233614,0.619948666284928,27.7072727272727,35.3581818181818,36.9345454545455,1.10363636363636,27.2036363636364,0.0381818181818182,32.1854545454545,0.0872727272727273,39.3818181818182,-0.180995447119296,2.75676542547616,0.838375221471225,0.864760631459865,0.843211578221916
132164,65015,67149,0.589371818079989,0.6143347455705,0.619928507641521,27.7109090909091,35.3563636363636,36.9327272727273,1.10363636363636,27.1981818181818,0.0327272727272727,32.1709090909091,0.0981818181818182,39.3963636363636,-0.181681249700804,2.74519860879518,0.838396430680402,0.864856525763653,0.843154630039876
132173,65015,67158,0.589502518234013,0.614483726536926,0.619842827993728,27.7090909090909,35.3563636363636,36.9345454545455,1.10363636363636,27.1909090909091,0.0327272727272727,32.1672727272727,0.0945454545454545,39.4109090909091,-0.182661850888028,2.73389351435683,0.838582677165354,0.864907950221125,0.843063896819927
132189,65012,67177,0.589610246469526,0.614124916925131,0.619871043101077,27.7145454545455,35.3509090909091,36.9345454545455,1.10363636363636,27.1890909090909,0.0309090909090909,32.1763636363636,0.0836363636363636,39.4163636363636,-0.181131841207389,2.72367093038153,0.838680049858952,0.864681376330813,0.843014669685931
132213,65014,67199,0.58975466491735,0.614082383571303,0.620056073705421,27.7163636363636,35.3454545454545,36.9381818181818,1.10181818181818,27.18,0.0309090909090909,32.1763636363636,0.0854545454545454,39.4254545454545,-0.181518799173434,2.72170128262686,0.838887431120441,0.864609053497942,0.843227013191573
132202,65007,67195,0.589650683109435,0.613972186794567,0.619828291420728,27.7109090909091,35.3490909090909,36.94,1.10181818181818,27.1690909090909,0.0290909090909091,32.1709090909091,0.0854545454545454,39.4436363636364,-0.185241046879144,2.70900370071811,0.838855718128732,0.864520111099681,0.843136289806566
132206,65001,67205,0.589446518224196,0.614287198239234,0.619888356554122,27.7054545454545,35.3545454545455,36.94,1.10181818181818,27.1545454545455,0.0345454545454545,32.16,0.0927272727272727,39.4563636363636,-0.189058110327989,2.70091871210289,0.838627116419478,0.864746721522242,0.843136289806566
132245,65007,67238,0.58955250712038,0.614376742159114,0.619964773348239,27.7072727272727,35.3509090909091,36.9418181818182,1.10181818181818,27.14,0.0436363636363636,32.1418181818182,0.0963636363636364,39.4763636363636,-0.187896553901109,2.69412660778246,0.83870332698996,0.864835673507175,0.843144010237228
132223,65003,67220,0.589483593454423,0.614356209685318,0.619745574217349,27.7109090909091,35.3545454545455,36.9345454545455,1.10181818181818,27.1218181818182,0.04,32.1581818181818,0.0909090909090909,39.4872727272727,-0.189891916001745,2.68045464633879,0.838593268158257,0.864901002828491,0.843014669685931
132205,64997,67208,0.589605417241356,0.614164761906431,0.619785113960294,27.7163636363636,35.3527272727273,36.9309090909091,1.10181818181818,27.12,0.0418181818181818,32.1454545454545,0.0981818181818182,39.4927272727273,-0.189584927387345,2.66429473521527,0.838690632379953,0.864688335733388,0.843048444269397
132288,65011,67277,0.589614438627632,0.614074464428514,0.619897400346909,27.7254545454545,35.3490909090909,36.9254545454545,1.10181818181818,27.1181818181818,0.0363636363636364,32.1472727272727,0.0945454545454545,39.5018181818182,-0.18465414380242,2.66501324169592,0.838743524165519,0.864674416212324,0.843123738244128
132328,65011,67317,0.589569210757944,0.614066162824261,0.61994614882702,27.7236363636364,35.3509090909091,36.9254545454545,1.10181818181818,27.1109090909091,0.0309090909090909,32.1527272727273,0.0909090909090909,39.5127272727273,-0.183874018198747,2.65523800585334,0.838667366211962,0.864629943938693,0.843172977497661
132309,65004,67305,0.589666665631208,0.614131851229291,0.619885584904474,27.7236363636364,35.3490909090909,36.9272727272727,1.1,27.1,0.0363636363636364,32.1636363636364,0.0836363636363636,39.5163636363636,-0.190505826717179,2.64826351038011,0.838798530954879,0.864725851249871,0.843131462333826
132332,65003,67329,0.589691283656387,0.614011633987923,0.619989383410905,27.7272727272727,35.3436363636364,36.9290909090909,1.1,27.0854545454545,0.0345454545454545,32.1763636363636,0.0836363636363636,39.52,-0.190805105666566,2.63908441902392,0.838754098360656,0.864653531560265,0.843237654472946
132341,64991,67350,0.589681934843572,0.613836312670748,0.619991964201534,27.7272727272727,35.3381818181818,36.9345454545455,1.09636363636364,27.0672727272727,0.0418181818181818,32.1890909090909,0.0781818181818182,39.5272727272727,-0.190836030351189,2.63492523671382,0.838688524590164,0.864478287713521,0.84316235108792
132345,65005,67340,0.589565145995553,0.613780990012426,0.619808108835967,27.7218181818182,35.34,36.9381818181818,1.09636363636364,27.0618181818182,0.0381818181818182,32.1909090909091,0.0818181818181818,39.5309090909091,-0.188291786454978,2.62065084209158,0.838722371614088,0.864536708339764,0.843079346328017
132361,64997,67364,0.589592421352309,0.613892201914361,0.61991846263391,27.7218181818182,35.3418181818182,36.9363636363636,1.09272727272727,27.0527272727273,0.0381818181818182,32.1945454545455,0.0763636363636364,39.5454545454545,-0.192126890291481,2.60599229503423,0.838787958286876,0.864595122955036,0.843071621954221
132268,64975,67293,0.589549958521266,0.614091329406714,0.619684226464623,27.7163636363636,35.3509090909091,36.9327272727273,1.09090909090909,27.0363636363636,0.04,32.1909090909091,0.0763636363636364,39.5654545454545,-0.199169977280227,2.58032629986886,0.838821831540278,0.864527079154451,0.843006941367597
132334,64984,67350,0.589632906415989,0.614097080427286,0.619512800522355,27.7145454545455,35.3654545454545,36.92,1.09090909090909,27.0381818181818,0.0309090909090909,32.1872727272727,0.0836363636363636,39.5690909090909,-0.197134715266293,2.58231124988842,0.838811257626451,0.864531386561102,0.843002068354181
132410,64986,67424,0.589516449725364,0.614022542226952,0.619850585274458,27.72,35.3472727272727,36.9327272727273,1.09090909090909,27.0218181818182,0.0345454545454545,32.2018181818182,0.08,39.5709090909091,-0.192814712082459,2.58401137105697,0.838711793257248,0.864564580011316,0.84310540048245
132466,65008,67458,0.589583783070288,0.614124550660919,0.619972022379778,27.7236363636364,35.3454545454545,36.9309090909091,1.08909090909091,27.0072727272727,0.04,32.2,0.0872727272727273,39.5763636363636,-0.192788952809166,2.57242864057506,0.838798530954879,0.864814814814815,0.843196140212682
132477,65012,67465,0.589622951030624,0.614170542371162,0.619901399293715,27.7254545454545,35.3436363636364,36.9309090909091,1.08727272727273,27.0036363636364,0.0436363636363636,32.1963636363636,0.0854545454545454,39.5836363636364,-0.192985535106643,2.56110601547513,0.838743524165519,0.864859303462112,0.843196140212682
132435,64986,67449,0.589729111912438,0.614019114989333,0.619860733407407,27.7490909090909,35.3109090909091,36.94,1.08727272727273,26.9927272727273,0.04,32.2090909090909,0.0909090909090909,39.58,-0.197741378347961,2.55489622051828,0.83868431398244,0.864837032078678,0.843087069941428
132463,64990,67473,0.589620907096068,0.613915508564454,0.619779022501799,27.7345454545455,35.3327272727273,36.9327272727273,1.08363636363636,26.9836363636364,0.0454545454545455,32.2236363636364,0.0890909090909091,39.5745454545455,-0.194944848174187,2.55088744565675,0.838730824701718,0.864611742911542,0.843056170925023
132488,64988,67500,0.589673081853386,0.614005801178317,0.619851930793479,27.7454545454545,35.3290909090909,36.9254545454545,1.08181818181818,26.9854545454545,0.0418181818181818,32.2309090909091,0.08,39.58,-0.197648340419718,2.54335748733614,0.83872870249017,0.86470073593742,0.843222216751194
132516,64998,67518,0.589561461645956,0.613980244587582,0.619767839670616,27.7327272727273,35.3327272727273,36.9345454545455,1.08,26.9854545454545,0.0290909090909091,32.2381818181818,0.0745454545454545,39.5927272727273,-0.196418178331276,2.5331735889766,0.838785812627024,0.86476611948747,0.843113123953923
132517,64995,67522,0.589463946860274,0.613878188471037,0.619688141716731,27.7327272727273,35.3436363636364,36.9236363636364,1.07636363636364,26.98,0.04,32.2254545454545,0.0727272727272727,39.6054545454545,-0.197093951159199,2.5285854822067,0.838720251753753,0.864602088584804,0.84306677171558
132568,65001,67567,0.58946419270643,0.614005455903912,0.619869939379204,27.7309090909091,35.3418181818182,36.9272727272727,1.07454545454545,26.9745454545455,0.0509090909090909,32.2218181818182,0.0836363636363636,39.5945454545455,-0.195785328634718,2.5278361027764,0.838709677419355,0.864646568577014,0.843180699162974
132576,64995,67581,0.589475785502371,0.613892034380133,0.620027660911966,27.7381818181818,35.3181818181818,36.9436363636364,1.07454545454545,26.98,0.0472727272727273,32.2127272727273,0.0945454545454545,39.5909090909091,-0.197025988173713,2.51612426040863,0.838620870477189,0.864658944658945,0.843250159948816
132608,64979,67629,0.589603094596414,0.613904795238035,0.619990842746272,27.74,35.3181818181818,36.9418181818182,1.06909090909091,26.9836363636364,0.0418181818181818,32.1981818181818,0.0890909090909091,39.6181818181818,-0.201816057542932,2.50677812092684,0.838696991544865,0.864658944658945,0.84319322767989
132649,64982,67667,0.589653713977427,0.613852977840762,0.619757353166818,27.74,35.3254545454545,36.9345454545455,1.06727272727273,26.9836363636364,0.0454545454545455,32.1963636363636,0.08,39.6272727272727,-0.199952680469406,2.5038835640404,0.838762535229731,0.864583869473468,0.843063896819927
132670,64988,67682,0.589747126337098,0.613777806189828,0.61974112042018,27.7436363636364,35.3236363636364,36.9327272727273,1.06545454545455,26.9763636363636,0.0381818181818182,32.2090909090909,0.0690909090909091,39.6418181818182,-0.197490414894525,2.4952387331096,0.838849203748607,0.864628371422689,0.843056170925023
132686,64990,67696,0.589606949229963,0.613799859827715,0.619714336477064,27.7381818181818,35.3381818181818,36.9236363636364,1.06363636363636,26.9818181818182,0.0345454545454545,32.1981818181818,0.0745454545454545,39.6472727272727,-0.200828492055404,2.4893625817177,0.838817514420556,0.864581189545174,0.843116013393736
132694,64994,67700,0.58951180329267,0.613813768480399,0.619719245562344,27.7272727272727,35.3454545454545,36.9272727272727,1.06363636363636,26.9818181818182,0.0363636363636364,32.1745454545455,0.0909090909090909,39.6527272727273,-0.20299954599521,2.48614964896644,0.838819672131147,0.864557613168724,0.843131462333826
132743,64990,67753,0.589485989531312,0.61370588736158,0.619717264018228,27.7254545454545,35.3436363636364,36.9309090909091,1.06363636363636,26.9945454545455,0.0254545454545455,32.1545454545455,0.0836363636363636,39.6781818181818,-0.202694446801748,2.47810910949484,0.838743524165519,0.86449920263388,0.843146908231587
132791,64986,67805,0.589571814516202,0.613761234646555,0.619801443874385,27.7327272727273,35.3290909090909,36.9381818181818,1.06,27.0018181818182,0.0309090909090909,32.1381818181818,0.0763636363636364,39.6927272727273,-0.201538221997378,2.47339375590567,0.838785812627024,0.864546343471772,0.843128568615869
132824,64990,67834,0.58961115579597,0.613849737853858,0.61979272072649,27.74,35.3145454545455,36.9454545454546,1.05818181818182,27.0018181818182,0.0309090909090909,32.1236363636364,0.0727272727272727,39.7127272727273,-0.201941049281529,2.46398174203509,0.838828078914597,0.8646964938475,0.843061023622047
132820,64976,67844,0.589600139849426,0.613536150567688,0.619938588315373,27.7436363636364,35.3181818181818,36.9381818181818,1.05818181818182,27.0145454545455,0.0309090909090909,32.0945454545455,0.0745454545454545,39.7272727272727,-0.203474725644496,2.45502571202815,0.838718133560522,0.864401544401544,0.843177790903721
132822,64980,67842,0.589809622407684,0.613710338210088,0.619729968537453,27.7490909090909,35.3218181818182,36.9290909090909,1.05636363636364,27.0145454545455,0.0181818181818182,32.0890909090909,0.0781818181818182,39.7436363636364,-0.206205531570066,2.44823100310327,0.83888088061853,0.86462140320173,0.843089951257939
132903,64992,67911,0.58963146660511,0.613447183486693,0.619726437784274,27.7472727272727,35.3163636363636,36.9363636363636,1.05454545454545,27.02,0.02,32.0581818181818,0.0672727272727273,39.78,-0.201293160348062,2.44096415892497,0.838739270034729,0.864549011532125,0.843071621954221
132895,64996,67899,0.589651329731017,0.613547265766554,0.619696853281552,27.7418181818182,35.3163636363636,36.9418181818182,1.05454545454545,27.0309090909091,0.0254545454545455,32.0254545454545,0.0763636363636364,39.7872727272727,-0.205948150289425,2.4263664976101,0.838773102634683,0.864754942339374,0.843094792794566
132901,64992,67909,0.589489695335828,0.613367002684782,0.619724594042519,27.7363636363636,35.3181818181818,36.9454545454546,1.05272727272727,27.0327272727273,0.0218181818181818,32.0127272727273,0.0727272727272727,39.8072727272727,-0.206719551238083,2.42201715955003,0.838806948541462,0.864555984555985,0.843110236220472
132946,64976,67970,0.589515413219998,0.61350266086041,0.61987467820681,27.7381818181818,35.32,36.9418181818182,1.05090909090909,27.0272727272727,0.0272727272727273,32.0036363636364,0.0727272727272727,39.8181818181818,-0.206993095181745,2.41706546398557,0.838751966439434,0.864511479460517,0.843144010237228
132981,64976,68005,0.589629899869148,0.613540017662868,0.619918498997566,27.7454545454545,35.3181818181818,36.9363636363636,1.04909090909091,27.0381818181818,0.0236363636363636,31.9781818181818,0.0818181818181818,39.8290909090909,-0.206445445385709,2.414901384779,0.838794233289646,0.864504504504505,0.843170071375831
133002,64980,68022,0.589807296639231,0.613588778139898,0.61976601397442,27.7418181818182,35.3290909090909,36.9290909090909,1.04727272727273,27.0309090909091,0.0345454545454545,31.9490909090909,0.0781818181818182,39.86,-0.207742243263849,2.40579832013781,0.838969720802202,0.864494879316556,0.843139185662941
133062,64982,68080,0.589804982296504,0.613643106220757,0.619812952374318,27.7472727272727,35.3236363636364,36.9290909090909,1.04363636363636,27.0418181818182,0.0254545454545455,31.9490909090909,0.0745454545454545,39.8654545454545,-0.210183249055196,2.39916227413341,0.838870323045672,0.86473131562693,0.843139185662941
133076,64982,68094,0.589489303877282,0.613712520050422,0.619640069115403,27.7418181818182,35.3327272727273,36.9254545454545,1.03818181818182,27.0436363636364,0.02,31.9472727272727,0.0709090909090909,39.88,-0.21029306052713,2.3929682883688,0.83870756324551,0.864714660628827,0.843074498990595
133048,64984,68064,0.589426489191844,0.613442027769552,0.61968049047571,27.7345454545455,35.3327272727273,36.9327272727273,1.03636363636364,27.0509090909091,0.0181818181818182,31.9345454545455,0.0709090909090909,39.8890909090909,-0.210081130137339,2.38039202348922,0.838730824701718,0.8645602840529,0.84310540048245
133098,64982,68116,0.589444384970231,0.613655172179924,0.619753775792312,27.7290909090909,35.3436363636364,36.9272727272727,1.03272727272727,27.0472727272727,0.0236363636363636,31.9290909090909,0.0636363636363636,39.9036363636364,-0.21485465382284,2.37312497386963,0.838699101698249,0.864602088584804,0.843180699162974
133101,64984,68117,0.589581315142618,0.613447433627583,0.619655460127224,27.7381818181818,35.3290909090909,36.9327272727273,1.02727272727273,27.0454545454545,0.02,31.9236363636364,0.0672727272727273,39.9163636363636,-0.208156102859754,2.36123379178515,0.838817514420556,0.864546343471772,0.843056170925023
133147,64984,68163,0.589652745638454,0.613275847398206,0.619807065110512,27.7490909090909,35.3127272727273,36.9381818181818,1.02727272727273,27.0472727272727,0.0236363636363636,31.9109090909091,0.0672727272727273,39.9236363636364,-0.2062125953044,2.35540684092875,0.83874983619447,0.864535063330244,0.843128568615869
133186,64986,68200,0.589624869409326,0.613338479306022,0.619832008886069,27.7454545454545,35.3127272727273,36.9418181818182,1.01818181818182,27.0563636363636,0.0254545454545455,31.9127272727273,0.0709090909090909,39.9163636363636,-0.208871666560034,2.35426872310398,0.83872870249017,0.864638039336834,0.843144010237228
133175,64988,68187,0.589593391627958,0.613350753733418,0.619793207060109,27.7454545454545,35.3127272727273,36.9418181818182,1.01454545454545,27.0618181818182,0.0272727272727273,31.8981818181818,0.0872727272727273,39.9109090909091,-0.210318354226183,2.34296971224248,0.838794233289646,0.864638039336834,0.843094792794566
133162,64968,68194,0.589306284884113,0.613594447331004,0.619813959453807,27.7327272727273,35.32,36.9472727272727,1.01272727272727,27.0563636363636,0.0327272727272727,31.9145454545455,0.0672727272727273,39.9163636363636,-0.215112652943935,2.33321643175811,0.838589130007212,0.864665911664779,0.8430687466168
133263,64994,68269,0.589308562962989,0.613424011786987,0.619791850051896,27.7345454545455,35.3254545454545,36.94,1.01090909090909,27.0545454545455,0.0218181818181818,31.9345454545455,0.06,39.9181818181818,-0.210603312894025,2.32797319960611,0.838730824701718,0.864635338926347,0.843136289806566
133213,64984,68229,0.589606416615176,0.61357322295752,0.619616531072982,27.7436363636364,35.3254545454545,36.9309090909091,1.01090909090909,27.0454545454545,0.0309090909090909,31.94,0.0581818181818182,39.9145454545455,-0.216773138571774,2.31755826881748,0.83891473884265,0.864738277832107,0.843097676250492
133252,64968,68284,0.589648857928532,0.613278572646469,0.619881801829072,27.7490909090909,35.3109090909091,36.94,1.00363636363636,27.0527272727273,0.0254545454545455,31.9309090909091,0.0636363636363636,39.9236363636364,-0.218841467851995,2.31010456144471,0.83888088061853,0.864528088152,0.843185509671703
133246,64964,68282,0.589686958850519,0.613377984839974,0.619867027941371,27.7436363636364,35.3090909090909,36.9472727272727,1,27.0509090909091,0.0254545454545455,31.9272727272727,0.06,39.9363636363636,-0.220150229569249,2.29871123628268,0.838849203748607,0.864675592173017,0.843117956793465
133246,64957,68289,0.589616920674746,0.613295875119873,0.619992672314294,27.7509090909091,35.2945454545455,36.9545454545455,1,27.0363636363636,0.0254545454545455,31.9418181818182,0.0709090909090909,39.9254545454545,-0.221901482552692,2.28968424703079,0.838694883050514,0.86472285184422,0.84319803198032
133350,64978,68372,0.589612877914781,0.61326341098379,0.619784456630342,27.7472727272727,35.3163636363636,36.9363636363636,0.998181818181818,27.0218181818182,0.0236363636363636,31.96,0.0654545454545455,39.9309090909091,-0.21630597362316,2.28781896960414,0.8388047965402,0.864549011532125,0.843170071375831
133385,64986,68399,0.589609625036965,0.613141587864733,0.619641926804902,27.7563636363636,35.3145454545455,36.9290909090909,0.992727272727273,27.0218181818182,0.0272727272727273,31.9763636363636,0.0618181818181818,39.92,-0.210626394045936,2.29121129381555,0.83872658194681,0.864542037790249,0.843040716852937
133458,65000,68458,0.589572932015596,0.613254465471921,0.619665313301884,27.7545454545455,35.3145454545455,36.9309090909091,0.987272727272727,27.0236363636364,0.0218181818181818,31.9745454545455,0.0654545454545455,39.9272727272727,-0.211892036565669,2.27800001761537,0.838847035702588,0.864747979199918,0.843048444269397
133459,64994,68465,0.589617655810534,0.613378847307098,0.619723630355674,27.7527272727273,35.32,36.9272727272727,0.983636363636364,27.0218181818182,0.0218181818181818,31.9745454545455,0.0709090909090909,39.9272727272727,-0.21493792440901,2.26447362832894,0.838901991614256,0.864665911664779,0.843180699162974
133476,64997,68479,0.589403823272314,0.613395265002487,0.61957089333198,27.7490909090909,35.3218181818182,36.9290909090909,0.983636363636364,27.0145454545455,0.0218181818181818,31.9781818181818,0.0618181818181818,39.94,-0.215881389938427,2.25866598914885,0.83874983619447,0.864775827456633,0.843040716852937
133414,64975,68439,0.589377351834158,0.613303821642986,0.619638105680429,27.7490909090909,35.3218181818182,36.9290909090909,0.981818181818182,26.9927272727273,0.0181818181818182,31.98,0.0618181818181818,39.9654545454545,-0.219833940013963,2.24453692388805,0.83874983619447,0.864672877953364,0.843089951257939
133462,64966,68496,0.58933679503015,0.613411390095377,0.619804609478736,27.7381818181818,35.3309090909091,36.9309090909091,0.978181818181818,26.9872727272727,0.0218181818181818,31.9836363636364,0.0545454545454545,39.9745454545455,-0.221409284457596,2.23426972557791,0.838817514420556,0.86460477562783,0.843146908231587
133540,64981,68559,0.589522665088074,0.613436711598242,0.619838179651148,27.74,35.3218181818182,36.9381818181818,0.978181818181818,26.9781818181818,0.0181818181818182,31.9745454545455,0.0636363636363636,39.9872727272727,-0.219634833620512,2.23231440892189,0.838828078914597,0.864724352704998,0.843177790903721
133539,64969,68570,0.589640397219406,0.613310900139996,0.619683651985059,27.7563636363636,35.3054545454545,36.9381818181818,0.978181818181818,26.9690909090909,0.0181818181818182,31.9818181818182,0.0545454545454545,39.9981818181818,-0.218369673290793,2.2295876511288,0.838792086990698,0.864661654135338,0.843079346328017
133543,64969,68574,0.589473054615093,0.613164284278753,0.619641446214862,27.7472727272727,35.3218181818182,36.9309090909091,0.978181818181818,26.9618181818182,0.0163636363636364,31.9672727272727,0.0581818181818182,40.0181818181818,-0.220885848036613,2.21590012711981,0.8388047965402,0.864518453698461,0.842999212288302
133546,64973,68573,0.589489664558002,0.613403786845745,0.619609546894077,27.7509090909091,35.3181818181818,36.9309090909091,0.978181818181818,26.9636363636364,0.0127272727272727,31.9636363636364,0.0545454545454545,40.0272727272727,-0.223238126436825,2.20562474011359,0.838825918888816,0.864658944658945,0.843048444269397
133595,64980,68615,0.589449524443583,0.613463434339921,0.619777362655561,27.7527272727273,35.3127272727273,36.9345454545455,0.978181818181818,26.9490909090909,0.0127272727272727,31.9581818181818,0.0509090909090909,40.0509090909091,-0.224501607545376,2.20058842916465,0.838770964360587,0.864843991350015,0.84316235108792
133587,64972,68615,0.589643659525532,0.613345040006786,0.619884307124172,27.76,35.3090909090909,36.9309090909091,0.978181818181818,26.9327272727273,0.02,31.9418181818182,0.0618181818181818,40.0654545454545,-0.226865987271727,2.18491601555354,0.839009693476552,0.864778578784758,0.843146908231587
133604,64976,68628,0.589521218316537,0.61326308382059,0.619632496957137,27.7563636363636,35.3163636363636,36.9272727272727,0.976363636363636,26.9109090909091,0.0163636363636364,31.9527272727273,0.0581818181818182,40.0854545454546,-0.223969138483385,2.17669714224017,0.838857592034587,0.864703459637562,0.843082225504677
133592,64972,68620,0.589588855000574,0.613193705215746,0.619697485014261,27.7654545454545,35.2927272727273,36.9418181818182,0.976363636363636,26.9018181818182,0.0181818181818182,31.94,0.0581818181818182,40.1054545454545,-0.225992446180846,2.16906867341392,0.838844869360225,0.864870434289836,0.843094792794566
133594,64968,68626,0.589517111213841,0.613165960987933,0.6197281236218,27.76,35.2945454545455,36.9454545454546,0.972727272727273,26.8781818181818,0.0272727272727273,31.9381818181818,0.0654545454545455,40.1181818181818,-0.224018188347162,2.1675789037931,0.838813204086979,0.864774366371317,0.843061023622047
133651,64968,68683,0.589341610405833,0.613298952284678,0.619857143554147,27.7472727272727,35.32,36.9327272727273,0.976363636363636,26.8672727272727,0.0163636363636364,31.9345454545455,0.0545454545454545,40.1509090909091,-0.227449597776021,2.15165803168731,0.838739270034729,0.8647173890662,0.843203859597302
133669,64958,68711,0.58937700461517,0.613331243774127,0.619882108344389,27.7490909090909,35.3290909090909,36.9218181818182,0.974545454545454,26.8545454545455,0.0163636363636364,31.9309090909091,0.0618181818181818,40.1618181818182,-0.229162645981176,2.14397245561281,0.83874983619447,0.864546343471772,0.843256020091594
133754,64981,68773,0.589460413679051,0.613451044662507,0.619757723537538,27.74,35.3436363636364,36.9163636363636,0.970909090909091,26.8509090909091,0.0181818181818182,31.9345454545455,0.0527272727272727,40.1727272727273,-0.227961419414946,2.13994174517945,0.838893622599463,0.864602088584804,0.843282111899133
133674,64957,68717,0.589328453748323,0.613318294125472,0.619669932088085,27.7509090909091,35.3236363636364,36.9254545454545,0.969090909090909,26.8309090909091,0.02,31.9363636363636,0.0581818181818182,40.1854545454545,-0.232538566849226,2.12734551052563,0.838891436807967,0.864628371422689,0.843074498990595
133755,64967,68788,0.589523800012822,0.613130860035683,0.619701206193408,27.7563636363636,35.3163636363636,36.9272727272727,0.967272727272727,26.8181818181818,0.0145454545454545,31.94,0.0509090909090909,40.2090909090909,-0.228204620773878,2.11960823119364,0.838988602122363,0.864549011532125,0.843082225504677
133734,64962,68772,0.589424636458644,0.613037145716527,0.619545495596429,27.7563636363636,35.3109090909091,36.9327272727273,0.967272727272727,26.8127272727273,0.0145454545454545,31.9272727272727,0.0563636363636364,40.2218181818182,-0.231408642187572,2.10930360742337,0.838923097078475,0.864579578806447,0.843006941367597
133781,64975,68806,0.589259417184542,0.613165112475142,0.619652255332066,27.7654545454545,35.3018181818182,36.9327272727273,0.967272727272727,26.7872727272727,0.0163636363636364,31.9290909090909,0.0509090909090909,40.2490909090909,-0.227280209377932,2.09893919616006,0.838648418571148,0.864699217140503,0.843203859597302
133792,64962,68830,0.589284609191962,0.613124741648268,0.619618175927786,27.7672727272727,35.3072727272727,36.9254545454545,0.965454545454546,26.7672727272727,0.0127272727272727,31.9418181818182,0.06,40.2527272727273,-0.229577709595668,2.08694124433466,0.838658983761131,0.86456563159792,0.843172977497661
133803,64957,68846,0.589171886910228,0.613074675336166,0.619798301513255,27.7636363636364,35.2981818181818,36.9381818181818,0.961818181818182,26.7527272727273,0.0163636363636364,31.9490909090909,0.0509090909090909,40.2690909090909,-0.232015204748049,2.07764655141668,0.838572364112639,0.864633769444731,0.843227013191573
133877,64967,68910,0.589082581804466,0.613207150164236,0.6198668476812,27.7418181818182,35.3218181818182,36.9363636363636,0.963636363636364,26.7218181818182,0.0181818181818182,31.9581818181818,0.0472727272727273,40.2909090909091,-0.23289627786911,2.07048212188211,0.83870756324551,0.86462140320173,0.843219296086635
133822,64942,68880,0.589116379350541,0.61316703295443,0.619776622617139,27.7527272727273,35.3018181818182,36.9454545454546,0.96,26.7127272727273,0.02,31.9563636363636,0.0381818181818182,40.3127272727273,-0.238428173655914,2.05394966897385,0.838639937106918,0.864699217140503,0.843110236220472
133934,64968,68966,0.589219720330511,0.61324349444652,0.619871533666425,27.7545454545455,35.3054545454545,36.94,0.954545454545455,26.6963636363636,0.0272727272727273,31.9490909090909,0.0472727272727273,40.3254545454545,-0.233054547647242,2.04866203348237,0.838912545037668,0.864764651354413,0.843185509671703
133906,64966,68940,0.589162036593767,0.61328628729701,0.619613739097436,27.76,35.3127272727273,36.9272727272727,0.952727272727273,26.6727272727273,0.0290909090909091,31.9654545454545,0.0490909090909091,40.3309090909091,-0.232949091152907,2.03506038783711,0.83887870055017,0.864741015343425,0.843131462333826
133977,64967,69010,0.589107689575529,0.613175479475817,0.619807372702697,27.7636363636364,35.3145454545455,36.9218181818182,0.950909090909091,26.6618181818182,0.0272727272727273,31.9709090909091,0.0454545454545455,40.3436363636364,-0.2370602547793,2.03106290935115,0.838768827766863,0.8646964938475,0.843256020091594
133998,64969,69029,0.5890390797934,0.613139592120291,0.619619487429823,27.7581818181818,35.3290909090909,36.9127272727273,0.947272727272727,26.66,0.02,31.9872727272727,0.0454545454545455,40.34,-0.232343571303566,2.02199362948833,0.838802646230432,0.864546343471772,0.843168160772338
133922,64944,68978,0.588929803255464,0.613203272828163,0.61960050259974,27.7618181818182,35.3090909090909,36.9290909090909,0.949090909090909,26.6436363636364,0.02,31.9945454545455,0.0509090909090909,40.3418181818182,-0.236601413938942,2.00299521209884,0.838561791865872,0.864624098867147,0.843089951257939
133968,64946,69022,0.58902866257293,0.613166793182305,0.619668579315598,27.7581818181818,35.3072727272727,36.9345454545455,0.949090909090909,26.6345454545455,0.0218181818181818,31.9945454545455,0.0436363636363636,40.3563636363636,-0.235846581334111,1.99459287817167,0.838671644723914,0.86456563159792,0.843063896819927
133986,64939,69047,0.58890034060995,0.613140293980916,0.619782862730099,27.7545454545455,35.3,36.9454545454546,0.949090909090909,26.6181818181818,0.0181818181818182,32.0109090909091,0.0454545454545455,40.3581818181818,-0.241013209562516,1.98259850505485,0.838650507697347,0.864640741694566,0.843061023622047
134038,64945,69093,0.589026354138496,0.61316837867849,0.619742284969932,27.7636363636364,35.2981818181818,36.9381818181818,0.945454545454545,26.6109090909091,0.0218181818181818,32.02,0.0290909090909091,40.3727272727273,-0.240434202464398,1.97565186306707,0.838703339882122,0.864736787885031,0.843128568615869
134094,64961,69133,0.589190942106523,0.613001559871913,0.619798100104766,27.7690909090909,35.3,36.9309090909091,0.941818181818182,26.6,0.02,32.0218181818182,0.0327272727272727,40.3836363636364,-0.238271989305345,1.96744147700215,0.838865972631441,0.864692248261653,0.843196140212682
134157,64978,69179,0.58906903434943,0.613088663218043,0.619802543200343,27.7618181818182,35.3054545454545,36.9327272727273,0.94,26.5963636363636,0.0254545454545455,32.0145454545455,0.0418181818181818,40.3818181818182,-0.23790842189734,1.95728754774371,0.838954744907983,0.864713152744876,0.843253089154729
134090,64946,69144,0.589130288842529,0.613139622593359,0.619649258931015,27.7618181818182,35.3127272727273,36.9254545454545,0.938181818181818,26.5945454545455,0.02,32.0290909090909,0.0309090909090909,40.3872727272727,-0.246427759871585,1.94033768286675,0.838954744907983,0.864638039336834,0.843123738244128
134128,64946,69182,0.589003946120405,0.613387230938293,0.619568567394648,27.7618181818182,35.3254545454545,36.9127272727273,0.936363636363636,26.5872727272727,0.0236363636363636,32.0381818181818,0.0363636363636364,40.3781818181818,-0.244769687357951,1.93497626127633,0.838758268386928,0.864686808379227,0.843118904541424
134166,64941,69225,0.589041499221133,0.613309266321987,0.619648015437598,27.7618181818182,35.3181818181818,36.92,0.938181818181818,26.5836363636364,0.02,32.0418181818182,0.0290909090909091,40.3872727272727,-0.24612295499643,1.93206691228658,0.838758268386928,0.864658944658945,0.84310056141042
134215,64944,69271,0.589150735645842,0.613190618217543,0.61981142260425,27.7581818181818,35.3163636363636,36.9254545454545,0.934545454545455,26.5727272727273,0.0309090909090909,32.0563636363636,0.0290909090909091,40.3763636363636,-0.244109388604887,1.93027094128457,0.838933647736949,0.864600494233937,0.843172977497661
134227,64953,69274,0.589022315368911,0.613378108276689,0.61971653892231,27.7581818181818,35.3236363636364,36.9181818181818,0.934545454545455,26.5563636363636,0.0254545454545455,32.0709090909091,0.0290909090909091,40.3836363636364,-0.245759784005085,1.91842530285093,0.83886814698369,0.864885731933292,0.843142083230731
134207,64948,69259,0.588832725346194,0.613224767504803,0.619629158777123,27.7581818181818,35.3236363636364,36.9181818181818,0.932727272727273,26.5545454545455,0.02,32.0890909090909,0.0290909090909091,40.3745454545455,-0.247381601375607,1.90536264609334,0.838737145477173,0.86473131562693,0.843142083230731
134258,64961,69297,0.588836686877191,0.61323212449009,0.619748284334666,27.7509090909091,35.32,36.9290909090909,0.927272727272727,26.5509090909091,0.02,32.1072727272727,0.0309090909090909,40.3636363636364,-0.248490566161292,1.89928998324851,0.838825918888816,0.864871821270462,0.843188420067943
134285,64964,69321,0.58889510072528,0.613276588520181,0.619575841647545,27.7545454545455,35.3218181818182,36.9236363636364,0.923636363636364,26.5490909090909,0.0254545454545455,32.1127272727273,0.0254545454545455,40.3636363636364,-0.243551817685048,1.88785248141397,0.838912545037668,0.864775827456633,0.843116013393736
134312,64953,69359,0.588939828543583,0.613193773548299,0.619696504220147,27.7618181818182,35.3181818181818,36.92,0.923636363636364,26.5490909090909,0.0236363636363636,32.1127272727273,0.0272727272727273,40.3636363636364,-0.243421598723878,1.88177616687449,0.838889252734298,0.864658944658945,0.84319905446666
134284,64948,69336,0.589000384269731,0.613041648121802,0.619597853594569,27.7690909090909,35.3109090909091,36.92,0.92,26.5527272727273,0.0272727272727273,32.1127272727273,0.0254545454545455,40.3618181818182,-0.246613327508253,1.87400051177141,0.838800497610162,0.864631069460893,0.84314980793854
134262,64928,69334,0.588864781162605,0.613214707194744,0.619636496442811,27.7563636363636,35.3181818181818,36.9254545454545,0.92,26.5527272727273,0.0254545454545455,32.12,0.0290909090909091,40.3527272727273,-0.250854011741202,1.86550407027191,0.838661076902922,0.864658944658945,0.843074498990595
134324,64931,69393,0.588848857774428,0.613152448567517,0.619710633526988,27.7618181818182,35.3072727272727,36.9309090909091,0.918181818181818,26.5509090909091,0.0309090909090909,32.12,0.0363636363636364,40.3436363636364,-0.249649931347945,1.85905378594021,0.838627284039557,0.864617127555487,0.843196140212682
134389,64942,69447,0.588797214696402,0.613099133230778,0.619772366684765,27.7545454545455,35.32,36.9254545454545,0.910909090909091,26.5618181818182,0.0218181818181818,32.1345454545455,0.0254545454545455,40.3454545454545,-0.250519968387644,1.86023623976772,0.838781526367507,0.864562956861938,0.843222216751194
134359,64955,69404,0.588861636794978,0.613077918125144,0.619657235969116,27.7636363636364,35.3036363636364,36.9327272727273,0.912727272727273,26.56,0.0236363636363636,32.1345454545455,0.0272727272727273,40.3418181818182,-0.247627468372626,1.84493788877206,0.838834315651604,0.86470618530154,0.843154630039876
134369,64943,69426,0.588731657515039,0.613036418887703,0.619599471922028,27.7636363636364,35.3127272727273,36.9236363636364,0.903636363636364,26.5672727272727,0.0290909090909091,32.1472727272727,0.0236363636363636,40.3290909090909,-0.248793174591926,1.84230289023412,0.838703339882122,0.86468952734013,0.843116013393736
134364,64944,69420,0.588806902901713,0.613072745077257,0.619438835663806,27.76,35.3254545454545,36.9145454545455,0.898181818181818,26.5654545454545,0.0272727272727273,32.1527272727273,0.0236363636363636,40.3327272727273,-0.250745400386222,1.82815701957707,0.838813204086979,0.864686808379227,0.843028123922573
134371,64932,69439,0.58893202943306,0.612937977749418,0.619526489976401,27.7690909090909,35.3090909090909,36.9218181818182,0.892727272727273,26.5727272727273,0.0236363636363636,32.16,0.0290909090909091,40.3218181818182,-0.252304083842319,1.81499336950312,0.838800497610162,0.864572605561277,0.843059043679519
134452,64936,69516,0.588793904058417,0.613158007892344,0.619641611211829,27.7563636363636,35.3254545454545,36.9181818181818,0.881818181818182,26.5709090909091,0.0363636363636364,32.16,0.0345454545454545,40.3163636363636,-0.252640051002196,1.8197293453871,0.838792086990698,0.864532400020588,0.843142083230731
134462,64940,69522,0.588743350236232,0.613072365288004,0.619532234490237,27.7545454545455,35.3236363636364,36.9218181818182,0.872727272727273,26.5781818181818,0.0327272727272727,32.1763636363636,0.0309090909090909,40.3090909090909,-0.252325330195361,1.81273517479104,0.838781526367507,0.864628371422689,0.843009799576501
134455,64937,69518,0.588757335588046,0.613040942852284,0.619574452492575,27.7545454545455,35.3254545454545,36.92,0.872727272727273,26.58,0.0272727272727273,32.1818181818182,0.0345454545454545,40.3036363636364,-0.25262409619688,1.80736135225743,0.838847035702588,0.864583869473468,0.843051314882301
134472,64930,69542,0.588922016719519,0.613082285631253,0.619717846373346,27.7690909090909,35.3163636363636,36.9145454545455,0.867272727272727,26.5781818181818,0.0345454545454545,32.1818181818182,0.0290909090909091,40.3090909090909,-0.262515953576208,1.79525121607267,0.838800497610162,0.864754942339374,0.843225139141999
134561,64950,69611,0.58872483641121,0.612933266272801,0.619776778133854,27.7672727272727,35.3127272727273,36.92,0.863636363636364,26.5763636363636,0.0236363636363636,32.1945454545455,0.0327272727272727,40.3090909090909,-0.252849473944198,1.79261229742022,0.838658983761131,0.864638039336834,0.8432975475229
134563,64932,69631,0.588787197784919,0.612985829040849,0.619656688518394,27.7727272727273,35.3018181818182,36.9254545454545,0.86,26.5836363636364,0.02,32.1963636363636,0.0309090909090909,40.3090909090909,-0.251374704172882,1.78229890906421,0.838690671031097,0.864596209311908,0.843123738244128
134509,64919,69590,0.588933588228884,0.612959541102839,0.619693917683592,27.7727272727273,35.3018181818182,36.9254545454545,0.858181818181818,26.58,0.0290909090909091,32.1836363636364,0.0327272727272727,40.3163636363636,-0.260809153041522,1.7690217846687,0.838756137479542,0.864596209311908,0.843172977497661
134543,64925,69618,0.588769015707922,0.613202978097953,0.61957342095833,27.76,35.3272727272727,36.9127272727273,0.852727272727273,26.5945454545455,0.0327272727272727,32.1781818181818,0.0254545454545455,40.3163636363636,-0.261546275839051,1.75683296871033,0.838813204086979,0.864642305712815,0.843118904541424
134628,64936,69692,0.588695353318706,0.613344253566877,0.619528657651119,27.7618181818182,35.3327272727273,36.9054545454546,0.847272727272727,26.5945454545455,0.0345454545454545,32.18,0.0254545454545455,40.3181818181818,-0.259786783205213,1.75772441129242,0.838758268386928,0.86476611948747,0.843137254901961
134663,64934,69729,0.58886649934523,0.612982044779709,0.619554587986283,27.7690909090909,35.3145454545455,36.9163636363636,0.843636363636364,26.6,0.0181818181818182,32.2,0.0254545454545455,40.3127272727273,-0.257930910464016,1.75454104241322,0.838800497610162,0.8646964938475,0.843085106382979
134681,64927,69754,0.588892183755868,0.612710983237299,0.619521038802517,27.7763636363636,35.3036363636364,36.92,0.843636363636364,26.6,0.0254545454545455,32.2,0.0181818181818182,40.3127272727273,-0.254788343129357,1.74441027667754,0.838842704719513,0.864500180254416,0.843002068354181
134682,64935,69747,0.588794798876328,0.612668168955046,0.619460874795081,27.7690909090909,35.3163636363636,36.9145454545455,0.836363636363636,26.6054545454545,0.0254545454545455,32.2018181818182,0.0254545454545455,40.3054545454546,-0.25625234615952,1.73402441154784,0.838865972631441,0.864343080724876,0.843077377727429
134619,64924,69695,0.58863861683956,0.61274447809027,0.619435699637759,27.7636363636364,35.32,36.9163636363636,0.834545454545455,26.6090909090909,0.0254545454545455,32.2018181818182,0.0181818181818182,40.3109090909091,-0.26587503736373,1.72110555206468,0.838768827766863,0.864460002059096,0.843183609141056
134723,64924,69799,0.588826410420606,0.612906722791932,0.619607711401178,27.7690909090909,35.3127272727273,36.9181818181818,0.830909090909091,26.62,0.0218181818181818,32.2072727272727,0.0218181818181818,40.2981818181818,-0.265609234470255,1.71979051929772,0.838800497610162,0.864586551333539,0.843240581137651
134774,64935,69839,0.588677251303672,0.61313840657169,0.61951608545786,27.7654545454545,35.3218181818182,36.9127272727273,0.823636363636364,26.6272727272727,0.0254545454545455,32.2072727272727,0.0272727272727273,40.2890909090909,-0.259992516273633,1.7173515813912,0.838713902167507,0.864724352704998,0.843168160772338
134808,64922,69886,0.588688267462975,0.613024175997193,0.619608311144108,27.7763636363636,35.3109090909091,36.9127272727273,0.821818181818182,26.6272727272727,0.0236363636363636,32.2272727272727,0.0145454545454545,40.2854545454545,-0.265278573041194,1.70417149570898,0.838646331085946,0.864682560115339,0.843266673234164
134823,64920,69903,0.588862587432501,0.61307427058455,0.619534095135427,27.7836363636364,35.3072727272727,36.9090909090909,0.821818181818182,26.6290909090909,0.0181818181818182,32.24,0.0163636363636364,40.2745454545455,-0.269041334222923,1.69562830394981,0.838819448988941,0.864720119470622,0.84320197044335
134860,64913,69947,0.588792856927518,0.613065878597761,0.619606976813246,27.7836363636364,35.3036363636364,36.9127272727273,0.816363636363636,26.6309090909091,0.0163636363636364,32.2563636363636,0.0181818181818182,40.2618181818182,-0.269382011846359,1.6918110127836,0.838819448988941,0.864757686563321,0.843168160772338
134913,64927,69986,0.588654763020066,0.61286491328758,0.619574358707641,27.7745454545455,35.3127272727273,36.9127272727273,0.814545454545455,26.6345454545455,0.0181818181818182,32.2672727272727,0.0236363636363636,40.2418181818182,-0.26164655020442,1.68716873128009,0.838766692851532,0.864586551333539,0.843168160772338
134912,64926,69986,0.58853571184798,0.613023290458453,0.619636349397026,27.7581818181818,35.3290909090909,36.9127272727273,0.807272727272727,26.6436363636364,0.0181818181818182,32.2763636363636,0.0290909090909091,40.2254545454545,-0.265700499457439,1.68096042935186,0.838737145477173,0.864546343471772,0.843266673234164
134843,64912,69931,0.588674747335525,0.613069386194181,0.619333765140243,27.7727272727273,35.3163636363636,36.9109090909091,0.805454545454545,26.6509090909091,0.0218181818181818,32.2836363636364,0.0218181818181818,40.2163636363636,-0.267971971574298,1.66605741508009,0.838756137479542,0.864703459637562,0.843111176789321
134902,64928,69974,0.588616593896615,0.61292913263741,0.619305400191835,27.7727272727273,35.3145454545455,36.9127272727273,0.803636363636364,26.6509090909091,0.02,32.2927272727273,0.0236363636363636,40.2090909090909,-0.263005543145383,1.66551335005047,0.838690671031097,0.864645008495083,0.843168160772338
135010,64936,70074,0.588629426611763,0.612890150093899,0.619344906849063,27.7745454545455,35.3109090909091,36.9145454545455,0.801818181818182,26.6490909090909,0.0109090909090909,32.3127272727273,0.0236363636363636,40.2018181818182,-0.267435434297791,1.65774602086326,0.838701230688662,0.864682560115339,0.843175885337142
135017,64924,70093,0.588684077314359,0.612931804857955,0.619449379267201,27.7690909090909,35.3127272727273,36.9181818181818,0.798181818181818,26.6545454545455,0.0163636363636364,32.3236363636364,0.0181818181818182,40.1890909090909,-0.26872801643238,1.65224729729393,0.838865972631441,0.864586551333539,0.843191332184191
135047,64925,70122,0.588636092149146,0.612866772111633,0.619386147372915,27.7836363636364,35.3054545454545,36.9109090909091,0.794545454545455,26.6654545454545,0.02,32.3290909090909,0.0218181818181818,40.1690909090909,-0.269953463774767,1.65011656492398,0.838688567502127,0.864713152744876,0.84316043544653
135030,64917,70113,0.588495595085539,0.612841984089785,0.619336002421672,27.78,35.3054545454545,36.9145454545455,0.794545454545455,26.6709090909091,0.02,32.3290909090909,0.0272727272727273,40.1581818181818,-0.26948576854153,1.64082699764562,0.838536553439361,0.864610155525801,0.843175885337142
135086,64924,70162,0.588687434968105,0.612908507818693,0.619394835372256,27.7745454545455,35.3109090909091,36.9145454545455,0.790909090909091,26.6763636363636,0.0254545454545455,32.3272727272727,0.0236363636363636,40.1563636363636,-0.270454051501557,1.62913992403668,0.838766692851532,0.864631069460893,0.843225139141999
135108,64919,70189,0.588799832322929,0.612700002999341,0.619394597186553,27.78,35.3,36.92,0.789090909090909,26.6836363636364,0.0254545454545455,32.3327272727273,0.02,40.1490909090909,-0.272287377820678,1.61439058589537,0.83886379998691,0.864486221993304,0.84314980793854
135093,64921,70172,0.588813887195706,0.612564998262792,0.619378754365155,27.78,35.2945454545455,36.9254545454545,0.787272727272727,26.6872727272727,0.0236363636363636,32.3454545454545,0.0218181818181818,40.1345454545455,-0.275322733748048,1.60716409421611,0.83892924929642,0.864465279208737,0.843222216751194
135126,64927,70199,0.588837711464615,0.612694629499297,0.619357184033816,27.7854545454545,35.2890909090909,36.9254545454545,0.787272727272727,26.6981818181818,0.0236363636363636,32.3381818181818,0.0236363636363636,40.1290909090909,-0.272879169286435,1.59533603234979,0.838895432535009,0.864598897418723,0.843222216751194
135125,64918,70207,0.588833143052097,0.61289172254574,0.619307626323595,27.7818181818182,35.3,36.9181818181818,0.787272727272727,26.6909090909091,0.02,32.3454545454545,0.0290909090909091,40.1272727272727,-0.278762157624773,1.59590520320926,0.838874345549738,0.864692248261653,0.843191332184191
135144,64908,70236,0.588664754607987,0.612651449160446,0.619221159289109,27.7909090909091,35.3,36.9090909090909,0.790909090909091,26.7036363636364,0.0181818181818182,32.34,0.0163636363636364,40.1309090909091,-0.278200212341802,1.58206791345834,0.838665358194308,0.864537728560391,0.843152709359606
135247,64926,70321,0.588640078611115,0.612678471123776,0.619297126168827,27.7890909090909,35.3127272727273,36.8981818181818,0.790909090909091,26.7109090909091,0.02,32.34,0.0254545454545455,40.1127272727273,-0.273697165903418,1.57655365141955,0.838654802407747,0.864535063330244,0.843254163792254
135220,64920,70300,0.588733774793373,0.612750079517692,0.619171521077977,27.7981818181818,35.2945454545455,36.9072727272727,0.787272727272727,26.7145454545455,0.0218181818181818,32.3563636363636,0.0145454545454545,40.1054545454545,-0.274592363151103,1.57519409907982,0.838642161030806,0.86472285184422,0.843095719000936
135213,64929,70284,0.588738962901658,0.612599533725338,0.619304866488892,27.7945454545455,35.2818181818182,36.9236363636364,0.785454545454545,26.7181818181818,0.0236363636363636,32.3527272727273,0.0181818181818182,40.1018181818182,-0.273688923077134,1.56167654414153,0.83881729574148,0.864725586189127,0.843116013393736
135202,64915,70287,0.588632449272991,0.612541292559348,0.619154514357781,27.7945454545455,35.28,36.9254545454545,0.785454545454545,26.7309090909091,0.0163636363636364,32.3472727272727,0.0181818181818182,40.1018181818182,-0.274856633810453,1.55093677027617,0.838686465624387,0.864667078952793,0.843074498990595
135221,64911,70310,0.588802016908256,0.612667153247675,0.6192105919811,27.7909090909091,35.2909090909091,36.9181818181818,0.783636363636364,26.7309090909091,0.0254545454545455,32.3381818181818,0.02,40.1018181818182,-0.281512870346937,1.54352015745614,0.83879620543016,0.864708912931479,0.843191332184191
135268,64912,70356,0.588808251211302,0.612760183302902,0.619230916107035,27.7963636363636,35.2963636363636,36.9072727272727,0.783636363636364,26.7363636363636,0.02,32.3272727272727,0.0254545454545455,40.1072727272727,-0.2806185962332,1.53015038062691,0.838762428048142,0.864678308350075,0.843194246021972
