"total_rewards","action_rewards","opinion_rewards","sp0_social_trust","sp1_social_trust","sp2_social_trust","sp0_request_rate","sp1_request_rate","sp2_request_rate","op0_expression_rate","op1_expression_rate","op2_expression_rate","op3_expression_rate","op4_expression_rate","op5_expression_rate","mean_loss1","mean_loss2","sp0_availability","sp1_availability","sp2_availability"
23305,32755,-9450,0.724359552050214,0.725218620368486,0.73226707936574,32.7254545454545,33.4963636363636,33.7781818181818,16.8254545454545,16.5981818181818,16.66,16.7254545454545,16.62,16.5709090909091,1.78291944156994,-6.55856770818884,0.869214956386466,0.877870053737176,0.891269243190871
23530,32744,-9214,0.724324907172748,0.72500868098268,0.732129449128882,32.7036363636364,33.5254545454545,33.7709090909091,16.7018181818182,16.7345454545455,16.5527272727273,16.8163636363636,16.5672727272727,16.6272727272727,1.71099822412838,-6.60873836820776,0.869405681881359,0.877487933185097,0.891245827500808
23747,32736,-8989,0.724066424246486,0.724620736981458,0.732002680234515,32.6781818181818,33.5490909090909,33.7727272727273,16.5727272727273,16.8727272727273,16.4090909090909,16.9672727272727,16.4527272727273,16.7254545454545,1.63842957453294,-6.66736271814866,0.869137038891671,0.876869716019944,0.891197846567968
24149,32764,-8615,0.723882645979438,0.724367657499628,0.73201731158658,32.6781818181818,33.5454545454545,33.7763636363636,16.4454545454545,17.0054545454545,16.2745454545455,17.14,16.3254545454545,16.8090909090909,1.56934936913577,-6.65522012927315,0.869137038891671,0.87680216802168,0.891424880228239
24462,32812,-8350,0.72374516588072,0.724274168515642,0.732118796261293,32.6836363636364,33.5127272727273,33.8036363636364,16.3163636363636,17.1290909090909,16.1127272727273,17.2872727272727,16.2745454545455,16.88,1.5013847654516,-6.69443210255016,0.8692145082332,0.877007378472222,0.891566265060241
24810,32861,-8051,0.723741846564275,0.724066433145379,0.731888913460839,32.6872727272727,33.5272727272727,33.7854545454545,16.1727272727273,17.3036363636364,15.9309090909091,17.4836363636364,16.16,16.9490909090909,1.43365004171025,-6.72368754690344,0.869395928356881,0.877060737527115,0.891454095361102
25265,32935,-7670,0.723867882767442,0.724177560377364,0.731816256274724,32.6945454545455,33.5490909090909,33.7563636363636,16.0363636363636,17.4327272727273,15.8072727272727,17.6363636363636,16.0563636363636,17.0309090909091,1.36771778410131,-6.7166566545313,0.869981092203314,0.877194884023412,0.89173758483249
25628,32991,-7363,0.724029472743205,0.724389257529652,0.731642577351748,32.6981818181818,33.5490909090909,33.7527272727273,15.8890909090909,17.5890909090909,15.6181818181818,17.8345454545455,15.9509090909091,17.1181818181818,1.29969287785617,-6.75351921861822,0.870495996441281,0.87762844136137,0.891725921137686
25932,33024,-7092,0.724052769830442,0.72418901448339,0.731555164101304,32.7145454545455,33.5381818181818,33.7472727272727,15.7309090909091,17.7781818181818,15.4145454545455,18,15.8545454545455,17.2218181818182,1.22853930375793,-6.81113555214622,0.870449619296393,0.877697061693592,0.891762297290017
26510,33061,-6551,0.724151669709939,0.724024523376736,0.731481223804,32.6818181818182,33.5672727272727,33.7509090909091,15.5563636363636,17.9872727272727,15.1563636363636,18.2381818181818,15.7418181818182,17.32,1.15704182332212,-6.74384719025005,0.870876216968011,0.877315567110822,0.891773958950601
26871,33043,-6172,0.723836332708793,0.723743930808483,0.731366827871902,32.6636363636364,33.5745454545455,33.7618181818182,15.3909090909091,18.1690909090909,14.9418181818182,18.4654545454545,15.6018181818182,17.4309090909091,1.07997145923701,-6.75718586661599,0.870637350403562,0.877017220838297,0.891808928859928
27359,33041,-5682,0.723570904351601,0.723657532449695,0.731273697113001,32.6618181818182,33.5890909090909,33.7490909090909,15.2018181818182,18.38,14.6872727272727,18.6890909090909,15.4345454545455,17.6072727272727,1.00368544567715,-6.7242116169496,0.870407481629927,0.876962217170077,0.891822001939446
27957,33124,-5167,0.723249243817053,0.723624043554398,0.731070493094,32.6054545454545,33.6418181818182,33.7527272727273,15.0236363636364,18.5690909090909,14.4327272727273,18.9745454545455,15.2236363636364,17.7763636363636,0.933854531699961,-6.67996511567723,0.870294986895667,0.877101010646922,0.891725921137686
28440,33187,-4747,0.723171429930179,0.723399515675359,0.730932865224111,32.5981818181818,33.64,33.7618181818182,14.8272727272727,18.76,14.2145454545455,19.2272727272727,15.1054545454545,17.8654545454545,0.861713107607581,-6.6951037959619,0.870544927212895,0.877040319965409,0.891755075663741
28975,33220,-4245,0.722996524364274,0.723406982640235,0.730719340757712,32.5872727272727,33.66,33.7527272727273,14.5945454545455,18.9945454545455,14.04,19.4181818181818,14.9036363636364,18.0490909090909,0.785863005573099,-6.66707990332083,0.87050159013558,0.877167395883973,0.891779788838612
29508,33324,-3816,0.72287844890505,0.723326103049293,0.73080751920169,32.5854545454545,33.6309090909091,33.7836363636364,14.3509090909091,19.2163636363636,13.8527272727273,19.6690909090909,14.7145454545455,18.1963636363636,0.715454856915907,-6.67095528082414,0.870940743220623,0.877331459155539,0.892094074592325
30099,33386,-3287,0.722977770782313,0.723126372784238,0.730576320202589,32.6181818181818,33.6272727272727,33.7545454545455,14.0963636363636,19.4818181818182,13.6254545454545,19.9418181818182,14.48,18.3745454545455,0.640789120305668,-6.61907402493737,0.871404682274247,0.877480400108137,0.892270401292755
30639,33497,-2858,0.723172010760795,0.723186132151496,0.730160064323994,32.6454545454545,33.6127272727273,33.7418181818182,13.8927272727273,19.72,13.3727272727273,20.1909090909091,14.2563636363636,18.5672727272727,0.569376495209607,-6.6166346506639,0.871790587580061,0.87823876237356,0.891960340553939
31259,33567,-2308,0.722812791970504,0.723153664336633,0.730187771772643,32.6218181818182,33.6454545454545,33.7327272727273,13.68,19.9454545454545,13.1381818181818,20.4363636363636,14.0127272727273,18.7872727272727,0.493948204408992,-6.54714705944061,0.871697692564931,0.878357200756552,0.892416320810651
31723,33659,-1936,0.722611551840746,0.722800976390882,0.729813537454877,32.6109090909091,33.6672727272727,33.7218181818182,13.4618181818182,20.1818181818182,12.9890909090909,20.5781818181818,13.7927272727273,18.9963636363636,0.420650812170722,-6.57013184915889,0.871766280107047,0.878166009612788,0.892597185528657
32267,33735,-1468,0.722306655106965,0.722376694983902,0.72974426688014,32.6072727272727,33.6654545454545,33.7272727272727,13.22,20.4018181818182,12.8072727272727,20.7690909090909,13.6072727272727,19.1945454545455,0.345041532949968,-6.52775718894872,0.87152893944463,0.878051414992439,0.892938005390836
32970,33820,-850,0.722152188500613,0.722400415461475,0.729575027810047,32.5909090909091,33.6781818181818,33.7309090909091,12.9509090909091,20.6836363636364,12.5636363636364,21.0290909090909,13.3763636363636,19.3963636363636,0.270510957186872,-6.41034242023121,0.871799163179916,0.878313448145549,0.893003449762829
33435,33876,-441,0.72182887651505,0.722467582653951,0.729461448060568,32.5909090909091,33.6690909090909,33.74,12.6872727272727,20.9454545454545,12.3836363636364,21.2454545454545,13.1218181818182,19.6163636363636,0.19350782957944,-6.40044222203168,0.871687587168759,0.878982611513122,0.893193942986474
34052,33992,60,0.7215294594653,0.722289871808297,0.729325437637677,32.5781818181818,33.7054545454545,33.7163636363636,12.4763636363636,21.2,12.1527272727273,21.4309090909091,12.9181818181818,19.8218181818182,0.120995233817534,-6.32626789158041,0.871749079138297,0.879059229690366,0.893496548748921
34502,34091,411,0.721210566959919,0.722082278714533,0.729278394480934,32.56,33.7072727272727,33.7327272727273,12.2854545454545,21.3763636363636,11.9781818181818,21.6436363636364,12.7254545454545,19.9909090909091,0.0477005766196684,-6.31572378982197,0.871844985481349,0.879173633960839,0.893709912143589
35011,34151,860,0.720891797663363,0.721998346610931,0.728920731986248,32.54,33.7145454545455,33.7454545454545,12.0981818181818,21.5709090909091,11.7763636363636,21.8727272727273,12.5181818181818,20.1636363636364,-0.0291456940499219,-6.25206680785526,0.871877968374588,0.879145769292995,0.893588362068966
35387,34216,1171,0.720852958111525,0.721658751271472,0.728822507959613,32.5509090909091,33.6636363636364,33.7854545454545,11.9163636363636,21.7563636363636,11.5872727272727,22.0436363636364,12.3472727272727,20.3490909090909,-0.103894585641948,-6.2551005764441,0.872088476791599,0.879125033756414,0.893714347217738
35923,34298,1625,0.720494905223051,0.721410900741038,0.728635935905499,32.5181818181818,33.6763636363636,33.8054545454545,11.7327272727273,21.9563636363636,11.38,22.2272727272727,12.1618181818182,20.5418181818182,-0.177172717722979,-6.1796316401525,0.87195974280123,0.879224705755318,0.893615876942936
36368,34388,1980,0.720254996692859,0.721439747660873,0.728158723379719,32.5145454545455,33.7163636363636,33.7690909090909,11.5236363636364,22.1672727272727,11.2145454545455,22.3545454545455,12.0018181818182,20.7381818181818,-0.24849635254253,-6.14363023151051,0.871945423027456,0.879583692838654,0.893339794325096
36893,34475,2418,0.720048954045518,0.721119427298195,0.727987900206348,32.5181818181818,33.7254545454545,33.7563636363636,11.3127272727273,22.3836363636364,11.0272727272727,22.5036363636364,11.8218181818182,20.9509090909091,-0.319669123671272,-6.05918771353635,0.87195974280123,0.879508329289989,0.893515027469568
37367,34574,2793,0.719657800407052,0.721133855582255,0.727730126428553,32.4709090909091,33.7745454545455,33.7545454545455,11.1690909090909,22.5127272727273,10.8672727272727,22.6709090909091,11.6090909090909,21.1709090909091,-0.38901131613688,-5.99101219719106,0.871885323926312,0.87962962962963,0.893617021276596
37867,34672,3195,0.719338811149366,0.720934706692405,0.727623139176429,32.4363636363636,33.7909090909091,33.7727272727273,10.9818181818182,22.6963636363636,10.6763636363636,22.8581818181818,11.4436363636364,21.3436363636364,-0.457842597094449,-5.90867864597927,0.871860986547085,0.87984934086629,0.89378196500673
38399,34762,3637,0.719268670872831,0.720146491140989,0.727434832603474,32.4509090909091,33.7290909090909,33.82,10.8,22.8709090909091,10.4963636363636,23.0309090909091,11.2909090909091,21.5109090909091,-0.525550223209641,-5.80795767849142,0.872310623038996,0.879467414155571,0.893661631095102
38836,34853,3983,0.718841604755379,0.71996910053923,0.727314286590328,32.4254545454545,33.7690909090909,33.8054545454545,10.6145454545455,23.0163636363636,10.3545454545455,23.18,11.1454545454545,21.6890909090909,-0.592521215297959,-5.74037517417561,0.872210384658517,0.87939482043827,0.894046146399182
39363,34941,4422,0.718599331655826,0.719941540067575,0.727180300494809,32.3818181818182,33.8381818181818,33.78,10.4418181818182,23.1890909090909,10.1727272727273,23.3272727272727,10.9745454545455,21.8945454545455,-0.657959246093577,-5.62318782156164,0.872487366647951,0.879318682499597,0.894181602884978
39742,35053,4689,0.718174658493785,0.71991026852072,0.727099018580765,32.3363636363636,33.8490909090909,33.8145454545455,10.2690909090909,23.3781818181818,10.0145454545455,23.4490909090909,10.8309090909091,22.0581818181818,-0.720090460235422,-5.5834571453658,0.872533033455159,0.879518719449965,0.894343477793311
40112,35184,4928,0.717761354548629,0.71951673799224,0.726917647402854,32.3163636363636,33.8672727272727,33.8163636363636,10.1363636363636,23.4618181818182,9.94363636363636,23.5272727272727,10.7345454545455,22.1963636363636,-0.779474862597205,-5.5552526501092,0.872341622594801,0.879314972888817,0.894779289209097
40426,35255,5171,0.717496588657225,0.719335430405706,0.72668858557464,32.2909090909091,33.9090909090909,33.8,9.96909090909091,23.6036363636364,9.84363636363636,23.6436363636364,10.5818181818182,22.3581818181818,-0.842715692791072,-5.51809520558877,0.872466216216216,0.879088471849866,0.894835933297472
40894,35390,5504,0.717300949508956,0.719198320219982,0.726461442461885,32.2836363636364,33.9309090909091,33.7854545454545,9.84,23.7436363636364,9.66181818181818,23.7690909090909,10.4636363636364,22.5218181818182,-0.898417324911464,-5.43510227420113,0.872662761883307,0.879434144250348,0.895005919707244
41226,35470,5756,0.716888373506394,0.718673224682683,0.726282935208996,32.2763636363636,33.9254545454545,33.7981818181818,9.71454545454546,23.8763636363636,9.52909090909091,23.8327272727273,10.3436363636364,22.7036363636364,-0.957276888869026,-5.37923445159739,0.872127084272195,0.879253979312932,0.895099252245952
41636,35611,6025,0.716898950070118,0.719058735678798,0.7258190163354,32.2690909090909,33.9509090909091,33.78,9.57454545454545,23.9836363636364,9.43454545454545,23.9218181818182,10.2309090909091,22.8545454545455,-1.00923785458912,-5.31177287535234,0.872549019607843,0.880147806994056,0.895042790247053
42021,35718,6303,0.716609429324382,0.71914280524905,0.725704515258747,32.2763636363636,33.9527272727273,33.7709090909091,9.44909090909091,24.0763636363636,9.32181818181818,24.0236363636364,10.1236363636364,23.0054545454545,-1.06363627260382,-5.24960726282813,0.872465074357819,0.880529077862268,0.895068375148056
42384,35823,6561,0.716167003140616,0.718937797702493,0.725746511761785,32.2709090909091,33.9545454545455,33.7745454545455,9.30181818181818,24.1636363636364,9.20181818181818,24.1563636363636,10,23.1763636363636,-1.11516665667295,-5.18913460644809,0.87233083554003,0.88053547523427,0.895510335917313
42652,35935,6717,0.716128281532741,0.718440344391432,0.725618327163772,32.2818181818182,33.9345454545455,33.7836363636364,9.18181818181818,24.2636363636364,9.08363636363636,24.2490909090909,9.91272727272727,23.3090909090909,-1.16511339870366,-5.17321973768148,0.872711912137426,0.880304329189884,0.89591518217534
43007,36033,6974,0.715978144682529,0.718407444855078,0.725352608803902,32.2945454545455,33.9345454545455,33.7709090909091,9.07454545454545,24.3709090909091,8.97090909090909,24.3163636363636,9.78545454545454,23.4818181818182,-1.21343019333753,-5.10693124966188,0.872762076342754,0.880786540934419,0.895875955636912
43354,36113,7241,0.715786089071973,0.717999089420006,0.725092468386553,32.3181818181818,33.9090909090909,33.7727272727273,8.96545454545454,24.4436363636364,8.86545454545455,24.4654545454545,9.64545454545454,23.6145454545455,-1.26201333539052,-5.02543482238596,0.873080168776371,0.880482573726542,0.895881561238223
43718,36215,7503,0.715531631874825,0.717619892950805,0.724960609742152,32.3236363636364,33.8454545454545,33.8309090909091,8.83090909090909,24.5690909090909,8.71272727272727,24.6327272727273,9.52545454545454,23.7290909090909,-1.30754341862418,-4.96110330115665,0.873382832714591,0.880419016921837,0.896060622346429
44032,36302,7730,0.71537139625114,0.717283899213123,0.724463922965941,32.32,33.8436363636364,33.8363636363636,8.71090909090909,24.6727272727273,8.58363636363636,24.7145454545455,9.43090909090909,23.8872727272727,-1.35169314498251,-4.88811699043621,0.873706120612061,0.880305146663801,0.89586243954863
44408,36386,8022,0.715151467921362,0.716935151843654,0.724318383356891,32.34,33.8018181818182,33.8581818181818,8.59636363636364,24.7654545454545,8.48,24.8418181818182,9.25090909090909,24.0654545454545,-1.39547463221983,-4.79931448318742,0.873671782762692,0.880264644182669,0.896036945548276
44810,36527,8283,0.71471038045229,0.716554821133664,0.724324801475622,32.3,33.7836363636364,33.9163636363636,8.49272727272727,24.8581818181818,8.38181818181818,24.94,9.14,24.1872727272727,-1.43369261595336,-4.72137998450886,0.873909372361385,0.880307841343308,0.896268896751367
45208,36625,8583,0.713878241746888,0.716560170056674,0.723889947026746,32.2618181818182,33.7981818181818,33.94,8.37454545454545,24.9618181818182,8.23272727272727,25.1363636363636,9.04545454545454,24.2490909090909,-1.47228264104236,-4.62367067662152,0.873478358881876,0.880897304857712,0.896233995821503
45523,36674,8849,0.713533387980059,0.716576467085291,0.723536878503836,32.2436363636364,33.7618181818182,33.9945454545455,8.28545454545455,25.0581818181818,8.08181818181818,25.2527272727273,8.96181818181818,24.36,-1.51393276669762,-4.53778830116445,0.873407014773881,0.881684527976735,0.896186553992619
45807,36841,8966,0.713001448643303,0.716129507153616,0.723389693595992,32.2181818181818,33.7763636363636,34.0054545454545,8.2,25.0854545454545,8.02545454545455,25.3472727272727,8.93272727272727,24.4090909090909,-1.5447419247844,-4.52867702841759,0.873532731376975,0.881627819346504,0.896487194567716
46229,36979,9250,0.712465111084018,0.715242662198473,0.723358827411191,32.2163636363636,33.7345454545455,34.0490909090909,8.11636363636364,25.1618181818182,7.92363636363636,25.48,8.8,24.5181818181818,-1.57580511407419,-4.43902067813006,0.873469157401659,0.880996011641694,0.896886847866716
46576,37057,9519,0.712122240307418,0.715149206286932,0.723111370267909,32.1672727272727,33.7436363636364,34.0890909090909,8.03636363636364,25.2309090909091,7.83636363636364,25.5654545454545,8.71636363636364,24.6145454545455,-1.61133817813613,-4.35152710865844,0.873728238751978,0.880974190419742,0.896847831884367
46898,37140,9758,0.711444824121655,0.715174114883148,0.72297575988614,32.1018181818182,33.7618181818182,34.1363636363636,7.92727272727273,25.3072727272727,7.74545454545455,25.6963636363636,8.59272727272727,24.7309090909091,-1.64471547874537,-4.27891433130611,0.873640688717716,0.881145996014863,0.89693741677763
47079,37236,9843,0.711216004936972,0.714890325603798,0.722775619049834,32.0090909090909,33.7909090909091,34.2,7.86,25.3654545454545,7.63454545454545,25.8018181818182,8.53272727272727,24.8054545454545,-1.67516499270092,-4.27663784162565,0.874410678784436,0.88108689803605,0.897129186602871
47432,37354,10078,0.710825000290193,0.714083336256234,0.722576364268783,31.9818181818182,33.7563636363636,34.2618181818182,7.78,25.4181818181818,7.54909090909091,25.8981818181818,8.47090909090909,24.8836363636364,-1.7036281905391,-4.2040812020952,0.874758385446276,0.880642033825272,0.897155593292295
47835,37481,10354,0.710401545675879,0.714115527475259,0.722181320967553,31.9472727272727,33.7527272727273,34.3,7.69454545454545,25.4727272727273,7.43272727272727,26.06,8.35454545454546,24.9854545454545,-1.72882356101816,-4.11387990252538,0.874907518069546,0.881167851756087,0.89705804399682
48215,37650,10565,0.709829771121393,0.713536446101917,0.722129858133213,31.9254545454545,33.7163636363636,34.3581818181818,7.59818181818182,25.5745454545455,7.30727272727273,26.2036363636364,8.22,25.0963636363636,-1.7504481640729,-4.0383321063085,0.874822028589327,0.881471095772217,0.897549875641636
48547,37804,10743,0.7096186267638,0.713236208694508,0.72213731802952,31.8563636363636,33.6709090909091,34.4727272727273,7.52,25.5945454545455,7.24363636363636,26.3290909090909,8.12181818181818,25.1909090909091,-1.76968899152496,-3.98826084733009,0.875292506135495,0.882013067660241,0.897573839662447
48844,37961,10883,0.708934655678621,0.712829784065331,0.721573765852772,31.7963636363636,33.6672727272727,34.5363636363636,7.43454545454545,25.6290909090909,7.15090909090909,26.4654545454545,8.02727272727273,25.2927272727273,-1.78821554780006,-3.95275914479386,0.875457456541629,0.881946319598207,0.897025533035009
49282,38117,11165,0.708276050262887,0.712496580079028,0.721075411736963,31.7454545454545,33.6854545454545,34.5690909090909,7.35272727272727,25.7181818181818,7.03454545454545,26.5709090909091,7.93636363636364,25.3872727272727,-1.8060775372115,-3.8524634567174,0.875257731958763,0.882064014681276,0.896754851943407
49667,38287,11380,0.70781807534732,0.711960820084348,0.720663322269931,31.7,33.6763636363636,34.6236363636364,7.26909090909091,25.7472727272727,6.95272727272727,26.76,7.82545454545455,25.4454545454545,-1.82196429561485,-3.78718933083794,0.875537711499857,0.882086167800454,0.896864989760017
50030,38522,11508,0.707309902153858,0.711335927690826,0.720633187120132,31.6381818181818,33.6909090909091,34.6709090909091,7.18909090909091,25.7945454545455,6.86363636363636,26.8454545454545,7.77818181818182,25.5290909090909,-1.83131736679511,-3.76728453446518,0.876041606804207,0.881921208850513,0.897792228223819
50577,38715,11862,0.706582566393105,0.710986320305075,0.720310737409259,31.5436363636364,33.6945454545455,34.7618181818182,7.12727272727273,25.8127272727273,6.76,26.9545454545455,7.68,25.6654545454545,-1.8435581185601,-3.6353723642501,0.876073548907718,0.881987912799482,0.898059521941524
50957,38886,12071,0.705753266037116,0.710718982648509,0.720015340172017,31.4254545454545,33.7327272727273,34.8418181818182,7.03818181818182,25.8745454545455,6.66,27.0836363636364,7.58545454545455,25.7581818181818,-1.85500747886571,-3.57160212966529,0.876301781994909,0.881959790869401,0.898241402703126
51427,39041,12386,0.70513441484415,0.710192720335921,0.719598123175213,31.3672727272727,33.6872727272727,34.9454545454545,6.97636363636364,25.9,6.57272727272727,27.2163636363636,7.46363636363636,25.8709090909091,-1.86693493615497,-3.45704089836641,0.87636216090888,0.882016407599309,0.89786680541103
51804,39197,12607,0.704308214656729,0.708947050872968,0.719381467989998,31.2581818181818,33.6709090909091,35.0709090909091,6.91272727272727,25.9327272727273,6.47090909090909,27.3709090909091,7.37090909090909,25.9418181818182,-1.8796343375336,-3.38052595230666,0.87645416472778,0.881419083103839,0.898024780963243
52239,39446,12793,0.703155168596329,0.708614065538272,0.718788591357024,31.1581818181818,33.6781818181818,35.1636363636364,6.84181818181818,25.9472727272727,6.42909090909091,27.4618181818182,7.29818181818182,26.0218181818182,-1.88210776394064,-3.31224389238791,0.876349419384956,0.881822598931059,0.898035160289555
52675,39637,13038,0.702351344837827,0.707954364913477,0.71825124356722,31.0672727272727,33.6490909090909,35.2836363636364,6.77090909090909,25.9890909090909,6.32,27.6218181818182,7.22727272727273,26.0709090909091,-1.88867479400201,-3.23256451189518,0.876806929244455,0.882044631760955,0.897712047820262
53058,39819,13239,0.701511969915602,0.706996451642467,0.717918657903094,31.0090909090909,33.5636363636364,35.4272727272727,6.69818181818182,26.0436363636364,6.25272727272727,27.6945454545455,7.14909090909091,26.1618181818182,-1.89801235442812,-3.15894867723638,0.876868953386104,0.882177681473456,0.897562227354375
53540,40038,13502,0.700405128323321,0.706305411590141,0.717900391857438,30.8763636363636,33.5672727272727,35.5563636363636,6.62363636363636,26.12,6.10909090909091,27.8745454545455,7.04363636363636,26.2290909090909,-1.90225155868314,-3.07218839255246,0.876869626663526,0.8819196186762,0.898087543464921
54135,40312,13823,0.699757810704138,0.70518303808944,0.717609816859008,30.8181818181818,33.4890909090909,35.6927272727273,6.55454545454545,26.1836363636364,6.06181818181818,27.9363636363636,6.93636363636364,26.3272727272727,-1.90090517130765,-2.95966141305187,0.877286135693215,0.882078288723601,0.898273139422342
54546,40602,13944,0.698785176919074,0.704241817528834,0.717370309226923,30.7672727272727,33.3745454545455,35.8581818181818,6.46727272727273,26.2890909090909,5.92363636363636,28.0309090909091,6.89090909090909,26.3981818181818,-1.89893839792772,-2.92881899801168,0.877142181775204,0.88243626062323,0.898641111449143
55034,40902,14132,0.697984209423538,0.703228741017182,0.717032997244823,30.6963636363636,33.3309090909091,35.9727272727273,6.39818181818182,26.3418181818182,5.84545454545455,28.1709090909091,6.76545454545455,26.4781818181818,-1.89474939378825,-2.870692904429,0.877865308298288,0.882555094915994,0.898812231488501
55543,41215,14328,0.69701654277287,0.702699523950212,0.716848945301398,30.5763636363636,33.2854545454545,36.1381818181818,6.32545454545455,26.4018181818182,5.74,28.2872727272727,6.70545454545455,26.54,-1.88775263699618,-2.80689450881698,0.878159005767973,0.883159447205987,0.898973636546589
56016,41500,14516,0.696033475604267,0.702010870686132,0.716287236806661,30.46,33.2909090909091,36.2490909090909,6.25454545454545,26.4509090909091,5.68,28.3654545454545,6.62,26.6290909090909,-1.881937506524,-2.74873084344647,0.878708291052349,0.883397050791917,0.899232582635301
56433,41718,14715,0.694481501740045,0.70106941001738,0.715794346027231,30.3509090909091,33.2618181818182,36.3872727272727,6.17272727272727,26.5072727272727,5.58363636363636,28.4963636363636,6.53636363636364,26.7036363636364,-1.88218774551695,-2.67732130993496,0.878092613670401,0.883021755766918,0.899165542397442
57059,42004,15055,0.693441226133811,0.699577026925166,0.715268239973808,30.2545454545455,33.1963636363636,36.5490909090909,6.10545454545455,26.5709090909091,5.47272727272727,28.6836363636364,6.37818181818182,26.7890909090909,-1.87555709372867,-2.55805365361951,0.878485576923077,0.882133859130244,0.899064769674659
57593,42312,15281,0.692464067591268,0.69817235927198,0.714515754897415,30.1854545454545,33.1545454545455,36.66,6.02545454545455,26.6454545454545,5.37636363636364,28.7309090909091,6.33272727272727,26.8890909090909,-1.8661501377821,-2.48837391950867,0.878568847126852,0.882040032903757,0.89902296285275
58163,42696,15467,0.691263477371304,0.697553850158353,0.714267717147454,30.0836363636364,33.1072727272727,36.8090909090909,5.94181818181818,26.6745454545455,5.36727272727273,28.7709090909091,6.28909090909091,26.9563636363636,-1.85139979557558,-2.42848627431826,0.879185301583464,0.882475698830249,0.899481353420598
58786,42981,15805,0.689901571442299,0.696557396108626,0.713592270478375,29.9927272727273,33.0854545454545,36.9218181818182,5.88181818181818,26.7072727272727,5.28363636363636,28.8472727272727,6.28909090909091,26.9909090909091,-1.84293545538729,-2.30011022416028,0.879243452958293,0.882233335165137,0.899492785738908
59334,43281,16053,0.688901455855408,0.695057031031184,0.712905757423445,29.9345454545455,33.0036363636364,37.0618181818182,5.80909090909091,26.76,5.26181818181818,28.86,6.22181818181818,27.0872727272727,-1.83169682892886,-2.22313324836167,0.879190962099125,0.881996474217717,0.89943092621664
59987,43628,16359,0.687501432906141,0.694517926204003,0.712388989200358,29.8418181818182,32.9490909090909,37.2090909090909,5.72909090909091,26.8109090909091,5.19636363636364,28.8818181818182,6.21272727272727,27.1690909090909,-1.81634750095281,-2.12453357929533,0.879059282276244,0.882739212007505,0.899438064989006
60391,43943,16448,0.685939244707656,0.69368070575746,0.711877304990541,29.78,32.88,37.34,5.66,26.8436363636364,5.15636363636364,28.8654545454545,6.21090909090909,27.2636363636364,-1.80388166768984,-2.10619482533498,0.878380853531962,0.883101083831011,0.899741929200954
61054,44311,16743,0.684439717231925,0.693211989717465,0.711492661072712,29.6636363636364,32.8909090909091,37.4454545454546,5.60181818181818,26.8690909090909,5.11818181818182,28.8581818181818,6.18,27.3727272727273,-1.78811364688657,-2.00129411924969,0.87833282255593,0.883195135433941,0.900364166059723
61527,44680,16847,0.683205100133193,0.692439203608655,0.710566139454658,29.5727272727273,32.8581818181818,37.5690909090909,5.53090909090909,26.9072727272727,5.05272727272727,28.9145454545455,6.13454545454545,27.46,-1.77292257195169,-1.9782366424799,0.878758069474331,0.883687472332891,0.900062914388037
61987,45040,16947,0.682149325355499,0.690343128087296,0.709812210957249,29.5581818181818,32.7,37.7418181818182,5.48545454545455,26.9290909090909,5.03272727272727,28.9127272727273,6.07272727272727,27.5672727272727,-1.75438583709977,-1.96523108970035,0.879067478624592,0.883069224353628,0.900086713556219
62516,45473,17043,0.680969395678737,0.688905509147273,0.709038174478852,29.5072727272727,32.6054545454545,37.8872727272727,5.43272727272727,26.9727272727273,4.97454545454545,28.9218181818182,6.02909090909091,27.6690909090909,-1.73224930654873,-1.95795294886286,0.879351777681927,0.882897451625495,0.900326326902774
63103,45774,17329,0.679735003017778,0.688347801464885,0.708416399251131,29.4618181818182,32.5090909090909,38.0290909090909,5.36363636363636,27.0618181818182,4.85090909090909,28.9545454545455,6.00363636363636,27.7654545454545,-1.72072983465411,-1.85813962031494,0.879535917057517,0.883389261744966,0.900028686173264
63740,46140,17600,0.678595353651597,0.686826314625575,0.707579000407399,29.4109090909091,32.4472727272727,38.1418181818182,5.30363636363636,27.0981818181818,4.78545454545455,29.0363636363636,5.90363636363636,27.8727272727273,-1.70518153797496,-1.76640755764463,0.879698318496538,0.882942956404797,0.900371818095147
64370,46533,17837,0.677158784362664,0.685759990573406,0.706962167964521,29.3745454545455,32.3309090909091,38.2945454545455,5.24727272727273,27.0963636363636,4.72545454545455,29.1145454545455,5.82909090909091,27.9872727272727,-1.68453344689174,-1.69549191905694,0.879796979450359,0.883365200764818,0.900436805621498
65036,46946,18090,0.675912009993125,0.684362362467183,0.706037293920188,29.3327272727273,32.2527272727273,38.4145454545455,5.2,27.1054545454545,4.72909090909091,29.0945454545455,5.78181818181818,28.0890909090909,-1.66167801808227,-1.6235745285045,0.879625612099424,0.883477084390326,0.900511170011359
65652,47323,18329,0.67452407256872,0.682214105902618,0.705696568377044,29.2909090909091,32.08,38.6290909090909,5.14909090909091,27.1454545454545,4.67818181818182,29.1,5.77454545454545,28.1527272727273,-1.64483051056212,-1.56574237062172,0.879453755431409,0.883359782362276,0.900875458909912
66364,47775,18589,0.673136017422491,0.681068262433935,0.704714137393316,29.2490909090909,31.9727272727273,38.7781818181818,5.08545454545455,27.2181818181818,4.60181818181818,29.1509090909091,5.65636363636364,28.2872727272727,-1.61675758646293,-1.50099823772907,0.879654379312488,0.883935172021609,0.900834583645912
66770,48163,18607,0.672031694835968,0.680224346133869,0.703660770831688,29.2109090909091,31.8963636363636,38.8927272727273,5.03272727272727,27.1945454545455,4.56909090909091,29.1672727272727,5.62181818181818,28.4145454545455,-1.59447486807,-1.52305773713372,0.880119507033487,0.884512341104714,0.900846150250105
67518,48621,18897,0.671152414858512,0.67911158098936,0.702791688935035,29.2127272727273,31.7836363636364,39.0036363636364,4.96909090909091,27.2672727272727,4.49272727272727,29.1454545454545,5.63454545454545,28.4909090909091,-1.56706245135177,-1.44658177630468,0.880749362046431,0.885018019564098,0.90094163714339
68202,49042,19160,0.669825148061849,0.677460667781745,0.701844975041781,29.1927272727273,31.6472727272727,39.16,4.94,27.2909090909091,4.41818181818182,29.1927272727273,5.55454545454545,28.6036363636364,-1.54361788522113,-1.3748286198486,0.880792227204783,0.885326898770539,0.901105023679079
68717,49465,19252,0.668411026552598,0.675576184326009,0.700948130442458,29.1963636363636,31.46,39.3436363636364,4.89090909090909,27.3018181818182,4.34545454545455,29.2418181818182,5.47636363636364,28.7436363636364,-1.51768103621223,-1.35988406769254,0.880807074355461,0.885684563370514,0.901104487268358
69500,49896,19604,0.666869221321222,0.673990309086052,0.699609868036012,29.14,31.3818181818182,39.4781818181818,4.84181818181818,27.3527272727273,4.23090909090909,29.2872727272727,5.41090909090909,28.8763636363636,-1.49230506393042,-1.26113738539544,0.881200474199788,0.885110081112399,0.901027034495464
70160,50277,19883,0.665804431003347,0.672004620283602,0.698781844086427,29.1418181818182,31.2290909090909,39.6290909090909,4.79636363636364,27.3527272727273,4.18,29.3072727272727,5.38181818181818,28.9818181818182,-1.46903055974028,-1.18166241022674,0.881332667831295,0.884781089892874,0.900945127546339
70981,50734,20247,0.664587220595998,0.67044245027136,0.698415608763564,29.1872727272727,31.0272727272727,39.7854545454545,4.72909090909091,27.3781818181818,4.13272727272727,29.3709090909091,5.27090909090909,29.1181818181818,-1.44071972370148,-1.07244217842817,0.880894536846695,0.885262232639906,0.90156292843433
71734,51220,20514,0.663465566865435,0.668626864802591,0.697580102085235,29.1890909090909,30.8654545454545,39.9454545454546,4.67272727272727,27.4109090909091,4.12545454545455,29.3472727272727,5.22363636363636,29.22,-1.40895851742138,-1.00566067980094,0.881587143391055,0.885426484448633,0.90172963131543
72489,51605,20884,0.662116351504089,0.666915965260625,0.696586744005981,29.1690909090909,30.7890909090909,40.0418181818182,4.63818181818182,27.4054545454545,4.07454545454545,29.3581818181818,5.18363636363636,29.34,-1.38872825909745,-0.906059954789552,0.881755282677803,0.884788000472422,0.901784498024792
73291,51999,21292,0.660522781806551,0.665561301645741,0.695679236231184,29.1345454545455,30.72,40.1454545454545,4.59272727272727,27.4018181818182,4.05818181818182,29.36,5.10727272727273,29.48,-1.36607330427928,-0.794108416275545,0.881427858212681,0.884410511363636,0.901947463768116
74198,52432,21766,0.658842961369515,0.664840756643023,0.694630082604437,29.0727272727273,30.6345454545455,40.2927272727273,4.56909090909091,27.3763636363636,4.00727272727273,29.4090909090909,5.02909090909091,29.6090909090909,-1.34323554011908,-0.676602122187614,0.881613508442777,0.884978336993293,0.901899733766527
75073,52877,22196,0.657571217144551,0.663767387798865,0.693508631204406,29.0127272727273,30.5581818181818,40.4290909090909,4.49818181818182,27.42,3.97818181818182,29.3927272727273,4.94181818181818,29.7690909090909,-1.31418620578267,-0.553935936906121,0.882246036222348,0.885226393764503,0.901645979492714
75843,53270,22573,0.656657004463303,0.661995927817132,0.692064638444251,29.0181818181818,30.4454545454545,40.5363636363636,4.42727272727273,27.4527272727273,3.93272727272727,29.4181818181818,4.89090909090909,29.8781818181818,-1.28723055435853,-0.434856030074033,0.882769423558897,0.88498059122126,0.901143754204979
76493,53663,22830,0.655580619949609,0.659502534211546,0.69095947600674,29.0090909090909,30.2654545454545,40.7254545454545,4.38727272727273,27.4963636363636,3.82727272727273,29.4490909090909,4.87636363636364,29.9636363636364,-1.26125479821454,-0.393488249995492,0.882858038232529,0.883936080740118,0.900888432519309
77296,54123,23173,0.654453784462347,0.657807954172151,0.689832848370788,28.9963636363636,30.1654545454545,40.8381818181818,4.36909090909091,27.52,3.72363636363636,29.5109090909091,4.8,30.0763636363636,-1.23210010122169,-0.306198226999153,0.88280662151994,0.884033512145139,0.901117492542629
78212,54522,23690,0.65315002418827,0.655790848045855,0.688781989675075,28.9709090909091,30.0745454545455,40.9545454545455,4.31454545454546,27.5690909090909,3.67636363636364,29.5309090909091,4.78363636363636,30.1254545454545,-1.20768901793794,-0.176181479475715,0.88276641144722,0.883380690405659,0.901309655937847
79085,54904,24181,0.651888042873372,0.654559377730603,0.687725643422272,28.9327272727273,30.0109090909091,41.0563636363636,4.26909090909091,27.6309090909091,3.62,29.5145454545455,4.76909090909091,30.1963636363636,-1.18471905504438,-0.0656151420690797,0.882611701124866,0.883133406034169,0.901377264071565
79952,55329,24623,0.651038091501588,0.652612258750842,0.686832519719138,28.9309090909091,29.8509090909091,41.2181818181818,4.21272727272727,27.6545454545455,3.61272727272727,29.5218181818182,4.69636363636364,30.3018181818182,-1.15858649489554,0.0362819738008759,0.882855706385118,0.883055183335364,0.901235112483458
81011,55813,25198,0.649904237167926,0.651622240847718,0.686068495188879,28.8745454545455,29.7363636363636,41.3890909090909,4.15818181818182,27.74,3.57272727272727,29.4781818181818,4.65090909090909,30.4,-1.12891203307293,0.167858738113533,0.883445626849695,0.883644145521247,0.901423299947285
81984,56244,25740,0.649396097541925,0.649726213456094,0.68490057500275,28.8490909090909,29.64,41.5109090909091,4.10181818181818,27.8018181818182,3.54545454545455,29.4072727272727,4.66909090909091,30.4745454545455,-1.10084548822858,0.295382402024486,0.884351169093086,0.883020488283646,0.901537383382243
83016,56705,26311,0.648532128906183,0.647723803787078,0.683723137130282,28.8527272727273,29.48,41.6672727272727,4.06181818181818,27.8654545454545,3.48,29.4072727272727,4.65090909090909,30.5345454545455,-1.06728077303957,0.431271083382043,0.884680824248535,0.882755643271247,0.90125234542043
84037,57114,26923,0.647939303318359,0.646507592953268,0.682638685341285,28.8381818181818,29.3581818181818,41.8036363636364,4.00181818181818,28.0109090909091,3.36363636363636,29.4145454545455,4.61818181818182,30.5909090909091,-1.04112682748925,0.582481726597656,0.885253136624425,0.883012324270762,0.901313500347947
85143,57479,27664,0.647062936497425,0.644895404793577,0.68112879361462,28.8145454545455,29.2963636363636,41.8890909090909,3.94545454545454,28.0509090909091,3.3,29.4727272727273,4.59272727272727,30.6381818181818,-1.01745747056874,0.755348630317233,0.885600706713781,0.881648358468317,0.901124180737011
86502,57872,28630,0.646290239545187,0.642827314259751,0.680040329225782,28.8309090909091,29.1672727272727,42.0018181818182,3.86727272727273,28.1727272727273,3.29636363636364,29.3890909090909,4.56363636363636,30.7109090909091,-0.98781131898815,0.9975937042724,0.885602572996153,0.88056352075801,0.900999956711831
87653,58277,29376,0.645214567969001,0.64176426956124,0.679548836545317,28.8090909090909,29.0563636363636,42.1345454545455,3.81454545454546,28.2781818181818,3.22363636363636,29.3709090909091,4.49090909090909,30.8218181818182,-0.95673367807811,1.18464173782956,0.885326601451562,0.881296539640823,0.9009234486925
89237,58751,30486,0.644369284003841,0.640925168791159,0.678851036454453,28.7654545454545,28.9454545454545,42.2890909090909,3.73636363636364,28.3945454545455,3.20363636363636,29.3436363636364,4.42545454545455,30.8963636363636,-0.92211708531461,1.48841845366088,0.885531887996966,0.881658291457286,0.901070553334193
90541,59125,31416,0.643340264257411,0.639809019147132,0.677639225324853,28.7363636363636,28.8781818181818,42.3854545454545,3.68727272727273,28.4890909090909,3.09636363636364,29.4,4.34727272727273,30.98,-0.898338983783668,1.72572872503237,0.885352736475799,0.881193729144368,0.901123884694578
91689,59480,32209,0.642185840533186,0.639021018147496,0.676515237953502,28.6781818181818,28.8454545454545,42.4763636363636,3.61818181818182,28.6345454545455,3.01272727272727,29.3454545454545,4.36363636363636,31.0254545454545,-0.872958209975199,1.88711777878079,0.884993343054587,0.881563189410652,0.900907456553377
93118,59892,33226,0.641565095750006,0.638292041173847,0.675507941066386,28.6145454545455,28.7963636363636,42.5890909090909,3.54545454545455,28.7163636363636,2.96363636363636,29.4490909090909,4.24909090909091,31.0763636363636,-0.845925014669245,2.12297186289321,0.885436523065192,0.882055815128173,0.900614754098361
94109,60263,33846,0.640653064738646,0.637487742748633,0.674731688846319,28.5436363636364,28.7436363636364,42.7127272727273,3.48363636363636,28.8109090909091,2.89272727272727,29.4763636363636,4.23090909090909,31.1054545454545,-0.823293598334898,2.2360240271823,0.886043697050768,0.881965968751977,0.900689596458369
95285,60574,34711,0.639949144070366,0.636248401131557,0.67383774463988,28.5109090909091,28.6909090909091,42.7981818181818,3.40909090909091,28.9436363636364,2.82909090909091,29.4927272727273,4.15090909090909,31.1745454545455,-0.800374015217478,2.42080397727815,0.88591288820866,0.881875792141952,0.900463061302519
96580,60906,35674,0.639396155079102,0.634699924372316,0.673184050067886,28.4818181818182,28.5909090909091,42.9272727272727,3.32727272727273,29.0381818181818,2.76363636363636,29.5709090909091,4.06181818181818,31.2381818181818,-0.777058660442179,2.63175162253055,0.886051707628471,0.881653418124006,0.900338839474799
97759,61248,36511,0.638628578421004,0.633321213726207,0.672381342034409,28.4418181818182,28.5163636363636,43.0418181818182,3.26545454545455,29.1854545454545,2.65454545454545,29.6381818181818,3.97090909090909,31.2854545454545,-0.750644307617437,2.78549702045592,0.886147158473439,0.88153532262178,0.900308368183162
98789,61600,37189,0.637473381967051,0.632698735341021,0.671527527471374,28.3690909090909,28.4927272727273,43.1381818181818,3.20363636363636,29.2636363636364,2.63272727272727,29.6018181818182,3.98181818181818,31.3163636363636,-0.724122261154381,2.91554114913399,0.885983464718323,0.88194754642333,0.900573210823569
100197,61947,38250,0.636411422680077,0.631871857431202,0.670689815853251,28.3054545454545,28.4818181818182,43.2127272727273,3.14363636363636,29.3963636363636,2.52363636363636,29.5981818181818,4,31.3381818181818,-0.700130891664462,3.14272029176354,0.88617677286742,0.88196616661347,0.900618504649304
101320,62269,39051,0.635776911959974,0.630439893885991,0.670013736060876,28.2581818181818,28.4545454545455,43.2872727272727,3.08363636363636,29.5254545454545,2.43454545454545,29.6127272727273,3.98,31.3636363636364,-0.677396309714426,3.28789668022232,0.886565435593875,0.881341853035144,0.900621639784946
102395,62630,39765,0.634690025222776,0.629786037838055,0.669582140711097,28.2090909090909,28.4145454545455,43.3763636363636,3.04,29.6109090909091,2.38909090909091,29.6490909090909,3.89272727272727,31.4181818181818,-0.647875861755826,3.40837060782042,0.886368030937802,0.881750703864858,0.900909586284948
103250,62898,40352,0.63335410817428,0.629276475407648,0.668990501546209,28.1381818181818,28.4218181818182,43.44,2.98909090909091,29.6963636363636,2.34727272727273,29.6854545454545,3.84909090909091,31.4327272727273,-0.629946752163497,3.46283337446776,0.886210907211166,0.881908904810645,0.901012891344383
104445,63186,41259,0.632498919787584,0.628573447684212,0.668584696693891,28.0890909090909,28.3654545454545,43.5454545454545,2.95818181818182,29.7763636363636,2.26545454545455,29.7254545454545,3.80909090909091,31.4654545454545,-0.610580043359236,3.58463867591186,0.886400414266296,0.882443433113262,0.900960334029228
105416,63424,41992,0.631142646377925,0.627746803731383,0.667928639178909,28.0218181818182,28.4018181818182,43.5763636363636,2.91090909090909,29.8327272727273,2.18727272727273,29.8290909090909,3.76181818181818,31.4781818181818,-0.592116759277203,3.68313192129135,0.885997923695821,0.882017796555918,0.901030583719281
106580,63723,42857,0.630163028089728,0.626705321314012,0.667361286345422,28.0109090909091,28.3290909090909,43.66,2.86181818181818,29.9236363636364,2.09636363636364,29.8836363636364,3.70909090909091,31.5254545454545,-0.569183092395013,3.84694447842511,0.885758795274568,0.882228355047815,0.900928663640528
107484,64015,43469,0.628900081505969,0.625238061854125,0.666674108401104,27.9945454545455,28.2945454545455,43.7109090909091,2.84,29.9581818181818,2.06909090909091,29.9327272727273,3.63090909090909,31.5690909090909,-0.548378253592686,3.89402484839613,0.885497174774307,0.882341601336589,0.900877667318331
108518,64311,44207,0.627778210441295,0.624308656353175,0.666511796478577,27.9418181818182,28.2218181818182,43.8363636363636,2.79090909090909,30.0181818181818,2.00909090909091,29.96,3.59454545454545,31.6272727272727,-0.525853204253045,3.99175020347942,0.885411244143675,0.882811493364257,0.900871007880548
109593,64645,44948,0.626975326901673,0.623164081071181,0.666078849099689,27.9236363636364,28.2327272727273,43.8436363636364,2.74727272727273,30.0927272727273,1.97454545454545,29.9963636363636,3.53454545454545,31.6545454545455,-0.501335489038717,4.08040799715302,0.885662195598385,0.882599175682638,0.901177739072738
110416,64892,45524,0.626091343095454,0.622236824565021,0.665841115262869,27.8890909090909,28.2272727272727,43.8836363636364,2.70727272727273,30.1436363636364,1.92363636363636,30.0018181818182,3.49818181818182,31.7254545454545,-0.482197288762439,4.13315520232374,0.885911728274333,0.882576489533011,0.901267815710971
111367,65129,46238,0.624872289854548,0.622001448505915,0.665400519461436,27.82,28.2472727272727,43.9327272727273,2.66545454545455,30.2345454545455,1.79090909090909,30.0727272727273,3.42727272727273,31.8090909090909,-0.46637672456828,4.20089955329895,0.885889811123456,0.883238928939238,0.90112982659438
112346,65366,46980,0.623851813873161,0.621302160160796,0.665329403799185,27.7872727272727,28.2327272727273,43.98,2.63090909090909,30.2672727272727,1.73090909090909,30.0836363636364,3.39272727272727,31.8945454545455,-0.447823879901658,4.28238124441017,0.885820846692403,0.883500772797527,0.901194757947828
113317,65556,47761,0.622846022537041,0.620801256419305,0.665123299974145,27.7436363636364,28.2545454545455,44.0018181818182,2.59818181818182,30.2654545454545,1.69272727272727,30.08,3.35272727272727,32.0109090909091,-0.435384968431158,4.36605688387697,0.885706795989252,0.883526383526384,0.901161109045081
114150,65792,48358,0.622007293371827,0.619825433805388,0.664838286742854,27.7109090909091,28.2472727272727,44.0418181818182,2.55636363636364,30.3418181818182,1.60363636363636,30.0454545454545,3.32545454545455,32.1272727272727,-0.416967887465249,4.39276216788725,0.88563742536579,0.883689495365602,0.901374726499608
114884,65974,48910,0.621119143883038,0.619196393660891,0.664498623509742,27.6618181818182,28.2636363636364,44.0745454545455,2.52545454545455,30.4036363636364,1.49272727272727,30.0581818181818,3.27636363636364,32.2436363636364,-0.407952126149427,4.4096079682762,0.885631655054555,0.883821164361531,0.901324202796914
115534,66158,49376,0.620146568819277,0.617927720772226,0.664248870681561,27.6418181818182,28.2472727272727,44.1109090909091,2.49636363636364,30.38,1.48909090909091,30.0563636363636,3.19454545454545,32.3836363636364,-0.394792890887369,4.40502532991496,0.885285798855489,0.883625128733265,0.901323111166069
116257,66322,49935,0.619182930750441,0.616500954174772,0.663954540142187,27.6145454545455,28.2363636363636,44.1490909090909,2.46363636363636,30.3636363636364,1.46363636363636,30.06,3.13090909090909,32.5181818181818,-0.382473217899149,4.4537659375505,0.884843297340005,0.883129426915647,0.901408450704225
116891,66455,50436,0.618077747916076,0.615708210113304,0.663632957434686,27.5545454545455,28.2527272727273,44.1927272727273,2.43454545454545,30.3618181818182,1.43454545454545,30.0090909090909,3.06,32.7,-0.373121715370904,4.45404504087161,0.884790498185417,0.882682283287213,0.90117666419814
117665,66614,51051,0.616904849116024,0.615259710628913,0.663616229600621,27.5018181818182,28.2654545454545,44.2327272727273,2.42363636363636,30.3563636363636,1.34545454545455,30.0163636363636,3.03090909090909,32.8272727272727,-0.359895822355016,4.50233347957785,0.884305169906122,0.88279943393799,0.901183821111476
118371,66808,51563,0.616296108378186,0.614371151880354,0.663364430975665,27.5090909090909,28.24,44.2509090909091,2.41818181818182,30.2981818181818,1.34727272727273,29.9690909090909,2.92,33.0472727272727,-0.346874808740209,4.50680785937743,0.884269662921348,0.882951326294102,0.901347686745008
119199,66978,52221,0.615669012025282,0.612986486826976,0.663291117062793,27.4909090909091,28.2072727272727,44.3018181818182,2.39636363636364,30.2636363636364,1.32909090909091,29.9509090909091,2.84,33.22,-0.334447181292556,4.53427247648889,0.884457671957672,0.882557689828542,0.901378970696873
119690,67129,52561,0.614984905651988,0.612236788920992,0.663208856612862,27.4781818181818,28.2018181818182,44.32,2.37818181818182,30.1927272727273,1.37454545454545,29.8345454545455,2.87818181818182,33.3418181818182,-0.326360164616596,4.5155352383852,0.884536491762059,0.882599445554768,0.901460452904496
120341,67259,53082,0.614427649802213,0.611610155593129,0.663152057591344,27.4509090909091,28.1872727272727,44.3618181818182,2.35636363636364,30.1763636363636,1.32909090909091,29.7890909090909,2.84727272727273,33.5018181818182,-0.316065775552257,4.50598467656157,0.884620479533713,0.882474359801329,0.90143038649125
121048,67410,53638,0.613594157610308,0.611193102424546,0.662952603660881,27.4163636363636,28.2,44.3836363636364,2.32909090909091,30.1654545454545,1.28909090909091,29.7327272727273,2.81272727272727,33.6709090909091,-0.305600500377742,4.51713446080685,0.884607732608263,0.882849774339136,0.901396911228544
121938,67576,54362,0.612776459302431,0.610514145729473,0.662802855324643,27.4127272727273,28.1981818181818,44.3890909090909,2.31272727272727,30.1345454545455,1.21636363636364,29.7745454545455,2.64181818181818,33.92,-0.294590274295346,4.54462456095286,0.884526099356636,0.88290669933587,0.901490947816826
122585,67694,54891,0.612341384692324,0.60988352607149,0.662444574402151,27.3763636363636,28.2236363636364,44.4,2.31090909090909,30.1181818181818,1.10727272727273,29.7909090909091,2.58,34.0927272727273,-0.283458879352971,4.54053417169912,0.884904031347546,0.882625781099014,0.901228501228501
123123,67804,55319,0.611702823201605,0.609235991733661,0.662354308526925,27.3545454545455,28.2145454545455,44.4309090909091,2.28545454545455,30.0563636363636,1.11818181818182,29.7418181818182,2.53272727272727,34.2654545454545,-0.277361122738909,4.54849654713815,0.884812229976736,0.882587962366284,0.90121537013545
123715,67920,55795,0.61112679597339,0.609045564061336,0.662062280138863,27.3436363636364,28.2345454545455,44.4218181818182,2.26363636363636,30.0036363636364,1.11272727272727,29.7036363636364,2.48,34.4363636363636,-0.269407616128129,4.56058801134879,0.884832768136179,0.882799922725224,0.901195153896529
124303,67997,56306,0.610710417499178,0.60871533853136,0.661941911796569,27.3290909090909,28.2309090909091,44.44,2.23636363636364,29.9872727272727,1.06,29.6909090909091,2.41818181818182,34.6072727272727,-0.264098294811662,4.55985360834748,0.884904530636684,0.882720422489856,0.901112838556583
124852,68106,56746,0.610019286790613,0.608536925898432,0.661771383062577,27.2945454545455,28.2563636363636,44.4490909090909,2.23272727272727,29.9036363636364,1.03636363636364,29.7054545454545,2.35090909090909,34.7709090909091,-0.256981135575651,4.55080512010027,0.884892086330935,0.882826072968277,0.901173968176054
125357,68213,57144,0.609572532493478,0.607899706846394,0.661640261934312,27.2981818181818,28.24,44.4618181818182,2.21636363636364,29.84,1.01090909090909,29.7218181818182,2.26909090909091,34.9418181818182,-0.249280364814595,4.54083498679102,0.884907419741574,0.882822559876384,0.901120471088574
125755,68321,57434,0.60904550513304,0.607330900689699,0.661528040274813,27.2745454545455,28.2309090909091,44.4945454545455,2.20909090909091,29.8290909090909,0.950909090909091,29.6836363636364,2.24,35.0872727272727,-0.239079048793594,4.51261004270478,0.88500766615559,0.882849230372899,0.901152337365152
126150,68410,57740,0.608686385009981,0.606705747478601,0.661296954952873,27.2781818181818,28.2072727272727,44.5145454545455,2.19454545454545,29.7709090909091,0.96,29.62,2.19272727272727,35.2618181818182,-0.232625085581094,4.50841671052304,0.885156302072919,0.882815521464484,0.900992525425806
126503,68488,58015,0.608153655332717,0.606569770280656,0.661030097036345,27.2563636363636,28.2236363636364,44.52,2.16727272727273,29.7563636363636,0.909090909090909,29.5618181818182,2.13090909090909,35.4745454545455,-0.22650546459587,4.46434491154822,0.88526449202855,0.882883463248084,0.900922976394675
126990,68581,58409,0.607714490638535,0.605915991269068,0.660785705512529,27.2472727272727,28.2290909090909,44.5236363636364,2.14909090909091,29.7090909090909,0.883636363636364,29.5418181818182,2.06181818181818,35.6545454545455,-0.215582800221587,4.42910864366726,0.885292940077406,0.882712868736313,0.900849395622346
127230,68632,58598,0.607471640086635,0.605690988732734,0.660626860375378,27.2436363636364,28.2309090909091,44.5254545454545,2.12545454545455,29.6472727272727,0.907272727272727,29.4690909090909,2.02727272727273,35.8236363636364,-0.211731714618773,4.40741855596954,0.885277629471436,0.882720422489856,0.90085344440361
127524,68689,58835,0.607038439535732,0.605222159895611,0.660512119220806,27.2454545454545,28.2272727272727,44.5272727272727,2.09454545454545,29.6436363636364,0.863636363636364,29.4181818181818,1.99090909090909,35.9890909090909,-0.207626198941249,4.35707241283222,0.885085085085085,0.882576489533011,0.900939158840343
127865,68748,59117,0.606796793748311,0.604865922221472,0.660344732861794,27.2472727272727,28.2145454545455,44.5381818181818,2.08545454545455,29.58,0.869090909090909,29.3890909090909,1.90363636363636,36.1727272727273,-0.202463269741169,4.33768933483145,0.885026024289337,0.882587962366284,0.900922599608099
128232,68820,59412,0.606451136590293,0.604523351837116,0.660296747608826,27.2472727272727,28.22,44.5327272727273,2.06181818181818,29.5418181818182,0.865454545454545,29.34,1.86545454545455,36.3254545454545,-0.196084277568893,4.33456564762376,0.885026024289337,0.882675085368211,0.900951292205936
128523,68877,59646,0.606164133525787,0.604042079014463,0.660040796245825,27.2527272727273,28.2236363636364,44.5236363636364,2.04181818181818,29.5309090909091,0.801818181818182,29.3309090909091,1.82181818181818,36.4727272727273,-0.191372374316085,4.30310808162798,0.885049035959704,0.882561360561747,0.900849395622346
128762,68931,59831,0.605776458371727,0.603776824427841,0.659701534926305,27.2618181818182,28.2290909090909,44.5090909090909,2.03454545454545,29.4854545454545,0.770909090909091,29.3090909090909,1.78909090909091,36.6109090909091,-0.183323208434211,4.25294715003534,0.884887288248633,0.882390828288033,0.900816993464052
129000,68979,60021,0.605505410848925,0.60356469933963,0.659429481520705,27.2672727272727,28.2363636363636,44.4963636363636,2.02909090909091,29.4345454545455,0.743636363636364,29.2909090909091,1.74,36.7618181818182,-0.179742493611676,4.21819059252739,0.884910315396413,0.882292337411462,0.90082948555551
129210,69024,60186,0.605109666757111,0.603396890919621,0.659365836041568,27.2690909090909,28.2381818181818,44.4927272727273,2.01636363636364,29.3927272727273,0.745454545454545,29.2290909090909,1.66909090909091,36.9472727272727,-0.17538781656926,4.1847249543125,0.884784637951727,0.882364303650763,0.900862245106452
129475,69094,60381,0.604887673422929,0.603429319720714,0.659142710224126,27.2763636363636,28.2309090909091,44.4927272727273,2.01272727272727,29.3618181818182,0.734545454545455,29.1963636363636,1.60181818181818,37.0927272727273,-0.168188927332151,4.16328684037382,0.884815357952273,0.882720422489856,0.900821380409464
129689,69151,60538,0.604683149883981,0.603070182983749,0.659061697011151,27.28,28.2254545454545,44.4945454545455,1.99818181818182,29.3290909090909,0.750909090909091,29.1327272727273,1.56,37.2290909090909,-0.162504188145977,4.13259404748678,0.884830711810184,0.882762174697243,0.900866296175221
129881,69189,60692,0.604393302283211,0.602575824950741,0.658976200469113,27.2836363636364,28.2127272727273,44.5036363636364,1.99818181818182,29.2909090909091,0.729090909090909,29.0945454545455,1.53636363636364,37.3509090909091,-0.159414584181187,4.09865019605918,0.884712781554045,0.882644841141973,0.900886546553908
130112,69220,60892,0.604083103023858,0.602534432745088,0.658912789156246,27.2636363636364,28.2327272727273,44.5036363636364,1.98727272727273,29.2727272727273,0.701818181818182,29.0727272727273,1.45636363636364,37.5090909090909,-0.15708753360774,4.06779232038693,0.884761587195732,0.882534775888717,0.900927401233811
130379,69291,61088,0.603867883947901,0.602235486616019,0.658907223574369,27.2618181818182,28.2345454545455,44.5036363636364,1.98,29.2327272727273,0.714545454545455,29.0381818181818,1.37454545454545,37.66,-0.149792614177039,4.0420510716059,0.884887288248633,0.882606735784661,0.901009110593618
130532,69332,61200,0.60372499161494,0.60198813025413,0.658616781683592,27.2672727272727,28.2381818181818,44.4945454545455,1.97272727272727,29.2454545454545,0.68,28.9727272727273,1.36181818181818,37.7672727272727,-0.144552462245338,4.01955060217191,0.884910315396413,0.88249307835941,0.900948022229487
130772,69372,61400,0.603459124895856,0.601885084974817,0.658402605400995,27.26,28.2418181818182,44.4981818181818,1.96545454545455,29.2272727272727,0.656363636363636,28.9218181818182,1.30727272727273,37.9218181818182,-0.139229104716585,3.99359291859648,0.884946308277196,0.882508208330651,0.900874397319604
130946,69399,61547,0.603327427633237,0.601822841405854,0.65830404957499,27.2636363636364,28.24,44.4963636363636,1.96181818181818,29.1872727272727,0.654545454545455,28.8309090909091,1.34,38.0254545454545,-0.137363887584599,3.96738988973878,0.884894964988329,0.882629410249807,0.900870346912924
131186,69425,61761,0.603071373161947,0.601621692453101,0.658100294725152,27.2581818181818,28.2472727272727,44.4945454545455,1.95818181818182,29.1690909090909,0.632727272727273,28.8327272727273,1.23454545454545,38.1727272727273,-0.134151884063613,3.94728288386356,0.884871931696905,0.882466529351184,0.900825433148088
131314,69457,61857,0.602843869727884,0.601565346463873,0.658054911810411,27.2545454545455,28.2509090909091,44.4945454545455,1.95818181818182,29.1490909090909,0.598181818181818,28.7763636363636,1.22909090909091,38.2890909090909,-0.13251237831269,3.91157834780487,0.884856571047365,0.882610374565581,0.900825433148088
131479,69489,61990,0.602674195929032,0.601482810021103,0.65799830233395,27.2581818181818,28.2509090909091,44.4909090909091,1.94363636363636,29.1418181818182,0.572727272727273,28.7418181818182,1.20909090909091,38.3909090909091,-0.128855538808487,3.88478134233843,0.88480522945571,0.882674732912859,0.90085819370658
131647,69518,62129,0.602446602659745,0.601186913981105,0.657927532223591,27.2636363636364,28.2490909090909,44.4872727272727,1.92909090909091,29.1163636363636,0.570909090909091,28.6963636363636,1.17454545454545,38.5127272727273,-0.127291755569802,3.86211790415374,0.884828276092031,0.882538456587501,0.900890959620729
131862,69536,62326,0.602349556720028,0.601263971393084,0.657852267228009,27.2672727272727,28.2418181818182,44.4909090909091,1.90363636363636,29.0945454545455,0.569090909090909,28.6909090909091,1.12727272727273,38.6145454545455,-0.126022959161888,3.84922399778258,0.884776955391078,0.882701345522436,0.90085819370658
132069,69564,62505,0.602337083891768,0.601153507941918,0.65774075979623,27.2745454545455,28.2345454545455,44.4909090909091,1.88727272727273,29.0836363636364,0.58,28.6418181818182,1.08181818181818,38.7254545454545,-0.124178974858527,3.84501048590649,0.884807679488034,0.88273552707837,0.90085819370658
132198,69577,62621,0.602248729435052,0.600916608452124,0.657589166565398,27.2763636363636,28.2381818181818,44.4854545454545,1.87454545454545,29.0636363636364,0.552727272727273,28.6109090909091,1.05818181818182,38.84,-0.1243668401254,3.83099115070972,0.884815357952273,0.882557465713734,0.900846037519925
132413,69603,62810,0.602229339949171,0.600755877748942,0.657498314026133,27.2890909090909,28.2309090909091,44.48,1.86181818181818,29.0781818181818,0.498181818181818,28.5909090909091,1.01454545454545,38.9563636363636,-0.121429715361658,3.79546992175958,0.884869078552868,0.882527210665293,0.900874754741661
132583,69642,62941,0.601989612666647,0.60087703157137,0.657273514520062,27.28,28.2472727272727,44.4727272727273,1.85454545454545,29.0436363636364,0.507272727272727,28.5290909090909,0.989090909090909,39.0763636363636,-0.116842594648584,3.78809677247297,0.884897360703812,0.882659629248198,0.900858544562551
132740,69678,63062,0.60186375545815,0.600868902570812,0.65708856357227,27.2763636363636,28.2472727272727,44.4763636363636,1.84909090909091,29.0218181818182,0.512727272727273,28.4545454545455,0.970909090909091,39.1909090909091,-0.111741577179848,3.78410848426548,0.884948673510199,0.882788362512873,0.900784890851116
132960,69693,63267,0.601759557818256,0.600629113889174,0.656963550016187,27.2763636363636,28.2472727272727,44.4763636363636,1.83272727272727,29.0181818181818,0.472727272727273,28.4490909090909,0.901818181818182,39.3254545454545,-0.110266014618206,3.79110017642379,0.884948673510199,0.882659629248198,0.900784890851116
133148,69713,63435,0.601751244307253,0.600499980407204,0.656930420102807,27.2836363636364,28.24,44.4763636363636,1.83272727272727,29.0163636363636,0.44,28.42,0.861818181818182,39.4290909090909,-0.108236301833213,3.76577041860331,0.885045981607357,0.882693793458666,0.900744011119287
133287,69735,63552,0.601639424971542,0.60035427763036,0.656815690557464,27.2890909090909,28.2345454545455,44.4763636363636,1.82909090909091,29.0163636363636,0.403636363636364,28.3763636363636,0.861818181818182,39.5127272727273,-0.106194253019269,3.76064917804165,0.885068958624825,0.882671131431515,0.900744011119287
133397,69737,63660,0.601624046022935,0.600318337927805,0.656748715424154,27.2872727272727,28.2381818181818,44.4745454545455,1.82,29.0072727272727,0.423636363636364,28.3145454545455,0.805454545454545,39.6290909090909,-0.106946094886569,3.71667708808726,0.885127931769723,0.882621853068057,0.9007399533952
133542,69749,63793,0.601536125076657,0.600146409304527,0.656768980359585,27.2872727272727,28.2363636363636,44.4763636363636,1.81818181818182,28.9981818181818,0.405454545454546,28.2727272727273,0.8,39.7054545454545,-0.105524220838296,3.72214094542644,0.885127931769723,0.88254990341275,0.900744011119287
133640,69755,63885,0.601407343470481,0.59997550955384,0.65659024472911,27.2890909090909,28.2381818181818,44.4727272727273,1.80909090909091,28.9690909090909,0.403636363636364,28.2381818181818,0.787272727272727,39.7927272727273,-0.104074626028622,3.70441398441114,0.885002331934173,0.882428691005087,0.900695012264922
133830,69781,64049,0.601399636187931,0.599819835816672,0.656558895312199,27.2909090909091,28.2290909090909,44.48,1.80727272727273,28.9545454545455,0.396363636363636,28.1927272727273,0.754545454545455,39.8945454545455,-0.101065258085939,3.69689993961206,0.885143237841439,0.882455236377689,0.900670372792675
133971,69793,64178,0.601316256897015,0.599675885241515,0.656563405309245,27.2854545454545,28.2327272727273,44.4818181818182,1.8,28.9327272727273,0.38,28.1781818181818,0.738181818181818,39.9709090909091,-0.100203680592081,3.67356881885366,0.885186912774039,0.882341576506955,0.90071530758226
134075,69807,64268,0.601267985245178,0.599592187410388,0.65634282665367,27.2854545454545,28.2454545454545,44.4690909090909,1.78727272727273,28.9436363636364,0.365454545454545,28.12,0.750909090909091,40.0327272727273,-0.0983925367419777,3.66281594410539,0.885186912774039,0.882265851303508,0.900686891814539
134223,69823,64400,0.601197221456208,0.599636440401895,0.656212628704054,27.2854545454545,28.2454545454545,44.4690909090909,1.78181818181818,28.9254545454545,0.367272727272727,28.1163636363636,0.694545454545455,40.1145454545455,-0.0966260397065939,3.63812992786142,0.885186912774039,0.882394592854844,0.900646005397007
134359,69843,64516,0.601127566517672,0.599468630081764,0.656251901671787,27.2854545454545,28.24,44.4745454545455,1.77454545454545,28.9127272727273,0.370909090909091,28.0709090909091,0.694545454545455,40.1763636363636,-0.0947796910122799,3.62134281119162,0.885186912774039,0.88243626062323,0.900699071992151
134442,69849,64593,0.601038055651305,0.599457715637393,0.656226251659652,27.2854545454545,28.24,44.4745454545455,1.77272727272727,28.8945454545455,0.365454545454545,28.06,0.681818181818182,40.2254545454545,-0.0945202391150154,3.61496703963388,0.885120277203971,0.882500643832089,0.900699071992151
134548,69855,64693,0.600974500039201,0.599384543792054,0.656207317127395,27.2872727272727,28.2381818181818,44.4745454545455,1.75818181818182,28.8818181818182,0.343636363636364,28.0545454545455,0.683636363636364,40.2781818181818,-0.0945786639518866,3.60638542774726,0.885127931769723,0.88249307835941,0.900699071992151
134654,69861,64793,0.600925900945097,0.599291619172826,0.65618793198065,27.2890909090909,28.2309090909091,44.48,1.75090909090909,28.8818181818182,0.32,28.0563636363636,0.656363636363636,40.3345454545455,-0.0949707354789346,3.58994842903181,0.885135585315477,0.882527210665293,0.900670372792675
134772,69873,64899,0.600867301150121,0.599316529510137,0.656171683973332,27.2909090909091,28.2345454545455,44.4745454545455,1.74727272727273,28.8727272727273,0.296363636363636,28.0472727272727,0.645454545454546,40.3909090909091,-0.0940958280306817,3.58443617305972,0.885143237841439,0.882606735784661,0.900699071992151
134825,69873,64952,0.600834741359455,0.599248890606616,0.65612462280029,27.2909090909091,28.2381818181818,44.4709090909091,1.74,28.86,0.310909090909091,28.0236363636364,0.629090909090909,40.4363636363636,-0.0947234706011262,3.56952967074784,0.885143237841439,0.882557465713734,0.900690952205732
134963,69877,65086,0.600794090523933,0.599300774756017,0.65611002773003,27.2872727272727,28.2418181818182,44.4709090909091,1.73090909090909,28.8836363636364,0.269090909090909,28.0109090909091,0.62,40.4854545454545,-0.0947306888188574,3.55166444473646,0.885127931769723,0.882636966458508,0.900690952205732
135094,69884,65210,0.600764631909175,0.599280865680987,0.65599120755144,27.2854545454545,28.2490909090909,44.4654545454545,1.73090909090909,28.8618181818182,0.272727272727273,28.02,0.569090909090909,40.5454545454545,-0.094549450930208,3.54448740424758,0.885186912774039,0.882602819077042,0.900678770035983
135181,69900,65281,0.600695865974286,0.599296326392973,0.655880361219995,27.2890909090909,28.2472727272727,44.4636363636364,1.72545454545455,28.8581818181818,0.276363636363636,27.9909090909091,0.552727272727273,40.5963636363636,-0.0923962648418224,3.53867052654651,0.885135585315477,0.882723995880536,0.900674708648538
135272,69912,65360,0.60059435703831,0.599312213430617,0.655909923666766,27.2818181818182,28.2527272727273,44.4654545454545,1.72363636363636,28.8618181818182,0.258181818181818,27.9618181818182,0.547272727272727,40.6472727272727,-0.0912080876105888,3.51779699227349,0.885171609463512,0.882810991698307,0.900678770035983
135342,69920,65422,0.600503279439669,0.599273375058507,0.655907534367245,27.28,28.2509090909091,44.4690909090909,1.72363636363636,28.8418181818182,0.265454545454545,27.9618181818182,0.521818181818182,40.6854545454545,-0.0903230056939223,3.49714670963585,0.885163956278326,0.882803449607414,0.900686891814539
135399,69920,65479,0.600479746826063,0.599253559871305,0.655900496545332,27.2781818181818,28.2509090909091,44.4709090909091,1.72181818181818,28.8345454545455,0.265454545454545,27.9509090909091,0.501818181818182,40.7254545454545,-0.0905096933012828,3.49479540906508,0.885156302072919,0.882803449607414,0.900690952205732
135544,69936,65608,0.600450159649642,0.599033357094664,0.655942286084779,27.2818181818182,28.2418181818182,44.4763636363636,1.71636363636364,28.8490909090909,0.24,27.9363636363636,0.478181818181818,40.78,-0.088438202013177,3.48197483958846,0.885171609463512,0.882830103650293,0.900703131387458
135628,69942,65686,0.600479002073714,0.59892656221775,0.655958603642639,27.2890909090909,28.2345454545455,44.4763636363636,1.71454545454545,28.8490909090909,0.225454545454545,27.9036363636364,0.481818181818182,40.8254545454545,-0.0880887138159861,3.46975590574809,0.88520221200613,0.882864318372078,0.900703131387458
135771,69938,65833,0.600428814725155,0.598873620310498,0.655941625220724,27.2909090909091,28.2327272727273,44.4763636363636,1.71272727272727,28.8581818181818,0.205454545454545,27.9109090909091,0.416363636363636,40.8963636363636,-0.0893462302173827,3.45360017606819,0.885143237841439,0.88285677485832,0.900703131387458
135839,69946,65893,0.600383252499644,0.59880422217778,0.655887365705111,27.2909090909091,28.2345454545455,44.4745454545455,1.71272727272727,28.8618181818182,0.194545454545455,27.8836363636364,0.407272727272727,40.94,-0.0887045876959085,3.44455716733567,0.885143237841439,0.882864318372078,0.900699071992151
135927,69948,65979,0.600328227829771,0.598764388261487,0.65587255712209,27.2909090909091,28.2327272727273,44.4763636363636,1.70909090909091,28.8618181818182,0.201818181818182,27.88,0.367272727272727,40.98,-0.0883009068001146,3.4309874957766,0.885143237841439,0.88285677485832,0.900662251655629
135998,69958,66040,0.6002950451937,0.59857164873889,0.655903973614855,27.2945454545455,28.2272727272727,44.4781818181818,1.70181818181818,28.8690909090909,0.205454545454545,27.8436363636364,0.372727272727273,41.0072727272727,-0.0866825371028178,3.42894760764797,0.885091926458833,0.882769726247987,0.900707190450885
136053,69964,66089,0.600288710653658,0.598480943765356,0.655867700827256,27.3,28.2254545454545,44.4745454545455,1.7,28.8618181818182,0.196363636363636,27.8181818181818,0.383636363636364,41.04,-0.0855245963400442,3.40932838578116,0.885114885114885,0.882762174697243,0.900699071992151
136136,69978,66158,0.600265333659629,0.598410038098273,0.655812268908543,27.2981818181818,28.2236363636364,44.4781818181818,1.69818181818182,28.8563636363636,0.196363636363636,27.8,0.363636363636364,41.0854545454546,-0.0842219414200041,3.39970814670351,0.885173837751432,0.882754622173549,0.900707190450885
136177,69982,66195,0.600261532703774,0.598430536341051,0.655778584553807,27.2963636363636,28.2254545454545,44.4781818181818,1.69454545454545,28.8290909090909,0.216363636363636,27.7763636363636,0.356363636363636,41.1272727272727,-0.0836846199167088,3.38742222958668,0.885232798241524,0.882762174697243,0.90066631239014
136267,69986,66281,0.600178745177194,0.598311781038312,0.655718344785366,27.2981818181818,28.2254545454545,44.4763636363636,1.69636363636364,28.8272727272727,0.198181818181818,27.7690909090909,0.334545454545455,41.1745454545455,-0.0818847457883583,3.38146781586111,0.885107233248968,0.882697758309714,0.900662251655629
136323,69986,66337,0.600160619509051,0.59830624884502,0.655693996449369,27.2981818181818,28.2272727272727,44.4745454545455,1.69636363636364,28.8236363636364,0.194545454545455,27.7290909090909,0.323636363636364,41.2327272727273,-0.0821198362507857,3.37031782665713,0.885107233248968,0.882705314009662,0.900658190589101
136394,69990,66404,0.600208596213386,0.598270255471525,0.655697549007092,27.2963636363636,28.2236363636364,44.48,1.69454545454545,28.8145454545455,0.196363636363636,27.7181818181818,0.296363636363636,41.28,-0.0818677644986151,3.3564871546897,0.885166189302604,0.882690201636282,0.900670372792675
136445,69988,66457,0.600130804287969,0.598325037450509,0.655712442723448,27.2909090909091,28.2327272727273,44.4763636363636,1.69454545454545,28.8054545454545,0.203636363636364,27.68,0.281818181818182,41.3345454545455,-0.0821700832102744,3.34537360983139,0.885143237841439,0.882727975270479,0.900662251655629
136478,69988,66490,0.600107538168546,0.598306086878716,0.655716066521932,27.2890909090909,28.2309090909091,44.48,1.69090909090909,28.7818181818182,0.214545454545455,27.6727272727273,0.269090909090909,41.3709090909091,-0.0826021150109062,3.3256133613092,0.885135585315477,0.882720422489856,0.900670372792675
136546,69990,66556,0.600092277979334,0.598302061685634,0.655681905215694,27.2890909090909,28.2327272727273,44.4781818181818,1.68909090909091,28.7872727272727,0.194545454545455,27.6490909090909,0.265454545454545,41.4145454545455,-0.0829938563592309,3.31566347503527,0.885135585315477,0.882727975270479,0.90066631239014
136571,69990,66581,0.60004772123033,0.598128109494077,0.655723948747046,27.2872727272727,28.2290909090909,44.4836363636364,1.69090909090909,28.7781818181818,0.190909090909091,27.6090909090909,0.261818181818182,41.4690909090909,-0.0830100396928505,3.3116125037555,0.885127931769723,0.882648460646657,0.900637619553666
136618,69996,66622,0.600044125572242,0.598095988381475,0.655725072103466,27.2872727272727,28.2254545454545,44.4872727272727,1.69272727272727,28.7763636363636,0.181818181818182,27.5927272727273,0.265454545454545,41.4909090909091,-0.0826573780875399,3.30189526521347,0.885127931769723,0.882697758309714,0.900645741376492
136689,70002,66687,0.60006908026006,0.598144485468851,0.655755376252266,27.2890909090909,28.2254545454545,44.4854545454545,1.68727272727273,28.7709090909091,0.176363636363636,27.5618181818182,0.265454545454545,41.5381818181818,-0.081266088612293,3.28735783972185,0.885135585315477,0.882762174697243,0.900682552008828
136686,69998,66688,0.599934154248776,0.598157288694936,0.655793727030434,27.2909090909091,28.2218181818182,44.4872727272727,1.68545454545455,28.7527272727273,0.178181818181818,27.54,0.272727272727273,41.5709090909091,-0.0818973970043854,3.27471039313823,0.885009993337775,0.882811493364257,0.900686611083865
136708,69998,66710,0.59991073323239,0.598201721328191,0.655757997792912,27.2890909090909,28.2236363636364,44.4872727272727,1.68545454545455,28.7254545454545,0.187272727272727,27.5381818181818,0.265454545454545,41.5981818181818,-0.0816307685438501,3.26008193218573,0.885002331934173,0.882819042710816,0.900686611083865
136742,70000,66742,0.599930970186633,0.598145392363271,0.655767686741769,27.2927272727273,28.2181818181818,44.4890909090909,1.68363636363636,28.7090909090909,0.183636363636364,27.52,0.270909090909091,41.6327272727273,-0.081506059118229,3.24912265322425,0.885017653720605,0.882796391752577,0.900690669827128
136831,70010,66821,0.599863423834312,0.598076082436446,0.655731275585383,27.2909090909091,28.22,44.4890909090909,1.68727272727273,28.6981818181818,0.158181818181818,27.5345454545455,0.245454545454545,41.6763636363636,-0.0807590359694917,3.24128758042035,0.885009993337775,0.882803943044907,0.900690669827128
136823,70012,66811,0.59991146366297,0.597934789970544,0.655760992753138,27.2963636363636,28.2181818181818,44.4854545454545,1.68909090909091,28.6709090909091,0.183636363636364,27.5090909090909,0.238181818181818,41.7090909090909,-0.081595516695895,3.22603891520676,0.885099580363685,0.882667525773196,0.900764294764376
136843,70012,66831,0.599822974860455,0.597836451082472,0.655742624381651,27.2927272727273,28.2236363636364,44.4836363636364,1.69272727272727,28.6636363636364,0.174545454545455,27.4763636363636,0.243636363636364,41.7490909090909,-0.0809820624391167,3.21071418139406,0.885017653720605,0.882625781099014,0.900760238698602
136908,70010,66898,0.599791399812176,0.597948249091673,0.655674996719758,27.2890909090909,28.2327272727273,44.4781818181818,1.69454545454545,28.6618181818182,0.154545454545455,27.4709090909091,0.227272727272727,41.7909090909091,-0.0814915410338224,3.19897319227457,0.885002331934173,0.882663575476558,0.90074806851163
136944,70008,66936,0.5997724475669,0.597940870313408,0.655675565510143,27.2890909090909,28.2309090909091,44.48,1.69636363636364,28.6490909090909,0.152727272727273,27.4545454545455,0.225454545454545,41.8218181818182,-0.081983782858482,3.18328109126199,0.885002331934173,0.882656018548335,0.90075212557227
136958,70008,66950,0.599726307521093,0.598035075013044,0.655636345361957,27.2854545454545,28.2363636363636,44.4781818181818,1.69454545454545,28.6290909090909,0.167272727272727,27.4545454545455,0.214545454545455,41.84,-0.0830781783913897,3.17248570312831,0.884987006063837,0.882678686413393,0.90074806851163
136982,70010,66972,0.599786236660293,0.597969225193008,0.655587662525918,27.2890909090909,28.2345454545455,44.4763636363636,1.68909090909091,28.6163636363636,0.169090909090909,27.4272727272727,0.227272727272727,41.8709090909091,-0.0839071504787584,3.16878651060503,0.885068958624825,0.882671131431515,0.900744011119287
137034,70008,67026,0.599785389501189,0.59803991638295,0.655532798380365,27.2872727272727,28.24,44.4727272727273,1.68545454545455,28.6090909090909,0.158181818181818,27.4145454545455,0.214545454545455,41.9181818181818,-0.0843072518663989,3.15209836993705,0.885061300639659,0.882693793458666,0.90073589533933
137068,70006,67062,0.599740554511472,0.598151854631646,0.655566580070317,27.2854545454545,28.2418181818182,44.4727272727273,1.68909090909091,28.5909090909091,0.176363636363636,27.3909090909091,0.2,41.9527272727273,-0.0850316991336347,3.14087209489027,0.885053641633904,0.882765724586364,0.90073589533933
137137,70010,67127,0.599786370302304,0.598133299426482,0.655542822160799,27.2854545454545,28.2436363636364,44.4709090909091,1.68727272727273,28.5909090909091,0.161818181818182,27.3836363636364,0.189090909090909,41.9872727272727,-0.084295438969275,3.13112254610963,0.885053641633904,0.882773271533411,0.900731836951633
137191,70014,67177,0.599740500898974,0.598171618473358,0.655596474083932,27.2836363636364,28.2472727272727,44.4690909090909,1.68727272727273,28.5763636363636,0.174545454545455,27.3763636363636,0.176363636363636,42.0090909090909,-0.0841148308922791,3.12939574439925,0.885045981607357,0.882788362512873,0.900768664649603
137240,70012,67228,0.59967325796987,0.598156250162568,0.655565589203933,27.2854545454545,28.2490909090909,44.4654545454545,1.68909090909091,28.5727272727273,0.154545454545455,27.3890909090909,0.167272727272727,42.0272727272727,-0.0841344330676789,3.12444573496892,0.884987006063837,0.882731544056124,0.900760549558391
137290,70014,67276,0.59957054887287,0.598195848185516,0.655553681790051,27.28,28.2545454545455,44.4654545454545,1.69272727272727,28.5636363636364,0.138181818181818,27.4036363636364,0.152727272727273,42.0490909090909,-0.0838189670323945,3.10769745746458,0.884897360703812,0.882754182754183,0.900760549558391
137299,70014,67285,0.599576310291095,0.598131920641632,0.655578209571129,27.2818181818182,28.2527272727273,44.4654545454545,1.69818181818182,28.5490909090909,0.141818181818182,27.3872727272727,0.16,42.0636363636364,-0.0833976606531492,3.09662909440866,0.884905031656115,0.88274663749276,0.900719659797187
137341,70022,67319,0.599511885151969,0.598010905242065,0.655471777876559,27.2836363636364,28.2509090909091,44.4654545454545,1.69818181818182,28.5436363636364,0.125454545454545,27.3781818181818,0.163636363636364,42.0909090909091,-0.0817140279073184,3.09026649010114,0.88484606157537,0.882739091260136,0.900678770035983
137372,70030,67342,0.599528223553328,0.597906850294499,0.655515299370389,27.2890909090909,28.24,44.4709090909091,1.70181818181818,28.5218181818182,0.121818181818182,27.3709090909091,0.165454545454545,42.1181818181818,-0.080869880352508,3.07627212102948,0.884869078552868,0.882758176667525,0.900690952205732
137408,70032,67376,0.599526732474508,0.597814877335155,0.655508529784062,27.2890909090909,28.2363636363636,44.4745454545455,1.70545454545455,28.5109090909091,0.116363636363636,27.3509090909091,0.174545454545455,42.1418181818182,-0.0801133182651194,3.0679504646835,0.884869078552868,0.882743077913715,0.900658190589101
137417,70034,67383,0.599508178039897,0.597772066480746,0.655489017603386,27.2890909090909,28.2363636363636,44.4745454545455,1.70545454545455,28.4781818181818,0.123636363636364,27.3436363636364,0.165454545454545,42.1836363636364,-0.0799237144513013,3.05511852050708,0.884869078552868,0.882743077913715,0.900658190589101
137438,70034,67404,0.599501192382382,0.597771305820548,0.655500684860417,27.2890909090909,28.2345454545455,44.4763636363636,1.70545454545455,28.4690909090909,0.12,27.3218181818182,0.178181818181818,42.2054545454545,-0.0807144024285001,3.03723895561627,0.884869078552868,0.882799922725224,0.900662251655629
137495,70036,67459,0.59946369391644,0.597666086128413,0.655504602442132,27.2945454545455,28.2272727272727,44.4781818181818,1.70363636363636,28.4509090909091,0.125454545454545,27.3290909090909,0.147272727272727,42.2436363636364,-0.0805360787635436,3.03196657673371,0.884825472954969,0.882769726247987,0.90066631239014
137528,70032,67496,0.599532685581428,0.597838023035311,0.655504193879868,27.2890909090909,28.2363636363636,44.4745454545455,1.70545454545455,28.4381818181818,0.118181818181818,27.34,0.136363636363636,42.2618181818182,-0.083246118489346,3.0181682324545,0.884935705243521,0.882871860914359,0.900658190589101
137579,70040,67539,0.599509736601943,0.597882388038323,0.655536627126732,27.2836363636364,28.24,44.4763636363636,1.70363636363636,28.4418181818182,0.12,27.3218181818182,0.12,42.2927272727273,-0.0823674163802273,3.008526869804,0.884979341596695,0.882951326294102,0.900662251655629
137595,70042,67553,0.599432941550905,0.597893429159835,0.655514256161011,27.28,28.2472727272727,44.4727272727273,1.70181818181818,28.4309090909091,0.116363636363636,27.3163636363636,0.134545454545455,42.3,-0.0812415984094101,3.00058044250208,0.884964009597441,0.882852729145211,0.900695012264922
137656,70048,67608,0.599361462723623,0.597955823499035,0.655547812191939,27.2763636363636,28.2545454545455,44.4690909090909,1.70545454545455,28.4163636363636,0.105454545454545,27.34,0.123636363636364,42.3090909090909,-0.081117817253901,2.99444113520228,0.884948673510199,0.882882882882883,0.900727778232071
137674,70046,67628,0.59933827652004,0.597989204712391,0.655549636093172,27.2727272727273,28.26,44.4672727272727,1.71090909090909,28.4090909090909,0.114545454545455,27.3127272727273,0.114545454545455,42.3381818181818,-0.0816412035452562,2.97994373266331,0.885,0.882841150357074,0.900723719180603
137688,70046,67642,0.599354412802378,0.597924283355129,0.655475274528116,27.2763636363636,28.2581818181818,44.4654545454545,1.71636363636364,28.3963636363636,0.114545454545455,27.3072727272727,0.12,42.3454545454545,-0.081746248312993,2.97672798638655,0.885015331289161,0.882833612147729,0.900678770035983
137712,70050,67662,0.599318994204654,0.597956066129044,0.655516968788027,27.2763636363636,28.2581818181818,44.4654545454545,1.72181818181818,28.3890909090909,0.110909090909091,27.2981818181818,0.12,42.36,-0.0822673564877319,2.96795349320905,0.885015331289161,0.882897953931283,0.900719659797187
137744,70048,67696,0.599318735326885,0.597985967880948,0.65551760789689,27.2781818181818,28.2563636363636,44.4654545454545,1.72181818181818,28.3890909090909,0.109090909090909,27.3018181818182,0.107272727272727,42.3709090909091,-0.0825525936114983,2.96329286191612,0.88502299540092,0.882890418891963,0.900719659797187
137829,70058,67771,0.599251146780651,0.597835354855042,0.65554063981126,27.2745454545455,28.2509090909091,44.4745454545455,1.72181818181818,28.3854545454545,0.109090909090909,27.2927272727273,0.0945454545454545,42.3963636363636,-0.0797694848715434,2.94913060279055,0.88500766615559,0.882867807954692,0.900699071992151
137844,70062,67782,0.599291327127703,0.597735868394113,0.655547603679973,27.2781818181818,28.2454545454545,44.4763636363636,1.72181818181818,28.3690909090909,0.105454545454545,27.2854545454545,0.110909090909091,42.4072727272727,-0.0789242716334146,2.94109039854428,0.88495634206492,0.882845188284519,0.900703131387458
137864,70068,67796,0.599306843387869,0.597834701889648,0.655451203315335,27.2818181818182,28.2418181818182,44.4763636363636,1.72,28.3509090909091,0.112727272727273,27.2836363636364,0.116363636363636,42.4163636363636,-0.0786565393180354,2.93357630586252,0.884971676107964,0.88295886177815,0.900662251655629
137924,70064,67860,0.599315125850202,0.597804871230961,0.655350026602726,27.2854545454545,28.2454545454545,44.4690909090909,1.72,28.3709090909091,0.0945454545454545,27.2581818181818,0.127272727272727,42.4290909090909,-0.0777409694953927,2.93291192949665,0.88492037049377,0.882909559060187,0.900646005397007
137975,70070,67905,0.59929063238886,0.597746449314307,0.655382636731955,27.28,28.2490909090909,44.4709090909091,1.72,28.3690909090909,0.0981818181818182,27.2509090909091,0.109090909090909,42.4527272727273,-0.0769290516565723,2.92563151530075,0.884964009597441,0.882860269035206,0.900650067459831
138003,70068,67935,0.599155945124225,0.59771144899148,0.6554536825853,27.28,28.2490909090909,44.4709090909091,1.72545454545455,28.38,0.1,27.2454545454545,0.112727272727273,42.4363636363636,-0.0763867336026372,2.91541965176267,0.884830711810184,0.882795906545665,0.900690952205732
138043,70078,67965,0.599268753008884,0.597642188913077,0.655496679671388,27.28,28.2436363636364,44.4763636363636,1.73090909090909,28.3981818181818,0.1,27.2145454545455,0.105454545454545,42.4509090909091,-0.0766007030462127,2.90813428005204,0.884964009597441,0.882902021372473,0.900703131387458
138071,70084,67987,0.599270398508506,0.597713408136744,0.65547604382585,27.2727272727273,28.2490909090909,44.4781818181818,1.73272727272727,28.3909090909091,0.0945454545454545,27.2290909090909,0.0981818181818182,42.4545454545455,-0.0763302268002669,2.90307835939933,0.885066666666667,0.882988994014288,0.90066631239014
138070,70074,67996,0.599169649212318,0.597587837955484,0.655511700197942,27.28,28.2381818181818,44.4818181818182,1.73272727272727,28.4,0.0963636363636364,27.2290909090909,0.0909090909090909,42.4509090909091,-0.0761182702432217,2.89548063224859,0.884897360703812,0.882879402485352,0.900674432863274
138081,70074,68007,0.599166898650366,0.597576547784572,0.655477132675416,27.28,28.24,44.48,1.73272727272727,28.3909090909091,0.112727272727273,27.2072727272727,0.0927272727272727,42.4636363636364,-0.0768672004987655,2.88409189393067,0.884964009597441,0.882886943085243,0.900670372792675
138133,70070,68063,0.599066877883658,0.597628688865079,0.655492361740139,27.2727272727273,28.2490909090909,44.4781818181818,1.73272727272727,28.4072727272727,0.0854545454545454,27.2145454545455,0.103636363636364,42.4563636363636,-0.0781824626041767,2.88420052759519,0.884933333333333,0.882860269035206,0.90066631239014
138177,70072,68105,0.599115683850404,0.597623328106566,0.65548311509808,27.2709090909091,28.2490909090909,44.48,1.73090909090909,28.4145454545455,0.0836363636363636,27.2036363636364,0.1,42.4672727272727,-0.0780114286647983,2.87595101709224,0.884992332822188,0.882860269035206,0.900670372792675
138208,70066,68142,0.599105238046506,0.59745853132804,0.655526758576683,27.2727272727273,28.2436363636364,44.4836363636364,1.73272727272727,28.4163636363636,0.0763636363636364,27.1909090909091,0.0963636363636364,42.4872727272727,-0.078950578627039,2.87011142980985,0.884933333333333,0.882773271533411,0.900678492601978
138214,70062,68152,0.599143844184687,0.597485952342569,0.655521641989603,27.2763636363636,28.24,44.4836363636364,1.73454545454545,28.4109090909091,0.0909090909090909,27.1963636363636,0.0854545454545454,42.4818181818182,-0.0802401068964338,2.86087661063807,0.884882015731236,0.882822559876384,0.900678492601978
138242,70068,68174,0.599195516879157,0.59743266325081,0.655519211241695,27.28,28.2363636363636,44.4836363636364,1.73818181818182,28.4109090909091,0.101818181818182,27.1763636363636,0.0836363636363636,42.4890909090909,-0.07985491587791,2.85339089814912,0.884897360703812,0.882871860914359,0.900678492601978
138299,70072,68227,0.599191775658262,0.597344100784826,0.655480874515212,27.2818181818182,28.2363636363636,44.4818181818182,1.74,28.4236363636364,0.0890909090909091,27.1672727272727,0.08,42.5,-0.0793083337815584,2.83967350499535,0.884905031656115,0.882807469414037,0.900674432863274
138338,70064,68274,0.599039912585409,0.59722000212467,0.655569773534252,27.2818181818182,28.2254545454545,44.4927272727273,1.73636363636364,28.44,0.0818181818181818,27.1672727272727,0.0781818181818182,42.4963636363636,-0.0788430921238614,2.83411914420907,0.884771742752416,0.882697758309714,0.900657921621511
138365,70062,68303,0.599064904661631,0.597185178822963,0.655576823264608,27.2818181818182,28.2236363636364,44.4945454545455,1.73454545454545,28.4563636363636,0.0727272727272727,27.1545454545455,0.0927272727272727,42.4890909090909,-0.0788329192188526,2.8266292356886,0.884771742752416,0.882690201636282,0.900661981039555
138425,70076,68349,0.599089968081272,0.597188398369419,0.655575919885746,27.2781818181818,28.2290909090909,44.4927272727273,1.73090909090909,28.4527272727273,0.0781818181818182,27.1618181818182,0.0818181818181818,42.4945454545455,-0.0775370893338484,2.81782624450597,0.884889688728921,0.882712868736313,0.900698786318499
138474,70082,68392,0.59905831226211,0.597250168312546,0.655495166068724,27.2727272727273,28.2418181818182,44.4854545454545,1.72909090909091,28.4709090909091,0.0890909090909091,27.1436363636364,0.0709090909090909,42.4963636363636,-0.0768815216584533,2.81200183087283,0.884933333333333,0.882701345522436,0.900682552008828
138507,70082,68425,0.599042799612034,0.597297346276224,0.655454363442752,27.2727272727273,28.2454545454545,44.4818181818182,1.72727272727273,28.4818181818182,0.0836363636363636,27.1345454545455,0.0727272727272727,42.5,-0.0772463578900153,2.80950291425159,0.884933333333333,0.882780817508851,0.900674432863274
138546,70088,68458,0.599078318526432,0.597172714069317,0.655530778585143,27.2781818181818,28.24,44.4818181818182,1.72909090909091,28.4836363636364,0.0927272727272727,27.1018181818182,0.0781818181818182,42.5145454545455,-0.0765565209217708,2.79752553188327,0.88495634206492,0.882758176667525,0.90071530758226
138593,70092,68501,0.599029573055904,0.597014344639095,0.655537052402337,27.2818181818182,28.2290909090909,44.4890909090909,1.73272727272727,28.5090909090909,0.0836363636363636,27.0745454545455,0.0745454545454545,42.5254545454545,-0.0757300027960975,2.78168453172019,0.884838387204265,0.882777276825969,0.900731537864236
138591,70092,68499,0.599126735167613,0.597039616928403,0.655425199897827,27.2836363636364,28.2309090909091,44.4854545454545,1.73272727272727,28.5109090909091,0.0890909090909091,27.0636363636364,0.0763636363636364,42.5272727272727,-0.077659406256862,2.77224792844023,0.884979341596695,0.882784826431378,0.900682552008828
138619,70090,68529,0.599137669139379,0.597004451555918,0.655460631211803,27.2854545454545,28.2254545454545,44.4890909090909,1.72909090909091,28.5036363636364,0.0945454545454545,27.0509090909091,0.0745454545454545,42.5472727272727,-0.0779740378914126,2.76592471271076,0.884987006063837,0.882762174697243,0.900690669827128
138614,70080,68534,0.599131371198126,0.596999355857244,0.655488691716198,27.2818181818182,28.2236363636364,44.4945454545455,1.72727272727273,28.5109090909091,0.0836363636363636,27.0527272727273,0.08,42.5454545454545,-0.079033981983825,2.75281784285537,0.884971676107964,0.882690201636282,0.900702844066688
138628,70076,68552,0.599074668335322,0.59705136460197,0.655415842316969,27.2781818181818,28.2272727272727,44.4945454545455,1.72545454545455,28.5145454545455,0.08,27.0454545454545,0.0836363636363636,42.5509090909091,-0.079710552650398,2.7459629881873,0.88495634206492,0.882705314009662,0.900661981039555
138627,70064,68563,0.598968814057293,0.597082796160682,0.655415714509886,27.2781818181818,28.2309090909091,44.4909090909091,1.72545454545455,28.5290909090909,0.0854545454545454,27.0127272727273,0.0781818181818182,42.5690909090909,-0.0813648467420452,2.73274131026966,0.884889688728921,0.882656018548335,0.90069472823866
138689,70074,68615,0.598961994298265,0.597099828842297,0.655441422870084,27.2709090909091,28.2381818181818,44.4909090909091,1.72,28.5345454545455,0.0890909090909091,27.0036363636364,0.08,42.5727272727273,-0.0805984890276291,2.72735559259626,0.884925661710781,0.882750627776705,0.90069472823866
138709,70076,68633,0.599019910818644,0.596989927827542,0.655470827637518,27.2763636363636,28.2290909090909,44.4945454545455,1.71636363636364,28.5418181818182,0.0890909090909091,26.9981818181818,0.0709090909090909,42.5836363636364,-0.0812794894744663,2.71012365624139,0.884948673510199,0.882777276825969,0.900702844066688
138729,70072,68657,0.599068081986398,0.597040714613653,0.655482911121709,27.28,28.2254545454545,44.4945454545455,1.71818181818182,28.5381818181818,0.0927272727272727,26.9945454545455,0.0763636363636364,42.58,-0.081275514957749,2.70145204604011,0.884897360703812,0.882762174697243,0.900702844066688
138759,70074,68685,0.599081454874115,0.597018846230283,0.655420190956419,27.2836363636364,28.2254545454545,44.4909090909091,1.71818181818182,28.5472727272727,0.0836363636363636,26.9836363636364,0.0818181818181818,42.5854545454546,-0.0802654344519727,2.68601883040233,0.884912701586032,0.882762174697243,0.90069472823866
138772,70068,68704,0.59907573086055,0.597092496947881,0.655407897739217,27.2818181818182,28.2327272727273,44.4854545454545,1.71636363636364,28.5527272727273,0.0872727272727273,26.9763636363636,0.0709090909090909,42.5963636363636,-0.0829723900951318,2.67381479741836,0.884971676107964,0.8827923750644,0.900682552008828
138785,70074,68711,0.598933096775703,0.596932197916248,0.655421307920452,27.2818181818182,28.2290909090909,44.4890909090909,1.71636363636364,28.5618181818182,0.0872727272727273,26.9672727272727,0.0745454545454545,42.5927272727273,-0.0825348325020803,2.66256125487218,0.884905031656115,0.882712868736313,0.900731537864236
138831,70078,68753,0.599022327009617,0.596902080827356,0.655482183072831,27.2890909090909,28.2181818181818,44.4927272727273,1.71272727272727,28.5872727272727,0.0727272727272727,26.9472727272727,0.0709090909090909,42.6090909090909,-0.0823525671992684,2.64334463705732,0.884935705243521,0.882860824742268,0.900739651015488
138897,70092,68805,0.599067080010162,0.597033929161175,0.655440082231893,27.28,28.2309090909091,44.4890909090909,1.71272727272727,28.5890909090909,0.0690909090909091,26.9509090909091,0.0618181818181818,42.6163636363636,-0.0805572037555976,2.63383120698008,0.885097307384697,0.88291363431442,0.900731537864236
138913,70090,68823,0.59904911101587,0.597040254101954,0.655468561041724,27.2836363636364,28.2290909090909,44.4872727272727,1.71090909090909,28.5927272727273,0.0690909090909091,26.9454545454545,0.0672727272727273,42.6145454545455,-0.0833646130015206,2.62038182635707,0.88511262161802,0.882970501094938,0.90076835049861
138940,70086,68854,0.598987729566467,0.596875049665135,0.655419602566576,27.2836363636364,28.2236363636364,44.4927272727273,1.70727272727273,28.6,0.0709090909090909,26.9418181818182,0.0654545454545455,42.6145454545455,-0.0826277006925507,2.6192268810997,0.884979341596695,0.882819042710816,0.900739651015488
138954,70076,68878,0.598894111240009,0.596974625808823,0.655337070991295,27.2818181818182,28.2290909090909,44.4890909090909,1.70909090909091,28.6109090909091,0.0654545454545455,26.9290909090909,0.0690909090909091,42.6163636363636,-0.0797176449194508,2.61060360800475,0.884905031656115,0.882712868736313,0.900690669827128
138965,70068,68897,0.598885048548185,0.597128078684465,0.655336342491708,27.2818181818182,28.2290909090909,44.4890909090909,1.70727272727273,28.6181818181818,0.0745454545454545,26.9054545454545,0.0763636363636364,42.6181818181818,-0.0815549320313783,2.60482874229889,0.884905031656115,0.882777276825969,0.90064980179002
139013,70068,68945,0.598847941699353,0.597158433496755,0.65546366719295,27.28,28.2309090909091,44.4890909090909,1.70727272727273,28.62,0.0745454545454545,26.9072727272727,0.06,42.6309090909091,-0.0838464741891419,2.59159404887733,0.884897360703812,0.882849230372899,0.900731537864236
139043,70070,68973,0.598979430316275,0.597287309966855,0.655520922973246,27.2763636363636,28.2363636363636,44.4872727272727,1.70727272727273,28.6254545454545,0.06,26.9181818181818,0.0636363636363636,42.6254545454546,-0.0854877816849198,2.57874757868492,0.885015331289161,0.883000643915003,0.90076835049861
139033,70079,68954,0.598919307164765,0.597103399284775,0.655270343805917,27.2654545454545,28.2436363636364,44.4909090909091,1.70545454545455,28.6418181818182,0.0618181818181818,26.8981818181818,0.0636363636363636,42.6290909090909,-0.0820297230455749,2.56475691080771,0.885102694051747,0.882837646452942,0.9006129955047
139045,70075,68970,0.598838238138673,0.596941366009353,0.655271585298945,27.2636363636364,28.2381818181818,44.4981818181818,1.70545454545455,28.6436363636364,0.0636363636363636,26.8872727272727,0.0654545454545455,42.6345454545455,-0.0815584198455326,2.55279742606323,0.885028342780927,0.882686240422381,0.90058837950478
139031,70059,68972,0.59885615135269,0.596870445022385,0.655398623045406,27.2727272727273,28.2218181818182,44.5054545454545,1.70727272727273,28.6490909090909,0.0527272727272727,26.8909090909091,0.0709090909090909,42.6290909090909,-0.08438522917409,2.5474791365083,0.884933333333333,0.882682643989177,0.90060462456083
139065,70063,69002,0.598908893696788,0.596954120546573,0.655490887824059,27.2709090909091,28.2272727272727,44.5018181818182,1.70727272727273,28.6581818181818,0.0509090909090909,26.8854545454545,0.0690909090909091,42.6290909090909,-0.0864261966894529,2.54580061039464,0.885059003933596,0.882705314009662,0.900678215394672
139051,70053,68998,0.598801288273719,0.596884422648463,0.655430455020353,27.2672727272727,28.2327272727273,44.5,1.70545454545455,28.6654545454545,0.0509090909090909,26.8781818181818,0.06,42.64,-0.0869561997393083,2.53466647164049,0.88497699539908,0.882599175682638,0.900633299284985
139070,70063,69007,0.598756029716344,0.59668665198115,0.655476920713869,27.2581818181818,28.2290909090909,44.5127272727273,1.70363636363636,28.68,0.0490909090909091,26.8618181818182,0.0654545454545455,42.64,-0.0850853485195495,2.52599719231948,0.885072038420491,0.882519644467345,0.900620864308472
139074,70067,69007,0.598775927452843,0.596637706410244,0.655351555183215,27.2636363636364,28.2272727272727,44.5090909090909,1.70363636363636,28.6945454545455,0.0527272727272727,26.8363636363636,0.0690909090909091,42.6436363636364,-0.085123605967965,2.51949737698094,0.885028342780927,0.882576489533011,0.900612745098039
139121,70083,69038,0.598820528429667,0.59647805126579,0.655370767655149,27.2636363636364,28.2218181818182,44.5145454545455,1.70545454545455,28.6927272727273,0.0563636363636364,26.84,0.0527272727272727,42.6527272727273,-0.0830238601404496,2.51154744341038,0.885095031677226,0.882553794614096,0.900624923416248
139133,70084,69049,0.598775373974534,0.5964953470174,0.655369669853904,27.2672727272727,28.2145454545455,44.5181818181818,1.70545454545455,28.7072727272727,0.0509090909090909,26.8272727272727,0.0527272727272727,42.6563636363636,-0.0813071979318259,2.50153573023325,0.885043675401747,0.882587962366284,0.900633040637125
139176,70092,69084,0.598719236476322,0.596631631799116,0.655367474424243,27.2636363636364,28.22,44.5163636363636,1.70909090909091,28.7145454545455,0.0418181818181818,26.8181818181818,0.0545454545454545,42.6618181818182,-0.0815564600533848,2.49709890630012,0.885028342780927,0.882675085368211,0.900669825191962
139186,70085,69101,0.598662312443318,0.596727216448654,0.65541459753622,27.2581818181818,28.2254545454545,44.5163636363636,1.70727272727273,28.7254545454545,0.0490909090909091,26.7927272727273,0.0581818181818182,42.6672727272727,-0.082110254258309,2.49555073176426,0.8849386339381,0.882697758309714,0.900669825191962
139167,70085,69082,0.59865150236512,0.596664116165638,0.655299755412098,27.2618181818182,28.22,44.5181818181818,1.70727272727273,28.7327272727273,0.0509090909090909,26.78,0.0618181818181818,42.6672727272727,-0.0803711720046439,2.4853264006532,0.884887288248633,0.882675085368211,0.900592199305697
139147,70075,69072,0.598714745666738,0.596621463095517,0.65526523876401,27.2654545454545,28.22,44.5145454545455,1.70909090909091,28.7381818181818,0.0472727272727273,26.7745454545455,0.0527272727272727,42.6781818181818,-0.0811833366428883,2.4681567392566,0.884902640704188,0.882610656529863,0.900543234080791
139164,70083,69081,0.598660955623613,0.596606463896095,0.655222065536808,27.2545454545455,28.2363636363636,44.5090909090909,1.70909090909091,28.74,0.0509090909090909,26.7636363636364,0.0527272727272727,42.6836363636364,-0.0814646265027642,2.45489512999034,0.884989993328886,0.88254990341275,0.900612745098039
139227,70081,69146,0.598672347533304,0.596632032067448,0.655387502444247,27.2563636363636,28.2290909090909,44.5145454545455,1.71090909090909,28.7454545454545,0.0472727272727273,26.7509090909091,0.0563636363636364,42.6890909090909,-0.0817572052434447,2.44980380274779,0.884997665265826,0.882519644467345,0.900665768083977
139223,70082,69141,0.598720256337529,0.596462337976809,0.655440310553554,27.2636363636364,28.2163636363636,44.52,1.71454545454545,28.7454545454545,0.06,26.7309090909091,0.0509090909090909,42.6981818181818,-0.0830617489507528,2.44214421869256,0.884961653884628,0.882595528062375,0.900677938413788
139198,70073,69125,0.598810509608697,0.596534225893706,0.655509931947011,27.2709090909091,28.2054545454545,44.5236363636364,1.71636363636364,28.7509090909091,0.0563636363636364,26.72,0.0490909090909091,42.7072727272727,-0.0848687048623105,2.43443015829914,0.884925661710781,0.882679043382969,0.900726886638353
139230,70077,69153,0.598837672066449,0.596381246051862,0.655625935034955,27.2690909090909,28.2,44.5309090909091,1.71636363636364,28.7636363636364,0.0472727272727273,26.6981818181818,0.0545454545454545,42.72,-0.0829482280630724,2.42949512672441,0.884917989065209,0.882656350741457,0.900702270129022
139251,70083,69168,0.598781387415853,0.596431752065913,0.655506550981621,27.2636363636364,28.2054545454545,44.5309090909091,1.71818181818182,28.7654545454545,0.0436363636363636,26.6927272727273,0.0509090909090909,42.7290909090909,-0.0825409686698218,2.42557266072201,0.884961653884628,0.882679043382969,0.900661440470358
139310,70101,69209,0.598733380477442,0.596527919252728,0.655535124701875,27.2545454545455,28.22,44.5254545454545,1.71636363636364,28.7745454545455,0.04,26.6818181818182,0.0490909090909091,42.7381818181818,-0.079478402188397,2.42407351741144,0.885056704469646,0.882739514206559,0.90069010576177
139343,70099,69244,0.598617045906809,0.596420948398686,0.655722182384614,27.2545454545455,28.2127272727273,44.5327272727273,1.71636363636364,28.7763636363636,0.0472727272727273,26.66,0.0527272727272727,42.7472727272727,-0.0778376466851279,2.41836341085674,0.884923282188125,0.882644841141973,0.900747152247581
139304,70093,69211,0.598556799024438,0.596334832859619,0.655659989731217,27.26,28.2090909090909,44.5309090909091,1.71636363636364,28.78,0.0527272727272727,26.6254545454545,0.0654545454545455,42.76,-0.079250030061865,2.40479590992274,0.884879610484893,0.882629713180793,0.900702270129022
139291,70091,69200,0.598622361661076,0.596263553135815,0.655589599946201,27.26,28.2054545454545,44.5345454545455,1.72,28.7854545454545,0.0490909090909091,26.6054545454545,0.0545454545454545,42.7854545454545,-0.0809349673696984,2.39568288112906,0.884946308277196,0.882679043382969,0.900669551726954
139297,70084,69213,0.598798528394066,0.59638202256862,0.6554851846831,27.2636363636364,28.2072727272727,44.5290909090909,1.72181818181818,28.7854545454545,0.0490909090909091,26.5890909090909,0.0527272727272727,42.8018181818182,-0.0820601690002315,2.39089593399231,0.885028342780927,0.882751063555498,0.900616553019477
139311,70082,69229,0.598819255820255,0.596315188307679,0.65547008317137,27.2672727272727,28.2109090909091,44.5218181818182,1.72909090909091,28.7836363636364,0.0472727272727273,26.5654545454545,0.0527272727272727,42.8218181818182,-0.0830734026901403,2.38285904930566,0.885043675401747,0.882701727249291,0.900600318536366
139301,70080,69221,0.598765404107254,0.596256846454269,0.655376683466612,27.2672727272727,28.2054545454545,44.5272727272727,1.73090909090909,28.7854545454545,0.0509090909090909,26.5436363636364,0.0490909090909091,42.84,-0.0842503831914986,2.3723468545147,0.88497699539908,0.882679043382969,0.900571661902817
139309,70080,69229,0.598700852974517,0.596069735225152,0.655272863356407,27.2654545454545,28.2054545454545,44.5290909090909,1.73090909090909,28.7872727272727,0.0509090909090909,26.5181818181818,0.0509090909090909,42.8618181818182,-0.081024999075982,2.36131102147258,0.884902640704188,0.882485657190743,0.900494059042097
139346,70086,69260,0.598756401914893,0.595850873115076,0.655317074590956,27.2690909090909,28.1945454545455,44.5363636363636,1.73454545454545,28.7872727272727,0.0472727272727273,26.4963636363636,0.0436363636363636,42.8909090909091,-0.0791637557733338,2.35356800712391,0.884917989065209,0.882440188302057,0.900510308226169
139400,70096,69304,0.598623265555791,0.596078143176837,0.655421285739337,27.2581818181818,28.2090909090909,44.5327272727273,1.73636363636364,28.7836363636364,0.0509090909090909,26.4690909090909,0.0545454545454545,42.9054545454546,-0.0784923465398606,2.35105992894281,0.8849386339381,0.882565259426362,0.900583840280897
139459,70102,69357,0.598737146433809,0.596195915987589,0.655559408949988,27.26,28.2072727272727,44.5327272727273,1.73454545454545,28.7927272727273,0.0490909090909091,26.4490909090909,0.0509090909090909,42.9236363636364,-0.0809704339279878,2.34316409061748,0.885079703861802,0.882686605646513,0.900665496264239
139465,70101,69364,0.598743590470727,0.596156202944488,0.655656662891783,27.2636363636364,28.2018181818182,44.5345454545455,1.73454545454545,28.8036363636364,0.0454545454545455,26.4309090909091,0.0490909090909091,42.9363636363636,-0.0813990538064073,2.33371121602726,0.885095031677226,0.882728386306492,0.900710378051768
139437,70079,69358,0.5986293411595,0.596186257982875,0.65566303095418,27.2690909090909,28.2072727272727,44.5236363636364,1.73636363636364,28.8036363636364,0.0527272727272727,26.4018181818182,0.0581818181818182,42.9472727272727,-0.0842331678799713,2.32666179415008,0.884917989065209,0.882622147737527,0.900726886638353
139446,70084,69362,0.598519863978603,0.595967689473242,0.655439972080053,27.2690909090909,28.2127272727273,44.5181818181818,1.73818181818182,28.8109090909091,0.0490909090909091,26.3763636363636,0.0509090909090909,42.9745454545455,-0.0807098329408539,2.31719432477839,0.884784637951727,0.882451504801186,0.900633040637125
139425,70085,69340,0.598701678627873,0.595832020319201,0.655329773894036,27.2727272727273,28.2054545454545,44.5218181818182,1.74727272727273,28.8109090909091,0.0472727272727273,26.3545454545455,0.0527272727272727,42.9872727272727,-0.0808850944743344,2.30517816558819,0.884866666666667,0.882485657190743,0.900600318536366
139406,70079,69327,0.598683712746835,0.595827153116069,0.655493293701313,27.2709090909091,28.2018181818182,44.5272727272727,1.75090909090909,28.8090909090909,0.0454545454545455,26.3309090909091,0.0581818181818182,43.0054545454545,-0.0848163439384238,2.29567368968644,0.884858990599373,0.882534975178905,0.900653327888934
139409,70075,69334,0.598734478984552,0.595777498564859,0.655626629914236,27.2672727272727,28.1909090909091,44.5418181818182,1.75818181818182,28.8054545454545,0.0472727272727273,26.3109090909091,0.0527272727272727,43.0254545454545,-0.0860055603960063,2.2926087455951,0.88497699539908,0.882554014833925,0.900644950608213
139466,70077,69389,0.598775914855396,0.595952490213317,0.655513518750183,27.2654545454545,28.1945454545455,44.54,1.76181818181818,28.8072727272727,0.0345454545454545,26.3109090909091,0.0436363636363636,43.0418181818182,-0.0856241843448846,2.29064787156372,0.885036009602561,0.882569162313794,0.900600073478385
139505,70095,69410,0.598715117969129,0.595973342671459,0.65546079775509,27.2636363636364,28.2,44.5363636363636,1.76181818181818,28.8145454545455,0.0454545454545455,26.2690909090909,0.0490909090909091,43.06,-0.0840784453712827,2.28432238431309,0.885028342780927,0.882656350741457,0.900632782200449
139552,70100,69452,0.598588207172003,0.595908069417567,0.655459494613668,27.2654545454545,28.2,44.5345454545455,1.76363636363636,28.8218181818182,0.0363636363636364,26.2436363636364,0.0472727272727273,43.0872727272727,-0.0799546705143505,2.27477968294935,0.884835956255001,0.882656350741457,0.900628725402139
139515,70085,69430,0.598787657417977,0.595816184883936,0.655468041558937,27.2727272727273,28.1963636363636,44.5309090909091,1.76363636363636,28.8272727272727,0.0472727272727273,26.2072727272727,0.0545454545454545,43.1,-0.0814921616621591,2.26940986646593,0.884933333333333,0.882641217436162,0.900538951494365
139534,70072,69462,0.598812697538997,0.595929292908552,0.65551740080348,27.2781818181818,28.1927272727273,44.5290909090909,1.76545454545455,28.8272727272727,0.0454545454545455,26.1927272727273,0.0527272727272727,43.1163636363636,-0.0848067854509943,2.26253989245743,0.884889688728921,0.882690571391719,0.900575721693683
139558,70078,69480,0.598614747456351,0.595923927077625,0.655482184106486,27.2672727272727,28.2018181818182,44.5309090909091,1.76545454545455,28.8236363636364,0.0490909090909091,26.18,0.0527272727272727,43.1290909090909,-0.0841275864410405,2.25511665884829,0.884843635393745,0.88266391593063,0.900538951494365
139630,70098,69532,0.598583892602632,0.595751352517187,0.655619483762425,27.2581818181818,28.2036363636364,44.5381818181818,1.77272727272727,28.8218181818182,0.0509090909090909,26.1436363636364,0.0527272727272727,43.1581818181818,-0.0821480424373559,2.24747795116749,0.884871931696905,0.882607013924703,0.900636838667538
139583,70092,69491,0.598688176068421,0.595750175970223,0.655420258198732,27.2654545454545,28.1945454545455,44.54,1.76909090909091,28.8272727272727,0.0472727272727273,26.12,0.0490909090909091,43.1872727272727,-0.0825152242728192,2.23412689730864,0.884902640704188,0.882762623331399,0.900559252153325
139597,70089,69508,0.598728302195548,0.595786235576986,0.655373158738815,27.2672727272727,28.2018181818182,44.5309090909091,1.76727272727273,28.8236363636364,0.0490909090909091,26.1054545454545,0.0454545454545455,43.2090909090909,-0.0857102346722968,2.22872170083733,0.88497699539908,0.882728386306492,0.90057978115303
139592,70071,69521,0.598709718398162,0.595834880816847,0.655328729745333,27.2727272727273,28.2,44.5272727272727,1.76363636363636,28.8272727272727,0.0454545454545455,26.0909090909091,0.0509090909090909,43.2218181818182,-0.0860083055502566,2.21652337257242,0.884866666666667,0.882656350741457,0.900530828909759
139654,70081,69573,0.598861428243615,0.595804490121285,0.655426906637259,27.2727272727273,28.1963636363636,44.5309090909091,1.76,28.8290909090909,0.0509090909090909,26.0745454545455,0.0454545454545455,43.24,-0.0855538120937788,2.20763225746341,0.885,0.882705700283725,0.900538951494365
139741,70087,69654,0.59876142986199,0.595875609405941,0.655441508213438,27.2727272727273,28.2018181818182,44.5254545454545,1.75090909090909,28.8309090909091,0.0381818181818182,26.0818181818182,0.0418181818181818,43.2563636363636,-0.0841372885262403,2.20984096369198,0.884866666666667,0.882792856682354,0.900567601780391
139756,70093,69663,0.598662819593819,0.595874588708474,0.655530525679837,27.2636363636364,28.2036363636364,44.5327272727273,1.74181818181818,28.8236363636364,0.0454545454545455,26.0763636363636,0.0436363636363636,43.2690909090909,-0.0856787231174001,2.19825924652713,0.884961653884628,0.882800412583806,0.900624668272568
139794,70101,69693,0.59844028077612,0.595730893302275,0.655511989978372,27.2527272727273,28.2181818181818,44.5290909090909,1.74,28.8272727272727,0.0381818181818182,26.0545454545455,0.0527272727272727,43.2872727272727,-0.0838223317600998,2.19185831670395,0.884915604776836,0.882603092783505,0.900616553019477
139806,70107,69699,0.598589114332418,0.595590545261546,0.655499708169208,27.26,28.2072727272727,44.5327272727273,1.73454545454545,28.8272727272727,0.0363636363636364,26.0472727272727,0.0509090909090909,43.3036363636364,-0.0833220082157905,2.1754865934776,0.885013006069499,0.882622147737527,0.900624668272568
139821,70096,69725,0.598637661826458,0.595536447923548,0.655387942064118,27.2690909090909,28.2018181818182,44.5290909090909,1.72727272727273,28.82,0.0381818181818182,26.0454545454545,0.0472727272727273,43.3218181818182,-0.0838703667337541,2.17032887079245,0.88498466462195,0.882599445554768,0.90053489036789
139800,70067,69733,0.598619457113907,0.595579912612401,0.655421210196342,27.2709090909091,28.1927272727273,44.5363636363636,1.71636363636364,28.8254545454545,0.0363636363636364,26.0181818181818,0.0490909090909091,43.3545454545455,-0.0890413057842207,2.15439136794514,0.884925661710781,0.882561589062298,0.900469483568075
139865,70086,69779,0.598627770177893,0.595679827804752,0.655390024559952,27.2727272727273,28.2072727272727,44.52,1.71272727272727,28.8218181818182,0.0363636363636364,26.0090909090909,0.0454545454545455,43.3745454545455,-0.0857863176521443,2.14295345062644,0.884866666666667,0.882686605646513,0.900514579759863
139856,70072,69784,0.598586385695802,0.595794384856133,0.655330695215712,27.2672727272727,28.2181818181818,44.5145454545455,1.70363636363636,28.8309090909091,0.0345454545454545,25.9927272727273,0.0527272727272727,43.3854545454545,-0.0891504949244501,2.13661508714696,0.884910315396413,0.882667525773196,0.900502389413062
139903,70076,69827,0.598558947889765,0.595680090392194,0.655412675792942,27.2654545454545,28.2127272727273,44.5218181818182,1.69636363636364,28.84,0.0327272727272727,25.9763636363636,0.0527272727272727,43.4018181818182,-0.08842788802735,2.12445912538943,0.884835956255001,0.882580395695044,0.900600318536366
139943,70080,69863,0.5985283773678,0.595684073420775,0.655533756760598,27.2654545454545,28.2036363636364,44.5309090909091,1.69090909090909,28.8418181818182,0.0363636363636364,25.9654545454545,0.0472727272727273,43.4181818181818,-0.0884444839625344,2.12005333315835,0.884835956255001,0.882671480144404,0.900620610811694
139963,70087,69876,0.598769941586227,0.595518482356018,0.655460678779007,27.2709090909091,28.1981818181818,44.5309090909091,1.68545454545455,28.84,0.0345454545454545,25.9654545454545,0.0418181818181818,43.4327272727273,-0.085180113352941,2.1180072911507,0.884992332822188,0.882648784576697,0.900538951494365
139938,70075,69863,0.598732826630076,0.595482631220417,0.655401385196149,27.2763636363636,28.1909090909091,44.5327272727273,1.67818181818182,28.8381818181818,0.0363636363636364,25.9509090909091,0.0545454545454545,43.4418181818182,-0.0852342955794566,2.09732001467015,0.884882015731236,0.882683005482103,0.900461356305883
139981,70079,69902,0.598696235543169,0.595436490863727,0.655440786592051,27.2763636363636,28.1927272727273,44.5309090909091,1.67818181818182,28.8363636363636,0.0272727272727273,25.9490909090909,0.0509090909090909,43.4581818181818,-0.086768926376879,2.09050441513854,0.884948673510199,0.882690571391719,0.900457292177037
139955,70081,69874,0.598598649516302,0.595355553147551,0.655378249695442,27.2709090909091,28.1963636363636,44.5327272727273,1.67454545454545,28.8345454545455,0.0327272727272727,25.9418181818182,0.0436363636363636,43.4727272727273,-0.0878833119744244,2.08138912037777,0.884925661710781,0.882641217436162,0.900461356305883
139970,70074,69896,0.598568734200092,0.595331422008675,0.655507196320573,27.2709090909091,28.1872727272727,44.5418181818182,1.67272727272727,28.8327272727273,0.0290909090909091,25.9327272727273,0.0490909090909091,43.4836363636364,-0.0905836193250831,2.07580978776836,0.884925661710781,0.882667870734697,0.900440852314475
139995,70073,69922,0.598501994748239,0.59536610065577,0.655455873180839,27.2690909090909,28.1963636363636,44.5345454545455,1.67090909090909,28.8309090909091,0.0290909090909091,25.9254545454545,0.0509090909090909,43.4927272727273,-0.0899559095475442,2.06672995645045,0.884917989065209,0.882576734588599,0.900465420102882
140049,70082,69967,0.598662845032202,0.59532343492848,0.655599829914748,27.2727272727273,28.1872727272727,44.54,1.66909090909091,28.8327272727273,0.0236363636363636,25.9163636363636,0.0545454545454545,43.5036363636364,-0.0899364351191748,2.06112682271579,0.885,0.882667870734697,0.900518430828265
140080,70077,70003,0.598874726117174,0.595474747582328,0.6556492624882,27.2763636363636,28.1927272727273,44.5309090909091,1.66545454545455,28.8290909090909,0.0272727272727273,25.9109090909091,0.0545454545454545,43.5127272727273,-0.0926378869516405,2.06327164763669,0.885148646847087,0.882690571391719,0.900620610811694
140051,70086,69965,0.598793369811253,0.595243837627625,0.655444140679926,27.2763636363636,28.1872727272727,44.5363636363636,1.67090909090909,28.8181818181818,0.0254545454545455,25.9072727272727,0.0545454545454545,43.5236363636364,-0.0883551955668901,2.05094789833,0.885081989068124,0.882603367090241,0.900510308226169
140044,70087,69957,0.598693402234852,0.595167909497625,0.655429649143117,27.2745454545455,28.1854545454545,44.54,1.67272727272727,28.82,0.0254545454545455,25.9036363636364,0.0490909090909091,43.5290909090909,-0.0859372347507319,2.04247276487083,0.884941003933071,0.882595794091085,0.900477609503204
140018,70077,69941,0.598542588272277,0.595295799882366,0.655257855879307,27.2672727272727,28.2036363636364,44.5290909090909,1.67636363636364,28.8090909090909,0.0272727272727273,25.9054545454545,0.0418181818181818,43.54,-0.0898259964403802,2.03375377128409,0.884910315396413,0.882542547705003,0.900412396390511
140018,70075,69943,0.5985211757975,0.595341938671561,0.655292679588021,27.2690909090909,28.2018181818182,44.5290909090909,1.67636363636364,28.8072727272727,0.0290909090909091,25.8927272727273,0.0472727272727273,43.5472727272727,-0.0898666220959223,2.02185367327183,0.884851313508468,0.882599445554768,0.900412396390511
140056,70086,69970,0.598354396743631,0.595288784161581,0.655334600974569,27.2636363636364,28.1981818181818,44.5381818181818,1.67272727272727,28.8090909090909,0.0254545454545455,25.8927272727273,0.0418181818181818,43.5581818181818,-0.0853619849392668,2.01655141800557,0.884761587195732,0.882584305886904,0.900432723709993
140089,70083,70006,0.59846438502719,0.595334983243403,0.655450457110537,27.2636363636364,28.2018181818182,44.5345454545455,1.68181818181818,28.7945454545455,0.0272727272727273,25.8963636363636,0.0363636363636364,43.5636363636364,-0.0891583257743729,2.01448093992235,0.884828276092031,0.882599445554768,0.900547072752511
140109,70083,70026,0.598640116826302,0.595331833149399,0.65571451375959,27.2654545454545,28.1909090909091,44.5436363636364,1.69090909090909,28.7727272727273,0.0363636363636364,25.8909090909091,0.0381818181818182,43.5709090909091,-0.0923220270764432,2.01209799723107,0.885036009602561,0.882683005482103,0.900649006081881
140074,70080,69994,0.598753629228021,0.59506362905655,0.655681682829501,27.2690909090909,28.1763636363636,44.5545454545455,1.69272727272727,28.7672727272727,0.0272727272727273,25.8945454545455,0.0418181818181818,43.5763636363636,-0.091596802676213,2.00390805993229,0.885118015735431,0.88249338581661,0.900591715976331
140057,70072,69985,0.598579340617262,0.595207674621215,0.65554230591763,27.26,28.1963636363636,44.5436363636364,1.69454545454545,28.7618181818182,0.0272727272727273,25.9,0.0381818181818182,43.5781818181818,-0.0927791665298917,1.99891747019084,0.885079703861802,0.882447768893474,0.900526552104168
140053,70082,69971,0.598708512496396,0.595260297660871,0.655352570923359,27.2672727272727,28.1872727272727,44.5454545454545,1.69636363636364,28.76,0.0309090909090909,25.8909090909091,0.0418181818181818,43.58,-0.0896579191045021,1.98762520857325,0.885110355404414,0.882667870734697,0.900408163265306
140037,70077,69960,0.598791012007972,0.595234843172093,0.655409606229204,27.2745454545455,28.1836363636364,44.5418181818182,1.70363636363636,28.7490909090909,0.0345454545454545,25.88,0.0418181818181818,43.5909090909091,-0.0912766964537282,1.98085330198519,0.885140990600627,0.882652732081801,0.900440852314475
140083,70082,70001,0.598627872584902,0.595266622771878,0.655481194751187,27.2690909090909,28.1909090909091,44.54,1.7,28.7436363636364,0.04,25.8763636363636,0.0472727272727273,43.5927272727273,-0.092581053770978,1.97806948241354,0.88505134017869,0.882683005482103,0.900518430828265
140068,70077,69991,0.598742731307237,0.595203441479621,0.655498824124096,27.2709090909091,28.1836363636364,44.5454545454545,1.69818181818182,28.7363636363636,0.0418181818181818,25.8763636363636,0.0490909090909091,43.5981818181818,-0.0913243058728932,1.96096037644893,0.884992332822188,0.882717244048771,0.900448979591837
140129,70072,70057,0.598702342162539,0.59522310704465,0.655565775967769,27.2709090909091,28.1909090909091,44.5381818181818,1.7,28.7345454545455,0.0309090909090909,25.88,0.0418181818181818,43.6127272727273,-0.0924698091228493,1.9598239581524,0.884992332822188,0.882618510158014,0.900514369693011
140150,70082,70068,0.598653573830457,0.59516720544514,0.655439087230631,27.2672727272727,28.1890909090909,44.5436363636364,1.69636363636364,28.7327272727273,0.0290909090909091,25.8763636363636,0.0436363636363636,43.6218181818182,-0.0867998479123344,1.9550864379091,0.88497699539908,0.882546439628483,0.900485734111596
140179,70092,70087,0.598665168372869,0.595086147157154,0.65557365398709,27.2636363636364,28.1927272727273,44.5436363636364,1.69454545454545,28.7272727272727,0.0254545454545455,25.8818181818182,0.0418181818181818,43.6290909090909,-0.0894325598812429,1.94413903143088,0.885095031677226,0.882497097897588,0.90060818808931
140152,70092,70060,0.598662578863208,0.595447539360138,0.65544112816283,27.2581818181818,28.2018181818182,44.54,1.69454545454545,28.7127272727273,0.0272727272727273,25.8872727272727,0.0436363636363636,43.6345454545455,-0.0942744230512868,1.93972397378476,0.885205442902882,0.882857327058217,0.900518430828265
140156,70078,70078,0.598533755632083,0.595534636363156,0.655330363718028,27.26,28.2072727272727,44.5327272727273,1.69272727272727,28.7054545454545,0.0236363636363636,25.8981818181818,0.04,43.64,-0.0917175064675658,1.93841399014927,0.885013006069499,0.882751063555498,0.900461356305883
140189,70073,70116,0.598796840052832,0.595220489490013,0.655389391400751,27.2745454545455,28.1854545454545,44.54,1.69090909090909,28.6927272727273,0.02,25.9,0.04,43.6563636363636,-0.0927726703648328,1.92535097277723,0.885140990600627,0.882595794091085,0.900436788178144
140211,70079,70132,0.598817212109859,0.595136551409938,0.655450698440184,27.2763636363636,28.1854545454545,44.5381818181818,1.68909090909091,28.6872727272727,0.0236363636363636,25.8945454545455,0.04,43.6654545454545,-0.0916455067344941,1.92107865852727,0.885081989068124,0.88266030189653,0.900473546701502
140145,70070,70075,0.598743234952874,0.595152108081675,0.655368542067481,27.2654545454545,28.1890909090909,44.5454545454545,1.68545454545455,28.6818181818182,0.0254545454545455,25.8890909090909,0.0418181818181818,43.6763636363636,-0.0931580373031796,1.9105914790014,0.885169378500934,0.882546439628483,0.900367346938776
140149,70054,70095,0.598658202958007,0.595260637428545,0.655470068325221,27.2709090909091,28.1727272727273,44.5563636363636,1.68181818181818,28.6836363636364,0.0218181818181818,25.8963636363636,0.0381818181818182,43.6781818181818,-0.0958350795371437,1.9077194058929,0.884925661710781,0.882800903517264,0.900350934465029
140165,70053,70112,0.598553708051188,0.5953355440041,0.655553559906152,27.2563636363636,28.1890909090909,44.5545454545455,1.68181818181818,28.6618181818182,0.0290909090909091,25.9127272727273,0.0381818181818182,43.6763636363636,-0.0983994286410796,1.89986584508707,0.884997665265826,0.882739938080495,0.900387675984493
140214,70054,70160,0.598531848438223,0.595221842849049,0.655608726289037,27.2563636363636,28.1890909090909,44.5545454545455,1.67454545454545,28.6545454545455,0.0309090909090909,25.9,0.0454545454545455,43.6945454545455,-0.096814264945252,1.89728912574408,0.884997665265826,0.882481940144479,0.900469291981228
140335,70088,70247,0.59842343133676,0.59516534790093,0.65554906877345,27.2545454545455,28.2,44.5454545454545,1.67454545454545,28.6490909090909,0.02,25.9018181818182,0.0490909090909091,43.7054545454545,-0.0917896120260015,1.89641081994738,0.884989993328886,0.882591876208897,0.900530612244898
140310,70087,70223,0.598521300350002,0.595265765365049,0.65555763416355,27.2527272727273,28.1981818181818,44.5490909090909,1.67272727272727,28.6454545454545,0.0181818181818182,25.9054545454545,0.04,43.7181818181818,-0.0943169079059523,1.89019647357901,0.885115751551138,0.882777741956283,0.900497918537262
140313,70075,70238,0.59859887849894,0.595290437717488,0.655522907058283,27.2581818181818,28.1981818181818,44.5436363636364,1.67090909090909,28.6345454545455,0.0272727272727273,25.8963636363636,0.0327272727272727,43.7381818181818,-0.0952478537084641,1.88161370479925,0.885072038420491,0.882777741956283,0.900485734111596
140320,70064,70256,0.598552681033142,0.59528100133876,0.655361373402187,27.2654545454545,28.1945454545455,44.54,1.66909090909091,28.6345454545455,0.0163636363636364,25.9,0.0345454545454545,43.7454545454545,-0.0968277112247465,1.87097647642632,0.884902640704188,0.88269813632553,0.900436788178144
140365,70076,70289,0.598732802653209,0.595051580508526,0.655429928896025,27.2654545454545,28.1872727272727,44.5472727272727,1.66909090909091,28.6272727272727,0.0163636363636364,25.8945454545455,0.0381818181818182,43.7545454545455,-0.0953202650398122,1.8637005162764,0.885169378500934,0.882538863445785,0.90045304273295
140363,70066,70297,0.598626341063263,0.595184394240059,0.655450837488438,27.2563636363636,28.2,44.5436363636364,1.66545454545455,28.6181818181818,0.0181818181818182,25.8818181818182,0.0381818181818182,43.7781818181818,-0.098215734873057,1.85982154036279,0.885197785337869,0.882462927143778,0.900485734111596
140350,70053,70297,0.598601056486409,0.595184951841656,0.655426258934078,27.2709090909091,28.1872727272727,44.5418181818182,1.65818181818182,28.6181818181818,0.0163636363636364,25.8727272727273,0.0272727272727273,43.8072727272727,-0.0976915413673851,1.8484260759782,0.884992332822188,0.882603367090241,0.900440852314475
140398,70067,70331,0.598681762338766,0.59508834644173,0.65533519079138,27.2709090909091,28.1890909090909,44.54,1.65636363636364,28.6145454545455,0.0163636363636364,25.8654545454545,0.0236363636363636,43.8236363636364,-0.0969051005317438,1.84690872605636,0.885125675045003,0.882610939112487,0.900395966853084
140366,70057,70309,0.598671819266677,0.595104979113361,0.655404817984285,27.2745454545455,28.18,44.5454545454545,1.65818181818182,28.6036363636364,0.0218181818181818,25.8454545454545,0.0272727272727273,43.8436363636364,-0.100296543152415,1.8342372064394,0.885074328378108,0.882637589521905,0.900408163265306
140414,70066,70348,0.598643600523402,0.59491481288529,0.65540509217501,27.2709090909091,28.1818181818182,44.5472727272727,1.65818181818182,28.5909090909091,0.0218181818181818,25.8309090909091,0.0290909090909091,43.8690909090909,-0.0978095524487964,1.8336202593351,0.885059003933596,0.882451612903226,0.90045304273295
140468,70078,70390,0.598565424045603,0.595096123078988,0.655365286956502,27.2581818181818,28.1945454545455,44.5472727272727,1.66,28.5836363636364,0.0181818181818182,25.8236363636364,0.0290909090909091,43.8854545454545,-0.0972939090828401,1.8335468757813,0.885205442902882,0.882633649319662,0.900412228072324
140489,70080,70409,0.598503288524025,0.595191338672161,0.655381859643773,27.2636363636364,28.1927272727273,44.5436363636364,1.65818181818182,28.5763636363636,0.0218181818181818,25.8090909090909,0.0254545454545455,43.9090909090909,-0.0953903940022098,1.82559036210772,0.885095031677226,0.88275506255643,0.900404098126454
140520,70086,70434,0.598644184574048,0.595168248248879,0.655500241438012,27.2690909090909,28.1872727272727,44.5436363636364,1.66,28.5672727272727,0.0272727272727273,25.7927272727273,0.0290909090909091,43.9236363636364,-0.0956748468001024,1.81875695226799,0.885251366848913,0.882861381668064,0.900444916119025
140486,70081,70405,0.598598913467517,0.59524213991317,0.655232105905954,27.2636363636364,28.2036363636364,44.5327272727273,1.65636363636364,28.5654545454545,0.02,25.7781818181818,0.0309090909090909,43.9490909090909,-0.0992095540846508,1.80934927721762,0.885228409469823,0.882800412583806,0.900420528314212
140515,70073,70442,0.598643524559999,0.595064333826111,0.655369700139563,27.2672727272727,28.1981818181818,44.5345454545455,1.65454545454545,28.5563636363636,0.0218181818181818,25.7563636363636,0.0309090909090909,43.98,-0.102643545559443,1.79824937728064,0.885310395412416,0.882584305886904,0.900465420102882
140524,70061,70463,0.598509734421032,0.594958092570555,0.655580366596267,27.2690909090909,28.1890909090909,44.5418181818182,1.66,28.5381818181818,0.0218181818181818,25.7345454545455,0.0327272727272727,44.0127272727273,-0.102532295424184,1.78878325955858,0.885118015735431,0.882417440660475,0.900563311290718
140539,70065,70474,0.59839934256518,0.595074143523482,0.655594530170872,27.2636363636364,28.1872727272727,44.5490909090909,1.66181818181818,28.5327272727273,0.0181818181818182,25.7163636363636,0.0309090909090909,44.04,-0.100450752223233,1.77464090735144,0.885095031677226,0.882603367090241,0.900497918537262
140553,70072,70481,0.598327592082988,0.595122724990936,0.655514359584596,27.2581818181818,28.1927272727273,44.5490909090909,1.65636363636364,28.5218181818182,0.0181818181818182,25.7090909090909,0.0290909090909091,44.0654545454545,-0.0990807865158951,1.76849277671427,0.885138740661686,0.882626080227009,0.900416292547547
140543,70056,70487,0.598443084611365,0.59508868053634,0.655553216723192,27.2654545454545,28.1854545454545,44.5490909090909,1.65818181818182,28.5181818181818,0.0163636363636364,25.6945454545455,0.0163636363636364,44.0963636363636,-0.103771123049162,1.76037947870368,0.885169378500934,0.882531286285641,0.900497918537262
140552,70052,70500,0.598684725240482,0.595037647469645,0.655459677455527,27.2781818181818,28.1818181818182,44.54,1.66181818181818,28.5163636363636,0.0218181818181818,25.6709090909091,0.0254545454545455,44.1036363636364,-0.103010855813971,1.75799797601913,0.885156302072919,0.88258064516129,0.900477609503204
140545,70052,70493,0.598701607648353,0.59502273583829,0.655486449622322,27.2745454545455,28.1709090909091,44.5545454545455,1.66181818181818,28.5072727272727,0.0218181818181818,25.6727272727273,0.0181818181818182,44.1181818181818,-0.105122490375652,1.74202799902044,0.885207652823145,0.88279333935717,0.900387675984493
140597,70067,70530,0.598606965107361,0.595048371210256,0.655433046639632,27.2618181818182,28.1909090909091,44.5472727272727,1.66363636363636,28.5054545454545,0.0181818181818182,25.6672727272727,0.0236363636363636,44.1218181818182,-0.103436100425924,1.74645980626175,0.885287448312658,0.882747500806192,0.900371413411697
140595,70071,70524,0.598495692636633,0.594973138090135,0.655412914226942,27.2690909090909,28.1890909090909,44.5418181818182,1.66,28.5090909090909,0.0145454545454545,25.6527272727273,0.0236363636363636,44.14,-0.102373642958992,1.73308906909925,0.885118015735431,0.8828044375645,0.900440852314475
140604,70063,70541,0.598579226547515,0.595034177167199,0.655340695367232,27.2763636363636,28.1818181818182,44.5418181818182,1.66,28.5,0.02,25.6454545454545,0.0218181818181818,44.1527272727273,-0.101560372950255,1.72427733076567,0.885081989068124,0.882774193548387,0.900400032655727
140600,70051,70549,0.598507179394267,0.594913680378979,0.655324726357869,27.28,28.1836363636364,44.5363636363636,1.66,28.4981818181818,0.0181818181818182,25.6436363636364,0.0127272727272727,44.1672727272727,-0.104080893990547,1.71866872088814,0.885030658491069,0.882523708147861,0.900428658909982
140654,70049,70605,0.598506131260885,0.594979667264047,0.65554249440657,27.2763636363636,28.1890909090909,44.5345454545455,1.65636363636364,28.4963636363636,0.0181818181818182,25.6327272727273,0.0127272727272727,44.1836363636364,-0.108760655623469,1.71239019773731,0.885081989068124,0.882546439628483,0.900547072752511
140632,70044,70588,0.598543619479702,0.594937302994338,0.655616822683214,27.2709090909091,28.1836363636364,44.5454545454545,1.65454545454545,28.4945454545455,0.0218181818181818,25.6218181818182,0.0163636363636364,44.1909090909091,-0.109525267104751,1.70197082585232,0.88519234615641,0.882523708147861,0.900530612244898
140645,70062,70583,0.598691443892481,0.595016812362198,0.655383577582443,27.2763636363636,28.1818181818182,44.5418181818182,1.64363636363636,28.4981818181818,0.0218181818181818,25.6254545454545,0.02,44.1909090909091,-0.104786852178222,1.68216929552569,0.88521530462605,0.882838709677419,0.900440852314475
140640,70054,70586,0.598689000248624,0.595170505582653,0.655399150671984,27.2709090909091,28.1890909090909,44.54,1.63636363636364,28.5054545454545,0.0218181818181818,25.6218181818182,0.0254545454545455,44.1890909090909,-0.109103949818051,1.67763149069453,0.885259017267818,0.882868937048504,0.900436788178144
140644,70048,70596,0.598660924212799,0.594843212960689,0.655531209466961,27.28,28.1672727272727,44.5527272727273,1.63272727272727,28.5054545454545,0.0236363636363636,25.6090909090909,0.0363636363636364,44.1927272727273,-0.106077559678074,1.66523423348977,0.885163956278326,0.882649109217661,0.900424420502775
140659,70039,70620,0.598670304571801,0.594992144684796,0.655511544586267,27.2854545454545,28.1690909090909,44.5454545454545,1.62545454545455,28.5127272727273,0.0236363636363636,25.6127272727273,0.0290909090909091,44.1963636363636,-0.113913928138341,1.65873838782056,0.885253548344106,0.882721228942103,0.900489795918367
140657,70031,70626,0.598806409660661,0.59491240026078,0.655544718554142,27.2927272727273,28.1581818181818,44.5490909090909,1.62363636363636,28.5181818181818,0.0236363636363636,25.6090909090909,0.0254545454545455,44.2,-0.114147414617235,1.64862965281883,0.885284124975018,0.882675792600245,0.900497918537262
140669,70041,70628,0.598668145059387,0.594686020012793,0.655441337435632,27.2945454545455,28.1545454545455,44.5509090909091,1.62,28.5254545454545,0.0181818181818182,25.6090909090909,0.0236363636363636,44.2036363636364,-0.111861993989177,1.64189842450009,0.885225153210765,0.882660639328382,0.900420356691017
140684,70043,70641,0.598766212390092,0.594846806271274,0.655369123778728,27.2945454545455,28.1690909090909,44.5363636363636,1.62181818181818,28.5254545454545,0.0236363636363636,25.5981818181818,0.0236363636363636,44.2072727272727,-0.11351833325898,1.63120150799355,0.885291766586731,0.882721228942103,0.900428658909982
140722,70047,70675,0.598716618931217,0.59495074518692,0.655352748244504,27.2945454545455,28.1690909090909,44.5363636363636,1.62,28.5272727272727,0.0218181818181818,25.6054545454545,0.02,44.2054545454545,-0.11048419695792,1.62835340163755,0.885225153210765,0.882850319499129,0.900387834251888
140726,70031,70695,0.598885792902943,0.594760208821359,0.655565157403588,27.3054545454545,28.1436363636364,44.5509090909091,1.61636363636364,28.5309090909091,0.02,25.6090909090909,0.0218181818181818,44.2018181818182,-0.113533033258202,1.61791946739382,0.885271008123585,0.882808966987532,0.900420356691017
140719,70034,70685,0.598748410105107,0.594816369793561,0.655439905204988,27.3018181818182,28.1545454545455,44.5436363636364,1.61636363636364,28.52,0.0309090909090909,25.6054545454545,0.0218181818181818,44.2054545454545,-0.113663826628445,1.6116500953424,0.885122535961641,0.882854375201808,0.900444916119025
140747,70024,70723,0.598908244995785,0.594757004416939,0.655481676287831,27.3145454545455,28.1509090909091,44.5345454545455,1.61272727272727,28.5254545454545,0.0181818181818182,25.6181818181818,0.0163636363636364,44.2090909090909,-0.113149099906811,1.61109749739143,0.885109498768555,0.882710069108054,0.900506246427697
140767,70032,70735,0.59897683762767,0.594476351526681,0.655476877373398,27.32,28.1381818181818,44.5418181818182,1.60909090909091,28.5236363636364,0.02,25.62,0.0127272727272727,44.2145454545455,-0.112856950215064,1.60755753841209,0.885132437109011,0.882657017317136,0.90052249163197
140777,70035,70742,0.599175026144917,0.594443193405992,0.655584306300217,27.3218181818182,28.1309090909091,44.5472727272727,1.60727272727273,28.5254545454545,0.0163636363636364,25.62,0.0181818181818182,44.2127272727273,-0.117314714645115,1.59945427817293,0.885339721834032,0.88275594622544,0.900575486714828
140703,70003,70700,0.599133592983646,0.594818009644295,0.655530275960905,27.32,28.1363636363636,44.5436363636364,1.60727272727273,28.5272727272727,0.0181818181818182,25.62,0.0145454545454545,44.2127272727273,-0.124612328210258,1.58933101314205,0.885265539731133,0.882843295638126,0.900526552104168
140698,69999,70699,0.599026989270933,0.595028738263171,0.65549896804974,27.3163636363636,28.1436363636364,44.54,1.60181818181818,28.5309090909091,0.0218181818181818,25.6181818181818,0.0145454545454545,44.2127272727273,-0.126653891495053,1.58094074596355,0.885250266240682,0.882938174300665,0.900477609503204
140755,70031,70724,0.598825732436939,0.59491634657402,0.65541968341684,27.3,28.1563636363636,44.5436363636364,1.59818181818182,28.5381818181818,0.0218181818181818,25.6145454545455,0.0145454545454545,44.2127272727273,-0.116854664650534,1.57562877868345,0.885314685314685,0.882926514270954,0.900404098126454
140712,70011,70701,0.59893636813903,0.594683277556871,0.655511563380004,27.3163636363636,28.1363636363636,44.5472727272727,1.6,28.5381818181818,0.0163636363636364,25.6145454545455,0.0236363636363636,44.2072727272727,-0.119478165348383,1.57133569696452,0.885250266240682,0.882778675282714,0.900412228072324
140728,70011,70717,0.599001571199106,0.59451745449247,0.65565099018814,27.3181818181818,28.1236363636364,44.5581818181818,1.6,28.5363636363636,0.0181818181818182,25.6127272727273,0.0290909090909091,44.2036363636364,-0.119302070732176,1.56200924231882,0.885257903494176,0.88266097750194,0.900477414616232
140767,70028,70739,0.599021590366125,0.594521121981162,0.65549909490307,27.3254545454545,28.1272727272727,44.5472727272727,1.6,28.5363636363636,0.0181818181818182,25.6145454545455,0.0236363636363636,44.2072727272727,-0.113396360503711,1.56675907575779,0.885155366291836,0.882805429864253,0.90045304273295
140743,70018,70725,0.598984683720277,0.594641494753731,0.655520923619546,27.3163636363636,28.14,44.5436363636364,1.60181818181818,28.5381818181818,0.0163636363636364,25.6145454545455,0.0236363636363636,44.2054545454545,-0.116606219033367,1.55427497694777,0.885250266240682,0.88266459908251,0.900485734111596
140781,70028,70753,0.59881364650224,0.594523488436634,0.655561822693659,27.3127272727273,28.1381818181818,44.5490909090909,1.6,28.5381818181818,0.0218181818181818,25.6109090909091,0.02,44.2090909090909,-0.115471074782412,1.54888063731222,0.885101850619092,0.882657017317136,0.900497918537262
140786,70033,70753,0.599118810832076,0.594317942700358,0.655614200386438,27.3163636363636,28.1254545454545,44.5581818181818,1.60181818181818,28.5345454545455,0.0236363636363636,25.6072727272727,0.0272727272727273,44.2054545454545,-0.117101103202995,1.54683878140693,0.885316826411076,0.882668562932316,0.900518219284286
140785,70031,70754,0.598951720066528,0.594401392805972,0.655703827040498,27.3090909090909,28.1290909090909,44.5618181818182,1.60181818181818,28.5363636363636,0.0254545454545455,25.6072727272727,0.0309090909090909,44.1981818181818,-0.116884053235117,1.5481026785427,0.885286284953395,0.882619093788378,0.900526337263862
140775,70031,70744,0.598795311300603,0.594375144726479,0.655643796300926,27.3090909090909,28.1290909090909,44.5618181818182,1.6,28.5418181818182,0.02,25.6145454545455,0.0236363636363636,44.2,-0.112439209261819,1.53940483919472,0.885153129161119,0.882619093788378,0.900485535925578
140749,70018,70731,0.59883839878346,0.594488721089677,0.65553219055591,27.3109090909091,28.1290909090909,44.56,1.6,28.5418181818182,0.0218181818181818,25.6181818181818,0.0163636363636364,44.2018181818182,-0.11863759453673,1.53190986239986,0.885227348378936,0.88268373085127,0.900440672433491
140772,70028,70744,0.5987936597433,0.594678370958418,0.655440294536386,27.3,28.1454545454545,44.5545454545455,1.60363636363636,28.5381818181818,0.0181818181818182,25.6163636363636,0.02,44.2036363636364,-0.119566455517567,1.52995571344668,0.885314685314685,0.882751937984496,0.900428483982861
140815,70036,70779,0.598799978390006,0.594654364432701,0.655421873886553,27.3109090909091,28.1418181818182,44.5472727272727,1.60363636363636,28.54,0.0181818181818182,25.6127272727273,0.0218181818181818,44.2036363636364,-0.115063418131269,1.52518787769685,0.885094201451301,0.882866003359607,0.90045304273295
140813,70034,70779,0.598846107447586,0.594505410529316,0.655555368104875,27.3109090909091,28.1363636363636,44.5527272727273,1.60363636363636,28.5381818181818,0.0236363636363636,25.6181818181818,0.0127272727272727,44.2036363636364,-0.1140102993476,1.51908735755238,0.885160774915119,0.882714054927302,0.900506039830232
140866,70052,70814,0.598815496255979,0.59434460862215,0.655368155509142,27.3145454545455,28.1436363636364,44.5418181818182,1.60181818181818,28.5454545454545,0.0145454545454545,25.6181818181818,0.0181818181818182,44.2018181818182,-0.11235596407906,1.51085148951758,0.885109498768555,0.882615156017831,0.90052249163197
140836,70046,70790,0.598877024278903,0.594240689294005,0.65526280381704,27.3236363636364,28.1290909090909,44.5472727272727,1.6,28.5454545454545,0.02,25.6145454545455,0.0218181818181818,44.1981818181818,-0.112346274803117,1.51119262591978,0.885081181793985,0.88268373085127,0.900412228072324
140826,70030,70796,0.598783505796024,0.594542437482683,0.65548241044115,27.3072727272727,28.14,44.5527272727273,1.6,28.5527272727273,0.0181818181818182,25.6218181818182,0.0163636363636364,44.1909090909091,-0.118192222506729,1.50532551483166,0.885078900059924,0.882858435097241,0.900424420502775
140819,70026,70793,0.598932102262608,0.594516769770447,0.655500039371552,27.3036363636364,28.14,44.5563636363636,1.59818181818182,28.5527272727273,0.0218181818181818,25.6218181818182,0.0181818181818182,44.1872727272727,-0.120343789506296,1.5006015771365,0.885263368182726,0.88272921108742,0.900432547131315
140880,70028,70852,0.599047677846501,0.594374738026595,0.655553361408129,27.3127272727273,28.1363636363636,44.5509090909091,1.59636363636364,28.5636363636364,0.0163636363636364,25.6218181818182,0.0127272727272727,44.1890909090909,-0.119682447351409,1.49524159246463,0.885234988683265,0.88264943457189,0.900501979349467
140830,70011,70819,0.598969330810343,0.594414508762316,0.655682125636637,27.3163636363636,28.1272727272727,44.5563636363636,1.59090909090909,28.5727272727273,0.0181818181818182,25.6163636363636,0.02,44.1818181818182,-0.124399780610904,1.48786996019454,0.885117145899894,0.882805429864253,0.900473353464458
140877,70020,70857,0.598992278736641,0.594455227363594,0.65563765670483,27.3181818181818,28.1181818181818,44.5636363636364,1.59090909090909,28.58,0.0145454545454545,25.6272727272727,0.0163636363636364,44.1709090909091,-0.122025413861477,1.48579102330841,0.885124792013311,0.882896863886195,0.900448796409629
140882,70034,70848,0.598934322061905,0.594257840273518,0.655584279846202,27.3181818181818,28.1236363636364,44.5581818181818,1.58545454545455,28.5836363636364,0.0254545454545455,25.6236363636364,0.02,44.1618181818182,-0.119424732122041,1.47902717600704,0.885191347753744,0.88266097750194,0.900518219284286
140919,70042,70877,0.598712800002957,0.594461165125826,0.65556359999246,27.3054545454545,28.1436363636364,44.5509090909091,1.58909090909091,28.5909090909091,0.0145454545454545,25.6327272727273,0.0181818181818182,44.1545454545455,-0.118876932251839,1.47316554292232,0.885137834598482,0.882744363330965,0.900583602007917
140915,70038,70877,0.598764940740082,0.594333696080486,0.655553974077065,27.3054545454545,28.1345454545455,44.56,1.58727272727273,28.5909090909091,0.0127272727272727,25.6527272727273,0.0181818181818182,44.1381818181818,-0.116926058662516,1.47044460035607,0.885137834598482,0.882641850846581,0.900522278439693
140918,70034,70884,0.598908663665642,0.594353462814745,0.655438814584622,27.3054545454545,28.14,44.5545454545455,1.58545454545455,28.5945454545455,0.0181818181818182,25.6490909090909,0.02,44.1327272727273,-0.119378942516579,1.46552235980264,0.885271008123585,0.882599987077599,0.900469291981228
140926,70024,70902,0.599045044301495,0.594279257972545,0.655603456699852,27.3218181818182,28.12,44.5581818181818,1.58181818181818,28.6036363636364,0.0145454545454545,25.66,0.0181818181818182,44.1218181818182,-0.120772615632317,1.45864089434247,0.885206628069475,0.882645803698435,0.900518219284286
140948,70022,70926,0.599074636509844,0.594372763518183,0.65549700561717,27.3181818181818,28.1345454545455,44.5472727272727,1.57818181818182,28.6109090909091,0.02,25.66,0.0163636363636364,44.1145454545455,-0.123123935955862,1.45037079417274,0.885257903494176,0.882577226315109,0.900493857393576
140990,70030,70960,0.598913104365263,0.594536891536815,0.655508267773971,27.3054545454545,28.1418181818182,44.5527272727273,1.57818181818182,28.6290909090909,0.0127272727272727,25.6509090909091,0.0145454545454545,44.1145454545455,-0.123942058799466,1.45320203486322,0.885337594886137,0.882736787698669,0.900506039830232
140977,70033,70944,0.598964666590217,0.594522501849941,0.655353051251815,27.3109090909091,28.14,44.5490909090909,1.58,28.6290909090909,0.0218181818181818,25.6490909090909,0.0127272727272727,44.1072727272727,-0.121908726113576,1.44953487056773,0.885293921842753,0.88272921108742,0.900457105542405
140917,70006,70911,0.598963547020225,0.594546876890498,0.655526852960637,27.3254545454545,28.1218181818182,44.5527272727273,1.57818181818182,28.64,0.0163636363636364,25.6563636363636,0.0109090909090909,44.0981818181818,-0.126950561847678,1.44135928848674,0.885088828265354,0.882847352427749,0.900465230166503
140952,70026,70926,0.598886799846835,0.594457628193305,0.655425508968571,27.3218181818182,28.1272727272727,44.5509090909091,1.57636363636364,28.6509090909091,0.02,25.6472727272727,0.0127272727272727,44.0927272727273,-0.121590331379676,1.43757647025949,0.885073534304918,0.882870071105365,0.900461168020242
140931,70022,70909,0.598930576855851,0.594464506260471,0.655470740187473,27.3145454545455,28.1309090909091,44.5545454545455,1.57636363636364,28.6636363636364,0.0254545454545455,25.6363636363636,0.0181818181818182,44.08,-0.123554115112413,1.42831304941157,0.8851760633695,0.882885211995863,0.900428483982861
140943,70028,70915,0.59903301685586,0.594198902143248,0.655616846010889,27.3218181818182,28.1072727272727,44.5709090909091,1.57818181818182,28.6763636363636,0.0254545454545455,25.6254545454545,0.0181818181818182,44.0763636363636,-0.123501454976477,1.4250471471068,0.885206628069475,0.882851413416133,0.900465040385086
140983,70024,70959,0.598912928165955,0.594382766771829,0.655610461906601,27.3127272727273,28.1272727272727,44.56,1.57636363636364,28.6872727272727,0.0254545454545455,25.6254545454545,0.0163636363636364,44.0690909090909,-0.125315018084273,1.42811422488991,0.885234988683265,0.882611506140918,0.900522278439693
141044,70038,71006,0.598970804372432,0.594269971237564,0.65555055040674,27.3218181818182,28.1163636363636,44.5618181818182,1.57636363636364,28.7018181818182,0.02,25.62,0.0145454545454545,44.0672727272727,-0.120290127865618,1.42582752656784,0.885140081187196,0.882759958613554,0.900526337263862
141011,70032,70979,0.59896937021777,0.59435136284382,0.655412558701499,27.32,28.1290909090909,44.5509090909091,1.57636363636364,28.7163636363636,0.0181818181818182,25.6109090909091,0.0163636363636364,44.0618181818182,-0.121303676390116,1.41849397859451,0.885132437109011,0.882813004977054,0.900461168020242
140994,70022,70972,0.599052382170865,0.594658049648463,0.655340107231162,27.3145454545455,28.1381818181818,44.5472727272727,1.57272727272727,28.7272727272727,0.02,25.6054545454545,0.02,44.0545454545455,-0.12688243420198,1.41200930006294,0.88530919257139,0.88285086585681,0.90045304273295
140998,70022,70976,0.598992620951294,0.594447452964065,0.655510222062581,27.3218181818182,28.1181818181818,44.56,1.57272727272727,28.7363636363636,0.0181818181818182,25.6,0.0181818181818182,44.0545454545455,-0.125335875885172,1.40989407048222,0.885140081187196,0.882896863886195,0.900481475436592
140983,70016,70967,0.599052799402748,0.59424025192418,0.655507266903664,27.3254545454545,28.1109090909091,44.5636363636364,1.57454545454545,28.7363636363636,0.0181818181818182,25.6036363636364,0.0163636363636364,44.0509090909091,-0.122289812225063,1.39863472035239,0.885155366291836,0.882737209753574,0.900448796409629
140989,70009,70980,0.59914018211746,0.594195637404434,0.655654612060486,27.3254545454545,28.1127272727273,44.5618181818182,1.57272727272727,28.7436363636364,0.0145454545454545,25.6,0.0163636363636364,44.0527272727273,-0.124288733839057,1.3996649608524,0.885221904318318,0.882680119001423,0.900485535925578
141003,70011,70992,0.598991731180909,0.594240092273648,0.655544557442109,27.3236363636364,28.1181818181818,44.5581818181818,1.56909090909091,28.7490909090909,0.0181818181818182,25.5963636363636,0.0145454545454545,44.0527272727273,-0.127308404917527,1.3943710104647,0.88514772424807,0.882702877465244,0.900436609948178
141028,70020,71008,0.598989279985579,0.5943336776417,0.655536037811595,27.3309090909091,28.1090909090909,44.56,1.56727272727273,28.76,0.0181818181818182,25.5927272727273,0.0163636363636364,44.0454545454545,-0.126897681825159,1.38824675419495,0.8850452368281,0.882923673997413,0.900481475436592
141065,70026,71039,0.598933394258832,0.594202799129989,0.655689823949229,27.3309090909091,28.1036363636364,44.5654545454545,1.56181818181818,28.7672727272727,0.0163636363636364,25.5872727272727,0.0181818181818182,44.0490909090909,-0.125208157964186,1.38243846639948,0.884978712080894,0.882900951025425,0.900534453918649
141062,70014,71048,0.599129406130647,0.594444203721225,0.655701573509182,27.3290909090909,28.1163636363636,44.5545454545455,1.56,28.7709090909091,0.0218181818181818,25.5709090909091,0.0181818181818182,44.0581818181818,-0.131099450318884,1.37708128015934,0.885170647328854,0.883018623900673,0.900550907977964
141000,69992,71008,0.598875504276554,0.594726620310896,0.655395378299725,27.3181818181818,28.1436363636364,44.5381818181818,1.55454545454545,28.7763636363636,0.0309090909090909,25.5581818181818,0.0127272727272727,44.0672727272727,-0.133557218327571,1.36943506014914,0.884991680532446,0.882873570644098,0.900432723709993
141028,70008,71020,0.598940425267082,0.594504261498015,0.655284205893013,27.3272727272727,28.1418181818182,44.5309090909091,1.55090909090909,28.7709090909091,0.0309090909090909,25.5654545454545,0.0127272727272727,44.0690909090909,-0.12978526759431,1.36759693745143,0.88502994011976,0.882801395529138,0.900457292177037
141074,70008,71066,0.598927821522158,0.594509548157555,0.655366167786767,27.3254545454545,28.14,44.5345454545455,1.54363636363636,28.7709090909091,0.0163636363636364,25.58,0.0109090909090909,44.0781818181818,-0.12833628407825,1.35979856640651,0.885088828265354,0.882793823092331,0.900465420102882
141062,69993,71069,0.599077473288177,0.594386983052967,0.655409121637405,27.34,28.1163636363636,44.5436363636364,1.53272727272727,28.7727272727273,0.0109090909090909,25.5854545454545,0.0145454545454545,44.0836363636364,-0.131705560716298,1.35839856021022,0.885083460796701,0.882889291257113,0.900444916119025
141057,69993,71064,0.59902374635314,0.59430590229364,0.655403933346021,27.3363636363636,28.1145454545455,44.5490909090909,1.53636363636364,28.7527272727273,0.02,25.5836363636364,0.0127272727272727,44.0945454545455,-0.129687850815059,1.35098281862341,0.88506817426006,0.882752376641014,0.900416292547547
141070,69987,71083,0.598980307130153,0.594246658756476,0.655481338858299,27.34,28.1145454545455,44.5454545454545,1.53090909090909,28.7490909090909,0.0181818181818182,25.58,0.0218181818181818,44.1,-0.129661118709522,1.34200549768707,0.88488395291614,0.882623035633448,0.900448979591837
141079,69987,71092,0.599049573313505,0.594263138708412,0.655623839113601,27.3363636363636,28.12,44.5436363636364,1.52909090909091,28.7290909090909,0.0381818181818182,25.5727272727273,0.02,44.1109090909091,-0.133173261611558,1.32927068132611,0.885001662786831,0.882645803698435,0.900526552104168
141137,69997,71140,0.599061419510879,0.594262147149145,0.65548917848453,27.3418181818182,28.1145454545455,44.5436363636364,1.52545454545455,28.74,0.0163636363636364,25.5854545454545,0.0163636363636364,44.1163636363636,-0.129374031648529,1.33501837688117,0.884958106131134,0.882752376641014,0.900485734111596
141153,69999,71154,0.598917602783245,0.594392599115017,0.655493364519158,27.3363636363636,28.1218181818182,44.5418181818182,1.52,28.7290909090909,0.0218181818181818,25.5927272727273,0.0109090909090909,44.1254545454546,-0.134575826955419,1.33336531591432,0.885001662786831,0.882847352427749,0.900481671973222
141178,70005,71173,0.598926352381876,0.594339987255352,0.655459400331798,27.3345454545455,28.1181818181818,44.5472727272727,1.51818181818182,28.7145454545455,0.0163636363636364,25.5945454545455,0.0181818181818182,44.1381818181818,-0.132731078471658,1.32559322708456,0.885060529466542,0.882832201745878,0.900493857393576
141236,70005,71231,0.598945855409336,0.594450345893422,0.655435436334137,27.3272727272727,28.1309090909091,44.5418181818182,1.51636363636364,28.7018181818182,0.0181818181818182,25.6018181818182,0.00909090909090909,44.1527272727273,-0.134485542998895,1.3232857708163,0.885163007318696,0.882885211995863,0.900440852314475
141194,69999,71195,0.598948826892863,0.594414388729042,0.655318286351957,27.3345454545455,28.1218181818182,44.5436363636364,1.51454545454545,28.6781818181818,0.0254545454545455,25.6109090909091,0.0163636363636364,44.1545454545455,-0.132780068438561,1.31517613895915,0.885060529466542,0.882847352427749,0.900404098126454
141163,69981,71182,0.599008822189791,0.59400809852868,0.655410408984101,27.34,28.1072727272727,44.5527272727273,1.51272727272727,28.68,0.0181818181818182,25.6090909090909,0.0127272727272727,44.1672727272727,-0.133834419102112,1.29787938302933,0.885016958169848,0.882527977230092,0.900383610839047
141175,69984,71191,0.598945179790975,0.594118131933367,0.655503008243335,27.3290909090909,28.1163636363636,44.5545454545455,1.51272727272727,28.6709090909091,0.0181818181818182,25.6054545454545,0.0127272727272727,44.18,-0.134879967568982,1.29421992749611,0.885037588982769,0.882630625969995,0.900387675984493
141233,69999,71234,0.598908246193076,0.594320291179743,0.65566000402246,27.32,28.1236363636364,44.5563636363636,1.51636363636364,28.6436363636364,0.0236363636363636,25.6018181818182,0.0145454545454545,44.2,-0.133109299226172,1.29961060232652,0.88506588579795,0.882854926299457,0.900514159797601
141220,69997,71223,0.59909257425239,0.594401987157594,0.655406850518613,27.3327272727273,28.1218181818182,44.5454545454545,1.51636363636364,28.6363636363636,0.0218181818181818,25.6036363636364,0.0127272727272727,44.2090909090909,-0.134347473142407,1.28785995989826,0.885119403977915,0.882976659985776,0.900489795918367
141190,69970,71220,0.598888940450523,0.594351923004971,0.655495804314777,27.3218181818182,28.1218181818182,44.5563636363636,1.51454545454545,28.6272727272727,0.0236363636363636,25.5963636363636,0.00909090909090909,44.2290909090909,-0.1388382184683,1.27867066239176,0.885006987422639,0.882782698648736,0.900391740798172
141223,69977,71246,0.598917723104608,0.594277915119107,0.65544700365573,27.3254545454545,28.12,44.5545454545455,1.51636363636364,28.6127272727273,0.0272727272727273,25.5872727272727,0.0127272727272727,44.2436363636364,-0.136274361387636,1.27025919248858,0.885022290238871,0.88271046165783,0.900387675984493
141239,69977,71262,0.598871867570314,0.594205672946053,0.65563521941107,27.3236363636364,28.1127272727273,44.5636363636364,1.52181818181818,28.5945454545455,0.0218181818181818,25.5872727272727,0.0127272727272727,44.2618181818182,-0.137917802147554,1.26892259728629,0.885081181793985,0.882680119001423,0.900407996736026
141271,69995,71276,0.598913169363197,0.594106234544557,0.655438434576176,27.3218181818182,28.1236363636364,44.5545454545455,1.52181818181818,28.5763636363636,0.0163636363636364,25.5890909090909,0.0145454545454545,44.2818181818182,-0.134676404720945,1.26278114203279,0.885206628069475,0.88266097750194,0.900387675984493
141277,69987,71290,0.598870816641934,0.594325695170165,0.65553650566046,27.3327272727273,28.1163636363636,44.5509090909091,1.52545454545455,28.5490909090909,0.02,25.5836363636364,0.0127272727272727,44.3090909090909,-0.136411145339199,1.26652120789936,0.884986363333998,0.882889291257113,0.900420356691017
