"total_rewards","action_rewards","opinion_rewards","sp0_social_trust","sp1_social_trust","sp2_social_trust","sp0_request_rate","sp1_request_rate","sp2_request_rate","op0_expression_rate","op1_expression_rate","op2_expression_rate","op3_expression_rate","op4_expression_rate","op5_expression_rate","mean_loss1","mean_loss2","sp0_availability","sp1_availability","sp2_availability"
21637,30976,-9339,0.730129266987044,0.706961896086765,0.715938039635141,32.7872727272727,33.1127272727273,34.1,16.7818181818182,16.2636363636364,16.7418181818182,16.7109090909091,16.6290909090909,16.8727272727273,1.66330935846676,-6.51985398422588,0.891088559862474,0.850043927081045,0.849373500399893
21927,30966,-9039,0.730185422224376,0.70684028931044,0.715889437198346,32.8145454545455,33.0818181818182,34.1036363636364,16.6563636363636,16.4109090909091,16.6109090909091,16.8563636363636,16.5236363636364,16.9418181818182,1.59172338464043,-6.54394875439731,0.891123670212766,0.849793899422918,0.849336247800821
22245,30995,-8750,0.730291064096423,0.706661222162673,0.715885770876973,32.8618181818182,33.0181818181818,34.12,16.5290909090909,16.5672727272727,16.4909090909091,16.9690909090909,16.4145454545455,17.0290909090909,1.52337613972751,-6.57058571685444,0.891280292132345,0.84988986784141,0.849195353298519
22508,31001,-8493,0.730339649353664,0.706638766843779,0.715802953019337,32.8890909090909,32.9909090909091,34.12,16.4090909090909,16.7018181818182,16.3963636363636,17.1109090909091,16.28,17.1018181818182,1.45336313572797,-6.61071470867504,0.891370446127481,0.850151556902728,0.849142065437493
22829,31015,-8186,0.73033917178842,0.7062889462803,0.715633832260387,32.9418181818182,32.9472727272727,34.1109090909091,16.2909090909091,16.8945454545455,16.2745454545455,17.2072727272727,16.1490909090909,17.1836363636364,1.38354713266546,-6.62785912427035,0.891323545645215,0.850008277688869,0.849101860241991
23185,31045,-7860,0.730405878655099,0.706375691745694,0.715478838395274,32.9581818181818,32.9436363636364,34.0981818181818,16.1454545454545,17.0454545454545,16.1981818181818,17.3618181818182,15.9472727272727,17.3018181818182,1.31489333564585,-6.63397682796825,0.891487835825012,0.850322865500304,0.849098858910099
23464,31023,-7559,0.730571332627239,0.706215310269899,0.715346804760093,33.0036363636364,32.9054545454545,34.0909090909091,16,17.2109090909091,16.12,17.4745454545455,15.8072727272727,17.3872727272727,1.24098140326413,-6.66816710558805,0.891361833406787,0.850480716101227,0.849066666666667
23832,31063,-7231,0.730490222148257,0.706305264227177,0.715169985467366,33.0218181818182,32.8945454545455,34.0836363636364,15.8763636363636,17.3890909090909,15.9872727272727,17.6,15.6836363636364,17.4636363636364,1.17192631201311,-6.69201474623247,0.891201409536395,0.85087331417201,0.849194494825563
24148,31112,-6964,0.730400863129046,0.706352675462835,0.715206044969162,33.0163636363636,32.9236363636364,34.06,15.7163636363636,17.6018181818182,15.8836363636364,17.7036363636364,15.5327272727273,17.5618181818182,1.10345633355054,-6.75312817313454,0.89129357343466,0.851060304837641,0.849623658783964
24574,31141,-6567,0.73042724869789,0.706145663832323,0.714802858366916,33.0781818181818,32.8818181818182,34.04,15.5418181818182,17.8509090909091,15.7163636363636,17.86,15.3618181818182,17.6690909090909,1.03224207487973,-6.7478567535227,0.891166932336613,0.851092065247443,0.849428479863262
25005,31196,-6191,0.730504877018696,0.705906284475195,0.714546207122388,33.1036363636364,32.8854545454545,34.0109090909091,15.3381818181818,18.1327272727273,15.5690909090909,17.9836363636364,15.22,17.7563636363636,0.962253113768318,-6.76247076554732,0.89136046575493,0.851053242660474,0.849406607505613
25313,31265,-5952,0.73037891161512,0.705718465100507,0.714330242091027,33.1218181818182,32.8909090909091,33.9872727272727,15.1636363636364,18.3309090909091,15.4672727272727,18.0909090909091,15.0745454545455,17.8727272727273,0.893239911577918,-6.84609431353482,0.891365208321897,0.8510226644555,0.849515861552453
25768,31314,-5546,0.730521029206775,0.705431839306513,0.714256995341177,33.1854545454545,32.8181818181818,33.9963636363636,14.9090909090909,18.6454545454545,15.3018181818182,18.2145454545455,14.9181818181818,18.0109090909091,0.821269143711437,-6.85588967366652,0.891573526188911,0.851024930747922,0.849609583912718
26260,31343,-5083,0.730470868562455,0.705143054308142,0.713972575465049,33.1909090909091,32.8472727272727,33.9618181818182,14.6854545454545,18.9218181818182,15.0872727272727,18.4163636363636,14.6690909090909,18.22,0.747073086283424,-6.84322410496798,0.891755683374418,0.850492638104727,0.849617217195781
26724,31396,-4672,0.73046372562067,0.705021763317087,0.713675300740127,33.2436363636364,32.8127272727273,33.9436363636364,14.4690909090909,19.2109090909091,14.8836363636364,18.6090909090909,14.4709090909091,18.3563636363636,0.673944510113109,-6.84468839602037,0.891708597681033,0.850889344489389,0.849483100326745
27149,31462,-4313,0.730523283723043,0.704721974550131,0.71344011265555,33.3,32.7418181818182,33.9581818181818,14.2472727272727,19.4672727272727,14.6981818181818,18.7327272727273,14.3836363636364,18.4709090909091,0.60171903425997,-6.88246931379492,0.891891891891892,0.850899600177699,0.849440488301119
27700,31540,-3840,0.730170721163833,0.704491642584698,0.713367089024232,33.3254545454545,32.7090909090909,33.9654545454545,14.0363636363636,19.7509090909091,14.4490909090909,18.9454545454545,14.1745454545455,18.6436363636364,0.529265063459223,-6.86212040077556,0.891647116591194,0.850972762645914,0.849579786949307
28244,31615,-3371,0.730155388350861,0.704170331128506,0.71326238096262,33.3527272727273,32.6818181818182,33.9654545454545,13.7963636363636,20.06,14.2345454545455,19.1490909090909,13.98,18.78,0.455917656421661,-6.84166935573925,0.891844744875709,0.850848400556328,0.849686847599165
28757,31675,-2918,0.72994801410558,0.70373512418305,0.713026838317108,33.4272727272727,32.6109090909091,33.9618181818182,13.6218181818182,20.2727272727273,14.0527272727273,19.3781818181818,13.7072727272727,18.9672727272727,0.380861687660217,-6.82348753538999,0.891596410116943,0.850802854594112,0.84972428930885
29165,31742,-2577,0.729785623772754,0.703383278437733,0.71262625822382,33.4836363636364,32.5727272727273,33.9436363636364,13.4,20.5581818181818,13.8909090909091,19.48,13.5418181818182,19.1290909090909,0.306469070369547,-6.85118805170059,0.891453084274544,0.85062796539213,0.849536665059725
29734,31845,-2111,0.729700865945267,0.703099350108475,0.712416658753736,33.5236363636364,32.5436363636364,33.9327272727273,13.1654545454545,20.8527272727273,13.6581818181818,19.7072727272727,13.3218181818182,19.2945454545455,0.235019628568129,-6.81569982983849,0.891582601149799,0.850662048159115,0.849702620157531
30219,31931,-1712,0.729738615555053,0.702923543903772,0.712149002426233,33.5854545454545,32.52,33.8945454545455,12.9872727272727,21.0636363636364,13.4381818181818,19.8890909090909,13.1309090909091,19.4909090909091,0.161327928033742,-6.80009359663183,0.891619748809008,0.851112602035111,0.849801523441691
30715,32008,-1293,0.729655255822649,0.702703750749712,0.712117009588729,33.6290909090909,32.4654545454545,33.9054545454545,12.7436363636364,21.34,13.2181818181818,20.1090909090909,12.9527272727273,19.6363636363636,0.0873717175288634,-6.77598378658295,0.891814446366782,0.851254480286738,0.850010725010725
31276,32070,-794,0.729594411044829,0.702477999970119,0.711906620571696,33.7145454545455,32.4,33.8854545454545,12.5381818181818,21.5836363636364,13.0545454545455,20.2909090909091,12.7145454545455,19.8181818181818,0.0115001393990083,-6.71052881045775,0.891711157849323,0.851402918069585,0.850244138005044
31781,32154,-373,0.729682080367612,0.702306948387325,0.711659291044899,33.7745454545455,32.3618181818182,33.8636363636364,12.3181818181818,21.8454545454545,12.8527272727273,20.5127272727273,12.4654545454545,20.0054545454545,-0.0616177493875677,-6.66346602548252,0.891795865633075,0.851620877577392,0.850308724832215
32253,32225,28,0.729572168917266,0.702062826131314,0.711357528743444,33.8272727272727,32.3,33.8727272727273,12.0818181818182,22.1309090909091,12.6363636363636,20.7290909090909,12.2509090909091,20.1709090909091,-0.135896298831159,-6.6212367978963,0.891857027680731,0.851843512524627,0.849919484702093
32744,32311,433,0.729721222191698,0.701603499825331,0.71123280865358,33.9381818181818,32.2145454545455,33.8472727272727,11.8781818181818,22.3872727272727,12.4436363636364,20.9072727272727,12.0218181818182,20.3618181818182,-0.208491442962126,-6.56943274194544,0.892317582770813,0.851732701207811,0.849914052428019
33233,32405,828,0.729777726353501,0.701566133010719,0.711058869444819,34.0018181818182,32.2018181818182,33.7963636363636,11.72,22.6090909090909,12.2272727272727,21.08,11.8472727272727,20.5163636363636,-0.279834677414461,-6.52408971461383,0.892626062777392,0.85218225961267,0.850118355928556
33771,32494,1277,0.729482006541765,0.70135288430237,0.711082124424148,34.0418181818182,32.1763636363636,33.7818181818182,11.5036363636364,22.8872727272727,12.0236363636364,21.2818181818182,11.6327272727273,20.6709090909091,-0.350619267875498,-6.45151338902387,0.892485178657267,0.85234785556874,0.850753498385361
34225,32570,1655,0.729495339017637,0.700750030158685,0.710757261932768,34.1181818181818,32.1127272727273,33.7690909090909,11.3345454545455,23.0545454545455,11.8909090909091,21.4709090909091,11.4,20.8490909090909,-0.422563294118101,-6.38909743374044,0.892619237942979,0.852225116068395,0.850643407096323
34779,32655,2124,0.729414570089878,0.700403397948511,0.710516472475481,34.18,32.0636363636364,33.7563636363636,11.1309090909091,23.2418181818182,11.6927272727273,21.7272727272727,11.2127272727273,20.9945454545455,-0.492631371454759,-6.27904227755286,0.892653864567264,0.852395803799263,0.850748680383497
35299,32731,2568,0.729385722742162,0.700129746016563,0.710422273654093,34.2472727272727,31.9945454545455,33.7581818181818,10.9381818181818,23.4327272727273,11.5454545454545,21.9309090909091,10.9836363636364,21.1690909090909,-0.562716121023351,-6.17468451911753,0.892864727118284,0.852304370063079,0.851026013895621
35824,32864,2960,0.72945413869406,0.699553866630505,0.710328155669734,34.3236363636364,31.9363636363636,33.74,10.7963636363636,23.6145454545455,11.3181818181818,22.1218181818182,10.7927272727273,21.3563636363636,-0.625806150924076,-6.0855656916445,0.893156054666808,0.852035297466553,0.851484614970092
36338,32973,3365,0.729584759769451,0.699150673118241,0.710102358079164,34.4490909090909,31.8127272727273,33.7381818181818,10.66,23.7654545454545,11.1927272727273,22.2581818181818,10.5690909090909,21.5545454545455,-0.689794212850657,-5.9995312907479,0.893175700638624,0.852546150768703,0.851476611338651
36834,33090,3744,0.729649920972983,0.699150510570274,0.709905437998197,34.5345454545455,31.7927272727273,33.6727272727273,10.54,23.8836363636364,10.9981818181818,22.4545454545455,10.3654545454545,21.7581818181818,-0.752433714812452,-5.90774129195647,0.893387385490155,0.852796522932632,0.85183585313175
37279,33188,4091,0.729556198870965,0.698637492243124,0.709603176258173,34.6127272727273,31.7672727272727,33.62,10.4163636363636,23.9927272727273,10.84,22.6727272727273,10.1636363636364,21.9145454545455,-0.815706147930839,-5.82456017515876,0.893523139150076,0.852506868131868,0.852090206046185
37541,33230,4311,0.729576684097784,0.698105191396769,0.709233312304026,34.7345454545455,31.6854545454545,33.58,10.2890909090909,24.1109090909091,10.6763636363636,22.8309090909091,10.0090909090909,22.0836363636364,-0.882015032388947,-5.81134735996073,0.893425460636516,0.852585069145579,0.852022307650658
38117,33323,4794,0.729771494787019,0.697877018020897,0.70865580227466,34.86,31.6272727272727,33.5127272727273,10.1672727272727,24.2036363636364,10.5872727272727,22.9509090909091,9.83090909090909,22.26,-0.942986288124865,-5.65928175557743,0.893809002242737,0.852371371083645,0.85205078125
38558,33434,5124,0.72959637592963,0.6974277681541,0.708503671318119,34.96,31.5781818181818,33.4618181818182,10.0018181818182,24.4109090909091,10.4,23.1018181818182,9.65272727272727,22.4327272727273,-1.00060582648624,-5.5712622274052,0.893696692323695,0.852314601566099,0.852477722234297
39139,33548,5591,0.72988742624483,0.697311888429273,0.708292534831019,35.0890909090909,31.5036363636364,33.4072727272727,9.84545454545455,24.5818181818182,10.2290909090909,23.2763636363636,9.44181818181818,22.6254545454545,-1.05692982023413,-5.41750525723804,0.894087776568734,0.852542275062042,0.852889953194732
39516,33662,5854,0.729888864777568,0.696899943395085,0.707893204397477,35.2,31.4672727272727,33.3327272727273,9.67454545454545,24.7527272727273,10.1181818181818,23.3890909090909,9.29272727272727,22.7727272727273,-1.11180952462283,-5.3682006651705,0.89426652892562,0.852487432830647,0.852833687885234
39924,33729,6195,0.730051404901888,0.69605123108233,0.707509062485126,35.3054545454545,31.4290909090909,33.2654545454545,9.53272727272727,24.84,9.97818181818182,23.5818181818182,9.14545454545454,22.9218181818182,-1.16793232289228,-5.27627017877319,0.894530847667113,0.851671873192179,0.852864013992129
40342,33806,6536,0.730052216900079,0.695393194325717,0.70696107916675,35.4272727272727,31.3981818181818,33.1745454545455,9.38181818181818,24.9745454545455,9.83090909090909,23.7672727272727,8.95818181818182,23.0872727272727,-1.22174362865361,-5.18184087168087,0.894380292532717,0.850830968788002,0.852680039460704
40699,33880,6819,0.730110218528435,0.694930710116775,0.706541123933021,35.5545454545455,31.3436363636364,33.1018181818182,9.23454545454545,25.1127272727273,9.69636363636364,23.8854545454545,8.83818181818182,23.2327272727273,-1.27457020878792,-5.10392238172618,0.894451546918947,0.850397354834967,0.852795781610458
41100,34040,7060,0.730269186214571,0.694437685464101,0.706402418350537,35.6872727272727,31.2345454545455,33.0781818181818,9.10727272727273,25.2236363636364,9.61454545454546,23.9890909090909,8.68727272727273,23.3781818181818,-1.31922274096446,-5.04967748035084,0.894793152639087,0.850631585074801,0.853020392458638
41466,34123,7343,0.730375237844708,0.693896956834286,0.70614338868714,35.7836363636364,31.1727272727273,33.0436363636364,8.98,25.3254545454545,9.51636363636364,24.0963636363636,8.51818181818182,23.5636363636364,-1.36811232079159,-4.96526918086139,0.895025659265281,0.85045202682998,0.85330692197645
42024,34259,7765,0.730530423386257,0.693848912973253,0.705839428636214,35.9181818181818,31.0854545454545,32.9963636363636,8.88363636363636,25.4290909090909,9.35636363636364,24.2127272727273,8.38909090909091,23.7290909090909,-1.41107674999671,-4.8233623938127,0.895368261199696,0.851143475463532,0.853041657482918
42382,34387,7995,0.730342281026936,0.693663026030346,0.705623818860584,36.0672727272727,30.9836363636364,32.9490909090909,8.76363636363636,25.5654545454545,9.24545454545455,24.2909090909091,8.28363636363636,23.8509090909091,-1.45330392230641,-4.76016876372424,0.894994202752432,0.851886626371692,0.853437810396203
42770,34546,8224,0.730349152254121,0.693229814185156,0.705265464095,36.1927272727273,30.94,32.8672727272727,8.65454545454545,25.6509090909091,9.14727272727273,24.3872727272727,8.18545454545455,23.9745454545455,-1.4913854365999,-4.69268173250285,0.895056766803979,0.851560204501381,0.853681473695857
43108,34647,8461,0.730354265846181,0.693109212585711,0.704787540818084,36.2745454545455,30.8854545454545,32.84,8.54727272727273,25.7581818181818,9.06545454545455,24.38,8.10727272727273,24.1418181818182,-1.53253538229249,-4.62576007138599,0.895293468999048,0.852122211102608,0.853338500719743
43530,34786,8744,0.730446249611717,0.693009191706529,0.704274211513064,36.3854545454545,30.8781818181818,32.7363636363636,8.46363636363636,25.8818181818182,8.88,24.4763636363636,8.03636363636364,24.2618181818182,-1.5674474908547,-4.54388051629067,0.895362782330602,0.852617323205558,0.853374062760344
43948,34878,9070,0.730237358727563,0.692692566740093,0.70384879177893,36.5381818181818,30.7963636363636,32.6654545454545,8.40363636363636,25.9490909090909,8.77454545454546,24.5745454545455,7.88545454545455,24.4127272727273,-1.60441454621879,-4.44057798006318,0.894854697452229,0.852934230723816,0.85327841478348
44274,35010,9264,0.730637489525687,0.692106860676633,0.703418568719481,36.7363636363636,30.6672727272727,32.5963636363636,8.33454545454545,26.0509090909091,8.63454545454545,24.6818181818182,7.76909090909091,24.5290909090909,-1.63818971270865,-4.39218335368417,0.894877505567929,0.853441631588309,0.85346943328871
44672,35113,9559,0.730809970580558,0.691375879663188,0.703041189118674,36.8981818181818,30.5909090909091,32.5109090909091,8.26545454545455,26.1418181818182,8.5,24.7654545454545,7.63818181818182,24.6890909090909,-1.67310511442748,-4.28840580365875,0.894796491573864,0.853551263001486,0.853587606957105
45140,35299,9841,0.730723871681712,0.691346516829488,0.702495999924551,37.0709090909091,30.5509090909091,32.3781818181818,8.18727272727273,26.2581818181818,8.31454545454545,24.8981818181818,7.52363636363636,24.8181818181818,-1.69930213906548,-4.19180168672041,0.894698121536122,0.854668809141225,0.853885893980234
45684,35431,10253,0.730903953788322,0.69062585684491,0.70184222048068,37.2527272727273,30.4436363636364,32.3036363636364,8.09636363636364,26.4054545454545,8.18909090909091,24.9218181818182,7.40909090909091,24.9781818181818,-1.727097854831,-4.04220774878155,0.89487041827322,0.854634495938844,0.853661282152305
45972,35528,10444,0.730647646365042,0.689954047751764,0.701450288485756,37.3545454545455,30.4036363636364,32.2418181818182,8.00909090909091,26.5072727272727,8.10545454545455,24.9381818181818,7.28909090909091,25.1509090909091,-1.75874448825013,-3.98405871553854,0.894621562423947,0.854503049874417,0.854001015056674
46246,35660,10586,0.730369228436522,0.689028616348744,0.700963164038994,37.5018181818182,30.3272727272727,32.1709090909091,7.91454545454545,26.6363636363636,8.02727272727273,24.9636363636364,7.14363636363636,25.3145454545455,-1.78501482036981,-3.94639261039821,0.89440511975177,0.854196642685851,0.853848762292302
46649,35778,10871,0.730423173347193,0.688261550807297,0.700254903351672,37.6836363636364,30.2618181818182,32.0545454545455,7.82181818181818,26.7454545454545,7.9,25.06,7.04,25.4327272727273,-1.81168684742667,-3.85150995417075,0.894239119945962,0.854241768805576,0.853715258082813
47087,35948,11139,0.730985571564751,0.68766798346693,0.699456630796443,37.8981818181818,30.1636363636364,31.9381818181818,7.75818181818182,26.8218181818182,7.81090909090909,25.1018181818182,6.95454545454545,25.5527272727273,-1.83177054267038,-3.76855137402361,0.894837843024372,0.85455093429777,0.853694637367642
47621,36157,11464,0.730911907548398,0.687501896599792,0.698763119040487,38.0909090909091,30.1145454545455,31.7945454545455,7.67454545454545,26.9690909090909,7.67090909090909,25.1509090909091,6.85272727272727,25.6818181818182,-1.84572058292952,-3.64634089686654,0.894797136038186,0.855340216144418,0.853834276891405
47988,36272,11716,0.731128112831607,0.686735564593341,0.698105000467062,38.2763636363636,30.0690909090909,31.6545454545455,7.60727272727273,27.1054545454545,7.53090909090909,25.2181818181818,6.70545454545455,25.8327272727273,-1.86865214326165,-3.56725343249061,0.894879346380391,0.854940137864312,0.854049396898334
48405,36385,12020,0.731170387436817,0.686382253880817,0.696963634680963,38.4509090909091,30.0709090909091,31.4781818181818,7.51818181818182,27.2527272727273,7.42,25.2309090909091,6.64181818181818,25.9363636363636,-1.89078206379305,-3.45356146368113,0.89497824853414,0.854827982344761,0.853751516201698
48826,36585,12241,0.731226137272036,0.685362746123558,0.696483368368423,38.6527272727273,29.98,31.3672727272727,7.45454545454545,27.4090909090909,7.29454545454545,25.2563636363636,6.53818181818182,26.0472727272727,-1.90523844090375,-3.39097603694959,0.895009172585728,0.854387773667293,0.854161836308834
49205,36822,12383,0.730917086965661,0.684815253965715,0.6956351881379,38.7927272727273,29.9818181818182,31.2254545454545,7.39454545454545,27.5018181818182,7.18181818181818,25.3345454545455,6.47636363636364,26.1109090909091,-1.91544119228016,-3.35965598713268,0.895153730783652,0.854578532443905,0.854198206591359
49701,37010,12691,0.730671688693611,0.68374094649907,0.694893034760878,38.9345454545455,29.9690909090909,31.0963636363636,7.32545454545455,27.6036363636364,7.08727272727273,25.3818181818182,6.40363636363636,26.1981818181818,-1.92734354084188,-3.24883057339625,0.895348837209302,0.853667414912334,0.854353037478805
50206,37236,12970,0.730596762563692,0.683077369818018,0.694098209017781,39.1218181818182,29.9127272727273,30.9654545454545,7.24181818181818,27.7236363636364,6.99454545454545,25.4218181818182,6.30545454545455,26.3127272727273,-1.93469172201373,-3.14019857861779,0.895292094622856,0.853999513736932,0.854852915272151
50751,37509,13242,0.730364407060146,0.682234850710049,0.693589409275582,39.3690909090909,29.7890909090909,30.8418181818182,7.16727272727273,27.8254545454545,6.9,25.5036363636364,6.22727272727273,26.3763636363636,-1.9375180658969,-3.03904030946168,0.895164642312844,0.85443115234375,0.85545009727053
51130,37759,13371,0.730124254285787,0.681874906508187,0.692584692037778,39.5490909090909,29.7363636363636,30.7145454545455,7.11090909090909,27.9563636363636,6.78363636363636,25.5345454545455,6.14545454545455,26.4690909090909,-1.9417726197026,-3.00417344868183,0.895228025009195,0.855090186487313,0.855383886817025
51439,37998,13441,0.729705963158162,0.681070535546116,0.691747388233135,39.7545454545455,29.6563636363636,30.5890909090909,7.03090909090909,28.0727272727273,6.74181818181818,25.5527272727273,6.04545454545455,26.5563636363636,-1.94516780186783,-3.00165970000354,0.894900525954722,0.855067132609895,0.855385164051355
51971,38177,13794,0.729763596430025,0.67982236859097,0.690627859768826,39.9890909090909,29.5309090909091,30.48,6.96363636363636,28.2072727272727,6.65454545454545,25.5836363636364,5.92363636363636,26.6672727272727,-1.95342872711745,-2.87279231656681,0.895153223606438,0.854512991010959,0.85510617990933
52559,38471,14088,0.729671080904388,0.67918499576558,0.689977449482189,40.1745454545455,29.5127272727273,30.3127272727273,6.89272727272727,28.3727272727273,6.51636363636364,25.6163636363636,5.82909090909091,26.7727272727273,-1.95238279158419,-2.77125762971965,0.895365677045619,0.854916214884179,0.855806142034549
52970,38746,14224,0.729567908321093,0.678249072396145,0.689147207705795,40.4436363636364,29.3909090909091,30.1654545454545,6.82181818181818,28.5163636363636,6.40545454545455,25.6836363636364,5.76181818181818,26.8109090909091,-1.95117605084723,-2.73541376861659,0.895387520230174,0.854686050108259,0.856126815743475
53466,39020,14446,0.729485227785458,0.677738719540557,0.688223633875944,40.6472727272727,29.2781818181818,30.0745454545455,6.76181818181818,28.6472727272727,6.33818181818182,25.7254545454545,5.69090909090909,26.8363636363636,-1.94907002205198,-2.66792768700556,0.895464304884595,0.855120163944607,0.856538298772746
53923,39243,14680,0.729194900053773,0.676349408681446,0.687433240953572,40.8290909090909,29.2254545454545,29.9454545454545,6.69454545454545,28.8254545454545,6.19272727272727,25.8218181818182,5.58181818181818,26.8836363636364,-1.94950588074597,-2.59452422613447,0.89517278232989,0.854672141346273,0.856891317547055
54233,39481,14752,0.728953071740934,0.675858372872064,0.686107748064225,40.9709090909091,29.2345454545455,29.7945454545455,6.64727272727273,28.9545454545455,6.09636363636364,25.8690909090909,5.50909090909091,26.9236363636364,-1.94839535897428,-2.59847157976844,0.895358125499246,0.85465514024504,0.856898761213157
54875,39823,15052,0.72863913540179,0.674982429372812,0.685087163042379,41.2,29.1654545454545,29.6345454545455,6.58909090909091,29.0836363636364,6.02,25.9072727272727,5.42363636363636,26.9763636363636,-1.93627745509148,-2.48866630169478,0.8954986760812,0.854497849261268,0.857414565310755
55475,40130,15345,0.72865647637088,0.673529078964847,0.684110502980714,41.4181818181818,29.0363636363636,29.5454545454545,6.51636363636364,29.26,5.94,25.9454545454545,5.34363636363636,26.9945454545455,-1.9286651134491,-2.39170618897135,0.895829675153644,0.854226675015654,0.857476923076923
55980,40451,15529,0.728365007218897,0.672121566945714,0.683036951232404,41.6454545454545,28.9181818181818,29.4363636363636,6.44363636363636,29.4145454545455,5.86727272727273,25.9781818181818,5.30363636363636,26.9927272727273,-1.91769918609749,-2.34218912368471,0.895917921851124,0.854385413392015,0.85775169857937
56424,40703,15721,0.728185810572044,0.671279754857654,0.681628168439774,41.8145454545455,28.8890909090909,29.2963636363636,6.4,29.5781818181818,5.78727272727273,26.0018181818182,5.26181818181818,26.9709090909091,-1.91293922066689,-2.27957202981819,0.896034437777198,0.854427591415445,0.857382237944517
56887,41022,15865,0.727842583650988,0.669764843772885,0.68000862606582,42.0836363636364,28.7854545454545,29.1309090909091,6.35090909090909,29.7472727272727,5.69818181818182,26.0472727272727,5.19454545454545,26.9618181818182,-1.90267362242395,-2.23394570459019,0.896051153547049,0.854029813036887,0.856946698289851
57472,41377,16095,0.727111160122476,0.668847341721561,0.678759390816195,42.2472727272727,28.7345454545455,29.0181818181818,6.28909090909091,29.8909090909091,5.64,26.1127272727273,5.08727272727273,26.98,-1.88878589055755,-2.1574078950015,0.895722155276295,0.854087572766388,0.856954887218045
58148,41773,16375,0.72680731360233,0.668352725641572,0.67678742710477,42.4472727272727,28.7109090909091,28.8418181818182,6.22909090909091,30.0890909090909,5.50181818181818,26.1963636363636,5.02181818181818,26.9618181818182,-1.87142336233096,-2.06391504948789,0.896170650218453,0.854474067506808,0.856710584378743
58620,42117,16503,0.726341788620808,0.666594707450977,0.675400813122837,42.6672727272727,28.56,28.7727272727273,6.16545454545455,30.2527272727273,5.45636363636364,26.1927272727273,4.98545454545455,26.9472727272727,-1.8573775193908,-2.02975874922492,0.89589636510845,0.854214413037942,0.856366508688784
59180,42551,16629,0.725966226281328,0.665273313601265,0.673860589779113,42.8963636363636,28.4345454545455,28.6690909090909,6.12181818181818,30.3872727272727,5.39090909090909,26.2345454545455,4.91090909090909,26.9545454545455,-1.83672479445284,-1.99863602871245,0.896113253931251,0.854722168936633,0.856418061897514
59984,42885,17099,0.725612218923652,0.664371378403089,0.672717140774709,43.1345454545455,28.2981818181818,28.5672727272727,6.08,30.5636363636364,5.28727272727273,26.3236363636364,4.79818181818182,26.9472727272727,-1.82297726734118,-1.85922215174545,0.895928174001012,0.854728861475199,0.856415478615071
60512,43311,17201,0.724935742723585,0.66356129956359,0.671375646655567,43.3181818181818,28.2254545454545,28.4563636363636,6.04181818181818,30.7163636363636,5.19818181818182,26.4072727272727,4.67272727272727,26.9636363636364,-1.80253250653094,-1.83756396960128,0.895907660020986,0.855449626384952,0.85655868634592
61369,43731,17638,0.724629868710326,0.662424948691623,0.670462905259535,43.5072727272727,28.1327272727273,28.36,6.00181818181818,30.8927272727273,5.08,26.5018181818182,4.57272727272727,26.9509090909091,-1.78027139793743,-1.70765820281072,0.895983952526223,0.855490208750727,0.857097063726119
61992,44167,17825,0.724197500306933,0.66155274852036,0.668763709693621,43.7145454545455,28.0745454545455,28.2109090909091,5.95818181818182,31.0872727272727,5.00181818181818,26.5090909090909,4.49454545454545,26.9490909090909,-1.75730979767713,-1.66502682891759,0.896227592230587,0.856032640373033,0.857308584686775
62666,44577,18089,0.723649049801247,0.66124311435463,0.668047563780492,43.9145454545455,28.0236363636364,28.0618181818182,5.88545454545455,31.2309090909091,5.01272727272727,26.5254545454545,4.45454545454545,26.8909090909091,-1.73477608398958,-1.58408824503422,0.895996356560262,0.856809187049893,0.858364649475185
63395,45041,18354,0.723285293806295,0.660239781772035,0.66632295575521,44.1381818181818,27.96,27.9018181818182,5.83090909090909,31.4272727272727,4.89090909090909,26.6127272727273,4.36909090909091,26.8690909090909,-1.7083202325485,-1.50134277099913,0.89615257867853,0.857523735206139,0.858138928711065
64051,45471,18580,0.722970518401227,0.659116030165154,0.664706645588231,44.3745454545455,27.8309090909091,27.7945454545455,5.78727272727273,31.6,4.80727272727273,26.6563636363636,4.22363636363636,26.9254545454545,-1.68151614503427,-1.44353602718223,0.896295992788659,0.858038805775136,0.858180153071237
64762,45847,18915,0.722369384140855,0.657292125068667,0.663572886938634,44.5254545454545,27.7545454545455,27.72,5.74545454545455,31.7727272727273,4.73636363636364,26.6781818181818,4.18181818181818,26.8854545454545,-1.66300405507738,-1.34163258915598,0.896524970394871,0.857320668195218,0.858782631509904
65374,46234,19140,0.721555604657526,0.655499533324432,0.661356701888873,44.6836363636364,27.6963636363636,27.62,5.69818181818182,31.9309090909091,4.65272727272727,26.7472727272727,4.08363636363636,26.8872727272727,-1.64324146021496,-1.28827210881493,0.896728515625,0.856758353574476,0.857744717266803
66106,46707,19399,0.720949700957186,0.654293517005423,0.659625760830816,44.8472727272727,27.6927272727273,27.46,5.66181818181818,32.0418181818182,4.58909090909091,26.8381818181818,3.97818181818182,26.8909090909091,-1.61543321568858,-1.20105670880188,0.897308035352307,0.856870855492089,0.858173872740515
66929,47128,19801,0.720455724071019,0.652965445091371,0.658583963723474,44.9945454545455,27.6254545454545,27.38,5.61272727272727,32.2163636363636,4.48363636363636,26.92,3.85818181818182,26.9090909090909,-1.59021566889503,-1.06465384662151,0.897603749949489,0.857048835066474,0.859021183345508
67701,47552,20149,0.719544293840489,0.651241637582792,0.657342336354137,45.1454545454545,27.5472727272727,27.3072727272727,5.56363636363636,32.3654545454545,4.36909090909091,26.9945454545455,3.80181818181818,26.9054545454545,-1.56534721282395,-0.974967901273207,0.897583568264196,0.856775130354432,0.859244956388574
68636,47989,20647,0.718730984329605,0.649947559402768,0.65581028993112,45.3181818181818,27.4963636363636,27.1854545454545,5.51818181818182,32.4981818181818,4.25454545454545,27.1,3.72363636363636,26.9054545454545,-1.53812737099149,-0.821022889288989,0.897612838515547,0.857435693976063,0.859082397003745
69195,48470,20725,0.718093093973903,0.647706640621669,0.654268832814805,45.5090909090909,27.3309090909091,27.16,5.47636363636364,32.6527272727273,4.19818181818182,27.1436363636364,3.60545454545455,26.9236363636364,-1.50910064239394,-0.823832885650071,0.897602876548142,0.857503991484832,0.858481724461106
69914,48926,20988,0.717282739410195,0.646496983124029,0.652932934727611,45.6545454545455,27.24,27.1054545454545,5.45454545454545,32.7254545454545,4.17090909090909,27.2090909090909,3.53090909090909,26.9090909090909,-1.48168894215064,-0.748148149793798,0.897729988052569,0.858029635562675,0.858532331634022
70822,49360,21462,0.716804038714288,0.645048450336754,0.651724308463997,45.7818181818182,27.1945454545455,27.0236363636364,5.39272727272727,32.9254545454545,4.06727272727273,27.2436363636364,3.47818181818182,26.8927272727273,-1.45164478570223,-0.59759102802385,0.897974583002383,0.858059771344521,0.85877682836574
71883,49825,22058,0.715952797485135,0.64373517494965,0.650179648806464,45.9836363636364,27.1,26.9163636363636,5.34909090909091,33.0890909090909,3.98363636363636,27.2763636363636,3.40363636363636,26.8981818181818,-1.42234769206155,-0.413615450127558,0.897947886599976,0.85769875880577,0.859362334504188
72572,50211,22361,0.714985904743973,0.642732225274994,0.648599022335049,46.1545454545455,27.0254545454545,26.82,5.30909090909091,33.2636363636364,3.91818181818182,27.2436363636364,3.38363636363636,26.8818181818182,-1.40039939270778,-0.335920353233814,0.898050029545007,0.857777179763186,0.859399362755067
73567,50692,22875,0.714107152384047,0.64134955292302,0.646920857574414,46.3418181818182,26.9345454545455,26.7236363636364,5.25818181818182,33.4272727272727,3.87090909090909,27.2454545454545,3.32545454545455,26.8727272727273,-1.36968396157026,-0.183595286174254,0.897795040803515,0.858377210746591,0.859096475710981
74357,51053,23304,0.712913208030131,0.6405691402731,0.645214488717391,46.4109090909091,26.9381818181818,26.6509090909091,5.20545454545455,33.5818181818182,3.86909090909091,27.2345454545455,3.18727272727273,26.9218181818182,-1.34773830852725,-0.0555651351809502,0.897908015356891,0.8585313174946,0.858643744030564
75126,51474,23652,0.711536514522568,0.639987012991902,0.643841077478808,46.4890909090909,26.9163636363636,26.5945454545455,5.16363636363636,33.8127272727273,3.74727272727273,27.1472727272727,3.24909090909091,26.88,-1.32216895473274,0.0464636282487349,0.897962376315069,0.859429883815185,0.858480891502017
76175,51943,24232,0.71047215972647,0.63873512889689,0.642738412019546,46.6109090909091,26.8581818181818,26.5309090909091,5.10181818181818,34.0109090909091,3.68363636363636,27.14,3.16909090909091,26.8945454545455,-1.28913368657231,0.206083900820125,0.898034014666875,0.859463850528026,0.858826754385965
77146,52371,24775,0.709346531971563,0.637498198143567,0.641730376220833,46.7,26.8127272727273,26.4872727272727,5.05818181818182,34.2163636363636,3.59090909090909,27.1309090909091,3.09454545454545,26.9090909090909,-1.2613659278913,0.365989249673757,0.898150671598209,0.859429036414186,0.859349258649094
78003,52843,25160,0.708100096876847,0.63655326656739,0.640839593649585,46.7854545454545,26.7909090909091,26.4236363636364,5.01454545454545,34.4072727272727,3.50181818181818,27.1290909090909,3.03454545454545,26.9127272727273,-1.22906890917908,0.470339801365679,0.898064666563034,0.859925347811334,0.859836234776027
79080,53268,25812,0.707122385183512,0.635050877921656,0.639628083321485,46.92,26.7418181818182,26.3381818181818,4.99090909090909,34.6054545454545,3.35272727272727,27.1727272727273,2.94545454545455,26.9327272727273,-1.20066794211214,0.662780525874008,0.898046965821902,0.85966820777808,0.86000276128676
80004,53706,26298,0.7062428221561,0.633654436952873,0.638383460992535,47.0836363636364,26.6563636363636,26.26,4.93818181818182,34.7527272727273,3.38,27.06,2.94,26.9290909090909,-1.17219009846449,0.784467104077339,0.89805375347544,0.859491167041812,0.86013986013986
80997,54127,26870,0.704963710390283,0.632011293016929,0.637019776814206,47.1218181818182,26.6527272727273,26.2254545454545,4.90181818181818,34.9381818181818,3.35090909090909,26.9490909090909,2.89090909090909,26.9690909090909,-1.14461553462527,0.931620066003366,0.898329281938496,0.858858039429702,0.859539656128674
81985,54580,27405,0.703666255497385,0.631795445432658,0.635999200276402,47.2109090909091,26.6272727272727,26.1618181818182,4.86545454545455,35.0781818181818,3.32181818181818,26.9254545454545,2.84181818181818,26.9672727272727,-1.11550265943462,1.07124340872873,0.898174535931603,0.859679071355411,0.85989297379943
82896,55069,27827,0.702416523784541,0.631410122843091,0.635062312260955,47.2854545454545,26.6,26.1145454545455,4.82363636363636,35.2145454545455,3.32727272727273,26.8545454545455,2.81454545454545,26.9654545454545,-1.08207502697002,1.14053891030225,0.898219710078056,0.861517429938483,0.860057091136949
83924,55539,28385,0.701109488079913,0.630840206088686,0.633716105449277,47.3381818181818,26.6181818181818,26.0436363636364,4.79090909090909,35.3763636363636,3.25272727272727,26.8309090909091,2.75090909090909,26.9981818181818,-1.05293716564775,1.26888281161135,0.898333077277616,0.861748633879781,0.859955319743088
85141,56043,29098,0.699893093522562,0.629505264385133,0.632753614123281,47.4436363636364,26.5818181818182,25.9745454545455,4.74,35.5054545454545,3.24909090909091,26.8381818181818,2.70727272727273,26.96,-1.01730598820881,1.44783271307295,0.898520732735495,0.862448700410397,0.859792804143917
86392,56442,29950,0.699205169669713,0.627839109749125,0.631758242146254,47.54,26.5745454545455,25.8854545454545,4.69454545454545,35.6963636363636,3.18909090909091,26.7854545454545,2.64727272727273,26.9872727272727,-0.991883961382237,1.67450877218084,0.89884116724672,0.861453201970443,0.860082882629768
87493,56804,30689,0.69818356588098,0.62629502728542,0.631244692583789,47.6,26.4909090909091,25.9090909090909,4.65272727272727,35.8436363636364,3.08363636363636,26.8218181818182,2.55272727272727,27.0454545454545,-0.967174516211856,1.86319686255672,0.898892284186402,0.861015785861359,0.860491228070175
88833,57269,31564,0.696920209047574,0.62552453116499,0.630469619593996,47.6309090909091,26.4618181818182,25.9072727272727,4.60363636363636,36.0018181818182,2.98545454545455,26.7545454545455,2.56181818181818,27.0927272727273,-0.935282563485882,2.08798311488195,0.899034240561896,0.861687508588704,0.860551617657379
89689,57652,32037,0.695950069493349,0.625014680802591,0.629440614604881,47.6963636363636,26.4745454545455,25.8290909090909,4.54363636363636,36.16,2.89818181818182,26.7818181818182,2.53636363636364,27.08,-0.910432585328817,2.20019373616034,0.899210917546602,0.862234736625232,0.86055187948754
90601,57985,32616,0.694813721133811,0.62398680827305,0.628166150606286,47.7436363636364,26.4545454545455,25.8018181818182,4.48,36.2927272727273,2.89454545454545,26.7072727272727,2.50727272727273,27.1181818181818,-0.884931076995351,2.3237936089662,0.899158383792224,0.862199312714777,0.860052145726165
91753,58358,33395,0.693963673475547,0.622886727914019,0.627410281984287,47.8036363636364,26.4290909090909,25.7672727272727,4.42545454545455,36.4054545454546,2.84545454545454,26.6672727272727,2.50363636363636,27.1527272727273,-0.858590390059081,2.50775383101268,0.899094781682641,0.861860209135938,0.860287891617273
92925,58733,34192,0.692915948186221,0.621956109387152,0.626541405290676,47.8654545454545,26.4236363636364,25.7109090909091,4.37272727272727,36.5018181818182,2.73272727272727,26.7490909090909,2.39272727272727,27.2509090909091,-0.833997091380033,2.67971961295063,0.899035174352351,0.861969311222734,0.860476628244113
93762,59053,34709,0.691762695910988,0.621450633627242,0.625456540454051,47.9109090909091,26.44,25.6490909090909,4.31636363636364,36.5945454545455,2.72909090909091,26.7163636363636,2.34,27.3036363636364,-0.815097823061726,2.78335883400657,0.899055064323935,0.861917205336267,0.860920110583398
94811,59474,35337,0.690791233024661,0.619684422945344,0.625086593827099,47.9618181818182,26.3909090909091,25.6472727272727,4.27090909090909,36.6927272727273,2.64545454545455,26.7363636363636,2.27090909090909,27.3836363636364,-0.784472877803174,2.92604668194597,0.899010576595019,0.861522562866001,0.861406493690628
95977,59875,36102,0.689959552386563,0.619404167674095,0.624009499496268,48.0472727272727,26.3472727272727,25.6054545454545,4.22727272727273,36.7636363636364,2.55636363636364,26.7890909090909,2.25272727272727,27.4109090909091,-0.752530256828124,3.08875901780345,0.899038825399228,0.862604375129391,0.861322161471277
96919,60238,36681,0.688715219502167,0.618490673640076,0.62284669739254,48.1054545454545,26.3254545454545,25.5690909090909,4.16727272727273,36.8690909090909,2.46545454545455,26.7890909090909,2.22727272727273,27.4818181818182,-0.728864873217588,3.18584984161637,0.899123138559226,0.862973962290213,0.861196046362796
97921,60560,37361,0.687760169226866,0.61833156421494,0.621715880486855,48.1472727272727,26.3509090909091,25.5018181818182,4.12363636363636,36.9054545454546,2.39090909090909,26.8963636363636,2.16181818181818,27.5218181818182,-0.709072115746411,3.29756174561652,0.899135229032136,0.863589318981577,0.861328960501925
98713,60866,37847,0.686472225837549,0.617363973598237,0.620949304912429,48.1872727272727,26.32,25.4927272727273,4.07818181818182,36.9454545454546,2.38363636363636,26.9090909090909,2.08545454545455,27.5981818181818,-0.68711786466566,3.36557175009088,0.89914349318945,0.86356728378005,0.861564795663647
99513,61167,38346,0.685393350729425,0.616492258714504,0.619955321244311,48.2418181818182,26.2872727272727,25.4709090909091,4.04727272727273,36.9963636363636,2.34,26.9309090909091,2.03090909090909,27.6545454545455,-0.66496327617629,3.4391175809909,0.89906908378246,0.863950753907871,0.861374830466129
100413,61493,38920,0.684763765071977,0.615559814410589,0.618729349729393,48.2654545454546,26.2854545454545,25.4490909090909,4.02,37,2.37090909090909,26.9127272727273,1.96181818181818,27.7345454545455,-0.639885672469708,3.53719636811451,0.899156181722293,0.863872172649927,0.861113095663356
101290,61785,39505,0.683954536813748,0.613893843929568,0.618013164943295,48.3072727272727,26.2272727272727,25.4654545454545,3.97272727272727,37.0690909090909,2.25636363636364,26.9727272727273,1.89454545454545,27.8345454545455,-0.616875846446915,3.60069706358693,0.899168203545485,0.863362218370884,0.861059545908896
102043,62067,39976,0.682966320140652,0.613195569924867,0.617242311082264,48.34,26.2109090909091,25.4490909090909,3.90181818181818,37.1763636363636,2.16363636363636,27.0072727272727,1.80727272727273,27.9436363636364,-0.596833348206498,3.63795907808976,0.899161244217099,0.863623751387347,0.860898764020862
102881,62393,40488,0.682033146275685,0.612209598720648,0.616261299208642,48.38,26.1927272727273,25.4272727272727,3.86363636363636,37.1727272727273,2.14727272727273,27.0272727272727,1.74545454545455,28.0436363636364,-0.571081835759634,3.68084439513358,0.899094291405164,0.863806747188671,0.860922416875223
103702,62686,41016,0.681288976258279,0.610922595930701,0.614941997065901,48.4145454545455,26.1981818181818,25.3872727272727,3.82,37.2109090909091,2.07090909090909,27.0654545454545,1.69818181818182,28.1345454545455,-0.548163765177808,3.74353379112753,0.899203845576085,0.863279894510375,0.86056005156485
104599,62967,41632,0.680370594078775,0.610433557539036,0.614026937307893,48.4127272727273,26.2,25.3872727272727,3.74363636363636,37.2836363636364,1.99272727272727,27.1054545454545,1.65636363636364,28.2181818181818,-0.530696698455987,3.81493204357949,0.899275171818079,0.863705759888966,0.860631669412018
105450,63211,42239,0.679623000053917,0.608970280108078,0.61306011018202,48.4109090909091,26.1909090909091,25.3981818181818,3.7,37.3345454545455,1.92181818181818,27.1818181818182,1.55090909090909,28.3109090909091,-0.512776798704131,3.89192688790235,0.899308946142868,0.863103089205137,0.860619944162073
106156,63431,42725,0.678952208905819,0.608188397342149,0.611929933709897,48.4472727272727,26.1945454545455,25.3581818181818,3.66363636363636,37.4036363636364,1.83090909090909,27.1654545454545,1.52545454545455,28.4109090909091,-0.496174398496408,3.92759966687723,0.899196877580125,0.863122093426806,0.860471786047179
107051,63668,43383,0.678248234808504,0.607508164418171,0.611009867005157,48.4818181818182,26.1745454545455,25.3436363636364,3.62727272727273,37.4672727272727,1.71636363636364,27.2818181818182,1.41818181818182,28.4890909090909,-0.481340180676092,3.99531849893657,0.899118694918432,0.863434287302028,0.860463447880049
107773,63896,43877,0.677355715322618,0.606368980322826,0.61025156512763,48.4945454545455,26.16,25.3454545454545,3.58909090909091,37.4963636363636,1.68,27.3054545454545,1.37636363636364,28.5527272727273,-0.464603426497938,4.04324537651105,0.899070185962807,0.863010842368641,0.860760401721664
108485,64116,44369,0.676639676931816,0.605477571479508,0.609150342832602,48.52,26.1436363636364,25.3363636363636,3.54909090909091,37.5018181818182,1.69818181818182,27.3018181818182,1.37272727272727,28.5763636363636,-0.44937358407981,4.08299473984675,0.898973244397812,0.863133736699353,0.860566917832795
109239,64335,44904,0.676050491289076,0.604873556047551,0.608348477832871,48.5327272727273,26.12,25.3472727272727,3.49636363636364,37.5636363636364,1.62909090909091,27.3472727272727,1.32545454545455,28.6381818181818,-0.436559780060568,4.11514355817979,0.898999737758963,0.863357928442155,0.860483466035435
109975,64548,45427,0.675307600989759,0.604567016704231,0.607589895073001,48.5090909090909,26.1327272727273,25.3581818181818,3.44727272727273,37.6090909090909,1.57272727272727,27.3981818181818,1.27272727272727,28.7,-0.422684996575117,4.1485199702057,0.899100449775112,0.863702776038405,0.860471786047179
110458,64721,45737,0.674743305779867,0.603659457010528,0.60705511379918,48.5327272727273,26.1127272727273,25.3545454545455,3.38727272727273,37.6509090909091,1.54181818181818,27.42,1.26363636363636,28.7363636363636,-0.410733241587877,4.12831917933442,0.898962274753681,0.863598384626097,0.860738615991395
111060,64902,46158,0.674281177662838,0.602643057100816,0.606400914021503,48.5109090909091,26.1618181818182,25.3272727272727,3.32727272727273,37.6927272727273,1.51636363636364,27.42,1.28,28.7636363636364,-0.397696441428905,4.16504154767502,0.899179191184738,0.863159357842797,0.860875807609476
111702,65066,46636,0.674051565634607,0.601945216341138,0.605446041321768,48.5272727272727,26.1654545454545,25.3072727272727,3.28727272727273,37.76,1.47090909090909,27.4272727272727,1.23272727272727,28.8218181818182,-0.386239982074635,4.17437087426131,0.899138254027726,0.863178375373497,0.860981392341404
112282,65242,47040,0.673452741103474,0.601526014059047,0.60465186609468,48.5418181818182,26.1727272727273,25.2854545454545,3.23272727272727,37.84,1.40181818181818,27.4127272727273,1.20727272727273,28.9054545454545,-0.371903376497159,4.14909057244658,0.899131021050266,0.8633553317124,0.860933342920831
113233,65431,47802,0.673081302694599,0.600969286677345,0.603897698618587,48.5490909090909,26.1854545454545,25.2654545454545,3.18727272727273,37.9090909090909,1.36,27.4418181818182,1.13272727272727,28.9690909090909,-0.358484392435375,4.25838812020692,0.899146131375927,0.863491181780308,0.860967184801382
113599,65576,48023,0.672616056027382,0.600404846528346,0.603264700590311,48.5545454545455,26.2109090909091,25.2345454545455,3.12909090909091,37.9581818181818,1.37818181818182,27.4327272727273,1.08727272727273,29.0145454545455,-0.348944689185274,4.21509853079915,0.899269799662984,0.862999445061043,0.861085092585921
114246,65713,48533,0.672056916965027,0.599913460127692,0.602962659874274,48.5272727272727,26.2181818181818,25.2545454545455,3.07454545454545,38.0363636363636,1.32909090909091,27.4018181818182,1.06909090909091,29.0890909090909,-0.34191578889943,4.21199338490313,0.899213188460097,0.862898751733703,0.86126709863211
114768,65827,48941,0.671728355858149,0.599441889204301,0.602409478812008,48.5272727272727,26.2181818181818,25.2545454545455,3.04727272727273,38.0690909090909,1.29636363636364,27.4436363636364,0.989090909090909,29.1545454545455,-0.335479781924832,4.19984224357388,0.899175721243912,0.862968099861304,0.86126709863211
115454,65966,49488,0.671353595224007,0.599424148033227,0.601935955545735,48.5181818181818,26.2545454545455,25.2272727272727,3.01272727272727,38.1345454545455,1.22363636363636,27.4654545454545,0.961818181818182,29.2018181818182,-0.325761007377878,4.21637373810465,0.899119355443133,0.863365650969529,0.861405405405405
115878,66101,49777,0.67105643107054,0.599077152187245,0.60130156421942,48.5145454545455,26.26,25.2254545454545,2.97454545454545,38.1818181818182,1.19090909090909,27.4781818181818,0.885454545454545,29.2890909090909,-0.317535509440032,4.17935055546801,0.899299179252708,0.863532507096864,0.86117918408534
116389,66198,50191,0.670875192953484,0.598577095723505,0.600818620436287,48.5145454545455,26.2654545454545,25.22,2.91818181818182,38.2436363636364,1.14363636363636,27.4763636363636,0.890909090909091,29.3272727272727,-0.310586779056625,4.20976453074677,0.899261702207398,0.863699293922193,0.861004974407036
116959,66338,50621,0.670738456011496,0.59836684857249,0.6002072639517,48.5363636363636,26.2454545454545,25.2181818181818,2.86545454545455,38.3054545454546,1.09818181818182,27.5,0.829090909090909,29.4018181818182,-0.298141514137387,4.20846377846531,0.899269526128488,0.864149636300658,0.86085075702956
117499,66458,51041,0.670521134580492,0.598081530975686,0.599829517042778,48.5218181818182,26.2581818181818,25.22,2.81090909090909,38.4036363636364,1.07636363636364,27.4436363636364,0.801818181818182,29.4636363636364,-0.288529865494506,4.20294057869098,0.899351744294975,0.864284725107326,0.860932881551438
118106,66594,51512,0.670259908637609,0.597695575875674,0.59947846669041,48.5109090909091,26.28,25.2090909090909,2.77090909090909,38.4109090909091,1.09818181818182,27.4236363636364,0.785454545454545,29.5109090909091,-0.27792664274404,4.22500207722187,0.899441550166785,0.86425902864259,0.861233321312658
118552,66689,51863,0.670041902501679,0.597656291495838,0.599216929618822,48.5,26.2872727272727,25.2127272727273,2.74727272727273,38.4636363636364,1.03636363636364,27.4036363636364,0.787272727272727,29.5618181818182,-0.269157875227657,4.21515447233211,0.89941893158388,0.864573246645456,0.861541789860821
118984,66769,52215,0.66983875635093,0.597007214244801,0.598973469700009,48.4890909090909,26.3036363636364,25.2072727272727,2.70909090909091,38.5327272727273,0.990909090909091,27.3472727272727,0.809090909090909,29.6109090909091,-0.264330866039646,4.20326684074667,0.89943379954254,0.864242759383424,0.861728216964801
119308,66847,52461,0.669585675617916,0.597113037319219,0.598275348614158,48.4745454545455,26.32,25.2054545454545,2.67272727272727,38.5890909090909,0.96,27.3581818181818,0.750909090909091,29.6690909090909,-0.258347073451362,4.17727847207676,0.899478639210832,0.864603481624758,0.861501839428695
119810,66956,52854,0.669194402680614,0.596300657543928,0.597919647315783,48.4690909090909,26.3181818181818,25.2127272727273,2.63454545454545,38.6709090909091,0.921818181818182,27.3327272727273,0.681818181818182,29.7581818181818,-0.248544918026098,4.1772099099376,0.899392302498312,0.864386873920553,0.861469676209706
120252,67018,53234,0.669073321436484,0.596019629434299,0.597361636489094,48.4345454545455,26.3672727272727,25.1981818181818,2.60363636363636,38.7490909090909,0.847272727272727,27.3054545454545,0.701818181818182,29.7927272727273,-0.243940851778131,4.16838601795025,0.899470700852134,0.864087712039719,0.861461865935493
120569,67078,53491,0.668787180119206,0.59574661566752,0.597088179882553,48.4054545454546,26.3963636363636,25.1981818181818,2.57090909090909,38.76,0.869090909090909,27.2709090909091,0.670909090909091,29.8581818181818,-0.240311309178783,4.161569195173,0.899485407354543,0.863893098222896,0.861534021213652
120893,67178,53715,0.668712014426736,0.595216880694845,0.596928446496283,48.4054545454546,26.3872727272727,25.2072727272727,2.56,38.8127272727273,0.845454545454545,27.2036363636364,0.678181818181818,29.9,-0.233316156395118,4.14815919439901,0.899560530368478,0.863915110590505,0.861656087709175
121443,67266,54177,0.668635980886062,0.595109739308312,0.59669573313063,48.3981818181818,26.3872727272727,25.2145454545455,2.53454545454545,38.9,0.792727272727273,27.2127272727273,0.62,29.94,-0.227292880178852,4.17159306095405,0.89958300462076,0.864190725556398,0.861840207672339
121888,67342,54546,0.668417620413888,0.594931274008876,0.596313586018152,48.3963636363636,26.3945454545455,25.2090909090909,2.48545454545455,38.9709090909091,0.76,27.1909090909091,0.610909090909091,29.9818181818182,-0.221498870968141,4.15494444668293,0.899541663535953,0.864297031067025,0.861954561846376
122173,67411,54762,0.668131404735256,0.594614345808806,0.595929211869085,48.3854545454545,26.3963636363636,25.2181818181818,2.47090909090909,39.0345454545455,0.710909090909091,27.1545454545455,0.605454545454545,30.0236363636364,-0.218130065612918,4.13262122165073,0.899519013978656,0.864306378289021,0.861932227829849
122563,67474,55089,0.668076309248863,0.594239187232234,0.59552612708478,48.3690909090909,26.4036363636364,25.2272727272727,2.43818181818182,39.0963636363636,0.692727272727273,27.1563636363636,0.574545454545455,30.0418181818182,-0.213846732523631,4.1224693604491,0.899560199977446,0.864068310150117,0.86190990990991
122879,67563,55316,0.667824709150488,0.593705595373536,0.595399831568136,48.3672727272727,26.3854545454545,25.2472727272727,2.42727272727273,39.1254545454546,0.689090909090909,27.1090909090909,0.58,30.0690909090909,-0.204118243932978,4.10530023642562,0.8993684685362,0.864181367144432,0.862091314993519
123277,67661,55616,0.667630039738109,0.59378353975648,0.595363080796242,48.3490909090909,26.3890909090909,25.2618181818182,2.39636363636364,39.1927272727273,0.66,27.0872727272727,0.58,30.0836363636364,-0.196281194475225,4.10082433548841,0.899330625752106,0.864544577649166,0.862458615229596
123661,67731,55930,0.667546295339706,0.593558754777958,0.595130750851352,48.3327272727273,26.3963636363636,25.2709090909091,2.36727272727273,39.2454545454545,0.665454545454545,27.0290909090909,0.569090909090909,30.1236363636364,-0.189881843152795,4.10370672151277,0.899296542903359,0.864581898333104,0.862580041729621
124125,67804,56321,0.667451115203141,0.59359321842861,0.595197878498705,48.3127272727273,26.4054545454545,25.2818181818182,2.34545454545454,39.2909090909091,0.627272727272727,27.0490909090909,0.521818181818182,30.1654545454545,-0.185662802658044,4.12281967259266,0.899405389131417,0.864835089168905,0.862927004674578
124703,67856,56847,0.667304660348191,0.593568775671913,0.595010109501241,48.2981818181818,26.4181818181818,25.2836363636364,2.31272727272727,39.3581818181818,0.574545454545455,27.0545454545455,0.503636363636364,30.1963636363636,-0.181516405821524,4.16112008386038,0.899299804246348,0.864969029593944,0.863008773191428
125062,67913,57149,0.667217613514182,0.593247985507893,0.594815147775238,48.2836363636364,26.4145454545455,25.3018181818182,2.28545454545455,39.4018181818182,0.576363636363636,27.0127272727273,0.470909090909091,30.2527272727273,-0.175804829373109,4.17585503242233,0.899307124566953,0.864881607929515,0.863035354987065
125447,67969,57478,0.667154206174493,0.593177625196117,0.594787031012295,48.2781818181818,26.4145454545455,25.3072727272727,2.25454545454545,39.4309090909091,0.629090909090909,26.9363636363636,0.458181818181818,30.2909090909091,-0.170753178931773,4.19014037615535,0.899220427070388,0.865019273127753,0.863208563833609
125720,68016,57704,0.667075042883788,0.592783247868577,0.594592776614878,48.2563636363636,26.4236363636364,25.32,2.21454545454545,39.5418181818182,0.596363636363636,26.8672727272727,0.463636363636364,30.3163636363636,-0.166229713985442,4.17874436527491,0.899250216645944,0.864721667928164,0.863277322992963
126006,68068,57938,0.667036124733297,0.592818502963585,0.594410982607869,48.2545454545455,26.4309090909091,25.3145454545455,2.18909090909091,39.6036363636364,0.618181818181818,26.7636363636364,0.458181818181818,30.3672727272727,-0.160531675284305,4.17214039333842,0.899208741522231,0.86496526105799,0.863319686849099
126490,68103,58387,0.666994434949536,0.592592648395961,0.594403738329993,48.2327272727273,26.4472727272727,25.32,2.18,39.6690909090909,0.56,26.7418181818182,0.409090909090909,30.44,-0.158136977746405,4.18195336440747,0.899200844390832,0.86463632613777,0.863492747379003
126940,68145,58795,0.666978072773391,0.59234158476286,0.594343769810111,48.2236363636364,26.4454545454545,25.3309090909091,2.14727272727273,39.7490909090909,0.536363636363636,26.6690909090909,0.396363636363636,30.5018181818182,-0.152978562150913,4.20947368368506,0.899144139049127,0.864627019594362,0.863551536032156
127381,68188,59193,0.667007505566864,0.592229904050081,0.5941736634826,48.2072727272727,26.4581818181818,25.3345454545455,2.12363636363636,39.8363636363636,0.507272727272727,26.5927272727273,0.392727272727273,30.5472727272727,-0.150844948402267,4.25803600238128,0.899147620125217,0.864623419461242,0.863571120998995
127681,68230,59451,0.666972015260716,0.59191189236823,0.59410902577423,48.1963636363636,26.4509090909091,25.3527272727273,2.08727272727273,39.8890909090909,0.507272727272727,26.5436363636364,0.369090909090909,30.6036363636364,-0.146529082302004,4.25750184296207,0.899200241436547,0.864448721473742,0.863668961560528
127942,68262,59680,0.666935122291692,0.591447220848497,0.593968235414646,48.1963636363636,26.44,25.3636363636364,2.05818181818182,39.9818181818182,0.485454545454546,26.4472727272727,0.363636363636364,30.6636363636364,-0.144639488000592,4.23637321489778,0.899200241436547,0.864255260624398,0.863655913978495
128216,68289,59927,0.666923479585188,0.591267118014407,0.593894595223484,48.1909090909091,26.4418181818182,25.3672727272727,2.04,40.0527272727273,0.469090909090909,26.3672727272727,0.385454545454545,30.6854545454545,-0.143204596583647,4.24402671083808,0.899188832295793,0.864264594650347,0.863675458715596
128421,68317,60104,0.666847668252391,0.590807798975675,0.593793808448189,48.1872727272727,26.4309090909091,25.3818181818182,2.00909090909091,40.1581818181818,0.46,26.22,0.390909090909091,30.7618181818182,-0.140046089565889,4.23807340609756,0.899181224767007,0.86413978124785,0.863610315186246
128690,68348,60342,0.666897475438593,0.590510714149828,0.593681444817965,48.1890909090909,26.4181818181818,25.3927272727273,1.98727272727273,40.2581818181818,0.412727272727273,26.1854545454545,0.334545454545455,30.8218181818182,-0.136827628697607,4.23074883466417,0.899222758828856,0.864074328974535,0.863525705284262
128686,68378,60308,0.66690914291742,0.590430040720845,0.593584150209641,48.1945454545455,26.4109090909091,25.3945454545455,1.97636363636364,40.3018181818182,0.450909090909091,26.0690909090909,0.347272727272727,30.8545454545455,-0.134115503650074,4.20073467730121,0.899309616327763,0.864174583505439,0.863535476480275
128906,68401,60505,0.666919493211649,0.590260231784318,0.593377902395742,48.1890909090909,26.4036363636364,25.4072727272727,1.93272727272727,40.3872727272727,0.467272727272727,25.9745454545455,0.34,30.8981818181818,-0.131041813121093,4.1794806747274,0.899298219136734,0.864206032226966,0.863317589809646
129071,68418,60653,0.666906997152827,0.590195716040099,0.593294050494689,48.1927272727273,26.4,25.4072727272727,1.91090909090909,40.4781818181818,0.436363636363636,25.9127272727273,0.312727272727273,30.9490909090909,-0.131161854212934,4.15720215527849,0.899343544857768,0.864325068870523,0.863317589809646
129130,68446,60684,0.666799682999799,0.589924044827012,0.593139331643155,48.1872727272727,26.3981818181818,25.4145454545455,1.88181818181818,40.5781818181818,0.425454545454545,25.84,0.290909090909091,30.9836363636364,-0.127836023810828,4.10752635022456,0.899407614232351,0.86424684895654,0.863285162398054
129380,68481,60899,0.666837690849827,0.589679243383357,0.593096648837078,48.1945454545455,26.3854545454545,25.42,1.86363636363636,40.6618181818182,0.429090909090909,25.7254545454545,0.309090909090909,31.0109090909091,-0.1230471489361,4.10542913268913,0.89938506809522,0.864319184123484,0.863314498247622
129818,68501,61317,0.666954805988688,0.589607881726483,0.59307456495293,48.1890909090909,26.3818181818182,25.4290909090909,1.85090909090909,40.7472727272727,0.405454545454546,25.6709090909091,0.283636363636364,31.0418181818182,-0.122104511036411,4.13496976582841,0.899335949290673,0.864369400413508,0.863434863434863
130023,68517,61506,0.666966540981242,0.589355542545577,0.592999769950762,48.1909090909091,26.3854545454545,25.4236363636364,1.83818181818182,40.8545454545455,0.374545454545455,25.58,0.287272727272727,31.0654545454545,-0.120716098245942,4.1132615107027,0.89926428975665,0.864319184123484,0.863477079310591
130273,68543,61730,0.667089067553823,0.589336407489112,0.592904666117144,48.1872727272727,26.3836363636364,25.4290909090909,1.81818181818182,40.9218181818182,0.392727272727273,25.5072727272727,0.28,31.08,-0.11676604854914,4.11710785285316,0.899332151077237,0.864378747157329,0.863434863434863
130430,68565,61865,0.666998359847537,0.589182708738094,0.592739238256357,48.1836363636364,26.3836363636364,25.4327272727273,1.79454545454545,41.02,0.392727272727273,25.4036363636364,0.285454545454545,31.1036363636364,-0.113429894688571,4.10169869095764,0.899286819365307,0.864378747157329,0.863382899628253
130847,68581,62266,0.667107270378573,0.589280709336009,0.592543948412442,48.1763636363636,26.3945454545455,25.4290909090909,1.78363636363636,41.0818181818182,0.390909090909091,25.36,0.276363636363636,31.1072727272727,-0.111842304506387,4.12662947553803,0.899271615654602,0.864365915822828,0.863291863291863
130975,68611,62364,0.667054134284451,0.588902228567984,0.59248360315697,48.1854545454545,26.3763636363636,25.4381818181818,1.75454545454545,41.1672727272727,0.392727272727273,25.2909090909091,0.261818181818182,31.1327272727273,-0.107118478314343,4.09269519966434,0.899290619575881,0.864341352450541,0.863269244514331
131077,68623,62454,0.667106294699823,0.588729545924317,0.592433359841484,48.1872727272727,26.3690909090909,25.4436363636364,1.74363636363636,41.2527272727273,0.389090909090909,25.2109090909091,0.256363636363636,31.1472727272727,-0.106780120420312,4.05194300108335,0.899294419499679,0.864372888367924,0.863370015721023
131268,68637,62631,0.6671206788449,0.588611117360572,0.592317160676337,48.1890909090909,26.3672727272727,25.4436363636364,1.73272727272727,41.3218181818182,0.378181818181818,25.1618181818182,0.252727272727273,31.1527272727273,-0.105544907742561,4.05366754355756,0.899260488982795,0.864363536063991,0.863370015721023
131483,68638,62845,0.66712061434971,0.588518460835231,0.592207012348314,48.1854545454545,26.3727272727273,25.4418181818182,1.70363636363636,41.4327272727273,0.341818181818182,25.1309090909091,0.234545454545455,31.1563636363636,-0.104803591711971,4.04352479211309,0.899252886574598,0.864253705618752,0.863360251554349
131597,68636,62961,0.667220941969483,0.588311567491456,0.592080166658633,48.1872727272727,26.3763636363636,25.4363636363636,1.68909090909091,41.5109090909091,0.334545454545455,25.0890909090909,0.212727272727273,31.1636363636364,-0.103556846759271,4.01373400220817,0.899256687922122,0.864065623492107,0.863330950679057
131744,68648,63096,0.667228429970841,0.588198592284588,0.592091225162651,48.1854545454545,26.3763636363636,25.4381818181818,1.68363636363636,41.5963636363636,0.307272727272727,25.0254545454545,0.234545454545455,31.1527272727273,-0.103686442968584,3.99437017169866,0.899252886574598,0.864134555731716,0.863412193552998
131812,68651,63161,0.667192702057245,0.588303334738238,0.59201353971658,48.1836363636364,26.3836363636364,25.4327272727273,1.67090909090909,41.6854545454545,0.314545454545455,24.9781818181818,0.212727272727273,31.1381818181818,-0.10357721842328,3.96688871105964,0.899249084940191,0.86417200744263,0.863454389476694
131972,68664,63308,0.667139457122065,0.588284129103457,0.591943589514143,48.18,26.3854545454545,25.4345454545455,1.66181818181818,41.7436363636364,0.316363636363636,24.9454545454545,0.210909090909091,31.1218181818182,-0.102549947413156,3.95859299390153,0.899241480810597,0.864181367144432,0.863464150403889
132129,68674,63455,0.667167669128184,0.588083867225643,0.591928149738177,48.1745454545455,26.3818181818182,25.4436363636364,1.64909090909091,41.8036363636364,0.305454545454545,24.9163636363636,0.201818181818182,31.1236363636364,-0.101300328198704,3.95448756031692,0.899267814009662,0.864093728463129,0.863370015721023
132286,68696,63590,0.667154790486127,0.588154324997892,0.591879184119033,48.1763636363636,26.3781818181818,25.4454545454545,1.64909090909091,41.8690909090909,0.281818181818182,24.8909090909091,0.185454545454545,31.1236363636364,-0.0993707148628098,3.92846587689763,0.899271615654602,0.864281775572098,0.863451232583065
132450,68708,63742,0.667128562083114,0.587979427473897,0.591803530373341,48.1763636363636,26.3763636363636,25.4472727272727,1.64,41.9472727272727,0.252727272727273,24.8727272727273,0.158181818181818,31.1290909090909,-0.0984655812554675,3.90850300853225,0.899271615654602,0.864272420210933,0.863460988853958
132578,68714,63864,0.667149906788978,0.58782605039838,0.591749535717375,48.18,26.3745454545455,25.4454545454545,1.62727272727273,42.0272727272727,0.225454545454545,24.8345454545455,0.169090909090909,31.1163636363636,-0.0977114560808828,3.88629555991343,0.899279218083701,0.864194126568317,0.863451232583065
132597,68708,63889,0.66713989028656,0.58780084866236,0.591666856202199,48.1818181818182,26.3781818181818,25.44,1.61818181818182,42.0818181818182,0.22,24.8018181818182,0.169090909090909,31.1090909090909,-0.0989299505230685,3.86132647197016,0.899283018867924,0.864143920595533,0.863421955403088
132559,68714,63845,0.667117003473718,0.587791145443228,0.591609337443512,48.1872727272727,26.3745454545455,25.4381818181818,1.61636363636364,42.1109090909091,0.230909090909091,24.7563636363636,0.201818181818182,31.0836363636364,-0.098726314127932,3.83409443927548,0.899256687922122,0.864263063559906,0.863412193552998
132734,68730,64004,0.667174217175133,0.587861464136035,0.591570664820402,48.1890909090909,26.3763636363636,25.4345454545455,1.60727272727273,42.14,0.250909090909091,24.72,0.190909090909091,31.0909090909091,-0.0959034022188544,3.82591031625528,0.899260488982795,0.864341352450541,0.863464150403889
132824,68736,64088,0.667188116580208,0.587581846557093,0.591475248006003,48.1927272727273,26.3727272727273,25.4345454545455,1.60181818181818,42.1909090909091,0.256363636363636,24.6818181818182,0.181818181818182,31.0872727272727,-0.0940844218016454,3.80671248058365,0.899268090243718,0.864184763874526,0.86339266566588
132900,68742,64158,0.667160094460866,0.587401843290933,0.591447976208026,48.1945454545455,26.3690909090909,25.4363636363636,1.59454545454545,42.2418181818182,0.267272727272727,24.6363636363636,0.172727272727273,31.0872727272727,-0.093288115640065,3.79104437760331,0.899271890444034,0.864166034613528,0.863330950679057
133004,68744,64260,0.667141728262516,0.58741883682787,0.591336847115001,48.1890909090909,26.38,25.4309090909091,1.59636363636364,42.2763636363636,0.245454545454545,24.6381818181818,0.136363636363636,31.1072727272727,-0.0934713223013784,3.76423115833578,0.899298219136734,0.864153284168447,0.863301637234575
132990,68748,64242,0.66709982654325,0.587473062974683,0.591227503628677,48.1927272727273,26.3872727272727,25.42,1.59272727272727,42.3054545454546,0.250909090909091,24.6181818181818,0.149090909090909,31.0836363636364,-0.0917288493494694,3.73167473304678,0.899268090243718,0.864190725556398,0.863314498247622
133046,68750,64296,0.667085905519645,0.587456059646931,0.591215427551101,48.1909090909091,26.3872727272727,25.4218181818182,1.59454545454545,42.3309090909091,0.254545454545455,24.5890909090909,0.152727272727273,31.0781818181818,-0.0922560135933137,3.71139231933789,0.89926428975665,0.864259629297871,0.863324274066657
133071,68768,64303,0.667065327572771,0.587359637824136,0.591207335496146,48.1981818181818,26.3763636363636,25.4254545454545,1.59818181818182,42.3618181818182,0.265454545454545,24.5581818181818,0.147272727272727,31.0690909090909,-0.0900223450380674,3.68646351595155,0.899279489984534,0.864341352450541,0.863343821510298
133206,68774,64432,0.667091275318588,0.587334556775886,0.591167599071172,48.2,26.3763636363636,25.4236363636364,1.59818181818182,42.4127272727273,0.245454545454545,24.5272727272727,0.152727272727273,31.0636363636364,-0.0902089997841606,3.67953932612118,0.899283289324783,0.86441028469015,0.863334048487449
133170,68776,64394,0.66701659939613,0.587247124241064,0.59115418627787,48.2072727272727,26.3654545454545,25.4272727272727,1.59818181818182,42.4290909090909,0.256363636363636,24.5181818181818,0.132727272727273,31.0654545454545,-0.0901486214619416,3.65158076453954,0.899260767896206,0.864423143231501,0.863353593135502
133180,68774,64406,0.667070498450789,0.587135060220591,0.591105921058793,48.2163636363636,26.3581818181818,25.4254545454545,1.59818181818182,42.4672727272727,0.243636363636364,24.5018181818182,0.147272727272727,31.0418181818182,-0.0898704898834694,3.62549074627459,0.899279761680305,0.864316755190729,0.863343821510298
133258,68776,64482,0.667068510507973,0.587140197121171,0.591087312047617,48.2145454545455,26.3581818181818,25.4272727272727,1.6,42.4890909090909,0.241818181818182,24.4781818181818,0.154545454545455,31.0363636363636,-0.0902494418494329,3.60709841041402,0.899275963496493,0.864385734979651,0.863353593135502
133346,68780,64566,0.667135279249887,0.586999102629348,0.591041868181941,48.2218181818182,26.3509090909091,25.4272727272727,1.59272727272727,42.54,0.225454545454545,24.4763636363636,0.129090909090909,31.0363636363636,-0.090016612354322,3.59121175896038,0.899291154513234,0.864348306078797,0.863353593135502
133383,68782,64601,0.667139109578493,0.586901134211425,0.59103529411567,48.2218181818182,26.3490909090909,25.4290909090909,1.59454545454545,42.5836363636364,0.207272727272727,24.4545454545455,0.141818181818182,31.0181818181818,-0.0902501083811248,3.57152869552374,0.899291154513234,0.864338945625173,0.863363363363363
133521,68790,64731,0.667165549608698,0.58688464263794,0.591036692241497,48.22,26.3527272727273,25.4272727272727,1.59454545454545,42.6163636363636,0.190909090909091,24.4472727272727,0.123636363636364,31.0272727272727,-0.08985057629629,3.56511233774099,0.899287357188643,0.864357665240789,0.863425098319628
133622,68802,64820,0.667194093128514,0.586774719621866,0.590995538556877,48.2254545454545,26.3472727272727,25.4272727272727,1.6,42.6436363636364,0.178181818181818,24.4236363636364,0.125454545454545,31.0290909090909,-0.0884712445654176,3.55825485548174,0.899298748303423,0.86439859222966,0.863425098319628
133637,68814,64823,0.667214377478143,0.586798336161222,0.59101956079387,48.2254545454545,26.3472727272727,25.4272727272727,1.59818181818182,42.6672727272727,0.172727272727273,24.4181818181818,0.129090909090909,31.0145454545455,-0.0875099567320748,3.5396372681145,0.89933645000754,0.86446760057967,0.863496603503754
133689,68822,64867,0.667238411593645,0.586855911865135,0.591026674728043,48.2309090909091,26.3418181818182,25.4272727272727,1.59636363636364,42.6818181818182,0.158181818181818,24.4218181818182,0.145454545454545,30.9963636363636,-0.0867465317818146,3.52460596940734,0.899347834282052,0.864577581446714,0.863496603503754
133611,68824,64787,0.667194869028205,0.586793034518827,0.59099377006942,48.2309090909091,26.3436363636364,25.4254545454545,1.59272727272727,42.7072727272727,0.154545454545455,24.4054545454545,0.129090909090909,31.0109090909091,-0.0866297416213043,3.49423050154,0.899385531722396,0.864517910138726,0.863486842105263
133663,68830,64833,0.667169315378628,0.586712503970641,0.590991463970585,48.2309090909091,26.34,25.4290909090909,1.59090909090909,42.7054545454545,0.165454545454545,24.4163636363636,0.107272727272727,31.0145454545455,-0.0853214185135915,3.48809573155912,0.899385531722396,0.864499206184855,0.863434863434863
133689,68842,64847,0.667173166009161,0.586768605226859,0.59095952659857,48.2363636363636,26.3327272727273,25.4309090909091,1.59272727272727,42.6981818181818,0.192727272727273,24.4054545454545,0.112727272727273,30.9981818181818,-0.0833111492213158,3.48004085519774,0.899396909159442,0.864599875716357,0.863444627153786
133743,68836,64907,0.66724038560052,0.586800103008392,0.590923179562204,48.2381818181818,26.3327272727273,25.4290909090909,1.59454545454545,42.7309090909091,0.165454545454545,24.4163636363636,0.110909090909091,30.9818181818182,-0.084977653944886,3.4698988455771,0.899400701066677,0.864599875716357,0.863434863434863
133774,68832,64942,0.667299283399273,0.586764276847583,0.590859170097976,48.24,26.3345454545455,25.4254545454545,1.59090909090909,42.7472727272727,0.152727272727273,24.4345454545455,0.114545454545455,30.96,-0.0862868159060864,3.46026995456354,0.899404492688075,0.864540182270091,0.86341533180778
133792,68832,64960,0.667311483266796,0.58669886057037,0.59085905464913,48.2436363636364,26.3309090909091,25.4254545454545,1.59818181818182,42.7636363636364,0.149090909090909,24.4218181818182,0.0963636363636364,30.9709090909091,-0.0863280957332542,3.4498927498575,0.899412075073491,0.864521474934401,0.86341533180778
133812,68834,64978,0.667281646580183,0.586681058308029,0.590897796601805,48.2454545454545,26.3254545454545,25.4290909090909,1.59636363636364,42.7836363636364,0.152727272727273,24.4,0.107272727272727,30.96,-0.0863853226137342,3.43417655211789,0.899415865837573,0.864562469783825,0.863434863434863
133765,68838,64927,0.667226166877461,0.586566698915662,0.590906052918668,48.2509090909091,26.3181818181818,25.4309090909091,1.59636363636364,42.7927272727273,0.152727272727273,24.3909090909091,0.112727272727273,30.9545454545455,-0.0863128798986674,3.41436654088003,0.899427236415706,0.864594127806563,0.863444627153786
133715,68836,64879,0.667208199601946,0.586481092302931,0.590873502636885,48.2545454545455,26.3163636363636,25.4290909090909,1.59636363636364,42.7981818181818,0.158181818181818,24.3909090909091,0.118181818181818,30.9381818181818,-0.0867668090688477,3.4016172465191,0.899434815373022,0.864515683294183,0.863434863434863
133667,68834,64833,0.667172350512323,0.586468395508478,0.590862501518188,48.2581818181818,26.3163636363636,25.4254545454545,1.59818181818182,42.8109090909091,0.156363636363636,24.3963636363636,0.121818181818182,30.9163636363636,-0.0873448954520758,3.38330597103658,0.899442393188155,0.864515683294183,0.86341533180778
133788,68835,64953,0.66723092910168,0.586397418187213,0.590763940440567,48.26,26.32,25.42,1.59454545454545,42.8472727272727,0.14,24.4036363636364,0.103636363636364,30.9109090909091,-0.0877101379638506,3.38492177806117,0.899446181667483,0.86446532191213,0.863386023889564
133777,68844,64933,0.667245910783307,0.586247636822426,0.590695841167161,48.2636363636364,26.3036363636364,25.4327272727273,1.59454545454545,42.86,0.150909090909091,24.3890909090909,0.116363636363636,30.8890909090909,-0.0862060102179054,3.36937428422442,0.899453757769825,0.864519250708509,0.863311409779811
133797,68838,64959,0.667185449469452,0.586115721030687,0.590650471818353,48.2672727272727,26.3,25.4327272727273,1.59454545454545,42.8909090909091,0.152727272727273,24.3818181818182,0.103636363636364,30.8763636363636,-0.0868983878231533,3.3575760494325,0.899385994650996,0.86443138610439,0.863311409779811
133790,68834,64956,0.66717857641253,0.586012740193355,0.590617681625776,48.2727272727273,26.2963636363636,25.4309090909091,1.59636363636364,42.9109090909091,0.14,24.3763636363636,0.110909090909091,30.8654545454545,-0.0865878292649789,3.33625319462947,0.899359698681733,0.864274355251331,0.86337313219418
133834,68832,65002,0.667242574910811,0.586075461572579,0.590573575022072,48.2690909090909,26.3054545454545,25.4254545454545,1.59454545454545,42.9327272727273,0.143636363636364,24.3709090909091,0.110909090909091,30.8472727272727,-0.0874216750620028,3.33644313373688,0.899389784541208,0.864252142659663,0.863343821510298
133846,68830,65016,0.667239910263621,0.58608199904678,0.590514003100138,48.2745454545455,26.3,25.4254545454545,1.59454545454545,42.9672727272727,0.127272727272727,24.3636363636364,0.101818181818182,30.8454545454545,-0.0884490276301883,3.3238029980778,0.899401152498964,0.864293121327342,0.863272311212815
133876,68827,65049,0.667324370498677,0.586084161258087,0.590425871882698,48.28,26.2981818181818,25.4218181818182,1.59818181818182,43.0018181818182,0.114545454545455,24.3690909090909,0.0981818181818182,30.8181818181818,-0.0882645359034624,3.3092259848829,0.899412517888077,0.864352876106195,0.863181233013875
133823,68832,64991,0.667333332360249,0.586000060719962,0.590419607148678,48.28,26.3,25.42,1.59454545454545,43.0236363636364,0.118181818181818,24.3763636363636,0.0909090909090909,30.7963636363636,-0.0881393595957806,3.29750782203945,0.899450176997816,0.864293121327342,0.863242972605679
133908,68838,65070,0.667388706915201,0.585992067386654,0.590522011731968,48.2781818181818,26.3018181818182,25.42,1.59454545454545,43.0545454545455,0.118181818181818,24.3745454545455,0.0818181818181818,30.7763636363636,-0.0886938236769559,3.29471261039884,0.899484050766392,0.864302502419466,0.863386023889564
133982,68844,65138,0.667400491838799,0.585982815690489,0.590474245972013,48.2763636363636,26.3036363636364,25.42,1.59272727272727,43.0763636363636,0.114545454545455,24.3981818181818,0.0781818181818182,30.74,-0.0879725045951835,3.29095793700862,0.899480265140102,0.864311882214695,0.863386023889564
134012,68851,65161,0.667337941054099,0.58588415141232,0.590502356445219,48.2709090909091,26.3018181818182,25.4272727272727,1.59090909090909,43.1018181818182,0.114545454545455,24.4,0.0872727272727273,30.7054545454545,-0.0873614248467757,3.28785935112868,0.899468906550153,0.864302502419466,0.863425098319628
134140,68855,65285,0.667387103285464,0.585837311561749,0.590494845580933,48.2690909090909,26.3,25.4309090909091,1.58727272727273,43.1290909090909,0.112727272727273,24.4072727272727,0.0909090909090909,30.6727272727273,-0.0867030122979486,3.29102809486741,0.899465119783034,0.864293121327342,0.863444627153786
134122,68855,65267,0.667359589121366,0.585817731081012,0.590537468001355,48.2690909090909,26.3018181818182,25.4290909090909,1.58909090909091,43.1472727272727,0.132727272727273,24.4018181818182,0.0981818181818182,30.6309090909091,-0.0874354185214377,3.27642175138674,0.899465119783034,0.864233374809899,0.863506363506364
134204,68857,65347,0.667420885342112,0.58589111219967,0.590519869492225,48.2636363636364,26.3072727272727,25.4290909090909,1.58909090909091,43.1727272727273,0.123636363636364,24.4254545454545,0.0890909090909091,30.6,-0.0878380333528515,3.27639115232636,0.899529101525711,0.864192411362223,0.863506363506364
134260,68863,65397,0.667449870553299,0.585818609749405,0.590488723402074,48.2636363636364,26.3090909090909,25.4272727272727,1.58727272727273,43.2127272727273,0.118181818181818,24.4090909090909,0.0981818181818182,30.5745454545455,-0.0864914504635883,3.26747460862283,0.899529101525711,0.864201796821009,0.863496603503754
134204,68857,65347,0.667467835813226,0.585828919835028,0.590387336175504,48.2709090909091,26.3,25.4290909090909,1.58363636363636,43.2363636363636,0.121818181818182,24.4181818181818,0.0854545454545454,30.5545454545455,-0.0862617245762191,3.25787980187346,0.899506572752269,0.864223988938818,0.863363363363363
134220,68863,65357,0.667445011870615,0.585867985852916,0.590408201806621,48.2690909090909,26.2981818181818,25.4327272727273,1.58545454545455,43.2672727272727,0.110909090909091,24.4218181818182,0.0818181818181818,30.5327272727273,-0.085330399143872,3.24629325681281,0.899540455024861,0.864283738938053,0.863382899628253
134211,68861,65350,0.667492434078732,0.585857151854735,0.590368080190622,48.2745454545455,26.2963636363636,25.4290909090909,1.58181818181818,43.2872727272727,0.107272727272727,24.4309090909091,0.0927272727272727,30.5,-0.0862840884631045,3.23330856664953,0.899551805958344,0.864274355251331,0.863363363363363
134333,68867,65466,0.667520211716327,0.585781642706269,0.590352357475169,48.2763636363636,26.2963636363636,25.4272727272727,1.58,43.3181818181818,0.0963636363636364,24.4418181818182,0.0909090909090909,30.4727272727273,-0.0852720940916862,3.23106111481955,0.899517927086472,0.864274355251331,0.863353593135502
134267,68861,65406,0.667446305646406,0.585736388035577,0.590336103439688,48.2836363636364,26.2890909090909,25.4272727272727,1.57818181818182,43.3363636363636,0.0981818181818182,24.4509090909091,0.0945454545454545,30.4418181818182,-0.0865455120623334,3.22150222987614,0.899457749661093,0.864305968600871,0.863353593135502
134436,68867,65569,0.667465790389572,0.585744425898235,0.590338697858102,48.2781818181818,26.2981818181818,25.4236363636364,1.57454545454545,43.3581818181818,0.105454545454545,24.4472727272727,0.0890909090909091,30.4254545454545,-0.0858367495546355,3.23087057696486,0.899446390238391,0.864283738938053,0.86340556389902
134368,68865,65503,0.667396718547606,0.585619915037,0.590308214655863,48.2836363636364,26.2909090909091,25.4254545454545,1.56909090909091,43.3872727272727,0.107272727272727,24.4563636363636,0.0909090909090909,30.3890909090909,-0.0850792274240203,3.21234173077921,0.899457749661093,0.86417704011065,0.863343821510298
134390,68861,65529,0.667439139963782,0.585757422299858,0.590237841097276,48.2818181818182,26.2909090909091,25.4272727272727,1.56909090909091,43.4127272727273,0.0927272727272727,24.4818181818182,0.0818181818181818,30.3618181818182,-0.086760645944014,3.20180423137817,0.899491621163623,0.864315352697095,0.863282087951377
134441,68861,65580,0.667479843424203,0.585884611512205,0.59020371515763,48.2763636363636,26.2927272727273,25.4309090909091,1.56545454545455,43.4381818181818,0.0909090909090909,24.4727272727273,0.0818181818181818,30.3509090909091,-0.0882171672227824,3.19408729630946,0.899517927086472,0.864393887006431,0.863301637234575
134385,68860,65525,0.667507689538946,0.585971302342905,0.590124783772892,48.2763636363636,26.2927272727273,25.4309090909091,1.56363636363636,43.4654545454545,0.101818181818182,24.4618181818182,0.0745454545454545,30.3327272727273,-0.0899014682983927,3.18052346669984,0.899555589032841,0.864532190028352,0.86323014227497
134441,68862,65579,0.667484517984304,0.585873889573663,0.590066061123601,48.28,26.2872727272727,25.4327272727273,1.56181818181818,43.4909090909091,0.0872727272727273,24.4781818181818,0.0636363636363636,30.3181818181818,-0.0896992183949227,3.17274555709552,0.899525495217293,0.864573246645456,0.863168430082928
134410,68848,65562,0.66754536320903,0.585965071015969,0.589980609960416,48.2818181818182,26.2854545454545,25.4327272727273,1.56,43.5145454545455,0.0727272727272727,24.4836363636364,0.0763636363636364,30.2927272727273,-0.091775614684527,3.15835035456006,0.899529278855206,0.864563879089714,0.863096940234487
134476,68857,65619,0.66742257711085,0.585914218772474,0.589973127156581,48.2781818181818,26.2872727272727,25.4345454545455,1.56,43.5327272727273,0.0836363636363636,24.4763636363636,0.0763636363636364,30.2709090909091,-0.0888294172315826,3.14934231047942,0.899484050766392,0.864573246645456,0.863106726713847
134556,68866,65690,0.667446685932314,0.585859762273222,0.589986351530865,48.2781818181818,26.2945454545455,25.4272727272727,1.55636363636364,43.5563636363636,0.0890909090909091,24.4709090909091,0.0727272727272727,30.2545454545455,-0.0875044252436386,3.14344427625395,0.899484050766392,0.864472410454985,0.863210582767251
134516,68862,65654,0.667418961229917,0.585778452171352,0.589969362573007,48.28,26.2945454545455,25.4254545454545,1.55454545454545,43.5727272727273,0.0981818181818182,24.4690909090909,0.0690909090909091,30.2363636363636,-0.0879424123457945,3.11732925290919,0.899487836107554,0.864403263725626,0.863200800915332
134572,68862,65710,0.667469595823978,0.58582577751387,0.58996178716714,48.2781818181818,26.3018181818182,25.42,1.55272727272727,43.6,0.0781818181818182,24.4672727272727,0.0854545454545454,30.2163636363636,-0.0889179768130734,3.11532993065193,0.899521711294392,0.864371630029034,0.863242972605679
134598,68870,65728,0.667456121191179,0.585861781366031,0.589981570009731,48.2727272727273,26.3072727272727,25.42,1.54909090909091,43.6236363636364,0.0745454545454545,24.4836363636364,0.0709090909090909,30.1981818181818,-0.0877915347666369,3.10427739995278,0.899585687382298,0.864330637915544,0.863314498247622
134612,68876,65736,0.667516482504913,0.5858745912302,0.589969303477576,48.2763636363636,26.3072727272727,25.4163636363636,1.54545454545455,43.6309090909091,0.0818181818181818,24.5,0.0636363636363636,30.1781818181818,-0.0873639796409407,3.09157735960219,0.899593250979211,0.864330637915544,0.863366478288862
134567,68869,65698,0.667514577072778,0.585798749282105,0.589950681648858,48.2836363636364,26.3018181818182,25.4145454545455,1.54545454545455,43.64,0.0963636363636364,24.5018181818182,0.0654545454545455,30.1509090909091,-0.0881445145778178,3.07818993506953,0.899570718481699,0.864233374809899,0.863356703391043
134555,68871,65684,0.667430849728688,0.585807093860173,0.589862718029033,48.28,26.3018181818182,25.4181818181818,1.54545454545455,43.6545454545455,0.0945454545454545,24.5090909090909,0.0690909090909091,30.1272727272727,-0.087736895406124,3.0627353426069,0.899563154327032,0.864233374809899,0.863304721030043
134550,68863,65687,0.667394566289826,0.585843050881591,0.589807616551307,48.28,26.3018181818182,25.4181818181818,1.54363636363636,43.6727272727273,0.0872727272727273,24.52,0.0636363636363636,30.1127272727273,-0.0887792735755449,3.04751886463809,0.899563154327032,0.864233374809899,0.863233190271817
134622,68865,65757,0.667436525123797,0.585871287941066,0.58965128907864,48.2781818181818,26.3090909090909,25.4127272727273,1.54181818181818,43.6927272727273,0.0836363636363636,24.5272727272727,0.06,30.0945454545455,-0.0884707010061406,3.04622514105656,0.899597032350394,0.864201796821009,0.863132288760106
134601,68861,65740,0.6674858728971,0.58596636144922,0.589568090546121,48.2818181818182,26.3054545454545,25.4127272727273,1.54,43.7127272727273,0.08,24.5272727272727,0.0581818181818182,30.0818181818182,-0.089052472839632,3.02769096705385,0.899604594238373,0.864321260713298,0.863060742648637
134648,68859,65789,0.667419119461907,0.585914122960837,0.589748515476673,48.2836363636364,26.3,25.4163636363636,1.53818181818182,43.7381818181818,0.0581818181818182,24.5527272727273,0.0472727272727273,30.0654545454545,-0.0896287552739192,3.02166327905249,0.899570718481699,0.864293121327342,0.863223406538379
134736,68865,65871,0.667456509592065,0.585917440752655,0.58983144343977,48.2818181818182,26.3,25.4181818181818,1.53272727272727,43.7381818181818,0.0672727272727273,24.5618181818182,0.0490909090909091,30.0509090909091,-0.0889902631059654,3.01691707123748,0.89956693654679,0.864293121327342,0.863304721030043
134732,68867,65865,0.667523307267735,0.585862857022391,0.589850293096439,48.2818181818182,26.2909090909091,25.4272727272727,1.53090909090909,43.7490909090909,0.0672727272727273,24.5654545454545,0.0509090909090909,30.0363636363636,-0.0901131590602083,3.00398348137228,0.899604594238373,0.864384508990318,0.863282087951377
134766,68867,65899,0.667622432615939,0.585875337435764,0.589820383839848,48.2836363636364,26.2927272727273,25.4236363636364,1.52727272727273,43.76,0.0727272727272727,24.5763636363636,0.0490909090909091,30.0145454545455,-0.090669949973645,2.99619568063962,0.899646031028769,0.864393887006431,0.863262533075878
134836,68858,65978,0.667679037378104,0.585805986966043,0.58986366490645,48.2872727272727,26.2890909090909,25.4236363636364,1.52363636363636,43.78,0.0690909090909091,24.5690909090909,0.0472727272727273,30.0109090909091,-0.0916946380290028,2.9907634853724,0.899578281497101,0.864375129677018,0.863262533075878
134814,68852,65962,0.667686674754293,0.585779827749869,0.589899524381989,48.2909090909091,26.2890909090909,25.42,1.51636363636364,43.7945454545455,0.0709090909090909,24.5709090909091,0.0436363636363636,30.0036363636364,-0.0930129911052725,2.97282178926028,0.899585843373494,0.864305968600871,0.863314498247622
134878,68850,66028,0.66765194987395,0.585738509861121,0.589795371882015,48.2909090909091,26.2890909090909,25.42,1.51272727272727,43.8072727272727,0.0672727272727273,24.5745454545455,0.0509090909090909,29.9872727272727,-0.0915399654653315,2.96989981610836,0.899548192771084,0.864236807524725,0.863242972605679
134967,68848,66119,0.667651837152724,0.585745423468432,0.589886762936455,48.2909090909091,26.2836363636364,25.4254545454545,1.51090909090909,43.8145454545455,0.0745454545454545,24.5763636363636,0.0472727272727273,29.9763636363636,-0.0905022268403131,2.96861268457195,0.899510542168675,0.864277808522413,0.863272311212815
135018,68850,66168,0.667641263838241,0.585864598409017,0.589936614868522,48.2927272727273,26.28,25.4272727272727,1.50909090909091,43.8254545454545,0.0763636363636364,24.5763636363636,0.0509090909090909,29.9618181818182,-0.0903927277506393,2.9581850276752,0.899514325514853,0.864397398643974,0.863282087951377
135115,68861,66254,0.667688541775571,0.585779589035162,0.589869692442064,48.2909090909091,26.2872727272727,25.4218181818182,1.50545454545455,43.8345454545455,0.0654545454545455,24.5818181818182,0.0563636363636364,29.9563636363636,-0.0887269931414101,2.95279053626582,0.899548192771084,0.864296583206529,0.863324274066657
135105,68867,66238,0.667694346370761,0.585739971540286,0.589830575570129,48.2945454545455,26.2781818181818,25.4272727272727,1.50181818181818,43.8381818181818,0.0654545454545455,24.5945454545455,0.0527272727272727,29.9472727272727,-0.0875215958457292,2.93880713968114,0.899555756343649,0.86438801632879,0.863282087951377
135139,68873,66266,0.667666718873546,0.58576683449017,0.589810657201022,48.2945454545455,26.2781818181818,25.4272727272727,1.5,43.8327272727273,0.0636363636363636,24.6127272727273,0.0509090909090909,29.94,-0.0862699144279098,2.92887008499185,0.899555756343649,0.864457206116377,0.863282087951377
135149,68871,66278,0.667640466155155,0.585767194493456,0.58981669857839,48.2945454545455,26.2781818181818,25.4272727272727,1.5,43.84,0.0672727272727273,24.62,0.0418181818181818,29.9309090909091,-0.0875413767291651,2.91391631446948,0.899555756343649,0.864457206116377,0.863282087951377
135201,68879,66322,0.667629238614856,0.585724026075594,0.589782222830038,48.2963636363636,26.2781818181818,25.4254545454545,1.49090909090909,43.8636363636364,0.0690909090909091,24.62,0.0345454545454545,29.9218181818182,-0.0867542369495575,2.90706763813611,0.899521891352633,0.864457206116377,0.863343821510298
135132,68877,66255,0.667651318844166,0.585564025361639,0.589896044365832,48.3072727272727,26.2654545454545,25.4272727272727,1.48727272727273,43.8654545454545,0.0672727272727273,24.6345454545455,0.0381818181818182,29.9072727272727,-0.0881865558256157,2.88251925322481,0.899544582031691,0.864460750380728,0.863425098319628
135216,68871,66345,0.667688950939589,0.585569095040776,0.589848287242877,48.3054545454546,26.2672727272727,25.4272727272727,1.48363636363636,43.8745454545455,0.06,24.6418181818182,0.04,29.9,-0.0888611957021402,2.88018633222038,0.899540800963565,0.864400913684502,0.863353593135502
135333,68879,66454,0.667693229421275,0.585592659949844,0.58984561173972,48.2981818181818,26.2727272727273,25.4290909090909,1.48181818181818,43.8636363636364,0.0745454545454545,24.6472727272727,0.0381818181818182,29.8945454545455,-0.0872556236855003,2.88130801234564,0.899563318777293,0.864359861591696,0.863363363363363
135403,68877,66526,0.667673832556438,0.585679147953019,0.589786883859157,48.2963636363636,26.2781818181818,25.4254545454545,1.48,43.8672727272727,0.0672727272727273,24.6618181818182,0.0436363636363636,29.88,-0.0881253445335129,2.88025075888092,0.89955953770282,0.864318826541203,0.863343821510298
135371,68889,66482,0.667621940565603,0.585761359694037,0.589806151608376,48.3,26.2763636363636,25.4236363636364,1.47454545454545,43.8818181818182,0.0545454545454545,24.6854545454545,0.0327272727272727,29.8709090909091,-0.0875901687006924,2.86424896916883,0.8995670995671,0.864517021865486,0.86340556389902
135373,68879,66494,0.667598766029837,0.585668096553003,0.589792610492868,48.3018181818182,26.2727272727273,25.4254545454545,1.47090909090909,43.8872727272727,0.0563636363636364,24.6836363636364,0.0381818181818182,29.8636363636364,-0.0884274794085782,2.85187215603549,0.899533237973349,0.864429065743945,0.863343821510298
135400,68877,66523,0.667589428122781,0.585579367493329,0.589908979830261,48.3,26.2709090909091,25.4290909090909,1.46909090909091,43.8963636363636,0.0545454545454545,24.6872727272727,0.0345454545454545,29.8581818181818,-0.0894416882542414,2.8423552012325,0.8995670995671,0.864350474081251,0.863434863434863
135412,68869,66543,0.66757497515247,0.585751496710051,0.589823974794072,48.2963636363636,26.2763636363636,25.4272727272727,1.46363636363636,43.9018181818182,0.0709090909090909,24.6781818181818,0.0345454545454545,29.8509090909091,-0.0912032447668356,2.83401615130292,0.89955953770282,0.864378632715195,0.863353593135502
135523,68879,66644,0.667547455543215,0.585733942400643,0.589817488115017,48.2945454545455,26.2763636363636,25.4290909090909,1.46363636363636,43.9054545454546,0.0636363636363636,24.6963636363636,0.0309090909090909,29.84,-0.0905921459471177,2.82980397604406,0.899518108576161,0.864517021865486,0.863363363363363
135588,68879,66709,0.667718078156455,0.585698011065387,0.589752406676462,48.3018181818182,26.2727272727273,25.4254545454545,1.45636363636364,43.9090909090909,0.0690909090909091,24.6963636363636,0.0272727272727273,29.8418181818182,-0.0902903421236922,2.82997851110148,0.899533237973349,0.864498269896194,0.863343821510298
135639,68891,66748,0.667725164013095,0.585728587568188,0.589753490483933,48.2927272727273,26.2872727272727,25.42,1.45454545454545,43.9163636363636,0.0618181818181818,24.6981818181818,0.0436363636363636,29.8254545454545,-0.0896728440999141,2.82698410288007,0.899589623884643,0.864504080785724,0.863386023889564
135525,68877,66648,0.667795496022924,0.585685218666762,0.58976973074007,48.3,26.2763636363636,25.4236363636364,1.45454545454545,43.9236363636364,0.0527272727272727,24.7127272727273,0.04,29.8163636363636,-0.0930088239699465,2.79800099574707,0.899604743083004,0.86444782729034,0.86340556389902
135536,68871,66665,0.667635172645148,0.585692488030926,0.589721019995915,48.2981818181818,26.2745454545455,25.4272727272727,1.45090909090909,43.9272727272727,0.06,24.7218181818182,0.0309090909090909,29.8090909090909,-0.0930746025405163,2.79444081406532,0.899488028911309,0.864438447166286,0.863353593135502
135627,68883,66744,0.667571565972144,0.585670359791259,0.589712847653257,48.2945454545455,26.2763636363636,25.4290909090909,1.45272727272727,43.9345454545455,0.0527272727272727,24.7309090909091,0.0345454545454545,29.7945454545455,-0.0897820897367968,2.79005432722413,0.899480460808674,0.86444782729034,0.863363363363363
135587,68885,66702,0.667503464960662,0.585681073464112,0.589721566642733,48.2963636363636,26.2781818181818,25.4254545454545,1.45272727272727,43.9454545454546,0.0509090909090909,24.7345454545455,0.04,29.7763636363636,-0.0892374811193639,2.7751229240813,0.899484245002447,0.864457206116377,0.863343821510298
135588,68883,66705,0.667556015648191,0.585723243207735,0.589660157747579,48.3018181818182,26.2781818181818,25.42,1.45454545454545,43.9490909090909,0.0581818181818182,24.7345454545455,0.0363636363636364,29.7672727272727,-0.0909026510557768,2.76907742685554,0.899495595874426,0.864457206116377,0.863386023889564
135496,68876,66620,0.667584078537823,0.585568131658264,0.589571542155627,48.3127272727273,26.2618181818182,25.4254545454545,1.45454545454545,43.9527272727273,0.06,24.7363636363636,0.0363636363636364,29.76,-0.0910645499732213,2.74830359364436,0.899480656329971,0.864372749930767,0.863272311212815
135507,68872,66635,0.667577302553987,0.585499526662221,0.589606773191807,48.3109090909091,26.2527272727273,25.4363636363636,1.45454545454545,43.9763636363636,0.0472727272727273,24.7363636363636,0.0381818181818182,29.7472727272727,-0.0904641216125376,2.73712130960246,0.899439238267284,0.86439504120784,0.86325947105075
135678,68882,66796,0.66768247646012,0.585467065139936,0.589678983592095,48.3036363636364,26.2618181818182,25.4345454545455,1.45454545454545,43.98,0.0618181818181818,24.7272727272727,0.0363636363636364,29.74,-0.089243844167967,2.73946708799763,0.899499378928746,0.864303517031293,0.86339266566588
135624,68883,66741,0.667654720794193,0.58549689194537,0.589578428101096,48.3036363636364,26.2727272727273,25.4236363636364,1.45454545454545,43.9963636363636,0.0581818181818182,24.7345454545455,0.0345454545454545,29.7218181818182,-0.0896420671139905,2.72276144683869,0.899499378928746,0.864290657439446,0.86340556389902
135649,68883,66766,0.667672277118518,0.585494479641486,0.589597897957213,48.3036363636364,26.2745454545455,25.4218181818182,1.45636363636364,44.0090909090909,0.0418181818181818,24.7527272727273,0.0327272727272727,29.7072727272727,-0.091536665494145,2.71832018400627,0.899537019610795,0.86436924780292,0.863395794593048
135762,68877,66885,0.667583636414328,0.585481653773982,0.589583724053715,48.2927272727273,26.2872727272727,25.42,1.45636363636364,44.0127272727273,0.0490909090909091,24.7563636363636,0.0327272727272727,29.6927272727273,-0.092868337852666,2.72434095228938,0.899551974699748,0.864227417346798,0.863314498247622
135666,68874,66792,0.667625675543904,0.585602194755305,0.589541893160541,48.2981818181818,26.28,25.4218181818182,1.45636363636364,44.0236363636364,0.06,24.7472727272727,0.0309090909090909,29.6818181818182,-0.0950956652412556,2.7056574488736,0.899563318777293,0.864397398643974,0.863252753540266
135548,68856,66692,0.667587630159883,0.585470728072512,0.589668067163696,48.3072727272727,26.2545454545455,25.4381818181818,1.45454545454545,44.0345454545455,0.0527272727272727,24.7545454545455,0.0290909090909091,29.6745454545455,-0.0973616052639872,2.67656329856254,0.89950694418307,0.864404432132964,0.863269244514331
135537,68862,66675,0.667625216998153,0.585483208436456,0.589535690317501,48.3072727272727,26.2563636363636,25.4363636363636,1.45272727272727,44.0490909090909,0.0527272727272727,24.7490909090909,0.0290909090909091,29.6672727272727,-0.0979812842922084,2.66448945619843,0.899582219880312,0.864413821757496,0.863187991422445
135628,68877,66751,0.667584329715543,0.585294910003087,0.589646084608847,48.3090909090909,26.2490909090909,25.4418181818182,1.45272727272727,44.0581818181818,0.0436363636363636,24.7545454545455,0.0327272727272727,29.6581818181818,-0.0933075004793698,2.66525566068224,0.899548362815205,0.864306988986632,0.863360251554349
135754,68873,66881,0.667578390576875,0.585293498011438,0.589649469399613,48.3,26.2563636363636,25.4436363636364,1.45272727272727,44.0527272727273,0.0563636363636364,24.76,0.0290909090909091,29.6490909090909,-0.0919985655560926,2.67275891101242,0.899529456051195,0.864206079911363,0.863298556524225
135746,68884,66862,0.667571541706582,0.585275432964279,0.589586572352116,48.3072727272727,26.2581818181818,25.4345454545455,1.44909090909091,44.06,0.0490909090909091,24.7727272727273,0.0236363636363636,29.6454545454545,-0.0901117229380113,2.65921979844147,0.89950694418307,0.864284725107326,0.863321180927872
135782,68881,66901,0.667616478271878,0.585322259807174,0.589476663051536,48.3072727272727,26.26,25.4327272727273,1.44909090909091,44.0690909090909,0.0418181818181818,24.7763636363636,0.0254545454545455,29.6381818181818,-0.0915769116048316,2.65630132768049,0.89950694418307,0.864294121719864,0.86323991993137
135828,68893,66935,0.667606739067987,0.585240267590494,0.589446597926346,48.3036363636364,26.26,25.4363636363636,1.44545454545455,44.0872727272727,0.0381818181818182,24.7781818181818,0.0254545454545455,29.6254545454545,-0.089320800709439,2.6483656658664,0.899537019610795,0.864224884026864,0.86325947105075
135724,68889,66835,0.667542580721224,0.585198532736,0.589619698172543,48.3109090909091,26.2509090909091,25.4381818181818,1.44545454545455,44.0854545454546,0.0436363636363636,24.7818181818182,0.0181818181818182,29.6254545454545,-0.0912593825108078,2.62628389892422,0.899514508298521,0.864316387311262,0.863412193552998
135722,68879,66843,0.667524603408531,0.585309943973071,0.589741165660714,48.3,26.2545454545455,25.4454545454545,1.44181818181818,44.0963636363636,0.0490909090909091,24.7854545454545,0.0236363636363636,29.6036363636364,-0.0955350142963818,2.62263051328588,0.8995670995671,0.864335180055402,0.863451232583065
135729,68885,66844,0.667602899877491,0.585274172021687,0.589738186835505,48.3072727272727,26.2490909090909,25.4436363636364,1.44,44.1127272727273,0.0454545454545455,24.7818181818182,0.0272727272727273,29.5927272727273,-0.0932614575675457,2.61055277629163,0.899544582031691,0.864376255454734,0.863512934114621
135692,68887,66805,0.66752227379524,0.585311008685019,0.589630010878956,48.3,26.26,25.44,1.44181818181818,44.1236363636364,0.0436363636363636,24.78,0.0327272727272727,29.5781818181818,-0.0928725202324462,2.6032338550272,0.899604743083004,0.864294121719864,0.863421955403088
135797,68885,66912,0.667435071214959,0.58516304661726,0.589602901152994,48.3054545454546,26.2581818181818,25.4363636363636,1.44181818181818,44.1436363636364,0.0381818181818182,24.7745454545455,0.0381818181818182,29.5636363636364,-0.0932308411239567,2.60282478863373,0.899465522433002,0.864215482620136,0.863473909935668
135679,68879,66800,0.6675224176552,0.585401032020468,0.589512497760988,48.3072727272727,26.2618181818182,25.4309090909091,1.44181818181818,44.1563636363636,0.04,24.7854545454545,0.0290909090909091,29.5472727272727,-0.0958428722785108,2.58538642362691,0.899582219880312,0.864303517031293,0.86337313219418
135813,68863,66950,0.667702074077344,0.585386207709174,0.589498574237057,48.3109090909091,26.2563636363636,25.4327272727273,1.43818181818182,44.18,0.04,24.7727272727273,0.0272727272727273,29.5418181818182,-0.097151199976956,2.58930619376796,0.89955214331414,0.864206079911363,0.863311409779811
135697,68871,66826,0.667550116589099,0.585252107529298,0.589538593672969,48.3127272727273,26.26,25.4272727272727,1.43454545454545,44.1963636363636,0.0490909090909091,24.7454545454545,0.0327272727272727,29.5418181818182,-0.0975942986242775,2.56698387626728,0.899518289929249,0.864363359412864,0.863425098319628
135735,68871,66864,0.66753968890274,0.58514218057479,0.589430423930836,48.3127272727273,26.2545454545455,25.4327272727273,1.43454545454545,44.2090909090909,0.0490909090909091,24.7381818181818,0.0290909090909091,29.54,-0.0959468084564254,2.56409065600654,0.899480656329971,0.864265927977839,0.863311409779811
135787,68867,66920,0.667599586339681,0.585235769813244,0.589365356990695,48.3090909090909,26.26,25.4309090909091,1.43272727272727,44.2290909090909,0.0472727272727273,24.7218181818182,0.0309090909090909,29.5381818181818,-0.09742012014768,2.56165413835763,0.899548362815205,0.864155646333864,0.863301637234575
135889,68869,67020,0.667653329847833,0.585369645090726,0.589411927147512,48.3054545454546,26.2636363636364,25.4309090909091,1.42909090909091,44.2454545454545,0.0436363636363636,24.7290909090909,0.0345454545454545,29.5181818181818,-0.0986659600677575,2.57001794455573,0.899578440228847,0.864243682935272,0.863301637234575
135891,68877,67014,0.667672546945658,0.585241320300936,0.589347728168588,48.3127272727273,26.2509090909091,25.4363636363636,1.42909090909091,44.2672727272727,0.0418181818181818,24.7127272727273,0.0290909090909091,29.52,-0.0961333081644046,2.55292928109623,0.899593557127804,0.86424712564067,0.86325947105075
135853,68876,66977,0.667480272682775,0.585210165968761,0.589509348878045,48.3163636363636,26.2454545454545,25.4381818181818,1.42545454545455,44.2981818181818,0.0290909090909091,24.7109090909091,0.0254545454545455,29.5109090909091,-0.0980821748548806,2.53785016404211,0.899488221569956,0.864357464496017,0.863412193552998
135879,68869,67010,0.66756284454223,0.585035984022586,0.589703248417579,48.3254545454545,26.2363636363636,25.4381818181818,1.42363636363636,44.3054545454546,0.0345454545454545,24.6963636363636,0.0345454545454545,29.5054545454545,-0.096706654786844,2.53855659356341,0.899469506000978,0.864171864171864,0.863555142591666
135762,68864,66898,0.667596476772835,0.585190288366047,0.589801069244647,48.32,26.2436363636364,25.4363636363636,1.42181818181818,44.3254545454545,0.0381818181818182,24.6763636363636,0.0254545454545455,29.5127272727273,-0.103373939678634,2.51422626120885,0.899608669476219,0.864209505334627,0.863688348820586
135819,68859,66960,0.667619162133855,0.585202976918459,0.589414786424853,48.3236363636364,26.2418181818182,25.4345454545455,1.42,44.3436363636364,0.0381818181818182,24.6563636363636,0.0327272727272727,29.5090909090909,-0.101812027728928,2.51606358718974,0.899540973737678,0.864200096999931,0.86339266566588
135849,68858,66991,0.667614213730981,0.585046112278549,0.589472684147279,48.3236363636364,26.2345454545455,25.4418181818182,1.41818181818182,44.3672727272727,0.0309090909090909,24.6309090909091,0.04,29.5127272727273,-0.10242277396801,2.50360328661786,0.899540973737678,0.864231755492411,0.863360251554349
136020,68864,67156,0.667715186858958,0.585135505582624,0.589395910205964,48.3145454545455,26.2472727272727,25.4381818181818,1.41636363636364,44.3745454545455,0.0363636363636364,24.6272727272727,0.0290909090909091,29.5163636363636,-0.102702824086356,2.51471120457334,0.89959733564144,0.864228318093655,0.863340719033664
136080,68872,67208,0.667644252904566,0.585205934344127,0.58950605920984,48.3127272727273,26.2545454545455,25.4327272727273,1.41090909090909,44.4054545454546,0.0327272727272727,24.6054545454545,0.0290909090909091,29.5163636363636,-0.103378681603623,2.50630832876671,0.899518289929249,0.864335180055402,0.863525879325136
135994,68876,67118,0.667497117445065,0.585269973550317,0.589469273064308,48.3163636363636,26.2581818181818,25.4254545454545,1.40909090909091,44.4163636363636,0.0454545454545455,24.58,0.0290909090909091,29.52,-0.103001106225433,2.49465710094876,0.899488221569956,0.864492452568896,0.863558352402746
136050,68873,67177,0.667597605876768,0.58513281934743,0.589336377017544,48.3236363636364,26.2436363636364,25.4327272727273,1.41090909090909,44.4309090909091,0.0454545454545455,24.5563636363636,0.0290909090909091,29.5272727272727,-0.0988803410941149,2.49455752089535,0.89946572353074,0.864348067063877,0.863382899628253
135853,68861,66992,0.667571795583595,0.585068778503372,0.58918738987269,48.3327272727273,26.2363636363636,25.4309090909091,1.41272727272727,44.4509090909091,0.0436363636363636,24.5345454545455,0.04,29.5181818181818,-0.100483273955069,2.46586822450415,0.899484633036151,0.864310464310464,0.86323014227497
135971,68861,67110,0.667592351391528,0.585165895287316,0.589283995063053,48.3218181818182,26.2509090909091,25.4272727272727,1.41090909090909,44.4727272727273,0.0454545454545455,24.5127272727273,0.0290909090909091,29.5290909090909,-0.101501759388909,2.46430877931416,0.8995371938142,0.86424712564067,0.863353593135502
136068,68867,67201,0.667739073915099,0.585199918662124,0.589345467124848,48.3163636363636,26.2509090909091,25.4327272727273,1.40909090909091,44.5018181818182,0.0490909090909091,24.4854545454545,0.0236363636363636,29.5309090909091,-0.102778593412131,2.46421239629642,0.899601113870701,0.864316387311262,0.863382899628253
136115,68873,67242,0.667685438540453,0.584912142112503,0.589497509373606,48.3090909090909,26.2545454545455,25.4363636363636,1.40363636363636,44.5418181818182,0.0545454545454545,24.4618181818182,0.0236363636363636,29.5145454545455,-0.102712445023619,2.45631898127242,0.899585999247271,0.864127423822715,0.863545389563974
136090,68874,67216,0.667642941124737,0.584825374592842,0.589416153341344,48.3218181818182,26.2418181818182,25.4363636363636,1.40181818181818,44.5654545454545,0.04,24.4527272727273,0.0363636363636364,29.5036363636364,-0.099923941162495,2.44589403297498,0.8995371938142,0.864130811335135,0.863473909935668
136110,68893,67217,0.667525683046156,0.584874133037636,0.589318335851059,48.32,26.2527272727273,25.4272727272727,1.39818181818182,44.5854545454546,0.0490909090909091,24.4236363636364,0.0345454545454545,29.5090909090909,-0.099311682854998,2.43288242754272,0.899533413606261,0.864187270586606,0.86356810868788
136372,68897,67475,0.667627600673791,0.585011235416981,0.589150789523344,48.32,26.2636363636364,25.4163636363636,1.39272727272727,44.6290909090909,0.0363636363636364,24.3927272727273,0.0290909090909091,29.52,-0.100863449992824,2.44355441392823,0.89957104154124,0.864382139148494,0.863438014164103
136327,68891,67436,0.667657537380245,0.584957329047532,0.58925021256646,48.3272727272727,26.2490909090909,25.4236363636364,1.38727272727273,44.6636363636364,0.0327272727272727,24.3690909090909,0.02,29.5272727272727,-0.100458161491728,2.419798915829,0.899510910458992,0.86451478839094,0.863477079310591
136362,68894,67468,0.667722437738196,0.584801934720098,0.589312823711432,48.3272727272727,26.24,25.4327272727273,1.38545454545455,44.6818181818182,0.0363636363636364,24.3472727272727,0.0218181818181818,29.5272727272727,-0.100503909956313,2.41249568634667,0.899548532731377,0.864537139689579,0.863454389476694
136324,68882,67442,0.667699323419936,0.584740543300118,0.589243744604094,48.3254545454545,26.2309090909091,25.4436363636364,1.38545454545455,44.6836363636364,0.04,24.3454545454545,0.0181818181818182,29.5272727272727,-0.0994293692199376,2.40364703668959,0.8995823770646,0.864351563041519,0.863298556524225
136417,68890,67527,0.667795781884034,0.584840684552198,0.589256905096422,48.3290909090909,26.2236363636364,25.4472727272727,1.38545454545455,44.6981818181818,0.0436363636363636,24.3327272727273,0.0127272727272727,29.5272727272727,-0.100340971103477,2.3978109001055,0.899627553515669,0.864452610413922,0.86331809088311
136394,68892,67502,0.667654510444032,0.584538426057578,0.589308121653321,48.3309090909091,26.22,25.4490909090909,1.38,44.7181818181818,0.0472727272727273,24.3072727272727,0.0145454545454545,29.5327272727273,-0.100712044409813,2.38276662581431,0.899556090587616,0.864225781845919,0.8634707437308
136417,68901,67516,0.667690095095225,0.584793187833228,0.589253882266418,48.3272727272727,26.2381818181818,25.4345454545455,1.37818181818182,44.7472727272727,0.0327272727272727,24.3,0.0163636363636364,29.5254545454545,-0.101425004711183,2.36514043860899,0.899623777276148,0.864527752754487,0.863464150403889
136473,68893,67580,0.667733741006777,0.584823854916597,0.589278422825285,48.3236363636364,26.24,25.4363636363636,1.38,44.7654545454546,0.0436363636363636,24.2709090909091,0.0181818181818182,29.5218181818182,-0.102076056096022,2.36132660589435,0.899578598841147,0.864537139689579,0.863473909935668
136454,68879,67575,0.667776399177124,0.584790600578717,0.589214493876289,48.3290909090909,26.2327272727273,25.4381818181818,1.37454545454545,44.7763636363636,0.0381818181818182,24.2690909090909,0.0236363636363636,29.5181818181818,-0.104601306105955,2.35566198951565,0.899627553515669,0.864430274466315,0.863340719033664
136526,68880,67646,0.667771694388554,0.584791674949087,0.589230063378945,48.3327272727273,26.2290909090909,25.4381818181818,1.37272727272727,44.8090909090909,0.0363636363636364,24.2454545454545,0.0218181818181818,29.5145454545455,-0.104903103269515,2.34472744313323,0.899597487115826,0.864480798558159,0.863412193552998
136641,68896,67745,0.667757689219996,0.584632312126224,0.589266090505065,48.3327272727273,26.2327272727273,25.4345454545455,1.37272727272727,44.8109090909091,0.0381818181818182,24.2509090909091,0.0254545454545455,29.5018181818182,-0.0998378806005679,2.34322581729344,0.899559869089268,0.864360964790685,0.863535635141897
136626,68884,67742,0.667688152496025,0.584636887884098,0.589137179412693,48.3309090909091,26.2290909090909,25.44,1.37090909090909,44.8236363636364,0.0381818181818182,24.2545454545455,0.0127272727272727,29.5,-0.101268378392772,2.33894094700756,0.899480851704161,0.864411479273534,0.863350485991995
136559,68880,67679,0.667730449109171,0.584687682381021,0.58920779544061,48.3309090909091,26.2309090909091,25.4381818181818,1.36909090909091,44.8381818181818,0.0381818181818182,24.2490909090909,0.0181818181818182,29.4872727272727,-0.105801101174438,2.32270666209727,0.899556090587616,0.864420877521314,0.863483668072332
136563,68881,67682,0.667803566015501,0.584730730418038,0.589020256758074,48.3218181818182,26.2381818181818,25.44,1.36909090909091,44.8454545454545,0.0345454545454545,24.22,0.0272727272727273,29.5036363636364,-0.104762366079674,2.3042341477026,0.899612446852542,0.864527752754487,0.863279016580903
136714,68883,67831,0.667729811198365,0.584773434148923,0.589049867703371,48.3109090909091,26.2454545454545,25.4436363636364,1.37090909090909,44.86,0.0345454545454545,24.2,0.0236363636363636,29.5109090909091,-0.104905202346874,2.30507010339167,0.899589778329758,0.864565292691375,0.863298556524225
136717,68888,67829,0.667712442566798,0.58484656694999,0.589003150861928,48.3163636363636,26.2418181818182,25.4418181818182,1.37090909090909,44.8527272727273,0.0309090909090909,24.2090909090909,0.0145454545454545,29.5218181818182,-0.104849009098854,2.29782694786025,0.899676375404531,0.864615810988706,0.863217322947188
136647,68886,67761,0.667710372483483,0.584785011804475,0.589081459079985,48.3236363636364,26.2363636363636,25.44,1.36909090909091,44.86,0.0345454545454545,24.2072727272727,0.0127272727272727,29.5163636363636,-0.106896191933877,2.28031466008079,0.899653849048085,0.864587664587665,0.863350485991995
136795,68874,67921,0.66787145977406,0.584625541701426,0.589052560216024,48.3345454545455,26.2181818181818,25.4472727272727,1.36727272727273,44.8745454545455,0.0290909090909091,24.2072727272727,0.0145454545454545,29.5072727272727,-0.105271291128536,2.27849749509584,0.899601263918146,0.864424410540915,0.863246641897685
136736,68877,67859,0.66779465766719,0.584604851180375,0.589156302804544,48.3381818181818,26.2163636363636,25.4454545454545,1.36363636363636,44.8836363636364,0.0436363636363636,24.1927272727273,0.0145454545454545,29.5018181818182,-0.104861966681098,2.26856919210827,0.899571202888738,0.864415007975588,0.863379778492319
136654,68883,67771,0.667748891185934,0.584701930004695,0.589058992082465,48.3290909090909,26.2327272727273,25.4381818181818,1.36181818181818,44.8909090909091,0.0381818181818182,24.1927272727273,0.0181818181818182,29.4981818181818,-0.108499432084368,2.25384550326165,0.899665174372672,0.864499584141946,0.863340719033664
136787,68894,67893,0.667759135698922,0.584527208174092,0.589094175199829,48.34,26.2254545454545,25.4345454545455,1.36181818181818,44.9054545454546,0.0327272727272727,24.1854545454545,0.0163636363636364,29.4981818181818,-0.103882430467274,2.25663749517619,0.899537367886561,0.86453133666112,0.86339266566588
136875,68898,67977,0.667748204984257,0.584555746864732,0.5891443634289,48.34,26.2309090909091,25.4290909090909,1.36181818181818,44.9090909090909,0.0309090909090909,24.1781818181818,0.0236363636363636,29.4963636363636,-0.102982264021954,2.25189119671387,0.899499755519615,0.864628820960699,0.863506363506364
136778,68906,67872,0.667719763330799,0.584664883086257,0.589110878828705,48.3363636363636,26.2363636363636,25.4272727272727,1.36181818181818,44.9163636363636,0.0327272727272727,24.1672727272727,0.0181818181818182,29.5036363636364,-0.105841387115982,2.23159415249035,0.899642655632876,0.864726264726265,0.86356810868788
136885,68884,68001,0.667719220816057,0.584849284778979,0.589081479477853,48.3272727272727,26.24,25.4327272727273,1.35818181818182,44.9145454545455,0.0309090909090909,24.1818181818182,0.0181818181818182,29.4963636363636,-0.107029982601605,2.23762824684805,0.899623777276148,0.864675720620843,0.863382899628253
136866,68880,67986,0.667708362645512,0.584706853480664,0.588980399049423,48.3254545454545,26.2418181818182,25.4327272727273,1.35818181818182,44.9163636363636,0.0290909090909091,24.18,0.0181818181818182,29.4981818181818,-0.108089939165042,2.2293398021678,0.899657624440348,0.864407953994319,0.863311409779811
136840,68872,67968,0.667546601369891,0.584592029845409,0.589145071833444,48.3272727272727,26.2309090909091,25.4418181818182,1.35454545454545,44.9290909090909,0.0345454545454545,24.1636363636364,0.0254545454545455,29.4927272727273,-0.10955232000587,2.22382210223004,0.899548532731377,0.864420877521314,0.863360251554349
137060,68905,68155,0.667794526144157,0.584529774910589,0.589119115081868,48.3327272727273,26.2290909090909,25.4381818181818,1.35454545454545,44.9309090909091,0.0290909090909091,24.1672727272727,0.0236363636363636,29.4945454545455,-0.102853425242244,2.2276071335443,0.899597487115826,0.864550117842784,0.863483668072332
136857,68904,67953,0.667769754118936,0.584402424115563,0.589151014176242,48.34,26.22,25.44,1.35272727272727,44.9309090909091,0.0327272727272727,24.1654545454545,0.0309090909090909,29.4872727272727,-0.10384921605417,2.20477943378077,0.899612592620454,0.864572498439775,0.86349342481418
136750,68891,67859,0.66758535157878,0.584507975975755,0.589066767081884,48.3418181818182,26.2218181818182,25.4363636363636,1.34909090909091,44.9363636363636,0.0363636363636364,24.1709090909091,0.0218181818181818,29.4854545454545,-0.108053173077,2.18937220931984,0.899541146381826,0.864651227291638,0.863402430307362
136799,68901,67898,0.667741230747346,0.584532277605081,0.589210531608136,48.3436363636364,26.2218181818182,25.4345454545455,1.35090909090909,44.9454545454546,0.0290909090909091,24.1709090909091,0.0181818181818182,29.4854545454545,-0.106790337070561,2.18149916257032,0.899657753206213,0.864581888781029,0.863535635141897
137101,68889,68212,0.66783154645705,0.584603166935486,0.589063061724496,48.3381818181818,26.2218181818182,25.44,1.35090909090909,44.94,0.0327272727272727,24.18,0.0127272727272727,29.4836363636364,-0.107269255988385,2.20668829928406,0.899571202888738,0.86451255027042,0.863350485991995
136944,68889,68055,0.667704737097638,0.584542848598283,0.588959743381346,48.3363636363636,26.2236363636364,25.44,1.35272727272727,44.9345454545455,0.0345454545454545,24.1763636363636,0.0145454545454545,29.4872727272727,-0.108037395918588,2.18634664045901,0.899605040436336,0.864521944117035,0.863279016580903
136878,68894,67984,0.667665291331367,0.584478368014072,0.588968337804063,48.3381818181818,26.2309090909091,25.4309090909091,1.35272727272727,44.94,0.0254545454545455,24.1745454545455,0.02,29.4872727272727,-0.108807142043324,2.16976725415919,0.899608816670428,0.864559506480904,0.86337313219418
136779,68894,67885,0.667652303427147,0.584458701064895,0.589016584718985,48.3381818181818,26.2218181818182,25.44,1.35272727272727,44.9327272727273,0.0290909090909091,24.18,0.0218181818181818,29.4836363636364,-0.106271670139408,2.16141878993843,0.899646430452118,0.864581888781029,0.863279016580903
136817,68894,67923,0.667650692765344,0.584322228270106,0.589026682348163,48.3381818181818,26.2236363636364,25.4381818181818,1.35272727272727,44.9272727272727,0.0381818181818182,24.1745454545455,0.0218181818181818,29.4854545454545,-0.10707590589872,2.1575925105971,0.899608816670428,0.864452610413922,0.863340719033664
136570,68892,67678,0.6675880643612,0.584276844398684,0.589223906308098,48.3490909090909,26.2109090909091,25.44,1.35454545454545,44.9436363636364,0.0309090909090909,24.1618181818182,0.02,29.4890909090909,-0.1106113000083,2.12559601888061,0.899669073405535,0.864594894561598,0.863421955403088
136810,68895,67915,0.66761207756161,0.584308188729645,0.589323750144341,48.3381818181818,26.2163636363636,25.4454545454545,1.35454545454545,44.9509090909091,0.0363636363636364,24.16,0.0181818181818182,29.48,-0.108532319324348,2.13639449480582,0.899646430452118,0.864415007975588,0.863522686673812
136869,68895,67974,0.667662811162903,0.584410908283574,0.589110271231797,48.3418181818182,26.2236363636364,25.4345454545455,1.35272727272727,44.9672727272727,0.0309090909090909,24.1636363636364,0.0163636363636364,29.4690909090909,-0.108062965405936,2.13870512983677,0.899653979238754,0.864383276710809,0.863464150403889
136934,68883,68051,0.667704479015032,0.584514280396207,0.589067360077123,48.3345454545455,26.2290909090909,25.4363636363636,1.35272727272727,44.9890909090909,0.0309090909090909,24.1454545454545,0.02,29.4618181818182,-0.111161619016771,2.13548025566323,0.899601263918146,0.864480798558159,0.863402430307362
136766,68874,67892,0.667681740549228,0.584520924393185,0.589004668682286,48.34,26.2218181818182,25.4381818181818,1.35454545454545,44.9927272727273,0.0290909090909091,24.1527272727273,0.0109090909090909,29.46,-0.113369908183218,2.11729545432397,0.8996502049874,0.86451255027042,0.863340719033664
136916,68884,68032,0.667665337885823,0.584422113849267,0.589010183407914,48.34,26.2254545454545,25.4345454545455,1.35454545454545,45,0.0309090909090909,24.1454545454545,0.0218181818181818,29.4472727272727,-0.108945546002658,2.12178566520187,0.899574980253507,0.864392678868552,0.86339266566588
136783,68884,67899,0.667703520580441,0.584649663270636,0.588994823829346,48.3454545454545,26.22,25.4345454545455,1.35818181818182,45.0145454545455,0.0363636363636364,24.1345454545455,0.0181818181818182,29.4381818181818,-0.113877927388405,2.10196358718994,0.899661526889808,0.864711185077318,0.863321180927872
136799,68890,67909,0.667721070661747,0.584576751954289,0.588886597825077,48.3418181818182,26.2272727272727,25.4309090909091,1.35818181818182,45.0272727272727,0.0345454545454545,24.1309090909091,0.0254545454545455,29.4236363636364,-0.111836269383143,2.09759144601835,0.899691590191064,0.864610051993068,0.86323014227497
136786,68880,67906,0.66761529429915,0.584698031119408,0.588834878795118,48.3363636363636,26.2309090909091,25.4327272727273,1.35454545454545,45.0454545454545,0.0345454545454545,24.1381818181818,0.0109090909090909,29.4163636363636,-0.115834053559923,2.09347082202069,0.899680270829415,0.864698135440494,0.863168430082928
136853,68892,67961,0.667683611379672,0.584566467856676,0.588872501390975,48.3381818181818,26.2327272727273,25.4290909090909,1.35090909090909,45.0563636363636,0.04,24.1345454545455,0.02,29.3981818181818,-0.112341249745805,2.09022654332221,0.899684044233807,0.864568893817577,0.863291863291863
136796,68890,67906,0.667717197912024,0.584394664939728,0.588921834665175,48.3545454545455,26.2127272727273,25.4327272727273,1.34909090909091,45.0854545454546,0.0345454545454545,24.1327272727273,0.0181818181818182,29.38,-0.111338311121918,2.07737000908449,0.89964278999812,0.86460428660609,0.863311409779811
136839,68885,67954,0.667781833392201,0.584420834157077,0.588925977684017,48.3563636363636,26.2127272727273,25.4309090909091,1.34909090909091,45.1036363636364,0.0327272727272727,24.1218181818182,0.0181818181818182,29.3745454545455,-0.11306530033696,2.07416043334471,0.899684163032035,0.864534924047999,0.86337313219418
136886,68861,68025,0.667837001352146,0.584407286548372,0.588992257650498,48.3563636363636,26.2109090909091,25.4327272727273,1.35090909090909,45.1109090909091,0.0290909090909091,24.1327272727273,0.0109090909090909,29.3654545454545,-0.117004759749133,2.07807612227361,0.899608963753948,0.864248057713652,0.863454389476694
136704,68867,67837,0.667853507300022,0.58444209600701,0.588905791752778,48.3636363636364,26.2090909090909,25.4272727272727,1.35090909090909,45.1290909090909,0.0345454545454545,24.1290909090909,0.0109090909090909,29.3454545454545,-0.116612961956377,2.05346074970016,0.899699248120301,0.864446756850503,0.863353593135502
136656,68860,67796,0.667792170029579,0.584665349976839,0.588890263384051,48.3727272727273,26.2,25.4272727272727,1.34909090909091,45.1581818181818,0.0272727272727273,24.1236363636364,0.0127272727272727,29.3290909090909,-0.119127238305042,2.04045891418037,0.899680511182109,0.864746703678001,0.863353593135502
136632,68868,67764,0.667830351447358,0.584531163550894,0.588973013241269,48.38,26.1872727272727,25.4327272727273,1.34727272727273,45.1727272727273,0.0236363636363636,24.1290909090909,0.0163636363636364,29.3109090909091,-0.11748189543862,2.03077690938318,0.899658010447593,0.864889259182115,0.863382899628253
136642,68872,67770,0.667759908901449,0.584314563591732,0.589031145251846,48.3781818181818,26.1872727272727,25.4345454545455,1.34181818181818,45.1963636363636,0.0272727272727273,24.1218181818182,0.0163636363636364,29.2963636363636,-0.117988953123065,2.0204577640207,0.899691822008419,0.864750399222384,0.86339266566588
136781,68870,67911,0.667705792190451,0.584558309654468,0.58883904261706,48.3709090909091,26.2036363636364,25.4254545454545,1.34,45.2254545454545,0.0272727272727273,24.1272727272727,0.00545454545454545,29.2745454545455,-0.118097911296883,2.03080465454524,0.899676740339798,0.864696086594505,0.863272311212815
136934,68862,68072,0.667819324258391,0.584566460824886,0.58889337471404,48.3654545454545,26.2036363636364,25.4309090909091,1.33636363636364,45.2545454545455,0.0236363636363636,24.1145454545455,0.0109090909090909,29.26,-0.118253516166243,2.03514448812401,0.899703018683508,0.864557313349986,0.863301637234575
137038,68852,68186,0.667898691290337,0.58448353391284,0.588915834525177,48.3636363636364,26.2072727272727,25.4290909090909,1.33636363636364,45.2672727272727,0.0290909090909091,24.1109090909091,0.0163636363636364,29.24,-0.12062941489474,2.03660474690524,0.899699248120301,0.864367975579298,0.863363363363363
136980,68862,68118,0.668024959485389,0.584425897618592,0.588804346674006,48.3709090909091,26.1945454545455,25.4345454545455,1.33454545454545,45.2709090909091,0.0381818181818182,24.1181818181818,0.0145454545454545,29.2236363636364,-0.117856385520678,2.02498670237732,0.899789505337543,0.864440896786284,0.863249696189863
136987,68864,68123,0.667905658510379,0.584484638507292,0.588891735758522,48.3672727272727,26.2018181818182,25.4309090909091,1.33090909090909,45.3,0.0327272727272727,24.1181818181818,0.0145454545454545,29.2036363636364,-0.1201884417454,2.01574477721429,0.899744380121795,0.864547914787315,0.863301637234575
137054,68868,68186,0.667857624567132,0.584531763474369,0.588798110599913,48.3636363636364,26.2109090909091,25.4254545454545,1.32363636363636,45.34,0.0272727272727273,24.1018181818182,0.0145454545454545,29.1927272727273,-0.119330726917211,2.01762599660592,0.899699248120301,0.864594894561598,0.863343821510298
137063,68867,68196,0.667761643644359,0.584472872835892,0.588677772181975,48.3509090909091,26.2181818181818,25.4309090909091,1.32363636363636,45.3490909090909,0.0363636363636364,24.0927272727273,0.0145454545454545,29.1836363636364,-0.118858743014888,2.00744084250182,0.899635242357011,0.864563106796116,0.86323014227497
137256,68881,68375,0.667846369984832,0.58430147695558,0.588764680282563,48.3490909090909,26.2181818181818,25.4327272727273,1.32181818181818,45.3690909090909,0.0327272727272727,24.0981818181818,0.0145454545454545,29.1636363636364,-0.114965363553479,2.01625240553509,0.899669073405535,0.864424410540915,0.863311409779811
137217,68871,68346,0.667865356208493,0.584196450116635,0.588827864822226,48.3472727272727,26.2145454545455,25.4381818181818,1.32181818181818,45.3945454545455,0.0363636363636364,24.08,0.0127272727272727,29.1545454545455,-0.118183458631723,2.00018857985481,0.899740513707645,0.864128173116937,0.863340719033664
137172,68860,68312,0.667770366678625,0.584528040201767,0.588704452618875,48.3581818181818,26.2109090909091,25.4309090909091,1.31636363636364,45.4054545454546,0.0254545454545455,24.1036363636364,0.00909090909090909,29.14,-0.121700751811758,1.99364057501185,0.899612738278753,0.864525527192009,0.86323014227497
137148,68856,68292,0.667913639585287,0.584450876058166,0.588913905753013,48.3672727272727,26.1981818181818,25.4345454545455,1.31454545454545,45.4236363636364,0.0236363636363636,24.0890909090909,0.0127272727272727,29.1363636363636,-0.123511408128715,1.98405308879658,0.899631606646117,0.864598514817128,0.86339266566588
137282,68882,68400,0.667873579500015,0.584140261267194,0.588903107577353,48.36,26.2054545454545,25.4345454545455,1.31272727272727,45.4327272727273,0.0236363636363636,24.0945454545455,0.0127272727272727,29.1236363636364,-0.118203658816955,1.98712457156825,0.899654109331529,0.864497328800389,0.863464150403889
137398,68870,68528,0.667793014744344,0.58414086496695,0.588830949077996,48.3563636363636,26.2018181818182,25.4418181818182,1.30727272727273,45.4490909090909,0.0309090909090909,24.0854545454545,0.0109090909090909,29.1163636363636,-0.118498953094902,1.98908557829193,0.899571364114904,0.864409131913122,0.863288787250768
137331,68870,68461,0.66783477753134,0.584391017361701,0.588821126361347,48.3509090909091,26.2090909090909,25.44,1.30181818181818,45.4581818181818,0.0290909090909091,24.0927272727273,0.0109090909090909,29.1072727272727,-0.119210052933605,1.96959512748502,0.899672846237732,0.864516129032258,0.863279016580903
137420,68874,68546,0.667850047588412,0.584492771028958,0.588839492633973,48.34,26.2327272727273,25.4272727272727,1.30181818181818,45.4672727272727,0.0236363636363636,24.1072727272727,0.0109090909090909,29.0890909090909,-0.119077491786183,1.97342566796155,0.899687817354346,0.864360964790685,0.863425098319628
137335,68876,68459,0.667758135529888,0.58442822342387,0.588790599370959,48.3509090909091,26.2181818181818,25.4309090909091,1.29636363636364,45.4872727272727,0.02,24.1054545454545,0.0109090909090909,29.08,-0.117751426846966,1.95498373015699,0.899597638476291,0.864563106796116,0.86337313219418
137287,68850,68437,0.667872320227564,0.58448075247899,0.588707781238294,48.3581818181818,26.2036363636364,25.4381818181818,1.29454545454545,45.4872727272727,0.0345454545454545,24.0981818181818,0.00909090909090909,29.0763636363636,-0.126019387724756,1.94360053388995,0.899650336504117,0.864557313349986,0.863197769994997
137254,68856,68398,0.667773274878811,0.584469105946263,0.58884415212344,48.3654545454545,26.1945454545455,25.44,1.28727272727273,45.5036363636364,0.0218181818181818,24.1109090909091,0.00727272727272727,29.0690909090909,-0.125062901434483,1.9298351213844,0.899627833540092,0.864649128895676,0.863350485991995
137266,68852,68414,0.667819363201898,0.584441293471504,0.58896575902999,48.3618181818182,26.1945454545455,25.4436363636364,1.28,45.5236363636364,0.0163636363636364,24.1127272727273,0.0127272727272727,29.0545454545455,-0.125277936546428,1.92584299576384,0.899657881875258,0.864579718192545,0.863441474917822
137269,68861,68408,0.667842718974617,0.58435676774717,0.588711571604869,48.3618181818182,26.1963636363636,25.4418181818182,1.26363636363636,45.5309090909091,0.0345454545454545,24.12,0.00545454545454545,29.0454545454545,-0.124307055952258,1.91791599864479,0.899657881875258,0.864589117157135,0.863217322947188
137393,68869,68524,0.667876769342401,0.584285888474877,0.588697860110306,48.3581818181818,26.2054545454545,25.4363636363636,1.26363636363636,45.54,0.0254545454545455,24.1309090909091,0.00545454545454545,29.0345454545455,-0.123216093004554,1.91499899626625,0.899687934729481,0.864497328800389,0.86325947105075
137391,68869,68522,0.667928510780772,0.584357688084334,0.588610016054152,48.3636363636364,26.2090909090909,25.4272727272727,1.25454545454545,45.5563636363636,0.0290909090909091,24.12,0.00909090909090909,29.0309090909091,-0.120061954204258,1.91192248428494,0.899661654135338,0.864446756850503,0.863282087951377
137386,68870,68516,0.667836713470004,0.584371092550458,0.588654900009359,48.3672727272727,26.2018181818182,25.4309090909091,1.25090909090909,45.5672727272727,0.0290909090909091,24.1290909090909,0.00909090909090909,29.0145454545455,-0.123028783587374,1.89865668949417,0.899631606646117,0.864547914787315,0.863301637234575
137318,68870,68448,0.667851085710564,0.584353401864698,0.588770448679177,48.3690909090909,26.2,25.4309090909091,1.24545454545455,45.58,0.0254545454545455,24.1381818181818,0.0109090909090909,29,-0.122758267309771,1.88365629661236,0.899672969213998,0.864677307425399,0.86337313219418
137382,68872,68510,0.667831285054081,0.584327834083463,0.588816067953237,48.3690909090909,26.1981818181818,25.4327272727273,1.23636363636364,45.6090909090909,0.0218181818181818,24.1436363636364,0.00909090909090909,28.98,-0.12227490393859,1.88032934069633,0.899597789722964,0.864737316954681,0.863525879325136
137431,68874,68557,0.667805140215187,0.584323641169478,0.588698457618634,48.3618181818182,26.2018181818182,25.4363636363636,1.22909090909091,45.6145454545455,0.0272727272727273,24.1527272727273,0.00727272727272727,28.9690909090909,-0.122475021073081,1.87491495393386,0.899620286476935,0.864686697661509,0.863402430307362
137674,68882,68792,0.667827916915886,0.584259426870542,0.588656372242693,48.3563636363636,26.2072727272727,25.4363636363636,1.22727272727273,45.6345454545455,0.0290909090909091,24.1490909090909,0.0127272727272727,28.9472727272727,-0.120406256751316,1.88507723375224,0.899571364114904,0.864506729568475,0.863330950679057
137787,68884,68903,0.667897897334105,0.584313408637397,0.588621240074447,48.3509090909091,26.2145454545455,25.4345454545455,1.22727272727273,45.6418181818182,0.0309090909090909,24.1509090909091,0.0236363636363636,28.9254545454545,-0.119423544560546,1.89508984762837,0.899597638476291,0.864474961853239,0.863321180927872
137743,68878,68865,0.667956514117538,0.584278358535082,0.588630619381726,48.34,26.2163636363636,25.4436363636364,1.22545454545455,45.6527272727273,0.0272727272727273,24.1781818181818,0.0145454545454545,28.9018181818182,-0.121350612125719,1.88360070807605,0.899763042088239,0.864276302101394,0.863227097327426
137535,68854,68681,0.66782610662221,0.584317100078559,0.588681129494782,48.3472727272727,26.2072727272727,25.4454545454545,1.22,45.6672727272727,0.0272727272727273,24.1854545454545,0.0218181818181818,28.8781818181818,-0.127117513402349,1.85988195262087,0.899665300289572,0.864437352573887,0.863236870310825
137425,68866,68559,0.667742470020138,0.584278922722064,0.588599456719914,48.3636363636364,26.1945454545455,25.4418181818182,1.21454545454545,45.6818181818182,0.0363636363636364,24.1836363636364,0.0181818181818182,28.8654545454545,-0.123683753066672,1.84302863601002,0.899586466165413,0.864579718192545,0.863288787250768
137377,68866,68511,0.667798818331103,0.584354669187872,0.588580574539481,48.3672727272727,26.1909090909091,25.4418181818182,1.21454545454545,45.7145454545455,0.0254545454545455,24.1836363636364,0.0218181818181818,28.84,-0.127799560071567,1.83364371292039,0.899669197804676,0.864769177368969,0.863288787250768
137449,68876,68573,0.667780327556989,0.584184909257884,0.588720655157029,48.3709090909091,26.1927272727273,25.4363636363636,1.21454545454545,45.7327272727273,0.0327272727272727,24.1854545454545,0.02,28.8145454545455,-0.125127416352188,1.83186840180477,0.899639152007217,0.864570317923088,0.863545389563974
137515,68874,68641,0.66782521828994,0.584114253249189,0.588656635935482,48.38,26.1781818181818,25.4418181818182,1.20727272727273,45.7636363636364,0.0290909090909091,24.1854545454545,0.00909090909090909,28.8054545454545,-0.12394157520711,1.82874999997968,0.899620429178098,0.864633976941242,0.863360251554349
137466,68864,68602,0.667734429126727,0.584070863890215,0.588570916445004,48.3727272727273,26.1854545454545,25.4418181818182,1.20727272727273,45.7818181818182,0.0327272727272727,24.1836363636364,0.0218181818181818,28.7727272727273,-0.12549244110454,1.80971510191448,0.899605337342605,0.864463268990418,0.863288787250768
137524,68877,68647,0.667756787415525,0.584234833929072,0.588534070264761,48.3654545454545,26.2018181818182,25.4327272727273,1.21090909090909,45.7981818181818,0.0254545454545455,24.1890909090909,0.0218181818181818,28.7545454545455,-0.125289540883453,1.81108774012801,0.8996654261118,0.864547914787315,0.863382899628253
137738,68875,68863,0.667824012489137,0.58425818223099,0.588604305612441,48.3636363636364,26.1981818181818,25.4381818181818,1.21272727272727,45.8145454545455,0.0327272727272727,24.1981818181818,0.0145454545454545,28.7272727272727,-0.126671297288373,1.81820256422401,0.899624060150376,0.864598514817128,0.863412193552998
137794,68872,68922,0.667946912181894,0.584365522254125,0.588483217256235,48.3563636363636,26.2090909090909,25.4345454545455,1.21090909090909,45.8290909090909,0.0363636363636364,24.2181818181818,0.0127272727272727,28.6927272727273,-0.125978778916231,1.81326277520169,0.899646563392991,0.864585501214013,0.86339266566588
137760,68868,68892,0.667857167592045,0.58416534453247,0.588370147892128,48.36,26.2036363636364,25.4363636363636,1.20727272727273,45.8436363636364,0.0236363636363636,24.2454545454545,0.0127272727272727,28.6672727272727,-0.123657991427436,1.80849283411887,0.899616512519738,0.864487926727727,0.863187991422445
137766,68868,68898,0.667947717278463,0.584222624980887,0.588321402453282,48.3545454545455,26.2163636363636,25.4290909090909,1.21090909090909,45.86,0.0290909090909091,24.2309090909091,0.0127272727272727,28.6563636363636,-0.125682551050903,1.80327977508264,0.899680391050949,0.864415007975588,0.863291863291863
137688,68862,68826,0.667860230566658,0.584246168864539,0.588333154558688,48.3690909090909,26.1963636363636,25.4345454545455,1.20727272727273,45.8818181818182,0.0272727272727273,24.2472727272727,0.0109090909090909,28.6254545454545,-0.126884417400156,1.78765760716898,0.899672969213998,0.864519711271516,0.863178211451855
137857,68865,68992,0.667724819967999,0.584198508487602,0.588362929543014,48.3563636363636,26.2127272727273,25.4309090909091,1.20545454545455,45.9090909090909,0.0309090909090909,24.2345454545455,0.0181818181818182,28.6018181818182,-0.125613821483553,1.78679138218391,0.899608963753948,0.864326836373725,0.863301637234575
137715,68868,68847,0.667690374157004,0.584195984248209,0.588302298140398,48.3763636363636,26.1854545454545,25.4381818181818,1.20181818181818,45.9309090909091,0.0309090909090909,24.2527272727273,0.0218181818181818,28.5618181818182,-0.127298177746574,1.77107930697966,0.899537715638742,0.864671573392584,0.863269244514331
137524,68844,68680,0.667567465691562,0.584137740015254,0.588384975374915,48.3836363636364,26.1745454545455,25.4418181818182,1.20181818181818,45.9563636363636,0.0254545454545455,24.2618181818182,0.02,28.5345454545455,-0.133355122371788,1.74649749902204,0.899515238059449,0.8646151708808,0.863288787250768
137748,68864,68884,0.667711176820264,0.584128083795094,0.588372316457388,48.3690909090909,26.1927272727273,25.4381818181818,1.20363636363636,45.9690909090909,0.0272727272727273,24.2654545454545,0.0127272727272727,28.5218181818182,-0.129236959400044,1.7568674265661,0.899635379468481,0.864500902401777,0.863340719033664
137831,68872,68959,0.667856621917142,0.584071330142171,0.588307364149732,48.3636363636364,26.2,25.4363636363636,1.20181818181818,45.98,0.0327272727272727,24.2709090909091,0.0145454545454545,28.5,-0.125885433364072,1.74916501235725,0.899661654135338,0.864469118667592,0.863330950679057
137769,68862,68907,0.667865821543751,0.58407772732741,0.588389419614531,48.3618181818182,26.1981818181818,25.44,1.2,45.9909090909091,0.0236363636363636,24.2818181818182,0.0127272727272727,28.4909090909091,-0.129240425858734,1.73556667473379,0.899657881875258,0.864459712679575,0.863350485991995
137923,68858,69065,0.667799346713481,0.584088231830026,0.588332647094436,48.3581818181818,26.2,25.4418181818182,1.19818181818182,46.0090909090909,0.0309090909090909,24.2763636363636,0.0127272727272727,28.4727272727273,-0.128912508808505,1.7418229926695,0.89957514005339,0.864469118667592,0.863288787250768
137984,68854,69130,0.66780916208042,0.584204306970072,0.588109131243408,48.36,26.2072727272727,25.4327272727273,1.19636363636364,46.02,0.0254545454545455,24.2963636363636,0.0181818181818182,28.4436363636364,-0.131893364858909,1.74298869630491,0.899541318896158,0.864506729568475,0.863168430082928
137957,68854,69103,0.667892788976172,0.584156400612764,0.588075162627205,48.3563636363636,26.2036363636364,25.44,1.19272727272727,46.0581818181818,0.0272727272727273,24.2836363636364,0.0127272727272727,28.4254545454545,-0.135492025021945,1.72591792121953,0.899721762671078,0.864557313349986,0.863064608347627
138104,68863,69241,0.667812494491963,0.584261416185321,0.588044997087725,48.3509090909091,26.2163636363636,25.4327272727273,1.19636363636364,46.0618181818182,0.0345454545454545,24.2763636363636,0.0181818181818182,28.4127272727273,-0.131713651501129,1.7285389529012,0.899672846237732,0.864553713849782,0.863168430082928
137967,68851,69116,0.667773593832217,0.58401428671444,0.588077069446479,48.3654545454545,26.1945454545455,25.44,1.19272727272727,46.0981818181818,0.0181818181818182,24.2818181818182,0.0145454545454545,28.3945454545455,-0.132534312089278,1.70841166744728,0.899590240968385,0.864510307489415,0.863136077758719
137978,68878,69100,0.667906810579112,0.583860198529965,0.588354674196866,48.3672727272727,26.1890909090909,25.4436363636364,1.19090909090909,46.1236363636364,0.0163636363636364,24.2763636363636,0.0127272727272727,28.38,-0.127677772364868,1.69448655140798,0.899744380121795,0.864412663149125,0.863370015721023
137849,68858,68991,0.667844404157986,0.58397035951429,0.588207540246452,48.3727272727273,26.1854545454545,25.4418181818182,1.18909090909091,46.1363636363636,0.0127272727272727,24.2890909090909,0.0181818181818182,28.3545454545455,-0.131078639758793,1.68096168544355,0.899680511182109,0.86453270379114,0.863217322947188
138041,68860,69181,0.667925660286152,0.584123007676707,0.588165792430915,48.3618181818182,26.2018181818182,25.4363636363636,1.18909090909091,46.1472727272727,0.0236363636363636,24.2818181818182,0.0145454545454545,28.3436363636364,-0.133366684011906,1.69419983396603,0.899657881875258,0.864547914787315,0.86325947105075
138105,68856,69249,0.667886410486241,0.5840208970085,0.587983842956362,48.3709090909091,26.1981818181818,25.4309090909091,1.18727272727273,46.1818181818182,0.0181818181818182,24.2727272727273,0.0109090909090909,28.3290909090909,-0.132828244775142,1.68588807747107,0.899639152007217,0.864459712679575,0.863158647315364
138110,68844,69266,0.667826920733006,0.583838259199377,0.588121515390541,48.3654545454545,26.1963636363636,25.4381818181818,1.18545454545455,46.2054545454545,0.0218181818181818,24.2727272727273,0.0109090909090909,28.3036363636364,-0.134863902811181,1.67345863110174,0.899590240968385,0.864242087729039,0.863269244514331
138276,68850,69426,0.667898444690649,0.583894512802137,0.588281887310925,48.3690909090909,26.1836363636364,25.4472727272727,1.18,46.2236363636364,0.0272727272727273,24.2781818181818,0.00545454545454545,28.2854545454545,-0.13409647779018,1.67624038964595,0.899597789722964,0.864453857371016,0.86331809088311
138293,68846,69447,0.667946380583526,0.583959872277313,0.588031723043477,48.3745454545455,26.1854545454545,25.44,1.17636363636364,46.2472727272727,0.02,24.2836363636364,0.00363636363636364,28.2690909090909,-0.134158221815398,1.67381953999654,0.899571525219875,0.86453270379114,0.863064608347627
138284,68840,69444,0.66794554734722,0.583907107761496,0.588077794417861,48.3781818181818,26.1872727272727,25.4345454545455,1.17454545454545,46.2690909090909,0.0163636363636364,24.2618181818182,0.0181818181818182,28.26,-0.135521971638677,1.66775603589856,0.899579073962718,0.864403249323058,0.863106726713847
138342,68852,69490,0.667946605818706,0.583903291661114,0.5880603175669,48.3709090909091,26.2072727272727,25.4218181818182,1.17090909090909,46.28,0.0145454545454545,24.2709090909091,0.0163636363636364,28.2472727272727,-0.133849924082857,1.65874307881617,0.899601563674635,0.864298598584709,0.863252753540266
138229,68864,69365,0.667916413899012,0.583951119466073,0.587954791014708,48.3709090909091,26.2109090909091,25.4181818181818,1.16181818181818,46.3036363636364,0.0145454545454545,24.2618181818182,0.00909090909090909,28.2490909090909,-0.133304671862755,1.64176791741047,0.899676740339798,0.86445615982242,0.863233190271817
138117,68840,69277,0.667849567861304,0.583959127293334,0.587948039850186,48.3709090909091,26.2163636363636,25.4127272727273,1.16,46.3127272727273,0.0163636363636364,24.2563636363636,0.00545454545454545,28.2490909090909,-0.140369757874578,1.63281789992894,0.899639152007217,0.864415007975588,0.863275380983044
138241,68836,69405,0.66792599213419,0.584232090505652,0.588068855626044,48.3672727272727,26.2218181818182,25.4109090909091,1.15454545454545,46.3236363636364,0.0109090909090909,24.26,0.0145454545454545,28.2363636363636,-0.142136278853286,1.62902539913881,0.899631606646117,0.864581888781029,0.86333714939897
138304,68847,69457,0.668002049104383,0.584073287964068,0.588001995093653,48.3727272727273,26.2181818181818,25.4090909090909,1.15636363636364,46.3272727272727,0.0218181818181818,24.2618181818182,0.00545454545454545,28.2272727272727,-0.136752390610689,1.62855278998613,0.899680511182109,0.864355062413315,0.863327370304114
138244,68841,69403,0.668005512314754,0.584112245443457,0.587877504729933,48.3763636363636,26.2036363636364,25.42,1.15454545454545,46.3381818181818,0.0254545454545455,24.2563636363636,0.00909090909090909,28.2163636363636,-0.13725669696214,1.61735727085986,0.899688052016387,0.864487926727727,0.863099921321794
138419,68838,69581,0.668081897956793,0.58396501534356,0.587829779712705,48.3654545454545,26.2090909090909,25.4254545454545,1.15090909090909,46.3490909090909,0.0145454545454545,24.2690909090909,0.00909090909090909,28.2072727272727,-0.13861827803273,1.62417136743792,0.899703018683508,0.864308012486993,0.862986270022883
138198,68822,69376,0.667865968127861,0.583922869042809,0.587916325107747,48.3781818181818,26.2,25.4218181818182,1.14545454545455,46.3618181818182,0.02,24.2727272727273,0.0127272727272727,28.1872727272727,-0.144434756031247,1.59885383106302,0.899541491280818,0.864469118667592,0.863109712487484
138023,68817,69206,0.667762513180717,0.58380808626654,0.587778347755971,48.3818181818182,26.2090909090909,25.4090909090909,1.14181818181818,46.3745454545455,0.0254545454545455,24.2618181818182,0.0145454545454545,28.1818181818182,-0.145203720272019,1.58546836215749,0.899549041713641,0.864377384668748,0.862969588550984
138058,68825,69233,0.667772970123147,0.583817096211347,0.587879314012636,48.3927272727273,26.2018181818182,25.4054545454545,1.13818181818182,46.3872727272727,0.0163636363636364,24.2618181818182,0.02,28.1763636363636,-0.140997235369022,1.58122986759144,0.899496543432522,0.864478523350219,0.863093108137122
138068,68819,69249,0.66774878413688,0.584030094271039,0.587933294381802,48.3981818181818,26.1890909090909,25.4127272727273,1.12727272727273,46.4145454545455,0.0163636363636364,24.26,0.0145454545454545,28.1672727272727,-0.143496804668592,1.57339799727779,0.899432736015628,0.864690363787837,0.863132288760106
138113,68813,69300,0.667912775595644,0.583859612729155,0.587865348346664,48.4054545454546,26.1836363636364,25.4109090909091,1.12727272727273,46.4236363636364,0.0236363636363636,24.2563636363636,0.02,28.1490909090909,-0.14540966345799,1.56692324056375,0.899447845847575,0.864662176237761,0.863050944476245
138113,68795,69318,0.667900279465341,0.583851285916918,0.587940013469497,48.4054545454546,26.1872727272727,25.4072727272727,1.12181818181818,46.4454545454546,0.0145454545454545,24.2618181818182,0.0163636363636364,28.14,-0.148036866492608,1.56176237055862,0.899447845847575,0.864472679302923,0.863102905395735
138100,68800,69300,0.667906118771061,0.583861264596645,0.587827992271581,48.4036363636364,26.1945454545455,25.4018181818182,1.11454545454545,46.4654545454545,0.0163636363636364,24.2654545454545,0.00545454545454545,28.1327272727273,-0.14780704831719,1.557003927125,0.89951919465104,0.864440896786284,0.863001932574619
138079,68800,69279,0.667892890178718,0.5837370595799,0.58789264505532,48.3909090909091,26.2,25.4090909090909,1.11090909090909,46.4890909090909,0.02,24.2527272727273,0.0181818181818182,28.1090909090909,-0.151804729449941,1.5464413464027,0.89956791283111,0.864469118667592,0.862969588550984
138261,68822,69439,0.667976093048091,0.583953100772332,0.587959823125439,48.3927272727273,26.1981818181818,25.4090909090909,1.10363636363636,46.5072727272727,0.0163636363636364,24.2709090909091,0.00727272727272727,28.0945454545455,-0.146265161450323,1.55262439246078,0.899571686203787,0.864598514817128,0.863184257602862
138092,68806,69286,0.667866176394487,0.583809676515182,0.587927180704414,48.4,26.1963636363636,25.4036363636364,1.09818181818182,46.5236363636364,0.0163636363636364,24.2709090909091,0.00909090909090909,28.0818181818182,-0.147567529146115,1.53568773295476,0.899549211119459,0.864380899500278,0.863226452905812
138321,68796,69525,0.667909299260941,0.583872807125801,0.587890888552397,48.3909090909091,26.2018181818182,25.4072727272727,1.08727272727273,46.5545454545455,0.02,24.2618181818182,0.00909090909090909,28.0672727272727,-0.148773147250639,1.53637852389154,0.899492767236521,0.864409131913122,0.863102905395735
138226,68798,69428,0.667954791144708,0.583940408912163,0.587728332190715,48.4090909090909,26.1890909090909,25.4018181818182,1.08363636363636,46.5672727272727,0.0181818181818182,24.2581818181818,0.00909090909090909,28.0636363636364,-0.15092038448089,1.52571568127764,0.899492957746479,0.864620938628159,0.863073509412354
138316,68804,69512,0.66788242402692,0.584019864409208,0.587621583930257,48.4018181818182,26.2018181818182,25.3963636363636,1.08181818181818,46.5927272727273,0.0109090909090909,24.2490909090909,0.00909090909090909,28.0563636363636,-0.149607205153006,1.52194668956059,0.899477855828106,0.864547914787315,0.863044100801833
138333,68812,69521,0.667810016251829,0.584102591244214,0.58768746359349,48.3854545454545,26.2218181818182,25.3927272727273,1.07454545454545,46.6036363636364,0.0145454545454545,24.2490909090909,0.00909090909090909,28.0490909090909,-0.149302877677374,1.51281406828414,0.899481436945739,0.864651227291638,0.863167692968638
138375,68797,69578,0.667919001528515,0.583980631107379,0.587568539660225,48.3836363636364,26.2218181818182,25.3945454545455,1.07454545454545,46.62,0.0145454545454545,24.2436363636364,0.00727272727272727,28.04,-0.153019805592868,1.50807545102328,0.899552816504453,0.864443211759811,0.862962697787642
138234,68766,69468,0.667895502319592,0.583805379981907,0.58775786276242,48.4018181818182,26.1872727272727,25.4109090909091,1.07090909090909,46.6163636363636,0.0181818181818182,24.2527272727273,0.0109090909090909,28.0309090909091,-0.159598523310904,1.50112672374922,0.899515420157019,0.864333819343192,0.862907842014883
138454,68785,69669,0.667936931427946,0.583716113129279,0.587712905577362,48.4018181818182,26.1890909090909,25.4090909090909,1.06363636363636,46.62,0.0254545454545455,24.2527272727273,0.0127272727272727,28.0254545454545,-0.154697732654313,1.51077405324375,0.899515420157019,0.86427381282977,0.862969588550984
138495,68810,69685,0.667861908767142,0.583717991387652,0.587872648655467,48.3945454545455,26.1981818181818,25.4072727272727,1.06181818181818,46.6218181818182,0.0163636363636364,24.2618181818182,0.00545454545454545,28.0327272727273,-0.149521443789722,1.49976120098198,0.899575459292933,0.864390311610799,0.863174466867039
138456,68802,69654,0.667876670857941,0.583865469752221,0.587758091284947,48.3945454545455,26.1981818181818,25.4072727272727,1.05636363636364,46.6218181818182,0.0236363636363636,24.2618181818182,0.00727272727272727,28.0290909090909,-0.152915206978518,1.48824407820463,0.89950031934478,0.864598514817128,0.863102905395735
138547,68814,69733,0.667894649869675,0.583996069241157,0.587751730589196,48.3909090909091,26.2109090909091,25.3981818181818,1.05090909090909,46.6254545454546,0.0218181818181818,24.2654545454545,0.00909090909090909,28.0272727272727,-0.151463554876616,1.48704802709505,0.899530340033815,0.864664261931188,0.863197079246904
138479,68814,69665,0.667821970588825,0.58397040956061,0.587619832063774,48.3872727272727,26.2036363636364,25.4090909090909,1.04909090909091,46.6254545454546,0.0218181818181818,24.2563636363636,0.00363636363636364,28.0436363636364,-0.150760517494068,1.47077320404562,0.899597940855973,0.864557313349986,0.86304114490161
138549,68812,69737,0.667916062831767,0.583939820497772,0.587654929551011,48.3945454545455,26.1927272727273,25.4127272727273,1.04909090909091,46.6109090909091,0.02,24.26,0.00727272727272727,28.0527272727273,-0.151878499851327,1.47188995235642,0.899575459292933,0.864639733444398,0.863060742648637
138884,68808,70076,0.668037087935451,0.583954597194677,0.587593612322207,48.3872727272727,26.1981818181818,25.4145454545455,1.05090909090909,46.5909090909091,0.0254545454545455,24.2618181818182,0.00727272727272727,28.0636363636364,-0.155775112207431,1.48617164250887,0.899597940855973,0.864529113748352,0.862927457433109
138992,68812,70180,0.668098774400378,0.583966036725744,0.587664366608953,48.3763636363636,26.2090909090909,25.4145454545455,1.04727272727273,46.5981818181818,0.02,24.2545454545455,0.00909090909090909,28.0709090909091,-0.152060999354713,1.48902804870158,0.899612883827564,0.864446756850503,0.863070539419087
138714,68818,69896,0.667789020657323,0.583917883412524,0.587676820503967,48.3836363636364,26.2,25.4163636363636,1.04181818181818,46.5927272727273,0.0181818181818182,24.2654545454545,0.00727272727272727,28.0745454545455,-0.151784665824446,1.46408411173404,0.899552816504453,0.864607911172797,0.863151870663138
138735,68810,69925,0.667781861821832,0.583813137245952,0.587798986673023,48.3890909090909,26.1872727272727,25.4236363636364,1.03818181818182,46.5927272727273,0.02,24.2636363636364,0.0127272727272727,28.0727272727273,-0.155051817178504,1.45685605867978,0.899526564965808,0.864611539262654,0.863191017664307
138793,68802,69991,0.667825280528547,0.583813796530301,0.587597731801979,48.3890909090909,26.1927272727273,25.4181818181818,1.03454545454545,46.5818181818182,0.0218181818181818,24.2709090909091,0.00909090909090909,28.0818181818182,-0.153667172786531,1.4547409148654,0.899488990756745,0.864500902401777,0.863090128755365
138806,68808,69998,0.66794574520866,0.583945636200174,0.58754915260326,48.3872727272727,26.1981818181818,25.4145454545455,1.03636363636364,46.58,0.0272727272727273,24.2672727272727,0.0109090909090909,28.0781818181818,-0.157608408110536,1.44730089111889,0.899560365235035,0.864598514817128,0.863070539419087
138927,68814,70113,0.668135125982386,0.583947335231434,0.587657657465775,48.3872727272727,26.1963636363636,25.4163636363636,1.03636363636364,46.5781818181818,0.0163636363636364,24.2745454545455,0.00545454545454545,28.0890909090909,-0.154796234554934,1.44428978157018,0.899673092097847,0.864589117157135,0.863080334787896
138806,68802,70004,0.668016256446308,0.584006028990538,0.587601403450039,48.3945454545455,26.1872727272727,25.4181818181818,1.03454545454545,46.5654545454545,0.0163636363636364,24.28,0.00727272727272727,28.0963636363636,-0.157476313397042,1.42703757722523,0.899650599241086,0.864611539262654,0.863018597997139
138810,68802,70008,0.667846704457211,0.583899457531342,0.587702051544684,48.3981818181818,26.1872727272727,25.4145454545455,1.03636363636364,46.5545454545455,0.02,24.2854545454545,0.00363636363636364,28.1,-0.155001372096608,1.42707023662092,0.899507870318194,0.864542109282788,0.863142080412076
138664,68776,69888,0.667877619782931,0.583642189243965,0.587571744091925,48.4054545454546,26.1763636363636,25.4181818181818,1.02909090909091,46.5545454545455,0.0127272727272727,24.2890909090909,0.00909090909090909,28.1054545454545,-0.1602058933264,1.4118172704475,0.899522968861511,0.864346738903938,0.862875536480687
138802,68801,70001,0.667759422368392,0.583811582118791,0.587670257058347,48.4054545454546,26.1818181818182,25.4127272727273,1.02909090909091,46.5527272727273,0.0109090909090909,24.2890909090909,0.00727272727272727,28.1109090909091,-0.156679792617863,1.4053324249827,0.899522968861511,0.864513888888889,0.863060742648637
139010,68804,70206,0.667886637932508,0.583743827200582,0.587822505398518,48.4,26.1818181818182,25.4181818181818,1.03090909090909,46.54,0.0254545454545455,24.2709090909091,0.0109090909090909,28.1218181818182,-0.156732061151706,1.41046652535019,0.899511645379414,0.864444444444444,0.863233190271817
138699,68780,69919,0.667957216944247,0.583757047799112,0.587469105901141,48.4036363636364,26.1781818181818,25.4181818181818,1.02909090909091,46.5381818181818,0.0309090909090909,24.2636363636364,0.00909090909090909,28.1290909090909,-0.16180320060038,1.38035929871046,0.899631883404703,0.864425614668704,0.862875536480687
138913,68814,70099,0.667994514353792,0.583774569904876,0.587566690904902,48.4036363636364,26.1836363636364,25.4127272727273,1.02909090909091,46.5509090909091,0.0163636363636364,24.2618181818182,0.00727272727272727,28.1345454545455,-0.157349914620797,1.38547678535,0.899594320486815,0.864592736615513,0.863132288760106
