"total_rewards","action_rewards","opinion_rewards","sp0_social_trust","sp1_social_trust","sp2_social_trust","sp0_request_rate","sp1_request_rate","sp2_request_rate","op0_expression_rate","op1_expression_rate","op2_expression_rate","op3_expression_rate","op4_expression_rate","op5_expression_rate","mean_loss1","mean_loss2","sp0_availability","sp1_availability","sp2_availability"
21000,30210,-9210,0.692406015673853,0.729215593224524,0.716647903383184,32.9290909090909,33.8854545454545,33.1854545454545,16.6454545454545,16.7,16.3218181818182,17.1127272727273,16.8254545454545,16.3945454545455,1.56595416069031,-6.42628896886652,0.816685991938601,0.884852712346408,0.864891518737673
21263,30236,-8973,0.692379069102196,0.729155957965457,0.716734730397347,32.9018181818182,33.9436363636364,33.1545454545455,16.4890909090909,16.8636363636364,16.2181818181818,17.1654545454545,16.76,16.5036363636364,1.49812874143774,-6.47416440356862,0.816920866489832,0.884568000428518,0.86514943789416
21552,30298,-8746,0.692199110161303,0.729540844332972,0.71665455838129,32.8254545454545,34.0418181818182,33.1327272727273,16.3545454545455,16.9581818181818,16.1472727272727,17.24,16.6654545454545,16.6345454545455,1.43317483013326,-6.53276282007044,0.816938074664894,0.884687283020883,0.865115513362235
21858,30279,-8421,0.692007026378947,0.729525695138915,0.716441653166389,32.7781818181818,34.1090909090909,33.1127272727273,16.2290909090909,17.0781818181818,16.0181818181818,17.3618181818182,16.5072727272727,16.8054545454545,1.3606483318589,-6.54761340618134,0.816785001109385,0.884434968017058,0.86503404348781
22086,30272,-8186,0.691841508529476,0.729455769915143,0.716420247770883,32.7454545454545,34.1781818181818,33.0763636363636,16.0854545454545,17.1981818181818,15.9327272727273,17.4727272727273,16.3690909090909,16.9418181818182,1.28889278932051,-6.5970996835015,0.816712937257079,0.884083413129056,0.865325417766051
22475,30303,-7828,0.691758664079694,0.729522042901946,0.716238353327245,32.7109090909091,34.1963636363636,33.0927272727273,15.9218181818182,17.3254545454545,15.8254545454545,17.6127272727273,16.2327272727273,17.0818181818182,1.22033537843011,-6.58570782921531,0.816964037574343,0.884091875797533,0.865227185319488
22801,30360,-7559,0.69165932252525,0.729527131731007,0.716078040440076,32.6563636363636,34.2527272727273,33.0909090909091,15.7672727272727,17.4472727272727,15.7036363636364,17.7690909090909,16.1145454545455,17.1981818181818,1.15356192697178,-6.633440340649,0.817270753298814,0.883911035617602,0.86521978021978
23205,30397,-7192,0.691570206343111,0.729641891309465,0.715605831822529,32.5981818181818,34.3272727272727,33.0745454545455,15.5509090909091,17.64,15.5672727272727,17.9290909090909,15.9418181818182,17.3709090909091,1.08453750285235,-6.62997239936482,0.817558146020414,0.88405720338983,0.864713319773514
23501,30418,-6917,0.691198893602401,0.729747048566603,0.715468739985682,32.5563636363636,34.4,33.0436363636364,15.3509090909091,17.7636363636364,15.4872727272727,18.0563636363636,15.7854545454545,17.5563636363636,1.01325566660274,-6.69091866449876,0.817212107673406,0.883985200845666,0.86480686695279
23831,30462,-6631,0.691292426146579,0.729683013079381,0.715260176922736,32.5309090909091,34.4436363636364,33.0254545454545,15.1818181818182,17.8618181818182,15.3909090909091,18.2018181818182,15.6418181818182,17.7218181818182,0.942940727147189,-6.74822438196702,0.817683881064163,0.883973817567568,0.864842545694781
24366,30514,-6148,0.691142794070737,0.729662937386974,0.715124995077382,32.4927272727273,34.4690909090909,33.0381818181818,14.9909090909091,18.0363636363636,15.22,18.3872727272727,15.46,17.9054545454545,0.872836787592281,-6.70942927490581,0.817693469867383,0.88411224812744,0.864729514060866
24731,30538,-5807,0.690930822919159,0.729554618093627,0.714833695041797,32.4418181818182,34.5309090909091,33.0272727272727,14.7690909090909,18.1963636363636,15.0927272727273,18.5781818181818,15.2436363636364,18.12,0.799812816489826,-6.74750198342583,0.817911786134619,0.884003791069924,0.864684833470961
25182,30613,-5431,0.690653723818375,0.729814856012591,0.714724506254764,32.3963636363636,34.5909090909091,33.0127272727273,14.5927272727273,18.3254545454545,14.9436363636364,18.78,15.0363636363636,18.3218181818182,0.730820576711134,-6.77054329351945,0.817824671680323,0.884467805519054,0.8649005893044
25680,30679,-4999,0.690564334302174,0.729692537345331,0.714394915693012,32.3563636363636,34.6327272727273,33.0109090909091,14.3709090909091,18.4963636363636,14.7727272727273,19.0290909090909,14.7854545454545,18.5454545454545,0.659879968924956,-6.76499482501637,0.817992807372443,0.884554808903822,0.864672835426305
26306,30722,-4416,0.690344484718744,0.729688901473744,0.714043740154611,32.3018181818182,34.6981818181818,33,14.1472727272727,18.6672727272727,14.56,19.2654545454545,14.5763636363636,18.7836363636364,0.58636764829809,-6.6911218307235,0.818135764944276,0.884353385034584,0.86435261707989
26806,30804,-3998,0.690006609787811,0.729814390364511,0.7139339984714,32.2581818181818,34.7490909090909,32.9927272727273,13.9290909090909,18.8290909090909,14.3563636363636,19.5236363636364,14.3327272727273,19.0290909090909,0.514751211621545,-6.70462628169493,0.818002479990982,0.884679782335705,0.864708475697123
27367,30853,-3486,0.689710234355536,0.729918605926885,0.713615895124333,32.2254545454545,34.7727272727273,33.0018181818182,13.6836363636364,19.0254545454545,14.1745454545455,19.7090909090909,14.1236363636364,19.2836363636364,0.440115536342968,-6.6669796212153,0.817874069058903,0.885124183006536,0.864525370503003
27960,30907,-2947,0.689401676447461,0.72986238127945,0.713237952013891,32.1509090909091,34.8363636363636,33.0127272727273,13.3927272727273,19.3072727272727,13.9254545454545,20.0090909090909,13.8872727272727,19.4781818181818,0.364773576367985,-6.60549835616892,0.81801730475598,0.885125260960334,0.864074461640139
28404,30925,-2521,0.689214646488771,0.729685091143666,0.712898163664059,32.0818181818182,34.9072727272727,33.0109090909091,13.14,19.5181818181818,13.7636363636364,20.2254545454545,13.6781818181818,19.6745454545455,0.286469292098826,-6.60043682726947,0.818135449135733,0.884837751966248,0.86384666226041
29083,31072,-1989,0.689120393869778,0.729868496287719,0.712659829464196,32.0345454545455,34.9836363636364,32.9818181818182,12.9018181818182,19.7327272727273,13.5236363636364,20.4981818181818,13.4127272727273,19.9309090909091,0.218380876562812,-6.54314468557184,0.818831942789035,0.885297021984304,0.864057331863286
29653,31106,-1453,0.688709958298939,0.730403316423536,0.712339384126765,31.9127272727273,35.1309090909091,32.9563636363636,12.6709090909091,19.9218181818182,13.3090909090909,20.7436363636364,13.2072727272727,20.1472727272727,0.140329655463045,-6.47854591608048,0.819051959890611,0.885674360832212,0.863841994924418
30196,31172,-976,0.688144025168268,0.730377112302013,0.712256166648891,31.8036363636364,35.2236363636364,32.9727272727273,12.4309090909091,20.0963636363636,13.0945454545455,21.0490909090909,12.96,20.3690909090909,0.0646892737258564,-6.43299190131101,0.818831465812943,0.885355907706602,0.864130135097877
30754,31240,-486,0.687653341094215,0.730300727700806,0.712033936928742,31.7090909090909,35.3,32.9909090909091,12.22,20.2654545454545,12.8381818181818,21.3218181818182,12.7309090909091,20.6236363636364,-0.0107082469896837,-6.38268355347893,0.818692660550459,0.8851918619624,0.863984568751722
31320,31384,-64,0.68733144153653,0.730478970691106,0.711955692982443,31.6709090909091,35.34,32.9890909090909,11.96,20.4436363636364,12.6490909090909,21.5981818181818,12.54,20.8090909090909,-0.0796068494970148,-6.35191620046442,0.818703714334922,0.885836291608787,0.864087301587302
31959,31436,523,0.686596871424677,0.730327676737803,0.711615910952964,31.5836363636364,35.4418181818182,32.9745454545455,11.7472727272727,20.6127272727273,12.4,21.9545454545455,12.2363636363636,21.0490909090909,-0.156258602304892,-6.23341802900488,0.81808761729319,0.885599958959627,0.864082487869431
32338,31458,880,0.686100046358361,0.730004543591705,0.711317472220052,31.4890909090909,35.54,32.9709090909091,11.5618181818182,20.7509090909091,12.22,22.1436363636364,12.0454545454545,21.2781818181818,-0.234810102527792,-6.21683003739877,0.818003348923148,0.885046298664757,0.863902062424176
32915,31537,1378,0.685313344964258,0.729806474353182,0.711406452946415,31.4054545454545,35.6418181818182,32.9527272727273,11.3963636363636,20.8563636363636,11.9981818181818,22.4454545454545,11.8181818181818,21.4854545454545,-0.30866894884543,-6.12471550594677,0.817576564580559,0.884558485946029,0.864544250717281
33414,31601,1813,0.684613352885314,0.729702000433009,0.711182678989921,31.2672727272727,35.7618181818182,32.9709090909091,11.2054545454545,20.9963636363636,11.7672727272727,22.7,11.6163636363636,21.7145454545455,-0.383622919700362,-6.06405097896403,0.817468163051695,0.884437439625807,0.864453512738502
34006,31693,2313,0.684183078684727,0.729651830473647,0.710981396752862,31.16,35.8763636363636,32.9636363636364,10.9909090909091,21.1909090909091,11.5072727272727,22.9818181818182,11.4163636363636,21.9127272727273,-0.455377366055142,-5.96119952743704,0.817773369121251,0.884451652138658,0.864533921676779
34552,31805,2747,0.683802883489806,0.729732078868872,0.710840637447033,31.0545454545455,35.94,33.0054545454545,10.8345454545455,21.2781818181818,11.3472727272727,23.1909090909091,11.2454545454545,22.1036363636364,-0.523636701703072,-5.87367131114006,0.818091334894614,0.884808013355593,0.864430121742963
35099,31903,3196,0.683315926843517,0.729913662779496,0.710562677078398,30.9472727272727,36.0490909090909,33.0036363636364,10.6581818181818,21.3690909090909,11.1890909090909,23.4254545454545,11.0454545454545,22.3127272727273,-0.592586789618839,-5.77921094081619,0.818107044239469,0.884954859534978,0.864312472454826
35661,32048,3613,0.682952517209069,0.730200495119516,0.710313977663149,30.8527272727273,36.16,32.9872727272727,10.5018181818182,21.4981818181818,10.9654545454545,23.6709090909091,10.8581818181818,22.5054545454545,-0.656867197697813,-5.69454000429674,0.818551476221345,0.88510659694288,0.864410516452626
36289,32162,4127,0.682494640469297,0.730243475329823,0.709993930413542,30.7381818181818,36.2963636363636,32.9654545454545,10.3363636363636,21.5981818181818,10.7963636363636,23.9181818181818,10.6363636363636,22.7145454545455,-0.722755430503325,-5.55425787784837,0.818762569501952,0.884987226368782,0.864651701505708
36731,32217,4514,0.681731281476025,0.730156175529862,0.709790204559247,30.6145454545455,36.4181818181818,32.9672727272727,10.1945454545455,21.6890909090909,10.6345454545455,24.1472727272727,10.4236363636364,22.9109090909091,-0.791767978939143,-5.46511879400773,0.818327592350635,0.88472291562656,0.86476946834326
37241,32305,4936,0.681343513219046,0.730269627876829,0.709594168329359,30.4781818181818,36.5636363636364,32.9581818181818,10.0381818181818,21.8345454545455,10.4418181818182,24.3690909090909,10.2090909090909,23.1072727272727,-0.856754493713379,-5.3622368238189,0.818827178905924,0.884485330681253,0.86489766646439
37717,32432,5285,0.680795170757531,0.730261186329041,0.709522741982708,30.3527272727273,36.6672727272727,32.98,9.87090909090909,21.9618181818182,10.2636363636364,24.6090909090909,10.0363636363636,23.2581818181818,-0.917594843019139,-5.2885340728543,0.819156583203546,0.884613477463182,0.865207563812779
38162,32521,5641,0.680462432388897,0.730102405022228,0.709315231082057,30.2381818181818,36.7527272727273,33.0090909090909,9.74181818181818,22.0727272727273,10.0890909090909,24.8309090909091,9.86363636363636,23.4018181818182,-0.979554573243314,-5.20562133030458,0.819493716553424,0.884485999802117,0.86510603139631
38602,32625,5977,0.680064734342021,0.73001541550155,0.709067799283765,30.0854545454545,36.9363636363636,32.9781818181818,9.60181818181818,22.1745454545455,9.95454545454546,25.0036363636364,9.66363636363636,23.6018181818182,-1.03882322717797,-5.12421748042107,0.819544328277029,0.884125030765444,0.865530929540192
39121,32732,6389,0.679198621162629,0.730565253913528,0.708805504666734,29.9054545454545,37.1127272727273,32.9818181818182,9.44909090909091,22.28,9.81272727272727,25.2036363636364,9.53818181818182,23.7163636363636,-1.09653404057026,-5.006854340705,0.81943093385214,0.884528708602783,0.865325248070562
39530,32846,6684,0.678632979200537,0.730602299732501,0.708643312143142,29.7818181818182,37.2309090909091,32.9872727272727,9.32727272727273,22.3545454545455,9.66,25.4072727272727,9.39272727272727,23.8581818181818,-1.15189397362146,-4.93964432803067,0.819413919413919,0.88450456609855,0.865457752301163
40064,32948,7116,0.67812183986965,0.730967766413824,0.708613983277151,29.5890909090909,37.3963636363636,33.0145454545455,9.20181818181818,22.4490909090909,9.53272727272727,25.56,9.21636363636364,24.04,-1.20690186755224,-4.80100945071741,0.819773872434558,0.884723842862699,0.865403678819253
40443,33100,7343,0.67754635507296,0.731233840459721,0.708217586161818,29.4072727272727,37.5436363636364,33.0490909090909,9.1,22.48,9.44727272727273,25.7236363636364,9.1,24.1490909090909,-1.25646369457245,-4.76537265560844,0.820019784839866,0.884933895103879,0.86515926720581
40952,33229,7723,0.67666049375811,0.731434717472443,0.707825993254032,29.2036363636364,37.7709090909091,33.0254545454545,8.96545454545454,22.5927272727273,9.30909090909091,25.8890909090909,8.93818181818182,24.3054545454545,-1.30627305019986,-4.64450719898397,0.819760926410161,0.884807932993165,0.865227923364898
41506,33341,8165,0.675982927132507,0.731406930002464,0.707751662320903,29.0309090909091,37.9109090909091,33.0581818181818,8.85818181818182,22.6945454545455,9.11818181818182,26.0890909090909,8.82545454545455,24.4145454545455,-1.35482480092482,-4.49983051094142,0.819690611887017,0.884705769507458,0.865306346936531
41893,33440,8453,0.675211933824436,0.731625389605259,0.70766025145032,28.8490909090909,38.1,33.0509090909091,8.74545454545455,22.7745454545455,8.98909090909091,26.2436363636364,8.71818181818182,24.5290909090909,-1.40313045003197,-4.4221265912056,0.819499590344741,0.884753042233357,0.865661788975685
42253,33566,8687,0.674611053345452,0.732035423763403,0.707557935610465,28.6690909090909,38.2763636363636,33.0545454545455,8.63818181818182,22.8545454545455,8.86363636363636,26.4145454545455,8.59454545454545,24.6345454545455,-1.44800515337424,-4.37515955892476,0.819444444444444,0.885094052821585,0.866006600660066
42676,33751,8925,0.673883620198049,0.732569232682468,0.707356373479408,28.4636363636364,38.5072727272727,33.0290909090909,8.52727272727273,22.9309090909091,8.70363636363636,26.6327272727273,8.49272727272727,24.7127272727273,-1.48504850837317,-4.32089914408597,0.819738102842542,0.885405354360451,0.866343719035561
43200,33869,9331,0.67337302581073,0.732420146056326,0.70730238671231,28.2872727272727,38.7018181818182,33.0109090909091,8.44909090909091,22.9490909090909,8.60363636363636,26.8218181818182,8.36,24.8163636363636,-1.52671701501716,-4.17597391605377,0.819964005656254,0.884900873813774,0.866875963868694
43425,33991,9434,0.672542066976983,0.732695057226185,0.707647066269448,28.0727272727273,38.8981818181818,33.0290909090909,8.36181818181818,22.9763636363636,8.51818181818182,26.9763636363636,8.26181818181818,24.9054545454545,-1.56679584952918,-4.18058718063615,0.820077720207254,0.88496774796672,0.867554772652207
43723,34085,9638,0.67167070697912,0.733063414001484,0.707490656538815,27.86,39.08,33.06,8.29090909090909,22.9690909090909,8.44,27.1690909090909,8.12181818181818,25.0090909090909,-1.60701154903932,-4.13112317757173,0.820074397963845,0.884944635712292,0.867568608040477
44109,34213,9896,0.670774337385763,0.733018474673181,0.707515152609092,27.7036363636364,39.1963636363636,33.1,8.17272727272727,23.0181818181818,8.36181818181818,27.3563636363636,7.97090909090909,25.12,-1.64244743314656,-4.05048362612724,0.819977685896174,0.884868726226923,0.867783575940676
44536,34330,10206,0.670286951042969,0.733200358309105,0.707342821264455,27.5345454545455,39.4,33.0654545454545,8.07090909090909,23.0690909090909,8.29272727272727,27.5181818181818,7.82909090909091,25.22,-1.67850167263638,-3.95799040848559,0.820390913893291,0.885002307337333,0.867920378312988
44835,34409,10426,0.669888587498481,0.733573084752521,0.707174045948498,27.3709090909091,39.5309090909091,33.0981818181818,7.98909090909091,23.1163636363636,8.18181818181818,27.6872727272727,7.7,25.3254545454545,-1.71531451181932,-3.89467367827892,0.820645675567955,0.885153159782909,0.867996044825313
45138,34464,10674,0.669219296915352,0.733631141613932,0.706880990429522,27.2,39.7,33.1,7.89272727272727,23.2054545454545,8.04727272727273,27.8436363636364,7.58727272727273,25.4236363636364,-1.75336803306233,-3.82212405584075,0.820655080213904,0.885092741012137,0.867673716012085
45655,34642,11013,0.668514641224354,0.733869479585282,0.706317037563323,27.0090909090909,39.8727272727273,33.1181818181818,7.79090909090909,23.2836363636364,7.90727272727273,28.0527272727273,7.41454545454545,25.5509090909091,-1.77966813228347,-3.69791643971747,0.820733759676876,0.885362517099863,0.867416964040626
46020,34745,11275,0.668160601116524,0.733972149484699,0.705660394380007,26.8854545454545,40.02,33.0945454545455,7.68,23.3781818181818,7.77272727272727,28.26,7.31818181818182,25.5909090909091,-1.8107283949852,-3.62390789416703,0.820923784405221,0.885420925900686,0.86710251620701
46464,34892,11572,0.66776103886715,0.734550542599107,0.705152214663707,26.72,40.2363636363636,33.0436363636364,7.58909090909091,23.4381818181818,7.66363636363636,28.4454545454545,7.16909090909091,25.6945454545455,-1.83601147017696,-3.52481472194195,0.82144801306478,0.885765928603705,0.867007813359745
46913,35044,11869,0.667266373206492,0.734682540441373,0.704856800914511,26.5290909090909,40.4309090909091,33.04,7.50727272727273,23.4690909090909,7.57090909090909,28.6345454545455,7.07090909090909,25.7472727272727,-1.86017550338398,-3.42246631492268,0.821739428414776,0.885730988892387,0.867213295179397
47329,35164,12165,0.666681669585796,0.735173753095384,0.70439834829933,26.3672727272727,40.62,33.0127272727273,7.40363636363636,23.5163636363636,7.43272727272727,28.8345454545455,7,25.8127272727273,-1.88603986014019,-3.32343655011871,0.821817680319956,0.886173403160109,0.866993446053864
47648,35344,12304,0.665975889740764,0.735361832148532,0.704159729573212,26.1527272727273,40.8636363636364,32.9836363636364,7.30727272727273,23.5745454545455,7.32545454545455,29.0036363636364,6.91636363636364,25.8727272727273,-1.9049412925135,-3.28472686653787,0.822511123470523,0.88622914349277,0.867262003197178
48055,35504,12551,0.665742000883777,0.735423453293942,0.703683297397729,26.0163636363636,41.0272727272727,32.9563636363636,7.22727272727273,23.5927272727273,7.21454545454545,29.1872727272727,6.83636363636364,25.9418181818182,-1.9247031355446,-3.19641598571431,0.823118317143057,0.886195435408819,0.86748317334216
48572,35713,12859,0.664974416832361,0.735675044529222,0.703463498604345,25.8036363636364,41.2472727272727,32.9490909090909,7.10545454545455,23.6727272727273,7.08,29.4145454545455,6.71636363636364,26.0109090909091,-1.93880675055764,-3.0882100332867,0.823633032694476,0.886537952922507,0.867840194239046
48909,35878,13031,0.664253996486061,0.736189828913016,0.702912691010346,25.6272727272727,41.4454545454546,32.9272727272727,7.00363636363636,23.7145454545455,6.97636363636364,29.6181818181818,6.61272727272727,26.0745454545455,-1.95653569535776,-3.03781685287302,0.823980134799574,0.887299846457556,0.867807840971839
49212,36028,13184,0.663296313069243,0.736199883774733,0.702309982572448,25.4709090909091,41.6345454545455,32.8945454545455,6.91818181818182,23.7436363636364,6.88545454545455,29.7890909090909,6.54363636363636,26.12,-1.97462920844555,-2.99867993566123,0.824113070169177,0.887112974365693,0.867676321025868
49650,36176,13474,0.662437612156054,0.736044545698447,0.70169992607008,25.2890909090909,41.8181818181818,32.8927272727273,6.82181818181818,23.8,6.74727272727273,30.0472727272727,6.39454545454546,26.1890909090909,-1.99066768071868,-2.90522997839884,0.824214537349917,0.88704347826087,0.867392626167708
50060,36320,13740,0.661394337451897,0.736355176487278,0.701029042591495,25.0836363636364,42.0545454545455,32.8618181818182,6.72363636363636,23.8454545454545,6.65818181818182,30.2418181818182,6.30545454545455,26.2254545454545,-2.00710470784794,-2.82135801450773,0.824224412873297,0.887029831387808,0.867046586256501
50448,36490,13958,0.660245633393978,0.736709378655478,0.700482045838471,24.8872727272727,42.3090909090909,32.8036363636364,6.61272727272727,23.8618181818182,6.62909090909091,30.4581818181818,6.17272727272727,26.2654545454545,-2.0195551904765,-2.74220647215843,0.824225599064874,0.887236785560808,0.867420463363264
50820,36688,14132,0.659542152447192,0.736991519265753,0.699785755237282,24.7090909090909,42.5436363636364,32.7472727272727,6.51636363636364,23.9072727272727,6.49454545454545,30.7072727272727,6.08,26.2945454545455,-2.02787679542195,-2.69138635586609,0.824650478292862,0.88730287619129,0.867803009272112
51334,36895,14439,0.659002916777174,0.736830799320287,0.699173799631116,24.5436363636364,42.7563636363636,32.7,6.42181818181818,23.9636363636364,6.35818181818182,30.9727272727273,5.96,26.3236363636364,-2.03379173658111,-2.58839727775617,0.825320394103267,0.886970573226739,0.868112315818738
51797,37087,14710,0.657631044867525,0.736798567152263,0.698654387080369,24.3254545454545,42.9709090909091,32.7036363636364,6.33090909090909,23.9963636363636,6.24545454545455,31.2,5.86545454545455,26.3618181818182,-2.04106666499918,-2.49538161158562,0.825024291800583,0.886815604637387,0.868404959137155
52220,37245,14975,0.656304092516005,0.736689273689743,0.697956822538008,24.1127272727273,43.16,32.7272727272727,6.23636363636364,24.0454545454545,6.10909090909091,31.4672727272727,5.76909090909091,26.3727272727273,-2.04997963092544,-2.40771392475475,0.824460865631127,0.886805965119218,0.868222222222222
52719,37546,15173,0.655056565859673,0.736428629226475,0.697507369360647,23.9109090909091,43.3781818181818,32.7109090909091,6.14909090909091,24.0072727272727,6.06181818181818,31.7,5.68727272727273,26.3945454545455,-2.04809964353388,-2.35693853524598,0.824347958330165,0.886578925308073,0.868767717191929
53292,37790,15502,0.653620839519117,0.736476096231982,0.696529324129727,23.7163636363636,43.6127272727273,32.6709090909091,6.07272727272727,23.9981818181818,5.96,31.9690909090909,5.62,26.38,-2.05020544528961,-2.23887481174686,0.823673719717878,0.886688623004127,0.868495742667928
53604,38041,15563,0.652564972393835,0.736433380404371,0.695795680275538,23.5218181818182,43.82,32.6581818181818,5.98,23.98,5.9,32.2127272727273,5.60363636363636,26.3236363636364,-2.0498984884132,-2.23692414489659,0.823684007111386,0.886892660055599,0.868889878632669
54103,38307,15796,0.651610290532091,0.735986735625638,0.695110958843102,23.3345454545455,44.0272727272727,32.6381818181818,5.91818181818182,23.9436363636364,5.83090909090909,32.4181818181818,5.56181818181818,26.3272727272727,-2.04594525152987,-2.1728197184476,0.824216923796166,0.886929589097667,0.868586708261378
54674,38585,16089,0.650261543821032,0.736044154323204,0.694665015150097,23.1181818181818,44.2218181818182,32.66,5.83454545454545,23.8963636363636,5.77454545454545,32.7309090909091,5.44,26.3236363636364,-2.04211478937756,-2.07067929370837,0.824144710971294,0.887221445604802,0.868730167566665
55143,38832,16311,0.649104316601549,0.736180111113766,0.693913567511373,22.8963636363636,44.4381818181818,32.6654545454545,5.76,23.8854545454545,5.74181818181818,32.92,5.35454545454546,26.3381818181818,-2.04024084914814,-2.00711425840855,0.824346859366315,0.887565975205597,0.868418123121452
55572,39129,16443,0.647743840368798,0.736335228687775,0.693080817530094,22.7163636363636,44.6327272727273,32.6509090909091,5.67090909090909,23.8509090909091,5.7,33.16,5.30727272727273,26.3109090909091,-2.03319454409859,-1.98116902167147,0.824155594685449,0.887852370865244,0.868415191001225
56001,39373,16628,0.646491467826863,0.735989291873144,0.692188075704897,22.5018181818182,44.8727272727273,32.6254545454545,5.6,23.8563636363636,5.58909090909091,33.4218181818182,5.21818181818182,26.3145454545455,-2.03062581419945,-1.93042346184904,0.823933419521655,0.887601296596434,0.868535443602318
56448,39730,16718,0.64520489115977,0.735697546155965,0.691665546359622,22.2872727272727,45.0781818181818,32.6345454545455,5.54909090909091,23.82,5.52909090909091,33.6454545454545,5.13454545454545,26.3218181818182,-2.01622575873678,-1.91491874537685,0.824114863762441,0.888073246480862,0.869184912808513
57177,40085,17092,0.644179658396642,0.73575568893306,0.690894703866368,22.0345454545455,45.3181818181818,32.6472727272727,5.49818181818182,23.7818181818182,5.44909090909091,33.8927272727273,5.02727272727273,26.3509090909091,-2.00421176904982,-1.78225170861591,0.824985559864675,0.888505516549649,0.869013143239029
57732,40397,17335,0.643433725582829,0.735470980554866,0.690051130744511,21.8709090909091,45.5036363636364,32.6254545454545,5.42181818181818,23.7654545454545,5.37818181818182,34.1345454545455,4.92909090909091,26.3709090909091,-1.99192865978588,-1.70678671869365,0.825588161941974,0.888640268510009,0.868925546143558
58485,40749,17736,0.642231205983976,0.735559334091965,0.68917470561635,21.6763636363636,45.6963636363636,32.6272727272727,5.35090909090909,23.7418181818182,5.33272727272727,34.3363636363636,4.82,26.4181818181818,-1.97628942809322,-1.58384647017175,0.826203657104513,0.888712051883977,0.868988576205071
59117,41145,17972,0.641018056590189,0.735388843914489,0.688341873923675,21.4927272727273,45.9181818181818,32.5890909090909,5.25818181818182,23.74,5.23818181818182,34.6036363636364,4.67636363636364,26.4836363636364,-1.95714902065017,-1.50904825600711,0.826664410794349,0.889328845773114,0.86950457487168
59808,41527,18281,0.639306273991968,0.73499266485258,0.687483434122407,21.2836363636364,46.1672727272727,32.5490909090909,5.2,23.7090909090909,5.08545454545455,34.8436363636364,4.66909090909091,26.4927272727273,-1.94162845123898,-1.41594146679748,0.826413804886383,0.88929584120983,0.86990280415596
60396,41846,18550,0.638010496361689,0.735074576390258,0.686743880397577,21.1072727272727,46.3254545454545,32.5672727272727,5.15818181818182,23.6472727272727,5.01818181818182,35.0854545454545,4.56,26.5309090909091,-1.9300212058154,-1.35025969391519,0.826083211301576,0.889870089092978,0.869863778472532
61112,42203,18909,0.636628518576425,0.73452808495437,0.685270064723312,20.8927272727273,46.5636363636364,32.5436363636364,5.10181818181818,23.6054545454545,4.89818181818182,35.36,4.42363636363636,26.6109090909091,-1.91074249527671,-1.24772984710607,0.826298842572448,0.889574385005857,0.869601653723672
61790,42526,19264,0.635072716800999,0.734255206317908,0.684224477914213,20.6727272727273,46.7727272727273,32.5545454545455,5.03272727272727,23.5363636363636,4.86,35.5836363636364,4.37818181818182,26.6090909090909,-1.89730529676784,-1.14778951243921,0.825857519788918,0.88952380952381,0.869645350460765
62335,42911,19424,0.633908734716906,0.73392584436949,0.682982799614114,20.5072727272727,46.9127272727273,32.58,4.95818181818182,23.4927272727273,4.82545454545455,35.7945454545455,4.29454545454545,26.6345454545455,-1.87996366918087,-1.12696357315237,0.826225729231315,0.889814743043175,0.869244935543278
62950,43282,19668,0.632270736676335,0.733799245350952,0.681887799546918,20.2636363636364,47.1454545454545,32.5909090909091,4.86545454545455,23.4690909090909,4.76363636363636,36.0090909090909,4.23818181818182,26.6545454545455,-1.8607393915003,-1.06434347819198,0.826110363391655,0.890204396451986,0.86928870292887
63512,43608,19904,0.630723744583213,0.73346313219597,0.680768152172383,20.0509090909091,47.3309090909091,32.6181818181818,4.79454545454545,23.4436363636364,4.67636363636364,36.2309090909091,4.18181818181818,26.6727272727273,-1.84748659946702,-0.994702491435138,0.825897714907508,0.890404118008605,0.869063545150502
64183,44070,20113,0.629476495411357,0.732473119815732,0.679729063853623,19.8254545454545,47.5418181818182,32.6327272727273,4.70363636363636,23.4,4.63636363636364,36.4454545454546,4.15272727272727,26.6618181818182,-1.82355125058781,-0.956335045803677,0.827035950110051,0.890163683646933,0.869289057276577
64921,44455,20466,0.628164639993801,0.731912613063396,0.678533732187993,19.6418181818182,47.7145454545455,32.6436363636364,4.63818181818182,23.3345454545455,4.57272727272727,36.68,4.09272727272727,26.6818181818182,-1.80482608811422,-0.836995232376185,0.827085068962325,0.890370765537477,0.869221343433218
65688,44894,20794,0.627028067527129,0.731067983061528,0.677340292255316,19.4672727272727,47.8727272727273,32.66,4.56,23.2872727272727,4.50545454545455,36.8909090909091,4.06,26.6963636363636,-1.7809113507921,-0.746813694455407,0.827963014850098,0.890277250284846,0.869509547402995
66384,45340,21044,0.62564085051205,0.73043941024647,0.676372470133249,19.28,48.0036363636364,32.7163636363636,4.51272727272727,23.1672727272727,4.44727272727273,37.1327272727273,4.01454545454545,26.7254545454545,-1.75819440023466,-0.684563744068146,0.82817804602037,0.890538595560942,0.869789929976659
67063,45733,21330,0.624572728755748,0.729518980081865,0.675465092297086,19.1218181818182,48.0981818181818,32.78,4.45454545454545,23.0436363636364,4.43272727272727,37.3763636363636,3.90909090909091,26.7836363636364,-1.73816448612647,-0.608974803713235,0.829038699248835,0.890526952445755,0.870209107548949
67758,46074,21684,0.622550651966737,0.729207009190733,0.674529091409924,18.8727272727273,48.34,32.7872727272727,4.38181818181818,22.9745454545455,4.35272727272727,37.6109090909091,3.79636363636364,26.8836363636364,-1.71952652443539,-0.494999344240535,0.828516377649326,0.890510399819461,0.870071535518217
68475,46497,21978,0.621115850415912,0.728201505703527,0.673898894848465,18.7018181818182,48.5109090909091,32.7872727272727,4.30727272727273,22.8745454545455,4.30909090909091,37.8636363636364,3.70909090909091,26.9363636363636,-1.69315675226125,-0.424803142385049,0.829088080886642,0.890184026085979,0.870681528309211
69136,46931,22205,0.619896996956464,0.727084735410365,0.672969501077812,18.5327272727273,48.6472727272727,32.82,4.23636363636364,22.8054545454545,4.24545454545455,38.1054545454545,3.6,27.0072727272727,-1.66302573545413,-0.386823092401028,0.830471892475228,0.889781731200478,0.870921278599524
69940,47347,22593,0.618700069145769,0.725901367467811,0.672268480234357,18.3509090909091,48.7672727272727,32.8818181818182,4.17090909090909,22.6927272727273,4.20181818181818,38.3472727272727,3.49818181818182,27.0890909090909,-1.63716993223537,-0.27023224234581,0.830377489349054,0.889717396167325,0.871329831351949
70572,47698,22874,0.617125615959449,0.724933714562992,0.670887073016525,18.1836363636364,48.9181818181818,32.8981818181818,4.11636363636364,22.5854545454545,4.16363636363636,38.5290909090909,3.44363636363636,27.1618181818182,-1.61878651705655,-0.211524505235932,0.83001699830017,0.889277086043486,0.871338565270255
71368,48087,23281,0.615333380923587,0.725052985522921,0.669369638073103,17.9872727272727,49.1672727272727,32.8454545454545,4.06,22.4981818181818,4.10181818181818,38.7363636363636,3.36909090909091,27.2345454545455,-1.59567026143724,-0.0739074464548718,0.829374305064187,0.88972709119148,0.871076667589261
72228,48525,23703,0.614038615008146,0.724506659910978,0.667794517442755,17.7836363636364,49.3563636363636,32.86,3.97454545454546,22.4127272727273,4.10363636363636,38.9327272727273,3.26727272727273,27.3090909090909,-1.56710831346837,0.0394614837386391,0.830283202126572,0.889891696750903,0.870635754993637
73047,48983,24064,0.612378673948004,0.723141089927198,0.666332003003512,17.6218181818182,49.5036363636364,32.8745454545455,3.91090909090909,22.3290909090909,4.1,39.0872727272727,3.23272727272727,27.34,-1.5350347336043,0.141861222684383,0.829653322327693,0.889815256914093,0.870748299319728
73815,49477,24338,0.611200724497698,0.721913638387897,0.665042759753875,17.5090909090909,49.5945454545455,32.8963636363636,3.85454545454546,22.2290909090909,4.01818181818182,39.3254545454545,3.19818181818182,27.3745454545455,-1.50294146537781,0.196729460494085,0.830114226375909,0.889870586941379,0.8712209141657
74596,49881,24715,0.610352684575998,0.720883337774189,0.66377754486817,17.4127272727273,49.6654545454545,32.9218181818182,3.79272727272727,22.1436363636364,3.95454545454546,39.5563636363636,3.14,27.4127272727273,-1.4787784145637,0.289446409859441,0.830844732170826,0.889734953873188,0.870989120229745
75391,50280,25111,0.608963648963326,0.720308852124892,0.662947275599971,17.2509090909091,49.8163636363636,32.9327272727273,3.73454545454545,22.0709090909091,3.85636363636364,39.8,3.09636363636364,27.4418181818182,-1.45278682302345,0.390641706775535,0.831155143338954,0.889667506113362,0.871583945232706
76218,50671,25547,0.607509335720579,0.719591262779805,0.661869955388354,17.0763636363636,49.9654545454545,32.9581818181818,3.66,22.0127272727273,3.76,40.0090909090909,3.05454545454545,27.5036363636364,-1.42635031274774,0.501591164415533,0.831026405451448,0.889669226010698,0.871738290947206
77221,51137,26084,0.606551994185718,0.718615914277906,0.6609307170764,16.8963636363636,50.1109090909091,32.9927272727273,3.59818181818182,21.9218181818182,3.66545454545455,40.2127272727273,3.03454545454545,27.5672727272727,-1.39414104060693,0.648571858622811,0.832131712041321,0.889662929501832,0.871927697564202
78210,51535,26675,0.605266936335455,0.717482808801793,0.659416847444883,16.74,50.2654545454546,32.9945454545455,3.50181818181818,21.8963636363636,3.62909090909091,40.3727272727273,2.94545454545455,27.6545454545455,-1.36680624904958,0.805577293173833,0.832627348756381,0.889314909932721,0.871383699785088
78966,51954,27012,0.604156845441308,0.71640775345195,0.658432205384858,16.6036363636364,50.3181818181818,33.0781818181818,3.44181818181818,21.8054545454545,3.56727272727273,40.6290909090909,2.85454545454545,27.7018181818182,-1.34013918705962,0.856459026445042,0.833004818221638,0.889575429087624,0.871049304677623
79950,52404,27546,0.60300239392252,0.715483539987355,0.657169664131661,16.5054545454545,50.4072727272727,33.0872727272727,3.37818181818182,21.72,3.48363636363636,40.8490909090909,2.79818181818182,27.7709090909091,-1.30666194991632,0.981114988029003,0.833002864066975,0.889518107055259,0.871359490053852
80830,52776,28054,0.601605274253594,0.714050751360263,0.655930483050167,16.3945454545455,50.4854545454545,33.12,3.30909090909091,21.6545454545455,3.42363636363636,41.0054545454545,2.78363636363636,27.8236363636364,-1.28036849268458,1.11841652962294,0.832871243207275,0.889221017754889,0.871267018006148
81650,53197,28453,0.600361276186225,0.713017658227803,0.654786694269022,16.2709090909091,50.5854545454546,33.1436363636364,3.21818181818182,21.5727272727273,3.41272727272727,41.1909090909091,2.69636363636364,27.9090909090909,-1.24932498362931,1.19952623166821,0.833389205497821,0.889260297606211,0.871139393274453
82469,53592,28877,0.59929187306963,0.711836954676659,0.65395244632642,16.1654545454545,50.6490909090909,33.1854545454545,3.15454545454545,21.5054545454545,3.38181818181818,41.34,2.66181818181818,27.9563636363636,-1.22352270402692,1.28805799511346,0.833202114497807,0.889255842337653,0.871301775147929
83341,54027,29314,0.598757477303462,0.710286966991474,0.65321059344285,16.1127272727273,50.6745454545455,33.2127272727273,3.09454545454545,21.4163636363636,3.35818181818182,41.4709090909091,2.62,28.04,-1.19535649378191,1.38659202050079,0.83367185736854,0.88952674823293,0.87140745606832
84344,54448,29896,0.597913888096159,0.708842890581333,0.651993245408023,16.0309090909091,50.74,33.2290909090909,3.01818181818182,21.4345454545455,3.21636363636364,41.6945454545455,2.52909090909091,28.1072727272727,-1.16542341201143,1.54115129194476,0.833843711012816,0.889275092270756,0.871306631648063
85173,54792,30381,0.596618591448617,0.707917771305199,0.651264874957367,15.9181818181818,50.8436363636364,33.2381818181818,2.95090909090909,21.4127272727273,3.10545454545455,41.8581818181818,2.46545454545455,28.2072727272727,-1.14337422678416,1.63847667425871,0.833695031410623,0.888964382777857,0.871834144740441
86071,55181,30890,0.595884578876183,0.70712874217735,0.650828288301943,15.82,50.8927272727273,33.2872727272727,2.87818181818182,21.3890909090909,3.06363636363636,41.94,2.46181818181818,28.2672727272727,-1.11942792636427,1.75809159251777,0.834731640041375,0.889178664570755,0.872405505789819
86941,55583,31358,0.594660533959124,0.706117216876777,0.650126068054029,15.7036363636364,50.9690909090909,33.3272727272727,2.79636363636364,21.4218181818182,3.01272727272727,42.02,2.42181818181818,28.3272727272727,-1.08954693749547,1.8654088857499,0.834896376056501,0.889130667427675,0.872504091653028
87833,55925,31908,0.593315212104306,0.705303937638372,0.648982532250251,15.6090909090909,51.0509090909091,33.34,2.73636363636364,21.3854545454545,3.00545454545455,42.1036363636364,2.39636363636364,28.3727272727273,-1.06655937975103,1.99447500651533,0.834711706464764,0.889130279934468,0.872225554889022
88820,56270,32550,0.591747956526345,0.704387032965677,0.648253453377532,15.4963636363636,51.1709090909091,33.3327272727273,2.66363636363636,21.4254545454545,2.94363636363636,42.16,2.31454545454545,28.4927272727273,-1.04343306584792,2.10346866121346,0.834330634753021,0.88896389994315,0.872524954999182
89744,56588,33156,0.590634226485491,0.703367689357035,0.647697353530816,15.3927272727273,51.26,33.3472727272727,2.60363636363636,21.4490909090909,2.81636363636364,42.2763636363636,2.19090909090909,28.6636363636364,-1.01878050057725,2.20830123410984,0.834632648240019,0.888695775547122,0.872744125184014
90735,56960,33775,0.58952202826356,0.701928833102213,0.647171622614908,15.2945454545455,51.2927272727273,33.4127272727273,2.55090909090909,21.4872727272727,2.70909090909091,42.3945454545455,2.04727272727273,28.8109090909091,-0.993543387339874,2.35507397705858,0.834640989063243,0.888766793094892,0.87277575229907
91494,57369,34125,0.588327714693893,0.701216942101082,0.646399782848376,15.18,51.3927272727273,33.4272727272727,2.51090909090909,21.4781818181818,2.70181818181818,42.3981818181818,1.97454545454545,28.9363636363636,-0.964047819511457,2.39781376055696,0.834471194154989,0.889053987122338,0.873157465324993
92621,57668,34953,0.58715532329552,0.700408934945311,0.645486704828626,15.0890909090909,51.48,33.4309090909091,2.45454545454545,21.4836363636364,2.63636363636364,42.4545454545455,1.91090909090909,29.06,-0.942200852727348,2.57677452821623,0.834558380527774,0.888994843540298,0.872844944797955
93450,57930,35520,0.585673052713952,0.699741307690236,0.644600437195418,14.9781818181818,51.5781818181818,33.4436363636364,2.38181818181818,21.4654545454545,2.57272727272727,42.5345454545455,1.89818181818182,29.1472727272727,-0.927459803697738,2.64927669993856,0.833818888079631,0.888783135927806,0.872621507013156
94297,58262,36035,0.584535174553352,0.698509770755472,0.64380739818389,14.9072727272727,51.6163636363636,33.4763636363636,2.35636363636364,21.4345454545455,2.50727272727273,42.5872727272727,1.87818181818182,29.2363636363636,-0.905019784651019,2.72786066640507,0.833516282473472,0.888654056148508,0.872637410384532
95037,58584,36453,0.583547666591826,0.697241203515864,0.643038026766449,14.8181818181818,51.7218181818182,33.46,2.30727272727273,21.4072727272727,2.46909090909091,42.5836363636364,1.91272727272727,29.32,-0.882177995754914,2.7745228852738,0.83398773006135,0.888388933806728,0.87279247948704
95745,58876,36869,0.582315014025316,0.696326192198768,0.64223746167592,14.7618181818182,51.8072727272727,33.4309090909091,2.25818181818182,21.3672727272727,2.49090909090909,42.6,1.79454545454545,29.4890909090909,-0.861477128551765,2.83449004888535,0.833600197068605,0.888081701410823,0.872844944797955
96744,59182,37562,0.581456551409967,0.695284333950907,0.641681912105122,14.6909090909091,51.8781818181818,33.4309090909091,2.20727272727273,21.3890909090909,2.44,42.5454545454545,1.79272727272727,29.6254545454545,-0.839678410169753,2.97717530036514,0.834034653465347,0.887919251393124,0.873225648556045
97742,59510,38232,0.580401181010432,0.695105660217342,0.641149811134683,14.6,51.9527272727273,33.4472727272727,2.15090909090909,21.4290909090909,2.37636363636364,42.5654545454545,1.72909090909091,29.7490909090909,-0.816981366750869,3.11268147731369,0.834371108343711,0.888395044446,0.873015873015873
98792,59809,38983,0.579238261248912,0.69433859619593,0.640622432345534,14.5363636363636,51.9963636363636,33.4672727272727,2.10909090909091,21.4490909090909,2.31272727272727,42.5363636363636,1.69636363636364,29.8963636363636,-0.796048694103956,3.21282464170998,0.834146341463415,0.888383803063151,0.873146085728256
99523,60111,39412,0.577949506926766,0.693070849021405,0.640227484872692,14.46,52.0018181818182,33.5381818181818,2.06,21.4745454545455,2.27454545454545,42.4781818181818,1.69272727272727,30.02,-0.770903302966194,3.25592338388616,0.834402112410411,0.888290619209119,0.872980591998265
100277,60421,39856,0.576947845645028,0.692129441447447,0.639662952391838,14.3890909090909,52.0654545454545,33.5454545454545,2.01272727272727,21.4636363636364,2.24181818181818,42.4781818181818,1.65636363636364,30.1472727272727,-0.750100737437606,3.29162329276177,0.834723275208491,0.888392233552172,0.873170731707317
101032,60723,40309,0.57597072824101,0.691215509300208,0.639061382279212,14.3272727272727,52.1363636363636,33.5363636363636,1.96909090909091,21.5018181818182,2.17090909090909,42.4636363636364,1.60909090909091,30.2854545454545,-0.727697342126207,3.31687624379992,0.83489847715736,0.888334786399303,0.87313635131472
101775,60957,40818,0.575211340380047,0.690701858453588,0.63850530154873,14.3018181818182,52.1745454545455,33.5236363636364,1.92909090909091,21.4890909090909,2.15636363636364,42.4381818181818,1.56363636363636,30.4236363636364,-0.710428958521648,3.35758502876217,0.83536740401729,0.888521048229718,0.872979715804317
102553,61203,41350,0.574061087966172,0.689631162684767,0.638002701141923,14.2381818181818,52.2163636363636,33.5454545454545,1.89090909090909,21.5236363636364,2.06545454545454,42.44,1.49636363636364,30.5836363636364,-0.691391120173714,3.40321523601359,0.835142382837441,0.888575507503743,0.872953929539295
103176,61431,41745,0.573355248204855,0.688935364198665,0.637175138434453,14.1963636363636,52.2490909090909,33.5545454545455,1.86363636363636,21.5381818181818,2.01454545454545,42.3818181818182,1.50363636363636,30.6981818181818,-0.673889606716958,3.44173857908357,0.835297131147541,0.888645300483697,0.872717420753183
103873,61672,42201,0.5719808118656,0.688634817800032,0.636358211379865,14.0963636363636,52.3618181818182,33.5418181818182,1.81454545454545,21.5436363636364,2,42.3927272727273,1.41272727272727,30.8363636363636,-0.657038297538053,3.4508097759702,0.834902618341287,0.888537796451266,0.872940156114484
104490,61942,42548,0.571241413654071,0.687917762495453,0.635925870350238,14.04,52.4145454545455,33.5454545454545,1.78181818181818,21.5490909090909,1.95272727272727,42.3327272727273,1.42181818181818,30.9618181818182,-0.635155015421862,3.45352535315535,0.835275835275835,0.888788677674483,0.873224932249323
105131,62172,42959,0.570647029663485,0.687231752160372,0.635357887870246,13.9945454545455,52.4636363636364,33.5418181818182,1.74909090909091,21.5454545454545,1.92727272727273,42.2818181818182,1.38363636363636,31.1127272727273,-0.616303730756044,3.43923767100681,0.835650253345459,0.888823427482239,0.873319601040763
105811,62390,43421,0.570027444062965,0.686221229361821,0.634635811789557,13.9363636363636,52.5181818181818,33.5454545454545,1.71090909090909,21.56,1.91272727272727,42.2090909090909,1.36909090909091,31.2381818181818,-0.598177903907543,3.44482817101208,0.836529680365297,0.88862731521551,0.873062330623306
106213,62544,43669,0.569298858113509,0.685532426333636,0.63416984760851,13.8727272727273,52.5909090909091,33.5363636363636,1.68363636363636,21.5545454545455,1.90545454545455,42.1527272727273,1.31818181818182,31.3854545454545,-0.589671979387375,3.41921194019643,0.836697247706422,0.888401037165082,0.8731905665492
106844,62751,44093,0.568714907127128,0.685564831250719,0.633772860750328,13.8254545454545,52.6690909090909,33.5054545454545,1.64909090909091,21.5290909090909,1.90363636363636,42.1381818181818,1.26909090909091,31.5109090909091,-0.575089879367839,3.43469026434151,0.836927932667017,0.888635735984535,0.873290644671153
107452,62950,44502,0.567631442396111,0.685651259572517,0.633211966564144,13.7581818181818,52.7454545454545,33.4963636363636,1.60363636363636,21.5763636363636,1.88545454545455,42.1127272727273,1.22909090909091,31.5927272727273,-0.562751808474687,3.44273637269031,0.836394872472578,0.888693553946915,0.873419095695598
107909,63129,44780,0.567281579014331,0.684975922401108,0.632376987766605,13.7327272727273,52.7745454545455,33.4927272727273,1.56727272727273,21.58,1.80909090909091,42.1363636363636,1.17636363636364,31.7309090909091,-0.552021301131357,3.38759032635558,0.836621210115186,0.888823813133053,0.873188209109169
108414,63319,45095,0.566754581100303,0.684373855827399,0.631926471108819,13.7,52.8,33.5,1.53090909090909,21.58,1.78727272727273,42.1345454545455,1.13636363636364,31.8309090909091,-0.536939072027929,3.37275709746913,0.836894492368945,0.88887741046832,0.873324287652646
108872,63508,45364,0.565968944178583,0.684046293512526,0.631530991095414,13.6527272727273,52.8327272727273,33.5145454545455,1.50363636363636,21.5618181818182,1.79272727272727,42.1163636363636,1.09272727272727,31.9327272727273,-0.519340125560253,3.35035751861605,0.836462911173259,0.889049487232432,0.873433515976781
109320,63706,45614,0.565352976973015,0.6833085573692,0.630718103361081,13.5854545454545,52.9127272727273,33.5018181818182,1.48,21.5545454545455,1.74363636363636,42.1,1.08363636363636,32.0381818181818,-0.503525053222918,3.32290087152611,0.836857601713062,0.888873616933544,0.873493975903614
109622,63868,45754,0.564900218550351,0.682697330942649,0.630073606508123,13.54,52.9454545454546,33.5145454545455,1.46,21.5709090909091,1.70909090909091,42.08,1.04727272727273,32.1327272727273,-0.492931210848672,3.27660323679447,0.837249899288304,0.888736263736264,0.873487766505723
109989,64051,45938,0.564225466218423,0.681911941665146,0.629714432656015,13.5145454545455,52.96,33.5254545454545,1.44181818181818,21.5727272727273,1.65636363636364,42.1309090909091,0.978181818181818,32.22,-0.47904551016188,3.20741289420561,0.83680882550787,0.88880115352925,0.873854330495146
110375,64189,46186,0.563573554307336,0.681432337910995,0.629145362443345,13.4727272727273,52.9963636363636,33.5309090909091,1.42909090909091,21.6036363636364,1.59636363636364,42.1090909090909,0.947272727272727,32.3145454545455,-0.469980959300036,3.18990101809613,0.836437246963563,0.88887745299849,0.873712178722481
110857,64358,46499,0.56288893902145,0.681337941743057,0.628642238105724,13.4254545454545,53.0290909090909,33.5454545454545,1.39454545454545,21.6436363636364,1.57454545454545,42.0745454545455,0.890909090909091,32.4218181818182,-0.454193675703242,3.17266829664057,0.836132177681473,0.889083179044092,0.87360433604336
111235,64483,46752,0.562394523254325,0.680769966161241,0.628244948898343,13.3854545454545,53.04,33.5745454545455,1.37272727272727,21.5963636363636,1.60545454545455,42.06,0.878181818181818,32.4872727272727,-0.44732121971584,3.15309115851467,0.836457484379245,0.88903743315508,0.873497238167443
111498,64623,46875,0.561795709045411,0.680131263162589,0.627726918351111,13.3709090909091,53.0636363636364,33.5654545454545,1.36181818181818,21.58,1.56545454545455,42.1090909090909,0.812727272727273,32.5709090909091,-0.436688993616157,3.0952118230137,0.836007614903454,0.888949802980983,0.873571312496614
111778,64750,47028,0.56134832071842,0.679694929750994,0.627282505710097,13.3127272727273,53.1363636363636,33.5509090909091,1.34545454545455,21.5963636363636,1.51454545454545,42.1127272727273,0.774545454545455,32.6563636363636,-0.425319773577873,3.05788037790494,0.836383501775471,0.888725406330197,0.873462309651547
112083,64886,47197,0.561007153456634,0.679327828448586,0.626999518210402,13.2690909090909,53.1636363636364,33.5672727272727,1.31090909090909,21.6418181818182,1.48363636363636,42.0672727272727,0.78,32.7163636363636,-0.415833444119727,3.0309185304425,0.836804604001096,0.88874829001368,0.873578160545986
112446,64990,47456,0.560681932131126,0.679364653608862,0.626666135175209,13.2218181818182,53.2345454545455,33.5436363636364,1.29272727272727,21.6309090909091,1.44727272727273,42.0836363636364,0.752727272727273,32.7927272727273,-0.40984480577013,3.00499714046547,0.836908690869087,0.888862324532942,0.873489077998807
112631,65115,47516,0.560231659709656,0.679191302357022,0.626217435272507,13.1854545454545,53.2909090909091,33.5236363636364,1.26727272727273,21.6254545454545,1.43454545454545,42.0727272727273,0.774545454545455,32.8254545454545,-0.399927106502847,2.94518682638353,0.837010479867623,0.888979870351416,0.873684781429656
112893,65230,47663,0.559854253330825,0.679004521328892,0.625778775645025,13.1327272727273,53.3509090909091,33.5163636363636,1.25090909090909,21.5981818181818,1.43272727272727,42.0763636363636,0.732727272727273,32.9090909090909,-0.392081893205812,2.91346621377902,0.837463657759934,0.888934328459939,0.873711619832917
113190,65335,47855,0.559175953431063,0.678787643230507,0.625143162615284,13.0745454545455,53.4363636363636,33.4890909090909,1.23272727272727,21.5854545454545,1.43818181818182,42.1127272727273,0.66,32.9709090909091,-0.382308007284618,2.89298114302483,0.837018495341399,0.88880571623001,0.873445898257234
113609,65465,48144,0.558736647254835,0.67807780923433,0.624894577877375,13.0490909090909,53.4636363636364,33.4872727272727,1.22181818181818,21.6218181818182,1.39272727272727,42.1109090909091,0.62,33.0327272727273,-0.371801394118335,2.87419822866266,0.836839905252891,0.888760414895426,0.873493321750461
113871,65618,48253,0.558286840238144,0.677390688010504,0.624536451356397,13.0072727272727,53.4945454545455,33.4981818181818,1.21454545454545,21.6181818181818,1.41090909090909,42.0563636363636,0.625454545454545,33.0745454545455,-0.35774014095924,2.82188109291548,0.836594911937378,0.888688736319761,0.873534520191055
114068,65700,48368,0.557980680528206,0.677055865687077,0.62421850974518,12.9836363636364,53.5363636363636,33.48,1.21454545454545,21.5945454545455,1.40545454545455,42.0363636363636,0.623636363636364,33.1254545454545,-0.352260868170891,2.79988636631857,0.83657751015264,0.888673798607573,0.873302921690018
114295,65801,48494,0.557466009376204,0.67681687693635,0.624109318807935,12.9309090909091,53.5945454545455,33.4745454545455,1.21090909090909,21.6363636363636,1.37636363636364,41.9654545454545,0.650909090909091,33.16,-0.345573651446665,2.77881775213913,0.83619235095613,0.888692879193948,0.873499538319483
114410,65918,48492,0.557168865013679,0.676695710374984,0.623683964149388,12.8763636363636,53.6563636363636,33.4672727272727,1.21090909090909,21.6472727272727,1.34909090909091,41.9454545454546,0.645454545454546,33.2018181818182,-0.337892602810594,2.75367159633474,0.836769274216323,0.888821117549388,0.873472048677134
114822,66045,48777,0.556784145170156,0.676587640798234,0.623325190631886,12.8145454545455,53.7363636363636,33.4490909090909,1.19454545454545,21.6763636363636,1.34545454545455,41.8872727272727,0.607272727272727,33.2890909090909,-0.32700060824017,2.75355895253068,0.837116912599319,0.888851294197259,0.873403272272653
115111,66149,48962,0.55625383837086,0.67654031132942,0.622917856574417,12.7636363636364,53.8145454545455,33.4218181818182,1.18909090909091,21.7127272727273,1.32363636363636,41.8818181818182,0.552727272727273,33.34,-0.31687000770524,2.74325372795151,0.836894586894587,0.88887762686668,0.873354368403873
115273,66227,49046,0.555995317147791,0.676270564438545,0.62253692749686,12.7436363636364,53.8509090909091,33.4054545454545,1.18181818181818,21.7527272727273,1.27090909090909,41.8327272727273,0.563636363636364,33.3981818181818,-0.309314003631219,2.73084824756,0.836781281209873,0.888952663920589,0.873129048059653
115628,66318,49310,0.555913227598943,0.67593000715711,0.622162778779498,12.7272727272727,53.88,33.3927272727273,1.17090909090909,21.7781818181818,1.23272727272727,41.8290909090909,0.530909090909091,33.4581818181818,-0.302714001074095,2.72813192951408,0.837142857142857,0.888945130593238,0.872971795709463
115859,66404,49455,0.555657107293964,0.675445954158874,0.62190753805517,12.6927272727273,53.92,33.3872727272727,1.16909090909091,21.7854545454545,1.22545454545455,41.7781818181818,0.529090909090909,33.5127272727273,-0.295619649781888,2.70762973940847,0.837559088955737,0.888825195575937,0.872842128192561
116116,66499,49617,0.555419297773334,0.6752972470438,0.621617458234954,12.6490909090909,53.9763636363636,33.3745454545455,1.15272727272727,21.7818181818182,1.26363636363636,41.7363636363636,0.501818181818182,33.5636363636364,-0.287111209959469,2.69983444105495,0.837861147046141,0.888873917876512,0.872739158858139
116327,66544,49783,0.555229521180726,0.675008662907975,0.621396834295407,12.6327272727273,54.0127272727273,33.3545454545455,1.14363636363636,21.8127272727273,1.20181818181818,41.7581818181818,0.443636363636364,33.64,-0.282635396293534,2.67807089632208,0.838082901554404,0.888645773723365,0.872771872444808
116600,66623,49977,0.555010691627628,0.674688799639092,0.621084654873809,12.6272727272727,54.0345454545455,33.3381818181818,1.13090909090909,21.8490909090909,1.18,41.7218181818182,0.490909090909091,33.6272727272727,-0.27484634060582,2.6836920789697,0.838012958963283,0.888657088058145,0.872763961605585
116780,66710,50070,0.554625469856877,0.674452763888573,0.620825165385934,12.5909090909091,54.0909090909091,33.3181818181818,1.11454545454545,21.8890909090909,1.19090909090909,41.6490909090909,0.487272727272727,33.6690909090909,-0.266112240617671,2.68567763980139,0.837833935018051,0.888571428571429,0.872742155525239
117049,66798,50251,0.554396423558079,0.674237875995125,0.620465482205056,12.5654545454545,54.14,33.2945454545455,1.10727272727273,21.9490909090909,1.12363636363636,41.6290909090909,0.481818181818182,33.7090909090909,-0.258597636141349,2.67727149616588,0.837939516712487,0.888571716425429,0.872706422018349
117156,66865,50291,0.554160773749997,0.673985000260061,0.620290552101409,12.5381818181818,54.1727272727273,33.2890909090909,1.09454545454545,21.9872727272727,1.11272727272727,41.5909090909091,0.449090909090909,33.7654545454545,-0.25412445996507,2.63415954499082,0.838022041763341,0.888605470716563,0.872740182423944
117414,66950,50464,0.553828986267216,0.673903985806446,0.620176487759105,12.4981818181818,54.2363636363636,33.2654545454545,1.08545454545455,22.0327272727273,1.07636363636364,41.5690909090909,0.429090909090909,33.8072727272727,-0.244307676873128,2.64066253148697,0.83794006400931,0.888501508548441,0.872868386532575
117508,67012,50496,0.553682199004541,0.673838812055181,0.619804685438441,12.4909090909091,54.2690909090909,33.24,1.07818181818182,22.0454545454545,1.08181818181818,41.4945454545455,0.447272727272727,33.8527272727273,-0.239299221125177,2.64742368215864,0.837991266375546,0.888568748324846,0.872825730226452
117670,67071,50599,0.553471607232362,0.673706224886043,0.619543714952594,12.4727272727273,54.3054545454546,33.2218181818182,1.08181818181818,22.0418181818182,1.08363636363636,41.4581818181818,0.410909090909091,33.9236363636364,-0.233114839350508,2.64863195216114,0.837900874635569,0.888576402839159,0.872646672504378
117796,67135,50661,0.553384117264268,0.673562503955876,0.619319312104735,12.4581818181818,54.3272727272727,33.2145454545455,1.07818181818182,22.0909090909091,1.06909090909091,41.38,0.416363636363636,33.9654545454545,-0.227342169390018,2.62863935679197,0.838149445417396,0.888654618473896,0.872618786949858
117849,67191,50658,0.553287935077839,0.673447885205583,0.619227571204777,12.4363636363636,54.36,33.2036363636364,1.07818181818182,22.1363636363636,1.07818181818182,41.2763636363636,0.398181818181818,34.0327272727273,-0.222444680261172,2.61626555682583,0.838450292397661,0.888688206569001,0.872686452743402
118041,67255,50786,0.552997159056329,0.673056175360952,0.619106393362278,12.4163636363636,54.38,33.2036363636364,1.07636363636364,22.1563636363636,1.08909090909091,41.1890909090909,0.390909090909091,34.0981818181818,-0.215635781693907,2.61517864711244,0.838336506077024,0.888628840817145,0.872741211258351
118200,67317,50883,0.552807524984991,0.673010298802111,0.618908925005266,12.4054545454545,54.4072727272727,33.1872727272727,1.07454545454545,22.1927272727273,1.06545454545455,41.16,0.365454545454545,34.1418181818182,-0.210359529874669,2.61745267777958,0.83834090575993,0.888718085817404,0.872788034843587
118255,67359,50896,0.552683839133271,0.673036825907552,0.618793056823776,12.3909090909091,54.4309090909091,33.1781818181818,1.06727272727273,22.2127272727273,1.07454545454545,41.1127272727273,0.369090909090909,34.1636363636364,-0.206690220394045,2.58899741713804,0.838591342626559,0.888766409459866,0.872807978956598
118363,67422,50941,0.552506277273463,0.67286789599395,0.61848242954082,12.3654545454545,54.4781818181818,33.1563636363636,1.06181818181818,22.2618181818182,1.04909090909091,41.0490909090909,0.363636363636364,34.2145454545455,-0.199808467409193,2.57749976332892,0.838700191148361,0.888762807462537,0.872724281640711
118536,67457,51079,0.552390401697926,0.672880804688996,0.618272711116237,12.3563636363636,54.5036363636364,33.14,1.05272727272727,22.3254545454545,0.981818181818182,41.0290909090909,0.345454545454545,34.2654545454545,-0.197865146544593,2.56541323763403,0.838728663919953,0.888781399072622,0.872716299994514
118726,67506,51220,0.552449291264389,0.672805747348028,0.618018523541634,12.3527272727273,54.5145454545455,33.1327272727273,1.04545454545455,22.3490909090909,0.974545454545454,40.9436363636364,0.34,34.3472727272727,-0.194167697122215,2.55077182837466,0.839122755372387,0.888837007637661,0.872688360862646
118828,67537,51291,0.552255675727323,0.67267747691084,0.617863999988019,12.3345454545455,54.54,33.1254545454545,1.03636363636364,22.3654545454545,1,40.8672727272727,0.336363636363636,34.3945454545455,-0.191091332332739,2.55848037137608,0.839033018867924,0.888755542220889,0.872715297217191
118819,67563,51256,0.552168272576054,0.672597699566708,0.617617787869407,12.3218181818182,54.5654545454545,33.1127272727273,1.03272727272727,22.3763636363636,1.00363636363636,40.7927272727273,0.343636363636364,34.4509090909091,-0.187067369522992,2.54760948546424,0.839161871034381,0.888674152810636,0.87266637381946
118895,67581,51314,0.552074247713711,0.672408908417339,0.61751223344379,12.3181818181818,54.5763636363636,33.1054545454545,1.02,22.4254545454545,0.958181818181818,40.7636363636364,0.329090909090909,34.5036363636364,-0.185612406855216,2.52291647868062,0.839114391143911,0.888629776460006,0.872638400702988
119034,67608,51426,0.551927188101838,0.672220470341097,0.617330823611983,12.3163636363636,54.5854545454546,33.0981818181818,1.01090909090909,22.4436363636364,0.963636363636364,40.7090909090909,0.325454545454545,34.5472727272727,-0.183078543150226,2.52088212980465,0.839090640684972,0.888615015655186,0.87255548231158
119060,67641,51419,0.551821159601508,0.672117247713489,0.617181330381927,12.3090909090909,54.6109090909091,33.08,1.00181818181818,22.4654545454545,0.974545454545454,40.6418181818182,0.321818181818182,34.5945454545455,-0.180905522074318,2.50311074317856,0.839143279172821,0.888633639632441,0.872595361108058
119240,67663,51577,0.551733334589498,0.672200417402731,0.617012184560958,12.3018181818182,54.6236363636364,33.0745454545455,0.994545454545454,22.5290909090909,0.918181818181818,40.5963636363636,0.312727272727273,34.6490909090909,-0.179932585926409,2.50720630730079,0.839195979899497,0.888626302300037,0.872574349953274
119269,67672,51597,0.551586853419564,0.672176417673383,0.616851285946956,12.2927272727273,54.6436363636364,33.0636363636364,0.992727272727273,22.5636363636364,0.9,40.5109090909091,0.316363636363636,34.7163636363636,-0.179201580090342,2.48030965089036,0.839077059606567,0.888533972183403,0.872532306846302
119388,67702,51686,0.551442664919295,0.672186331323868,0.616589777198357,12.2836363636364,54.66,33.0563636363636,0.987272727272727,22.5945454545455,0.881818181818182,40.4872727272727,0.287272727272727,34.7618181818182,-0.175953834416048,2.4673907218501,0.838957963291889,0.888567341915311,0.872394257741598
119520,67733,51787,0.551388254427754,0.672127977084627,0.616524291581376,12.2763636363636,54.6727272727273,33.0509090909091,0.978181818181818,22.6290909090909,0.870909090909091,40.4254545454545,0.274545454545455,34.8218181818182,-0.173552622683664,2.46599462376061,0.839010663507109,0.888593282341204,0.872428209924084
119572,67761,51811,0.551270858517256,0.672136234111545,0.616388768108838,12.2690909090909,54.6854545454545,33.0454545454545,0.970909090909091,22.6745454545455,0.865454545454545,40.34,0.24,34.9090909090909,-0.172042370495513,2.45058643831448,0.839063426200356,0.888685706686172,0.872407152682256
119790,67799,51991,0.551108874438007,0.672086607115167,0.616269553996534,12.26,54.6945454545455,33.0454545454545,0.967272727272727,22.7018181818182,0.870909090909091,40.2345454545455,0.270909090909091,34.9545454545455,-0.167974766811081,2.44168646967208,0.839092392110337,0.888670966026195,0.872407152682256
119941,67831,52110,0.551026326322031,0.672034194658828,0.61617050829496,12.2509090909091,54.7127272727273,33.0363636363636,0.956363636363636,22.7381818181818,0.832727272727273,40.2072727272727,0.256363636363636,35.0090909090909,-0.163407321900277,2.42555794686672,0.83926981300089,0.888641499401834,0.872372041827188
119984,67849,52135,0.55082651352684,0.67188718344529,0.616055837262955,12.2472727272727,54.7218181818182,33.0309090909091,0.952727272727273,22.7781818181818,0.825454545454545,40.1290909090909,0.269090909090909,35.0454545454545,-0.160329101410885,2.42458856417374,0.838925178147268,0.888626773432568,0.87235096603732
120080,67866,52214,0.550763642672182,0.671736439559231,0.615787942325284,12.2436363636364,54.7418181818182,33.0145454545455,0.950909090909091,22.8018181818182,0.778181818181818,40.1054545454545,0.256363636363636,35.1072727272727,-0.158454928690017,2.41660207769918,0.838877338877339,0.888534608741863,0.872342769027426
120202,67885,52317,0.550653482340615,0.671641335403814,0.615877677663093,12.2381818181818,54.7454545454545,33.0163636363636,0.943636363636364,22.7872727272727,0.776363636363636,40.0527272727273,0.296363636363636,35.1436363636364,-0.15638209657098,2.41079700626433,0.838954093002526,0.888475589505148,0.872459937221213
120286,67889,52397,0.550551856811087,0.671544497274001,0.615837493428855,12.2418181818182,54.74,33.0181818181818,0.947272727272727,22.7927272727273,0.736363636363636,40.0290909090909,0.290909090909091,35.2036363636364,-0.155893565296322,2.39095200538974,0.838704886380514,0.888464476699771,0.872411894273128
120321,67897,52424,0.550539718905517,0.671520762254531,0.615753332998872,12.2418181818182,54.7472727272727,33.0109090909091,0.945454545454545,22.8163636363636,0.707272727272727,39.9745454545455,0.261818181818182,35.2945454545455,-0.156023051581261,2.37635941717096,0.838704886380514,0.888479293281525,0.872438863185724
120323,67907,52416,0.550551737256261,0.671480479458906,0.615591445445148,12.2363636363636,54.7527272727273,33.0109090909091,0.947272727272727,22.8509090909091,0.687272727272727,39.9127272727273,0.276363636363636,35.3254545454545,-0.156065191413985,2.34164840115065,0.838930163447251,0.888490403134755,0.872328706763604
120375,67915,52460,0.550471251396281,0.67152246730813,0.615539828632934,12.2327272727273,54.7581818181818,33.0090909090909,0.941818181818182,22.8672727272727,0.652727272727273,39.8963636363636,0.26,35.3818181818182,-0.155662576091709,2.32539507159963,0.838882282996433,0.888534714613009,0.872321674469843
120546,67933,52613,0.550350554888429,0.671547765941689,0.615560506671508,12.2290909090909,54.7690909090909,33.0018181818182,0.94,22.8745454545455,0.654545454545455,39.86,0.245454545454545,35.4254545454545,-0.153456622147033,2.32530581446534,0.838685697294083,0.888523719417057,0.872458817695995
120453,67953,52500,0.55033891647639,0.671469359052893,0.615586985994222,12.2381818181818,54.7672727272727,32.9945454545455,0.941818181818182,22.8818181818182,0.629090909090909,39.8272727272727,0.249090909090909,35.4709090909091,-0.151770725735961,2.29116939059035,0.838656960332789,0.888586415244672,0.87254091585386
120570,67963,52607,0.550314355979865,0.671399158016907,0.615388805436581,12.24,54.7745454545455,32.9854545454545,0.947272727272727,22.8690909090909,0.643636363636364,39.7654545454546,0.267272727272727,35.5072727272727,-0.150604670397429,2.28302165862512,0.83853238265003,0.888534820420899,0.872505787675008
120746,67979,52767,0.550222392498676,0.671496038628484,0.615359730479917,12.2381818181818,54.7763636363636,32.9854545454545,0.949090909090909,22.8418181818182,0.643636363636364,39.7363636363636,0.247272727272727,35.5818181818182,-0.148816934152273,2.2815659368072,0.83850839399792,0.88850532744714,0.872560908389373
120790,67989,52801,0.550139371881902,0.671461480478287,0.615346989647102,12.2327272727273,54.7818181818182,32.9854545454545,0.943636363636364,22.8309090909091,0.641818181818182,39.7218181818182,0.205454545454545,35.6563636363636,-0.147232206288027,2.28524454229257,0.83858501783591,0.888549618320611,0.872560908389373
120777,68011,52766,0.55008814457242,0.67146203942608,0.615149834218165,12.2327272727273,54.7890909090909,32.9781818181818,0.943636363636364,22.8236363636364,0.629090909090909,39.6727272727273,0.234545454545455,35.6963636363636,-0.145156553358273,2.25592085082423,0.83858501783591,0.888630782504812,0.872532804057779
120789,68022,52767,0.549938854127307,0.671414313732691,0.615136029126069,12.2236363636364,54.8018181818182,32.9745454545455,0.943636363636364,22.7927272727273,0.656363636363636,39.6381818181818,0.201818181818182,35.7672727272727,-0.144653776620081,2.23736976449463,0.838613714115722,0.888623469692446,0.872573886193207
120957,68032,52925,0.549861438244299,0.67149439959213,0.615108144327936,12.22,54.8036363636364,32.9763636363636,0.936363636363636,22.7963636363636,0.64,39.6272727272727,0.178181818181818,35.8218181818182,-0.144122630390286,2.23978270658038,0.838565689629519,0.888660341052352,0.872580911947952
120961,68031,52930,0.549908086196304,0.67144225107662,0.615034837574497,12.2290909090909,54.7909090909091,32.98,0.930909090909091,22.7945454545455,0.649090909090909,39.5909090909091,0.185454545454545,35.8490909090909,-0.144710143619026,2.21963162323968,0.838685697294083,0.888634478181517,0.872539831302718
121038,68039,52999,0.549800146811178,0.671441356710318,0.61497324662481,12.2218181818182,54.7981818181818,32.98,0.927272727272727,22.7981818181818,0.630909090909091,39.5872727272727,0.176363636363636,35.88,-0.144145513093628,2.20712039702657,0.838589705444808,0.888649258435914,0.872539831302718
121001,68047,52954,0.549726925870583,0.671453927355013,0.614939788208316,12.2145454545455,54.8090909090909,32.9763636363636,0.927272727272727,22.7963636363636,0.614545454545455,39.5454545454545,0.198181818181818,35.9181818181818,-0.142934069108874,2.18852646813135,0.838493599285502,0.888671421462929,0.872525776037933
121196,68061,53135,0.549596625887918,0.671649393714975,0.61482011079704,12.2054545454545,54.8236363636364,32.9709090909091,0.927272727272727,22.7836363636364,0.605454545454545,39.52,0.201818181818182,35.9618181818182,-0.141833251308311,2.2056229415265,0.83837330552659,0.888700958445263,0.872504687327672
121179,68069,53110,0.549500100632625,0.671600770017675,0.614756241158029,12.2018181818182,54.8290909090909,32.9690909090909,0.927272727272727,22.7709090909091,0.609090909090909,39.4945454545455,0.22,35.9781818181818,-0.141220308892133,2.17960504659198,0.838325137833408,0.888678869876641,0.872497656206916
121308,68081,53227,0.549573017567782,0.671656500536433,0.614613573061244,12.2,54.8363636363636,32.9636363636364,0.92,22.7709090909091,0.6,39.4890909090909,0.210909090909091,36.0090909090909,-0.139767945907079,2.18903039415282,0.83859910581222,0.888660477453581,0.87242140099283
121481,68087,53394,0.54949112581147,0.671709096438138,0.614649848924065,12.1981818181818,54.8345454545455,32.9672727272727,0.916363636363636,22.7690909090909,0.578181818181818,39.4690909090909,0.212727272727273,36.0545454545455,-0.139371476410253,2.19152258576995,0.838575048442391,0.888656785702444,0.872435473196559
121510,68093,53417,0.549447686607826,0.671562809434054,0.614590808762601,12.2,54.8345454545455,32.9654545454545,0.914545454545455,22.7418181818182,0.576363636363636,39.4818181818182,0.198181818181818,36.0872727272727,-0.138408450134077,2.18073686691509,0.838450074515648,0.888656785702444,0.872428437482764
121521,68089,53432,0.549459067162984,0.671592987338927,0.614592940517469,12.2054545454545,54.8309090909091,32.9636363636364,0.916363636363636,22.7181818181818,0.589090909090909,39.4472727272727,0.198181818181818,36.1309090909091,-0.139975180559982,2.16561143342406,0.838522270221957,0.888649401465663,0.87242140099283
121473,68101,53372,0.549425526838385,0.671549524700477,0.614593987864545,12.2036363636364,54.8363636363636,32.96,0.918181818181818,22.68,0.58,39.48,0.181818181818182,36.16,-0.138165608840592,2.13670702485198,0.838647199046484,0.888693633952255,0.872462488967343
121466,68109,53357,0.549307793374592,0.671532059846481,0.614533656613763,12.1909090909091,54.8527272727273,32.9563636363636,0.914545454545455,22.6509090909091,0.581818181818182,39.4654545454545,0.183636363636364,36.2036363636364,-0.137683591926576,2.11541933261112,0.838627889634601,0.888693692200603,0.872448416639082
121451,68103,53348,0.5492898335134,0.671442943176533,0.614579456549361,12.1909090909091,54.8472727272727,32.9618181818182,0.914545454545455,22.6345454545455,0.561818181818182,39.4618181818182,0.194545454545455,36.2327272727273,-0.139064507499147,2.10470574333925,0.838627889634601,0.888682622820394,0.872414363726626
121433,68097,53336,0.549292133796016,0.671483363718254,0.614644529946565,12.1872727272727,54.8527272727273,32.96,0.918181818181818,22.6054545454545,0.554545454545455,39.4654545454545,0.185454545454545,36.2709090909091,-0.141301962507317,2.08555987932804,0.838728927345964,0.888693692200603,0.872462488967343
121503,68103,53400,0.549318505999899,0.671586830580212,0.614704610817522,12.1854545454545,54.8563636363636,32.9581818181818,0.918181818181818,22.5927272727273,0.534545454545455,39.4763636363636,0.189090909090909,36.2890909090909,-0.141653772595402,2.07612094410526,0.838854073410922,0.888734214974645,0.872510619517846
121499,68099,53400,0.549311273740589,0.671570371275993,0.614696208441472,12.1872727272727,54.8545454545455,32.9581818181818,0.914545454545455,22.5727272727273,0.525454545454546,39.48,0.196363636363636,36.3109090909091,-0.142217842586317,2.05902402289212,0.838728927345964,0.888697381504806,0.872510619517846
121585,68101,53484,0.549325657232265,0.671621247997664,0.614653535873857,12.1909090909091,54.8545454545455,32.9545454545455,0.914545454545455,22.5345454545455,0.534545454545455,39.4927272727273,0.176363636363636,36.3472727272727,-0.142156348830428,2.05248411628841,0.838777032065623,0.888697381504806,0.872496551724138
121586,68108,53478,0.549228104192288,0.671634041038759,0.614540266160335,12.1872727272727,54.8672727272727,32.9454545454545,0.914545454545455,22.5036363636364,0.538181818181818,39.4890909090909,0.189090909090909,36.3654545454545,-0.140884377948135,2.03428001313216,0.838728927345964,0.888723199787918,0.872461368653422
121701,68105,53596,0.549159117061905,0.671629865467352,0.614511700775547,12.1890909090909,54.8636363636364,32.9472727272727,0.912727272727273,22.4727272727273,0.541818181818182,39.4945454545455,0.185454545454545,36.3927272727273,-0.140090711925983,2.03603831302713,0.838603818615752,0.888682684341342,0.872413222228354
121619,68107,53512,0.549156288988879,0.671551062432764,0.614437941105669,12.1927272727273,54.8563636363636,32.9509090909091,0.909090909090909,22.4381818181818,0.530909090909091,39.52,0.187272727272727,36.4145454545455,-0.139011900606883,2.00839033614505,0.838502833283627,0.888734214974645,0.872316945318104
121647,68113,53534,0.549174490642619,0.671632307869623,0.614501989439644,12.1872727272727,54.8618181818182,32.9509090909091,0.907272727272727,22.4181818181818,0.512727272727273,39.5527272727273,0.167272727272727,36.4418181818182,-0.138590132489546,1.99109256881374,0.838728927345964,0.888745277391131,0.87237212382056
121638,68107,53531,0.549163323453729,0.671558927828807,0.614561323412679,12.1927272727273,54.8527272727273,32.9545454545455,0.907272727272727,22.3981818181818,0.514545454545455,39.5381818181818,0.176363636363636,36.4654545454545,-0.140221418051409,1.97615395271304,0.838801073665374,0.888726838808048,0.872386206896552
121694,68115,53579,0.549090913483848,0.671576679356327,0.61452644814861,12.1854545454545,54.8618181818182,32.9527272727273,0.896363636363636,22.38,0.505454545454545,39.5581818181818,0.18,36.48,-0.139610366982048,1.96667713742195,0.838854073410922,0.888712136276264,0.872379165747076
121567,68113,53454,0.549091227054064,0.671453460171237,0.614549727924289,12.1836363636364,54.8618181818182,32.9545454545455,0.896363636363636,22.34,0.532727272727273,39.5636363636364,0.176363636363636,36.4909090909091,-0.140351489665706,1.94359749891922,0.838830025369348,0.888712136276264,0.872386206896552
121629,68113,53516,0.549031039273011,0.671380723981998,0.614479526825453,12.1890909090909,54.86,32.9509090909091,0.889090909090909,22.3309090909091,0.512727272727273,39.6,0.18,36.4872727272727,-0.140769733913476,1.92538416786119,0.838603818615752,0.888708447950154,0.87237212382056
121659,68109,53550,0.549039558078231,0.671300028683493,0.614403653890291,12.1981818181818,54.8545454545455,32.9472727272727,0.881818181818182,22.3181818181818,0.490909090909091,39.64,0.161818181818182,36.5072727272727,-0.141771450374191,1.91165414654057,0.838575048442391,0.888697381504806,0.872358037635892
121695,68113,53582,0.549010885302541,0.671270091800166,0.614377565529437,12.1963636363636,54.8563636363636,32.9472727272727,0.876363636363636,22.2927272727273,0.494545454545455,39.6454545454545,0.181818181818182,36.5090909090909,-0.141329661696959,1.90394374307414,0.838550983899821,0.888667926154254,0.872358037635892
121847,68112,53735,0.54893374113432,0.671343360277287,0.614319984824672,12.1909090909091,54.8509090909091,32.9581818181818,0.870909090909091,22.2636363636364,0.503636363636364,39.6545454545455,0.176363636363636,36.5309090909091,-0.141686180713375,1.91488489650021,0.838478747203579,0.888690002651817,0.872234787885475
121847,68117,53730,0.548841295544262,0.671399055802317,0.614294534399991,12.1818181818182,54.86,32.9581818181818,0.865454545454545,22.2454545454545,0.489090909090909,39.6890909090909,0.158181818181818,36.5527272727273,-0.141392943652516,1.89819393984296,0.838507462686567,0.888708447950154,0.872234787885475
121960,68110,53850,0.548880904767486,0.671384080836052,0.614324453634678,12.1872727272727,54.8454545454545,32.9672727272727,0.86,22.2236363636364,0.490909090909091,39.7218181818182,0.145454545454545,36.5581818181818,-0.142320839270145,1.90530712778087,0.838430553483515,0.888712083540527,0.872214868740349
121982,68108,53874,0.548851066715861,0.671309830815128,0.614448434828175,12.1945454545455,54.8363636363636,32.9690909090909,0.861818181818182,22.1945454545455,0.490909090909091,39.7563636363636,0.123636363636364,36.5727272727273,-0.143273376866074,1.88272814780304,0.838377814223945,0.888726790450928,0.872277063916616
121981,68108,53873,0.548828683386654,0.671316102961272,0.614448856137529,12.1945454545455,54.8363636363636,32.9690909090909,0.856363636363636,22.1727272727273,0.5,39.7636363636364,0.12,36.5872727272727,-0.143393560502657,1.88007222695953,0.838377814223945,0.888726790450928,0.872277063916616
121967,68116,53851,0.54874863247137,0.671344090039473,0.614511861540778,12.1818181818182,54.8454545454545,32.9727272727273,0.858181818181818,22.1454545454545,0.481818181818182,39.7818181818182,0.141818181818182,36.5909090909091,-0.142250977577747,1.85888463787057,0.838507462686567,0.888712083540527,0.872291149710505
122010,68112,53898,0.548729949618,0.671409266629244,0.614530730997677,12.1781818181818,54.8509090909091,32.9709090909091,0.856363636363636,22.1127272727273,0.478181818181818,39.8218181818182,0.136363636363636,36.5945454545455,-0.142570717404702,1.8555638120425,0.838608539862646,0.888656854945638,0.872284107201941
122017,68106,53911,0.548733413743462,0.671375865347969,0.614486853473476,12.1818181818182,54.8472727272727,32.9709090909091,0.854545454545454,22.0854545454545,0.478181818181818,39.8527272727273,0.14,36.5890909090909,-0.143869035371939,1.84343718392774,0.83865671641791,0.888649472916529,0.872228962170508
122004,68107,53897,0.54857573945736,0.671406979663426,0.614484990364093,12.18,54.8545454545455,32.9654545454545,0.852727272727273,22.0436363636364,0.470909090909091,39.9018181818182,0.132727272727273,36.5981818181818,-0.14367918688116,1.82329013484784,0.838483355724735,0.888631090487239,0.872262975015167
121921,68107,53814,0.548512267267887,0.671329393249601,0.614516151589046,12.1727272727273,54.86,32.9672727272727,0.858181818181818,21.9981818181818,0.465454545454546,39.9290909090909,0.141818181818182,36.6072727272727,-0.144323551139942,1.79790518457409,0.838386855862584,0.88864216352368,0.872270019854401
121909,68108,53801,0.548490661222887,0.671288158175078,0.614426535617389,12.1727272727273,54.86,32.9672727272727,0.850909090909091,21.9763636363636,0.452727272727273,39.9690909090909,0.147272727272727,36.6036363636364,-0.144805579688612,1.78570581683889,0.838386855862584,0.88864216352368,0.872214868740349
121926,68119,53807,0.548414736270517,0.671302714677553,0.614390837392831,12.1745454545455,54.8745454545455,32.9509090909091,0.850909090909091,21.9381818181818,0.469090909090909,39.9927272727273,0.132727272727273,36.6163636363636,-0.144390349501786,1.77492312456227,0.838410991636798,0.888671680858818,0.872316945318104
121914,68119,53795,0.54840062864424,0.671316960135671,0.614331625824007,12.1781818181818,54.8745454545455,32.9472727272727,0.852727272727273,21.9,0.478181818181818,40.0163636363636,0.136363636363636,36.6163636363636,-0.144897168618098,1.75586826642129,0.838459241564646,0.888671680858818,0.87230285304343
121896,68113,53783,0.548386590278237,0.671242183830013,0.614319366828534,12.1818181818182,54.8690909090909,32.9490909090909,0.850909090909091,21.8690909090909,0.492727272727273,40.0309090909091,0.132727272727273,36.6236363636364,-0.146051368570294,1.74013032531366,0.838358208955224,0.888660613692094,0.872309899569584
121945,68128,53817,0.548225330690671,0.671151559700237,0.614330689754911,12.1690909090909,54.8745454545455,32.9563636363636,0.852727272727273,21.8290909090909,0.509090909090909,40.0381818181818,0.138181818181818,36.6327272727273,-0.14312712575563,1.7258764106611,0.838189152846257,0.888605414002187,0.872282908529185
121970,68127,53843,0.548224897628261,0.671176448768836,0.614345670244286,12.1672727272727,54.8727272727273,32.96,0.849090909090909,21.7981818181818,0.509090909090909,40.0436363636364,0.149090909090909,36.6509090909091,-0.143888664251426,1.71896100928478,0.838164973102212,0.888634857521537,0.872296999117387
122035,68135,53900,0.548293602069034,0.671143327758926,0.614234110341296,12.1672727272727,54.8781818181818,32.9545454545455,0.849090909090909,21.7745454545455,0.5,40.0618181818182,0.154545454545455,36.66,-0.14392947536954,1.70775215197355,0.838463837417812,0.888612795282112,0.872275862068966
122035,68133,53902,0.548243215157351,0.671117950237638,0.614208595709543,12.1690909090909,54.8727272727273,32.9581818181818,0.847272727272727,21.7363636363636,0.505454545454545,40.1145454545455,0.12,36.6763636363636,-0.14453442351587,1.69753886004063,0.838487972508591,0.888634857521537,0.872234787885475
122050,68127,53923,0.548247771209554,0.671096231113608,0.614231276958939,12.1672727272727,54.8727272727273,32.96,0.850909090909091,21.6927272727273,0.505454545454545,40.1636363636364,0.12,36.6672727272727,-0.145988966781376,1.69008778700266,0.838463837417812,0.888601722995361,0.872241835834069
122120,68121,53999,0.548236913628429,0.670990032662595,0.614253528885896,12.1781818181818,54.8581818181818,32.9636363636364,0.843636363636364,21.6618181818182,0.503636363636364,40.2,0.132727272727273,36.6581818181818,-0.146872425355501,1.6864852309481,0.838309943266647,0.888572186132838,0.872255929398786
122111,68119,53992,0.548191255863072,0.670916025028656,0.614215799207796,12.18,54.8563636363636,32.9636363636364,0.84,21.6309090909091,0.514545454545455,40.2218181818182,0.125454545454545,36.6672727272727,-0.146885404623159,1.67368391116404,0.8380355276907,0.888568492923668,0.872255929398786
122221,68141,54080,0.548182036920006,0.670937691908641,0.614194274554961,12.1709090909091,54.8672727272727,32.9618181818182,0.843636363636364,21.5945454545455,0.501818181818182,40.2618181818182,0.125454545454545,36.6727272727273,-0.144575512807139,1.672711079483,0.838213325365999,0.888590648507141,0.872304043245629
122224,68145,54079,0.548228180578964,0.670982178029815,0.6140577951434,12.1727272727273,54.8781818181818,32.9490909090909,0.84,21.5654545454545,0.507272727272727,40.2727272727273,0.145454545454545,36.6690909090909,-0.143732159466163,1.65801830293441,0.838237490664675,0.888612795282112,0.872254718022293
122247,68151,54096,0.548284621242209,0.670884772202493,0.614061279302628,12.1818181818182,54.8654545454545,32.9527272727273,0.838181818181818,21.5218181818182,0.536363636363636,40.2836363636364,0.156363636363636,36.6636363636364,-0.142723541032055,1.64589467921548,0.838507462686567,0.888620095440085,0.872268814831163
122258,68140,54118,0.548196518990896,0.67096008200777,0.613953833915777,12.18,54.8654545454545,32.9545454545455,0.834545454545455,21.5054545454545,0.527272727272727,40.3163636363636,0.132727272727273,36.6836363636364,-0.14475152002838,1.63900139859285,0.83833407971339,0.888620095440085,0.872165517241379
122220,68142,54078,0.548158060580781,0.671021538165258,0.61403604941499,12.1781818181818,54.8690909090909,32.9527272727273,0.838181818181818,21.4745454545455,0.523636363636364,40.3472727272727,0.14,36.6763636363636,-0.145608403047862,1.62702692829242,0.838309943266647,0.888660613692094,0.872268814831163
122199,68146,54053,0.548178703800992,0.670967418014708,0.614008069881477,12.1763636363636,54.8709090909091,32.9527272727273,0.836363636363636,21.4527272727273,0.516363636363636,40.3745454545455,0.132727272727273,36.6872727272727,-0.145111553421223,1.61261082203551,0.838285799611766,0.888697438616256,0.872268814831163
122300,68148,54152,0.548146327199694,0.671048876410579,0.614029502809935,12.1745454545455,54.8709090909091,32.9545454545455,0.834545454545455,21.4272727272727,0.525454545454546,40.3963636363636,0.125454545454545,36.6909090909091,-0.146289033893845,1.62421514947306,0.83826164874552,0.888697438616256,0.872275862068966
122292,68156,54136,0.548138558031647,0.6710504212425,0.614113635653378,12.1727272727273,54.8709090909091,32.9563636363636,0.832727272727273,21.3872727272727,0.532727272727273,40.4272727272727,0.127272727272727,36.6927272727273,-0.145037074375035,1.60231058317321,0.838386855862584,0.888697438616256,0.87233807789915
122383,68160,54223,0.548036953263278,0.67113481573495,0.614087748217165,12.1763636363636,54.8709090909091,32.9527272727273,0.829090909090909,21.3618181818182,0.532727272727273,40.44,0.118181818181818,36.7181818181818,-0.145466362242521,1.59890658119693,0.838285799611766,0.888796845488585,0.87232399028912
122448,68149,54299,0.54807480515163,0.671219384782301,0.614034311253914,12.1818181818182,54.8727272727273,32.9454545454545,0.827272727272727,21.34,0.521818181818182,40.4727272727273,0.121818181818182,36.7163636363636,-0.148229013041154,1.59779347045855,0.838358208955224,0.888767395626243,0.872295805739514
122465,68152,54313,0.548098888557706,0.67117170112478,0.614116779255214,12.18,54.8727272727273,32.9472727272727,0.823636363636364,21.3309090909091,0.509090909090909,40.5072727272727,0.116363636363636,36.7127272727273,-0.147835409744386,1.58964065326039,0.838483355724735,0.888767395626243,0.872358037635892
122511,68162,54349,0.548046016523715,0.671115169921787,0.614097802978955,12.1727272727273,54.8709090909091,32.9563636363636,0.823636363636364,21.3145454545455,0.507272727272727,40.52,0.12,36.7145454545455,-0.145098657999452,1.58420021719384,0.838386855862584,0.888730574240366,0.872282908529185
122609,68165,54444,0.548021276143131,0.671167760106349,0.614078878808925,12.18,54.8654545454545,32.9545454545455,0.823636363636364,21.2981818181818,0.509090909090909,40.5327272727273,0.121818181818182,36.7145454545455,-0.14365690756531,1.58185399009592,0.838184803702045,0.888752651113468,0.872331034482759
122545,68157,54388,0.548062207729132,0.671146642353939,0.614077352635107,12.1854545454545,54.8581818181818,32.9563636363636,0.82,21.2818181818182,0.512727272727273,40.5290909090909,0.141818181818182,36.7145454545455,-0.144597541858622,1.57229592349296,0.838406445837064,0.888737902691237,0.872282908529185
122607,68153,54454,0.54803056697202,0.671051600411751,0.61407274461385,12.1909090909091,54.8472727272727,32.9618181818182,0.818181818181818,21.2781818181818,0.507272727272727,40.5363636363636,0.129090909090909,36.7309090909091,-0.1439229639212,1.57379821651531,0.838180462341536,0.888715772724259,0.87224888300513
122655,68152,54503,0.547979311784023,0.671037315810163,0.614075476310756,12.1818181818182,54.8581818181818,32.96,0.814545454545455,21.2618181818182,0.498181818181818,40.5654545454545,0.12,36.74,-0.144471884200638,1.58073116686428,0.838059701492537,0.888671616067877,0.872241835834069
122781,68150,54631,0.548011636657027,0.671132323577768,0.614003650414199,12.1836363636364,54.8545454545455,32.9618181818182,0.814545454545455,21.2527272727273,0.5,40.5672727272727,0.12,36.7454545454545,-0.14494195615202,1.58791972988031,0.838233099537382,0.888664235996023,0.872193722764631
122753,68146,54607,0.548001630541088,0.671159755777328,0.613936784079109,12.1963636363636,54.8454545454545,32.9581818181818,0.814545454545455,21.2254545454545,0.503636363636364,40.5836363636364,0.118181818181818,36.7545454545455,-0.146679400900823,1.58202936882153,0.838252832438879,0.888712083540527,0.872179621559
122793,68151,54642,0.547990845558032,0.671197944616558,0.614005006003095,12.1963636363636,54.8454545454545,32.9581818181818,0.816363636363636,21.2072727272727,0.501818181818182,40.6090909090909,0.114545454545455,36.7509090909091,-0.146558134108173,1.56928929550235,0.838252832438879,0.888712083540527,0.872234787885475
122692,68147,54545,0.548055635011027,0.671141467239238,0.613999659471136,12.1909090909091,54.8454545454545,32.9636363636364,0.814545454545455,21.1945454545455,0.509090909090909,40.6054545454545,0.121818181818182,36.7545454545455,-0.147981028018231,1.55450399834663,0.838329604772558,0.888712083540527,0.872200772200772
122704,68153,54551,0.54804163276474,0.671095152766753,0.614165697534334,12.1836363636364,54.8454545454545,32.9709090909091,0.814545454545455,21.1818181818182,0.505454545454545,40.6145454545455,0.121818181818182,36.7618181818182,-0.147903996189945,1.54095780354163,0.838382330995374,0.888712083540527,0.872284107201941
122736,68141,54595,0.548043257254821,0.671050634332852,0.614205315576946,12.1963636363636,54.8381818181818,32.9654545454545,0.812727272727273,21.1618181818182,0.503636363636364,40.6327272727273,0.12,36.7690909090909,-0.149434583730511,1.53520889607766,0.838252832438879,0.888664168959915,0.872318129171033
122678,68153,54525,0.548015669662911,0.671066227719164,0.614174685797146,12.1909090909091,54.8509090909091,32.9581818181818,0.812727272727273,21.1363636363636,0.503636363636364,40.6545454545455,0.107272727272727,36.7854545454545,-0.149513399724475,1.51976675148842,0.838478747203579,0.888690002651817,0.872400286864898
122765,68153,54612,0.547938384076485,0.671079805534372,0.614230884563254,12.1836363636364,54.8545454545455,32.9618181818182,0.809090909090909,21.1290909090909,0.492727272727273,40.6818181818182,0.0981818181818182,36.7890909090909,-0.149004035166052,1.53197878419676,0.838382330995374,0.888664235996023,0.872414363726626
122606,68162,54444,0.547904504342425,0.670953515822742,0.614149449572368,12.1745454545455,54.8672727272727,32.9581818181818,0.809090909090909,21.1236363636364,0.485454545454546,40.6927272727273,0.110909090909091,36.7781818181818,-0.146625807346903,1.49236004730602,0.838560334528076,0.888623786327335,0.872345120538423
122624,68147,54477,0.548062550743111,0.670849305610973,0.614188780059922,12.18,54.8654545454545,32.9545454545455,0.809090909090909,21.0854545454545,0.503636363636364,40.7127272727273,0.118181818181818,36.7709090909091,-0.148697061727183,1.48325388640673,0.838781907747425,0.888553817603393,0.872331034482759
122652,68142,54510,0.548076709651306,0.670798643162358,0.61421746783667,12.1909090909091,54.8527272727273,32.9563636363636,0.807272727272727,21.0836363636364,0.472727272727273,40.7436363636364,0.114545454545455,36.7781818181818,-0.151132423994899,1.47476926331662,0.838627889634601,0.888561105770824,0.872393247269116
122669,68140,54529,0.548066402476496,0.670766272208636,0.614145089965722,12.1963636363636,54.8436363636364,32.96,0.809090909090909,21.0690909090909,0.465454545454546,40.7872727272727,0.105454545454545,36.7636363636364,-0.151737956243662,1.46441180640832,0.83840190816935,0.888608937806657,0.872296999117387
122747,68145,54602,0.548033292710152,0.670771841542639,0.614097940547784,12.2036363636364,54.8327272727273,32.9636363636364,0.809090909090909,21.0490909090909,0.472727272727273,40.8036363636364,0.0927272727272727,36.7727272727273,-0.152107173641376,1.47300051395697,0.83849821215733,0.888653093706479,0.872255929398786
122730,68151,54579,0.54807096453516,0.670789481679753,0.614137913565518,12.1963636363636,54.8309090909091,32.9727272727273,0.812727272727273,21.0236363636364,0.481818181818182,40.8109090909091,0.0963636363636364,36.7745454545455,-0.151003206559504,1.45164688440378,0.838849135360763,0.888649401465663,0.872236007719879
122822,68155,54667,0.547942063453036,0.670917087051269,0.6142306221146,12.1909090909091,54.84,32.9690909090909,0.812727272727273,20.9927272727273,0.474545454545455,40.8436363636364,0.110909090909091,36.7654545454546,-0.151762359350687,1.46119221481071,0.838627889634601,0.888667860221471,0.872332211989191
122832,68170,54662,0.548004168399837,0.670941099045349,0.614176127150367,12.1854545454545,54.8472727272727,32.9672727272727,0.818181818181818,20.9654545454545,0.474545454545455,40.8672727272727,0.114545454545455,36.76,-0.150561192459215,1.44309808428145,0.838704864219636,0.888715772724259,0.872325170968454
122895,68172,54723,0.548081008749802,0.670909523565883,0.61416168693777,12.1818181818182,54.8527272727273,32.9654545454545,0.818181818181818,20.9545454545455,0.470909090909091,40.8727272727273,0.123636363636364,36.76,-0.149610248181191,1.45570446978408,0.838955223880597,0.888660545593159,0.872262975015167
122943,68155,54788,0.547977615851392,0.670981093189242,0.614189721367854,12.1890909090909,54.8418181818182,32.9690909090909,0.812727272727273,20.9472727272727,0.470909090909091,40.8836363636364,0.109090909090909,36.7763636363636,-0.152837115608748,1.46247838687321,0.838603818615752,0.888671551238272,0.872277063916616
122988,68144,54844,0.547892045357118,0.670963201116235,0.614189968942292,12.1945454545455,54.8309090909091,32.9745454545455,0.812727272727273,20.9381818181818,0.463636363636364,40.8927272727273,0.101818181818182,36.7909090909091,-0.152488313048856,1.47187274377793,0.838228716266587,0.888616241668601,0.87224305249228
122918,68134,54784,0.547855734119355,0.670998371859046,0.614076654760903,12.1909090909091,54.8363636363636,32.9727272727273,0.809090909090909,20.9418181818182,0.46,40.8909090909091,0.101818181818182,36.7963636363636,-0.155592109214128,1.45435900887136,0.838329604772558,0.888627320954907,0.872125723738627
122829,68134,54695,0.547813944759001,0.670919280407738,0.614142284763625,12.1981818181818,54.8272727272727,32.9745454545455,0.805454545454545,20.9290909090909,0.458181818181818,40.8981818181818,0.0981818181818182,36.8109090909091,-0.157318364447168,1.43274263120256,0.83827694142197,0.888708340242083,0.872187913542126
122890,68156,54734,0.547846998782654,0.670907096179583,0.614185748128141,12.1963636363636,54.8327272727273,32.9709090909091,0.803636363636364,20.9145454545455,0.452727272727273,40.9181818181818,0.1,36.8109090909091,-0.15419594167192,1.42431778479367,0.83840190816935,0.888752569799058,0.872284107201941
122804,68156,54648,0.547778722891254,0.670770310701934,0.614258857550726,12.1945454545455,54.8309090909091,32.9745454545455,0.801818181818182,20.9018181818182,0.449090909090909,40.9327272727273,0.105454545454545,36.8090909090909,-0.153952112892479,1.40252949926494,0.838377814223945,0.888715721059787,0.872353330392589
122934,68151,54783,0.547911545269119,0.670876961601692,0.614209875364641,12.2,54.8254545454545,32.9745454545455,0.796363636363636,20.9054545454545,0.427272727272727,40.9509090909091,0.103636363636364,36.8163636363636,-0.155257615283005,1.41277276030742,0.83859910581222,0.888704649466074,0.872298191442435
122799,68142,54657,0.547777966118415,0.670884571535948,0.614047764310622,12.1981818181818,54.84,32.9618181818182,0.798181818181818,20.8927272727273,0.418181818181818,40.9690909090909,0.103636363636364,36.8181818181818,-0.158717195909015,1.39422186849723,0.83827694142197,0.888667860221471,0.87224888300513
122865,68134,54731,0.547777466538454,0.670892241365706,0.614122343677943,12.1981818181818,54.8345454545455,32.9672727272727,0.8,20.8672727272727,0.42,40.9945454545455,0.103636363636364,36.8145454545455,-0.160466382282373,1.39035574809479,0.83827694142197,0.88862362810438,0.872270019854401
122929,68124,54805,0.547903961846311,0.670795786243534,0.614138629152305,12.2090909090909,54.8181818181818,32.9727272727273,0.801818181818182,20.8563636363636,0.42,40.9945454545455,0.103636363636364,36.8236363636364,-0.161069099542775,1.39192518681203,0.838272524199553,0.888557213930348,0.872236007719879
122926,68118,54808,0.547856143358607,0.670735006841686,0.614163995346217,12.2072727272727,54.8127272727273,32.98,0.796363636363636,20.84,0.418181818181818,41.0236363636364,0.103636363636364,36.8181818181818,-0.159830587141385,1.38908024915833,0.838248436103664,0.888546123992437,0.872153922487458
122928,68136,54792,0.547867938881455,0.670630036610301,0.614229061777076,12.1981818181818,54.8254545454545,32.9763636363636,0.796363636363636,20.8309090909091,0.410909090909091,41.0327272727273,0.101818181818182,36.8272727272727,-0.158266619884473,1.37738412018781,0.838575048442391,0.888472507793328,0.872305232397861
122930,68143,54787,0.547765090659401,0.670701954792699,0.614181714275518,12.1927272727273,54.8454545454545,32.9618181818182,0.803636363636364,20.7945454545455,0.403636363636364,41.0527272727273,0.118181818181818,36.8272727272727,-0.158022511128828,1.35810555860993,0.838502833283627,0.888446875517984,0.872414363726626
123179,68159,55020,0.547770616824665,0.67080169415864,0.613978696715554,12.2,54.8436363636364,32.9563636363636,0.803636363636364,20.7818181818182,0.387272727272727,41.0709090909091,0.0981818181818182,36.8581818181818,-0.156669767799692,1.38681605541232,0.83859910581222,0.88854263360297,0.87233807789915
123048,68153,54895,0.547797556432893,0.670836135867737,0.613915564386398,12.2036363636364,54.8418181818182,32.9545454545455,0.798181818181818,20.7636363636364,0.390909090909091,41.0727272727273,0.116363636363636,36.8581818181818,-0.157202862097686,1.36249861158854,0.83849821215733,0.888605244836389,0.872275862068966
123040,68152,54888,0.547812149639749,0.670688285287625,0.613968185850314,12.2090909090909,54.8272727272727,32.9636363636364,0.798181818181818,20.7381818181818,0.396363636363636,41.1,0.0963636363636364,36.8709090909091,-0.156136847494847,1.36007263685831,0.838421444527178,0.888642016249378,0.872255929398786
123101,68148,54953,0.547738168475855,0.67086059893376,0.613944334912525,12.2,54.8345454545455,32.9654545454545,0.794545454545455,20.7236363636364,0.387272727272727,41.1327272727273,0.0854545454545454,36.8763636363636,-0.157752191224691,1.35777074122717,0.838450074515648,0.88862362810438,0.872152666703436
122993,68142,54851,0.547703758863325,0.670745818821801,0.614135083167488,12.2,54.8290909090909,32.9709090909091,0.794545454545455,20.7090909090909,0.369090909090909,41.1436363636364,0.0945454545454545,36.8890909090909,-0.160442176285142,1.33672177024524,0.838450074515648,0.8886125480833,0.872284107201941
122945,68136,54809,0.54768289978827,0.670678456532464,0.61419470699887,12.1963636363636,54.8309090909091,32.9727272727273,0.8,20.6818181818182,0.38,41.1490909090909,0.0872727272727273,36.9018181818182,-0.162592342843577,1.32086853214794,0.83840190816935,0.888549922074477,0.87234629170113
123036,68122,54914,0.547638043724294,0.670717635683006,0.614201155527822,12.2054545454545,54.8218181818182,32.9727272727273,0.798181818181818,20.6763636363636,0.370909090909091,41.1527272727273,0.0927272727272727,36.9090909090909,-0.164761028645973,1.32468394998207,0.838075376135856,0.888531440700451,0.87234629170113
123144,68146,54998,0.547706145468339,0.670878204564042,0.614185431942472,12.1945454545455,54.8363636363636,32.9690909090909,0.794545454545455,20.6781818181818,0.36,41.16,0.0981818181818182,36.9090909090909,-0.163226010235799,1.32608357487585,0.838526912181303,0.88856100795756,0.872387360061766
123041,68139,54902,0.547578761585758,0.67073210553374,0.61407087252196,12.1909090909091,54.8381818181818,32.9709090909091,0.790909090909091,20.68,0.358181818181818,41.18,0.0963636363636364,36.8945454545455,-0.16304941027457,1.30339818751355,0.838180462341536,0.888564702761845,0.872284107201941
123029,68134,54895,0.547540592847657,0.670754857855642,0.614095452825396,12.1963636363636,54.8309090909091,32.9727272727273,0.789090909090909,20.6618181818182,0.370909090909091,41.1981818181818,0.0890909090909091,36.8909090909091,-0.16648698904795,1.29563754848628,0.837954680977937,0.888682561262725,0.872291149710505
123162,68141,55021,0.547688984070964,0.670762912290663,0.6141203314247,12.1927272727273,54.8290909090909,32.9781818181818,0.794545454545455,20.64,0.372727272727273,41.2109090909091,0.0872727272727273,36.8945454545455,-0.166830040512749,1.28519794067622,0.838502833283627,0.888645708979971,0.872257139706693
123210,68147,55063,0.547825017351343,0.670721353751613,0.614115029874397,12.2072727272727,54.82,32.9727272727273,0.792727272727273,20.6472727272727,0.365454545454545,41.2,0.1,36.8945454545455,-0.165044365752891,1.28681901370768,0.838546321120048,0.888693575669132,0.872291149710505
123354,68132,55222,0.547816538014414,0.67082248076725,0.614156963767419,12.2109090909091,54.8127272727273,32.9763636363636,0.790909090909091,20.6472727272727,0.36,41.2145454545455,0.1,36.8872727272727,-0.16390256354617,1.29883004022678,0.838445503275759,0.888579294788868,0.872305232397861
123354,68142,55212,0.547769782966032,0.670690861670133,0.614317219430146,12.2090909090909,54.8127272727273,32.9781818181818,0.790909090909091,20.6236363636364,0.358181818181818,41.2490909090909,0.0945454545454545,36.8836363636364,-0.162814601865698,1.294182796662,0.838421444527178,0.888512953196006,0.872477671187562
123344,68128,55216,0.547810569439145,0.670686874788611,0.614080066989587,12.2127272727273,54.8127272727273,32.9745454545455,0.790909090909091,20.6109090909091,0.370909090909091,41.2381818181818,0.0927272727272727,36.8963636363636,-0.16572528219377,1.28271286297082,0.838469554860801,0.888546123992437,0.872298191442435
123374,68139,55235,0.547941405459831,0.670701840489495,0.613984737717406,12.2145454545455,54.8127272727273,32.9727272727273,0.790909090909091,20.6109090909091,0.350909090909091,41.2709090909091,0.0836363636363636,36.8927272727273,-0.164197416915902,1.27299595369365,0.838791306936588,0.888579294788868,0.872291149710505
123382,68148,55234,0.547845069905366,0.670560386272138,0.613821047205006,12.2109090909091,54.82,32.9690909090909,0.792727272727273,20.6054545454545,0.349090909090909,41.2727272727273,0.105454545454545,36.8745454545455,-0.161420074115317,1.2643703115342,0.838594401429422,0.888527743690093,0.872166767771466
123371,68169,55202,0.547856573006589,0.670526916701385,0.613885086395373,12.1963636363636,54.8381818181818,32.9654545454545,0.790909090909091,20.6,0.36,41.2981818181818,0.0836363636363636,36.8672727272727,-0.158313634089824,1.25681650013007,0.838849135360763,0.888465236563774,0.872318129171033
123309,68164,55145,0.547834450845699,0.670628387916281,0.613924085068053,12.1981818181818,54.84,32.9618181818182,0.792727272727273,20.6,0.352727272727273,41.3036363636364,0.0854545454545454,36.8654545454545,-0.163974371578793,1.24033817802133,0.838873155462811,0.888568397321133,0.872359203486127
123225,68140,55085,0.547901118251865,0.67075994776244,0.613954449559794,12.2072727272727,54.8309090909091,32.9618181818182,0.792727272727273,20.6036363636364,0.352727272727273,41.3090909090909,0.0963636363636364,36.8454545454545,-0.170859183193534,1.22781841420484,0.83869526362824,0.888649401465663,0.872359203486127
123224,68130,55094,0.547833632193551,0.67066062582054,0.613966223199502,12.2090909090909,54.8236363636364,32.9672727272727,0.794545454545455,20.6,0.354545454545454,41.3163636363636,0.112727272727273,36.8218181818182,-0.17023598782742,1.21583863644945,0.838272524199553,0.88860146585746,0.872325170968454
123220,68128,55092,0.547686553699838,0.670710804514295,0.613889741115043,12.2,54.8290909090909,32.9709090909091,0.796363636363636,20.6,0.338181818181818,41.3636363636364,0.107272727272727,36.7945454545455,-0.169781579180959,1.2093145749193,0.838152011922504,0.88857938718663,0.872228962170508
123338,68145,55193,0.547609380341239,0.670792301920438,0.613984994990561,12.1963636363636,54.8363636363636,32.9672727272727,0.798181818181818,20.6109090909091,0.334545454545455,41.3636363636364,0.1,36.7927272727273,-0.164924259455504,1.21988645209084,0.838103756708408,0.88856100795756,0.872380322082506
123261,68133,55128,0.547693219863366,0.670614321353971,0.61398574679421,12.2072727272727,54.8218181818182,32.9709090909091,0.796363636363636,20.6145454545455,0.341818181818182,41.3745454545455,0.0818181818181818,36.7909090909091,-0.168390911631948,1.20977115857161,0.83795055108728,0.88859777129212,0.872394397264806
123289,68137,55152,0.547717108717663,0.670688934086524,0.613923146325362,12.2145454545455,54.8236363636364,32.9618181818182,0.796363636363636,20.6181818181818,0.329090909090909,41.3945454545455,0.0909090909090909,36.7709090909091,-0.170004817424739,1.19997126280584,0.838047037808872,0.88860146585746,0.872469523967125
123346,68139,55207,0.547835949924953,0.670641776537082,0.613902398204489,12.2127272727273,54.8163636363636,32.9709090909091,0.796363636363636,20.6145454545455,0.330909090909091,41.4018181818182,0.0927272727272727,36.7636363636364,-0.168487395584816,1.2007830681745,0.838320678874498,0.88861985472155,0.872339252233374
123301,68139,55162,0.547911629790602,0.670629691537619,0.613919072269797,12.1963636363636,54.8290909090909,32.9745454545455,0.8,20.6127272727273,0.330909090909091,41.4054545454546,0.0963636363636364,36.7545454545455,-0.171806789743873,1.17481577730399,0.838700059630292,0.88857938718663,0.872298191442435
123424,68129,55295,0.547873448008935,0.670689393716247,0.613969368747352,12.1890909090909,54.8290909090909,32.9818181818182,0.8,20.6145454545455,0.325454545454545,41.4254545454545,0.0909090909090909,36.7436363636364,-0.173828420710528,1.19123641481009,0.838752983293556,0.88857938718663,0.872271223814774
123467,68112,55355,0.547599099714038,0.670855018091591,0.613910544009407,12.1890909090909,54.8309090909091,32.98,0.803636363636364,20.6054545454545,0.338181818181818,41.4163636363636,0.0963636363636364,36.74,-0.176438378561579,1.18591566478664,0.838007159904535,0.888682561262725,0.872209052318209
123423,68126,55297,0.547587773353952,0.670909001514495,0.613932422650015,12.1763636363636,54.8436363636364,32.98,0.803636363636364,20.6090909090909,0.332727272727273,41.4236363636364,0.0890909090909091,36.7418181818182,-0.171623415065088,1.17026318634903,0.837987158429147,0.8886420899085,0.872264182148961
123426,68118,55308,0.547650147312145,0.670856495354243,0.613982993284617,12.1781818181818,54.8381818181818,32.9836363636364,0.805454545454545,20.6163636363636,0.325454545454545,41.4381818181818,0.08,36.7345454545455,-0.173131454448263,1.16416412918625,0.838011346670648,0.888631013560558,0.872278264704261
123390,68110,55280,0.547590203240727,0.670852243857231,0.614085291206483,12.1872727272727,54.82,32.9927272727273,0.809090909090909,20.6145454545455,0.312727272727273,41.4509090909091,0.0709090909090909,36.7418181818182,-0.173962879437419,1.15651282311248,0.83798299268984,0.888627242877516,0.872258348947426
123379,68116,55263,0.547587087075738,0.670715393880404,0.614133875966339,12.1854545454545,54.8218181818182,32.9927272727273,0.805454545454545,20.6,0.314545454545455,41.4672727272727,0.08,36.7327272727273,-0.172995535908293,1.15030140180395,0.838108027454491,0.88859777129212,0.872258348947426
123318,68134,55184,0.547729586249433,0.670617995100387,0.614005802091926,12.1818181818182,54.8345454545455,32.9836363636364,0.805454545454545,20.6018181818182,0.314545454545455,41.4690909090909,0.0818181818181818,36.7272727272727,-0.173917130849837,1.13447887396694,0.838507462686567,0.88862362810438,0.872333388457086
123448,68130,55318,0.547718388598899,0.670759225941535,0.61392405001854,12.1781818181818,54.84,32.9818181818182,0.807272727272727,20.5836363636364,0.298181818181818,41.5036363636364,0.0818181818181818,36.7254545454545,-0.174232755726288,1.14174091840925,0.838309943266647,0.888601551621245,0.872326350606395
123461,68119,55342,0.547858396086846,0.670750253463267,0.613919640802676,12.1981818181818,54.8163636363636,32.9854545454545,0.805454545454545,20.5563636363636,0.3,41.5272727272727,0.0763636363636364,36.7345454545455,-0.179061853745688,1.12908640088069,0.83827694142197,0.88871936050947,0.872230184103186
123448,68120,55328,0.547759845898519,0.670728520673838,0.613764920311455,12.1981818181818,54.8127272727273,32.9890909090909,0.801818181818182,20.5381818181818,0.309090909090909,41.5327272727273,0.0836363636363636,36.7345454545455,-0.178481575047904,1.11530743172731,0.83827694142197,0.888711977974591,0.872134038800706
123457,68126,55331,0.54761181511453,0.670726874174976,0.613996677755373,12.1981818181818,54.8236363636364,32.9781818181818,0.794545454545455,20.5363636363636,0.292727272727273,41.5490909090909,0.0854545454545454,36.7418181818182,-0.176383431629008,1.11978086218746,0.83797883440155,0.888734122641197,0.87231227257691
123721,68122,55599,0.5477247644041,0.670812519240529,0.613977039186089,12.2090909090909,54.8163636363636,32.9745454545455,0.794545454545455,20.5109090909091,0.292727272727273,41.5672727272727,0.0854545454545454,36.7490909090909,-0.175095265528415,1.13895080868705,0.837825763216679,0.888686191913496,0.872353330392589
123604,68116,55488,0.547610053815198,0.67081627828337,0.613947852311779,12.1981818181818,54.8290909090909,32.9727272727273,0.792727272727273,20.4818181818182,0.290909090909091,41.5854545454546,0.0927272727272727,36.7563636363636,-0.179942122121627,1.12120800934817,0.83797883440155,0.888645708979971,0.87234629170113
123579,68123,55456,0.54750357213505,0.670719072366846,0.613901772474272,12.1927272727273,54.8309090909091,32.9763636363636,0.794545454545455,20.4654545454545,0.28,41.6090909090909,0.0872727272727273,36.7636363636364,-0.177301255110731,1.10989215832881,0.838055472711005,0.888583081871539,0.872360368307879
123821,68133,55688,0.547510797447889,0.670746563330841,0.613746017201639,12.1854545454545,54.8381818181818,32.9763636363636,0.798181818181818,20.4363636363636,0.263636363636364,41.6527272727273,0.08,36.7690909090909,-0.171804162551284,1.12561294432645,0.838257236645777,0.888498391963131,0.872194960577824
123742,68124,55618,0.547438259597939,0.670781646598026,0.613673809180614,12.1945454545455,54.8309090909091,32.9745454545455,0.794545454545455,20.4090909090909,0.263636363636364,41.6654545454545,0.0727272727272727,36.7945454545455,-0.174751013639484,1.11941438890062,0.838079618309229,0.888583081871539,0.872132774591972
123677,68116,55561,0.547479179074923,0.670775213433453,0.61374771713496,12.1981818181818,54.8272727272727,32.9745454545455,0.790909090909091,20.38,0.267272727272727,41.6745454545455,0.0781818181818182,36.8090909090909,-0.180918500583555,1.10223709549332,0.83797883440155,0.888642016249378,0.872187913542126
123899,68118,55781,0.547710521635288,0.670989756446805,0.613838726084892,12.2072727272727,54.82,32.9727272727273,0.794545454545455,20.3454545454545,0.261818181818182,41.7090909090909,0.0690909090909091,36.82,-0.182278012452827,1.11237977103076,0.838248436103664,0.888759908460748,0.872236007719879
123857,68122,55735,0.547673443579624,0.670805358381681,0.613824396582322,12.2,54.82,32.98,0.792727272727273,20.3309090909091,0.263636363636364,41.7272727272727,0.0709090909090909,36.8145454545455,-0.180724826867729,1.10513703440401,0.838301043219076,0.888660409273324,0.872209052318209
123938,68132,55806,0.547407552231552,0.670686194329514,0.613894763400203,12.1909090909091,54.8309090909091,32.9781818181818,0.794545454545455,20.3145454545455,0.245454545454545,41.7454545454545,0.0781818181818182,36.8218181818182,-0.177323332299156,1.10793494054709,0.838031319910514,0.888549922074477,0.872257139706693
123929,68138,55791,0.547494116588317,0.670700351376568,0.613739690236131,12.1909090909091,54.8309090909091,32.9781818181818,0.794545454545455,20.3018181818182,0.236363636363636,41.7618181818182,0.0690909090909091,36.8363636363636,-0.175954375047216,1.09626979487101,0.838180462341536,0.888549922074477,0.87231227257691
123935,68134,55801,0.547554767032962,0.670813407088156,0.613775727726409,12.1818181818182,54.8327272727273,32.9854545454545,0.794545454545455,20.28,0.238181818181818,41.7745454545455,0.0781818181818182,36.8345454545455,-0.176828802647122,1.09036608067426,0.838358208955224,0.8885536176139,0.87228530481755
123915,68114,55801,0.547463326692272,0.670888767535606,0.613880130269894,12.1927272727273,54.8218181818182,32.9854545454545,0.796363636363636,20.2709090909091,0.214545454545455,41.8054545454546,0.0709090909090909,36.8418181818182,-0.180041659485935,1.0834105942737,0.838055472711005,0.88859777129212,0.87228530481755
123903,68108,55795,0.547646308719193,0.670910293086445,0.61385384977552,12.1890909090909,54.82,32.9909090909091,0.796363636363636,20.2618181818182,0.229090909090909,41.8054545454546,0.0763636363636364,36.8309090909091,-0.183094390501951,1.06429028878496,0.838603818615752,0.888594076481709,0.872196197299532
123929,68108,55821,0.547595410251741,0.670920028460246,0.613785453438895,12.1945454545455,54.8072727272727,32.9981818181818,0.801818181818182,20.2418181818182,0.22,41.8290909090909,0.08,36.8272727272727,-0.181965789814025,1.05962735682472,0.838377814223945,0.888667728237792,0.872114166069756
123849,68114,55735,0.547566364948893,0.67077073370588,0.613800880377202,12.1890909090909,54.8254545454545,32.9854545454545,0.803636363636364,20.2272727272727,0.229090909090909,41.8345454545455,0.0763636363636364,36.8290909090909,-0.183409709744261,1.04638220067983,0.838454653937947,0.888605160177754,0.872230184103186
123938,68112,55826,0.547483306068721,0.670828241350033,0.613823824928686,12.1927272727273,54.8181818181818,32.9890909090909,0.803636363636364,20.2181818181818,0.22,41.8472727272727,0.0709090909090909,36.84,-0.185853446998358,1.05503508601846,0.838055472711005,0.888689883913764,0.872189153439153
124008,68110,55898,0.547382476099151,0.670830647575338,0.613739823386772,12.1927272727273,54.8218181818182,32.9854545454545,0.8,20.2181818181818,0.22,41.8454545454545,0.0727272727272727,36.8436363636364,-0.184329968061436,1.06088862121105,0.837757232329257,0.888630936587954,0.872175063388822
123947,68114,55833,0.547480140550243,0.67087026573638,0.613567363116792,12.1890909090909,54.8290909090909,32.9818181818182,0.798181818181818,20.2254545454545,0.212727272727273,41.8527272727273,0.0690909090909091,36.8418181818182,-0.182250776195459,1.0526226493657,0.838007159904535,0.888678869876641,0.87199558985667
123989,68114,55875,0.547494159232491,0.670871196999642,0.613787315256611,12.1981818181818,54.8236363636364,32.9781818181818,0.8,20.2090909090909,0.214545454545455,41.8636363636364,0.06,36.8527272727273,-0.184923722931523,1.04991512351077,0.83797883440155,0.888700958445263,0.872257139706693
123930,68116,55814,0.547495574275861,0.670909819935584,0.613589754805246,12.1927272727273,54.8290909090909,32.9781818181818,0.798181818181818,20.2090909090909,0.207272727272727,41.8818181818182,0.0690909090909091,36.8345454545455,-0.184208701502675,1.01946919355541,0.838204592901879,0.888645708979971,0.872146873966259
124115,68124,55991,0.547562758589642,0.671005553485034,0.613716013385971,12.1854545454545,54.8290909090909,32.9854545454545,0.8,20.22,0.192727272727273,41.8945454545455,0.0709090909090909,36.8218181818182,-0.183185240044391,1.03440370914442,0.838406445837064,0.8886125480833,0.872175063388822
123973,68112,55861,0.547390348980759,0.67083616533677,0.613873829024677,12.1818181818182,54.8181818181818,33,0.790909090909091,20.2109090909091,0.203636363636364,41.9127272727273,0.0636363636363636,36.8181818181818,-0.186423656253398,1.02017786189998,0.838208955223881,0.888590381426202,0.872231404958678
123898,68092,55806,0.547500232132199,0.670713356808767,0.613802942399123,12.1927272727273,54.7945454545455,33.0127272727273,0.790909090909091,20.2036363636364,0.209090909090909,41.9181818181818,0.0745454545454545,36.8036363636364,-0.189774582856097,1.0064575990408,0.838204592901879,0.888575505192952,0.872115437572286
123963,68108,55855,0.547391191350776,0.670717678379263,0.613682701398107,12.1927272727273,54.8090909090909,32.9981818181818,0.792727272727273,20.2,0.198181818181818,41.94,0.0636363636363636,36.8054545454546,-0.184574234825876,1.00785801443695,0.838055472711005,0.888571902471388,0.872114166069756
123894,68114,55780,0.547389464306443,0.670632113022509,0.61385126072549,12.1927272727273,54.8090909090909,32.9981818181818,0.794545454545455,20.2054545454545,0.189090909090909,41.9418181818182,0.0690909090909091,36.8,-0.184484022170893,0.985921160364524,0.838204592901879,0.888638248465749,0.872169265524271
123719,68102,55617,0.54741951788807,0.670520359977556,0.613812514054351,12.1927272727273,54.8109090909091,32.9963636363636,0.790909090909091,20.2090909090909,0.189090909090909,41.9472727272727,0.0709090909090909,36.7927272727273,-0.187915987862983,0.962189737897874,0.838204592901879,0.888575598752737,0.872162221732422
123722,68112,55610,0.547625065091464,0.670501329672583,0.613637453924474,12.1945454545455,54.8145454545455,32.9909090909091,0.790909090909091,20.1945454545455,0.196363636363636,41.96,0.0636363636363636,36.7945454545455,-0.186861318284751,0.95099761699411,0.838526912181303,0.888582990579806,0.87214108569854
123700,68118,55582,0.547603806441742,0.67061881681923,0.613508465505124,12.1945454545455,54.8290909090909,32.9763636363636,0.790909090909091,20.1854545454545,0.181818181818182,41.9836363636364,0.0581818181818182,36.8,-0.189325240652463,0.951610949627039,0.838526912181303,0.888678869876641,0.872194960577824
123756,68096,55660,0.547394126741121,0.67069592866964,0.613651364429498,12.2018181818182,54.8072727272727,32.9909090909091,0.790909090909091,20.1654545454545,0.185454545454545,41.9836363636364,0.0690909090909091,36.8054545454546,-0.193707689765407,0.93994461753702,0.837878110564744,0.888734076433121,0.872196197299532
123811,68108,55703,0.547225246287802,0.670773372895795,0.613651494853504,12.1854545454545,54.8254545454545,32.9890909090909,0.789090909090909,20.1563636363636,0.169090909090909,42.0018181818182,0.0781818181818182,36.8054545454546,-0.191885160590358,0.938998842313462,0.837809609071919,0.888704649466074,0.872189153439153
123974,68118,55856,0.547276421793976,0.670842235289806,0.613768201525193,12.18,54.8218181818182,32.9981818181818,0.789090909090909,20.1381818181818,0.170909090909091,42.0254545454545,0.0654545454545455,36.8109090909091,-0.187447158166271,0.961033858303827,0.8380355276907,0.888664101883789,0.872169265524271
124019,68098,55921,0.547237548005888,0.670891301506701,0.613882928817155,12.1818181818182,54.8145454545455,33.0036363636364,0.789090909090909,20.1181818181818,0.176363636363636,42.0436363636364,0.0672727272727273,36.8054545454546,-0.190948082913846,0.965324427629821,0.837910447761194,0.888582990579806,0.872190392243279
124004,68094,55910,0.547289982638406,0.670784769082756,0.613952882053352,12.1945454545455,54.8,33.0054545454545,0.787272727272727,20.1109090909091,0.165454545454545,42.0727272727273,0.0672727272727273,36.7963636363636,-0.191773550202726,0.955633282589472,0.837781422394513,0.88865295288653,0.872252520244588
123937,68106,55831,0.547330660057609,0.670719672880719,0.613949360083094,12.1745454545455,54.8109090909091,33.0145454545455,0.789090909090909,20.1054545454545,0.169090909090909,42.08,0.0654545454545455,36.7909090909091,-0.19380328408535,0.933088783991777,0.83826164874552,0.888641942546275,0.872232624738407
123987,68102,55885,0.547183673024893,0.670798414541904,0.61392385633012,12.1763636363636,54.82,33.0036363636364,0.792727272727273,20.1,0.170909090909091,42.0945454545455,0.0636363636363636,36.7781818181818,-0.194937014182241,0.937908281959509,0.837837837837838,0.888594076481709,0.872300572939621
123970,68102,55868,0.547290300577744,0.670769988852735,0.614068599768586,12.1872727272727,54.8072727272727,33.0054545454545,0.794545454545455,20.0818181818182,0.161818181818182,42.12,0.0654545454545455,36.7763636363636,-0.19426394809138,0.927769277489278,0.837833805758616,0.888667728237792,0.872417782184763
123888,68090,55798,0.547205668256673,0.670740499253869,0.613873452965315,12.1927272727273,54.8072727272727,33,0.796363636363636,20.0654545454545,0.169090909090909,42.14,0.0563636363636364,36.7727272727273,-0.19772846321496,0.909925286076032,0.83745899194751,0.888700902335457,0.872341597796143
123956,68078,55878,0.547285577605907,0.670893497540946,0.613722388920834,12.1854545454545,54.8109090909091,33.0036363636364,0.8,20.0418181818182,0.170909090909091,42.1563636363636,0.0545454545454545,36.7763636363636,-0.20204845757094,0.907926189932252,0.837809609071919,0.888675114443044,0.872190392243279
124037,68082,55955,0.547414046933072,0.67097677484223,0.613777768528161,12.1818181818182,54.8145454545455,33.0036363636364,0.801818181818182,20.0309090909091,0.152727272727273,42.1890909090909,0.0490909090909091,36.7763636363636,-0.202196801611519,0.910135913906958,0.838208955223881,0.888715669364469,0.872190392243279
123988,68084,55904,0.547557802342865,0.670956037853736,0.613783055759506,12.1781818181818,54.8109090909091,33.0109090909091,0.798181818181818,20.02,0.150909090909091,42.2,0.0545454545454545,36.7763636363636,-0.201174551055671,0.902615010617724,0.838608539862646,0.888641942546275,0.872163472130425
124022,68088,55934,0.547422862198799,0.67088937893222,0.613785124162575,12.1709090909091,54.8109090909091,33.0181818181818,0.794545454545455,20.0127272727273,0.158181818181818,42.1909090909091,0.0618181818181818,36.7818181818182,-0.198105820977203,0.893702452587472,0.838512100388408,0.888575598752737,0.872136563876652
124104,68074,56030,0.547181637180424,0.670942169027564,0.613935911178806,12.1745454545455,54.8090909090909,33.0163636363636,0.796363636363636,19.9963636363636,0.156363636363636,42.1981818181818,0.06,36.7927272727273,-0.202381133171862,0.908960661025379,0.838112305854241,0.888571902471388,0.872239660774272
124101,68060,56041,0.547264185264447,0.670863130142314,0.614066099558001,12.1709090909091,54.8036363636364,33.0254545454545,0.794545454545455,20.0054545454545,0.14,42.1909090909091,0.0709090909090909,36.7981818181818,-0.206787603228242,0.89486817787666,0.838512100388408,0.88846128325924,0.872219775379872
124118,68068,56050,0.547209102892835,0.67097201293644,0.614138443057115,12.1618181818182,54.8072727272727,33.0309090909091,0.798181818181818,19.9981818181818,0.129090909090909,42.2127272727273,0.0581818181818182,36.8036363636364,-0.205763436942255,0.901686724166873,0.838241889669607,0.888601380042463,0.872240876314196
123950,68066,55884,0.547082174045063,0.670749115445521,0.614012031293467,12.1563636363636,54.8163636363636,33.0272727272727,0.796363636363636,20.0054545454545,0.125454545454545,42.2054545454545,0.06,36.8072727272727,-0.202016244227707,0.875040205343711,0.837870176488184,0.888586686125576,0.872116707954858
123768,68074,55694,0.547117680255625,0.670561556431728,0.613972736039054,12.1672727272727,54.8109090909091,33.0218181818182,0.794545454545455,20.0145454545455,0.132727272727273,42.2090909090909,0.0581818181818182,36.7909090909091,-0.201079168242392,0.851466218026524,0.837866108786611,0.888641942546275,0.872205704217597
124048,68080,55968,0.547222916460588,0.670694885985415,0.613935465895794,12.1727272727273,54.8090909090909,33.0181818181818,0.787272727272727,20.0236363636364,0.134545454545455,42.2181818181818,0.0545454545454545,36.7818181818182,-0.199854488049327,0.874419825306607,0.837938760268857,0.888571902471388,0.872246696035242
124039,68068,55971,0.547252394271774,0.670818032065834,0.613866081346802,12.1727272727273,54.8127272727273,33.0145454545455,0.790909090909091,20.0327272727273,0.12,42.2309090909091,0.0545454545454545,36.7709090909091,-0.206596158773226,0.86965249207093,0.837938760268857,0.888579294788868,0.872232624738407
124065,68082,55983,0.547197064674857,0.670861979084186,0.613833869886891,12.1636363636364,54.8218181818182,33.0145454545455,0.796363636363636,20.0290909090909,0.12,42.24,0.0527272727272727,36.7618181818182,-0.203337441246681,0.865551914845128,0.838116591928251,0.88859777129212,0.872177552593898
124123,68084,56039,0.547380686114615,0.670910345452109,0.61388570668154,12.1709090909091,54.8127272727273,33.0163636363636,0.792727272727273,20.0290909090909,0.129090909090909,42.2436363636364,0.0563636363636364,36.7490909090909,-0.203486816965927,0.857585608814737,0.838362712877203,0.888579294788868,0.872239660774272
123890,68077,55813,0.54731091053479,0.670831240168085,0.613880907135444,12.18,54.7963636363636,33.0236363636364,0.796363636363636,20.0327272727273,0.127272727272727,42.2472727272727,0.06,36.7363636363636,-0.205790366669482,0.836269450124713,0.838184803702045,0.888678744442232,0.872212740186093
123924,68070,55854,0.547482958974507,0.670953634786111,0.61380199359642,12.1836363636364,54.7963636363636,33.02,0.792727272727273,20.0490909090909,0.125454545454545,42.2527272727273,0.0636363636363636,36.7163636363636,-0.206796535624546,0.826388890209438,0.838382330995374,0.888711925144336,0.87208854137988
123942,68076,55866,0.547318015426501,0.670905925695148,0.614026819234329,12.1709090909091,54.8090909090909,33.02,0.789090909090909,20.0581818181818,0.125454545454545,42.2472727272727,0.0581818181818182,36.7218181818182,-0.205907524855733,0.820474431161181,0.838063937854795,0.888671421462929,0.872308793568636
123895,68072,55823,0.547351349650045,0.670814074387756,0.613855412115197,12.1763636363636,54.8072727272727,33.0163636363636,0.783636363636364,20.08,0.109090909090909,42.2454545454545,0.0472727272727273,36.7345454545455,-0.208029394829513,0.818874082220612,0.837987158429147,0.888634554140127,0.872239660774272
123982,68074,55908,0.547236936462502,0.671020007571645,0.613815343163484,12.1654545454545,54.8327272727273,33.0018181818182,0.783636363636364,20.08,0.103636363636364,42.2436363636364,0.0636363636363636,36.7254545454545,-0.21199143903412,0.8152306491308,0.838290240621731,0.888619935008953,0.872293537546141
124140,68082,56058,0.547167402339512,0.671104963402185,0.613787855743969,12.1672727272727,54.8309090909091,33.0018181818182,0.785454545454545,20.0745454545455,0.109090909090909,42.2472727272727,0.0563636363636364,36.7272727272727,-0.208365914387501,0.831453138786178,0.838015540944411,0.888649401465663,0.872238444162856
123967,68073,55894,0.547235829089415,0.670904168783051,0.613720644497948,12.1872727272727,54.8036363636364,33.0090909090909,0.794545454545455,20.0654545454545,0.105454545454545,42.2509090909091,0.0563636363636364,36.7272727272727,-0.210489922069643,0.810020282478813,0.837833805758616,0.888726693650056,0.872211511980171
123805,68071,55734,0.547331897849602,0.670757052949992,0.613778783539981,12.1872727272727,54.7963636363636,33.0163636363636,0.796363636363636,20.06,0.1,42.2672727272727,0.0672727272727273,36.7090909090909,-0.210254864290552,0.784243626273978,0.83798299268984,0.888711925144336,0.872184591662536
123977,68090,55887,0.547422188077938,0.670930120690387,0.613771622086385,12.1872727272727,54.7945454545455,33.0181818181818,0.796363636363636,20.0636363636364,0.107272727272727,42.2872727272727,0.06,36.6854545454545,-0.207456805839849,0.790321666074239,0.83828136655229,0.888774596011547,0.872246696035242
123808,68084,55724,0.547180108449715,0.670834947961363,0.613581059596662,12.18,54.8109090909091,33.0090909090909,0.805454545454545,20.06,0.0963636363636364,42.3109090909091,0.0618181818181818,36.6654545454545,-0.207509747683467,0.769395286816077,0.83773697566801,0.888774630133351,0.872156430735335
123823,68074,55749,0.547195474334437,0.670783757295011,0.613668606880322,12.1818181818182,54.7981818181818,33.02,0.803636363636364,20.0527272727273,0.110909090909091,42.3254545454545,0.0581818181818182,36.6490909090909,-0.211915858355562,0.76346370918618,0.837611940298507,0.888748797239457,0.872143604427069
124012,68072,55940,0.547206561411593,0.67101638109205,0.613788170104015,12.1709090909091,54.8036363636364,33.0254545454545,0.803636363636364,20.0509090909091,0.118181818181818,42.3327272727273,0.06,36.6345454545455,-0.215818831616542,0.767254901902263,0.837914550343591,0.888759869948909,0.872164721426998
123903,68074,55829,0.547418580033196,0.670782095230219,0.613969602836746,12.1709090909091,54.8018181818182,33.0272727272727,0.8,20.0563636363636,0.107272727272727,42.3472727272727,0.0581818181818182,36.6309090909091,-0.21217560731192,0.750110087946946,0.838362712877203,0.88859029229289,0.872226809799064
124090,68080,56010,0.547354586907242,0.671069026410223,0.613818409167699,12.1672727272727,54.8254545454545,33.0072727272727,0.796363636363636,20.0636363636364,0.0945454545454545,42.36,0.0563636363636364,36.6290909090909,-0.209465278260706,0.772965764767088,0.838314405260012,0.888605160177754,0.87220447284345
124070,68096,55974,0.547255066845451,0.67086353427744,0.613886185140434,12.1709090909091,54.8181818181818,33.0109090909091,0.798181818181818,20.0636363636364,0.0945454545454545,42.3563636363636,0.0545454545454545,36.6327272727273,-0.205977436229428,0.77029921153338,0.838063937854795,0.888689883913764,0.872273628552545
124141,68088,56053,0.547346916234353,0.67086397038864,0.614023324388996,12.1763636363636,54.8054545454546,33.0181818181818,0.785454545454545,20.0727272727273,0.0963636363636364,42.3581818181818,0.0527272727272727,36.6345454545455,-0.209075495874276,0.76519919570419,0.838136479020457,0.88869720996583,0.872301762114537
124052,68075,55977,0.547137309483533,0.670694212283222,0.614092218743248,12.1854545454545,54.7890909090909,33.0254545454545,0.785454545454545,20.0672727272727,0.0945454545454545,42.3563636363636,0.0654545454545455,36.6309090909091,-0.211252595619457,0.744376626610756,0.837660399880633,0.888730337824384,0.872274829332746
124039,68091,55948,0.547175372177468,0.670826556732353,0.613902770703066,12.1763636363636,54.8109090909091,33.0127272727273,0.785454545454545,20.0581818181818,0.0945454545454545,42.36,0.0690909090909091,36.6327272727273,-0.210191251986808,0.73585659024856,0.838136479020457,0.888741458236582,0.872280663105139
123771,68067,55704,0.54699175593344,0.67065225686748,0.613876439725501,12.1709090909091,54.8090909090909,33.02,0.787272727272727,20.0436363636364,0.0981818181818182,42.3745454545455,0.0727272727272727,36.6236363636364,-0.214400221387835,0.7078982178815,0.837765162832387,0.888671421462929,0.872198667474258
123717,68058,55659,0.547219729627231,0.670718537986739,0.613900175569553,12.1727272727273,54.8,33.0272727272727,0.785454545454545,20.0454545454545,0.0963636363636364,42.3836363636364,0.0781818181818182,36.6109090909091,-0.216271337513833,0.697261499398684,0.838237490664675,0.888619774386198,0.872171758876961
124057,68066,55991,0.547549333031729,0.670877327730589,0.613759775880844,12.1836363636364,54.7781818181818,33.0381818181818,0.783636363636364,20.0563636363636,0.0854545454545454,42.4,0.0690909090909091,36.6054545454545,-0.212670122863545,0.723787269911687,0.838531562453365,0.888674986723314,0.872048869077101
124128,68079,56049,0.547367903828851,0.670836424955369,0.613924181786289,12.1745454545455,54.7981818181818,33.0272727272727,0.78,20.0709090909091,0.0854545454545454,42.3890909090909,0.0636363636363636,36.6109090909091,-0.21368715398474,0.73272092753799,0.83826164874552,0.888649258435914,0.87233691164327
124166,68090,56076,0.54719747148584,0.670958712647554,0.613938718007525,12.1690909090909,54.8254545454545,33.0054545454545,0.78,20.08,0.0745454545454545,42.3909090909091,0.0636363636363636,36.6109090909091,-0.215530029689597,0.719236038144763,0.837890333183923,0.888737812562181,0.872362694871371
124074,68070,56004,0.547364164222661,0.670843335498211,0.613863986613759,12.1818181818182,54.8018181818182,33.0163636363636,0.781818181818182,20.0818181818182,0.0781818181818182,42.38,0.0636363636363636,36.6145454545455,-0.219364237678978,0.705031706828793,0.838059701492537,0.888756179290667,0.872239660774272
123987,68057,55930,0.547169176082062,0.670704159668187,0.613934941747141,12.1781818181818,54.8036363636364,33.0181818181818,0.778181818181818,20.0781818181818,0.0854545454545454,42.3872727272727,0.0563636363636364,36.6145454545455,-0.221286524514223,0.694385362993291,0.837712750074649,0.888660341052352,0.872356828193833
123968,68062,55906,0.547109069133093,0.670748961284998,0.613829580177642,12.1836363636364,54.8145454545455,33.0018181818182,0.769090909090909,20.0709090909091,0.105454545454545,42.3854545454545,0.0509090909090909,36.6181818181818,-0.22151057928409,0.692191715910502,0.837636173705417,0.888649329972137,0.87240372431271
124017,68054,55963,0.547264397066493,0.670834001750177,0.613867443525698,12.1854545454545,54.8,33.0145454545455,0.78,20.0563636363636,0.101818181818182,42.3818181818182,0.0672727272727273,36.6127272727273,-0.221885411287605,0.68036288014793,0.837958818263205,0.888619774386198,0.872287696882917
124091,68054,56037,0.547321867339375,0.670831123690981,0.613739062848533,12.1909090909091,54.7872727272727,33.0218181818182,0.78,20.0527272727273,0.110909090909091,42.3654545454545,0.0690909090909091,36.6218181818182,-0.222408993891705,0.688379587544742,0.838031319910514,0.88869345899844,0.87215064420218
124192,68073,56119,0.547286776654812,0.670875242129474,0.613803308409228,12.1963636363636,54.7927272727273,33.0109090909091,0.783636363636364,20.0472727272727,0.0909090909090909,42.3890909090909,0.0690909090909091,36.62,-0.220877713554232,0.700224943481788,0.837805605247466,0.888804088133794,0.872273628552545
124134,68083,56051,0.547362791228095,0.670772928418403,0.613873001871936,12.1945454545455,54.8,33.0054545454545,0.785454545454545,20.0418181818182,0.1,42.3763636363636,0.0727272727272727,36.6236363636364,-0.214813639972338,0.684506045903651,0.838079618309229,0.888686131386861,0.872362694871371
123998,68059,55939,0.547396975222414,0.670744964773588,0.613868456873412,12.1927272727273,54.7927272727273,33.0145454545455,0.78,20.0636363636364,0.08,42.3763636363636,0.0709090909090909,36.6290909090909,-0.219984171483983,0.66794743287557,0.838055472711005,0.888737722325458,0.872177552593898
124076,68049,56027,0.547524796015779,0.670906221071574,0.61378679197348,12.1909090909091,54.7872727272727,33.0218181818182,0.776363636363636,20.0672727272727,0.0872727272727273,42.3745454545455,0.06,36.6345454545455,-0.223307963963122,0.664659229528413,0.838329604772558,0.888726645206252,0.872095584186764
124198,68066,56132,0.547554015178614,0.671016999655317,0.614072954092246,12.1909090909091,54.7945454545455,33.0145454545455,0.776363636363636,20.0872727272727,0.1,42.3618181818182,0.0636363636363636,36.6109090909091,-0.222116269197431,0.670331623226362,0.838478747203579,0.888741414208448,0.872397841171935
124102,68088,56014,0.547444539730668,0.670564308430409,0.614077822780674,12.1854545454545,54.7909090909091,33.0236363636364,0.770909090909091,20.12,0.0818181818181818,42.3636363636364,0.0636363636363636,36.6,-0.218548167273614,0.653121890509448,0.838406445837064,0.888667662186826,0.872432968122006
123909,68068,55841,0.547362305138804,0.670678661909213,0.613884679896875,12.1745454545455,54.8,33.0254545454545,0.781818181818182,20.1145454545455,0.0909090909090909,42.3490909090909,0.06,36.6036363636364,-0.224340732491692,0.621362698203037,0.83826164874552,0.88865295288653,0.87232988328562
123860,68056,55804,0.547433002921939,0.670758492953653,0.613847176240223,12.1836363636364,54.7909090909091,33.0254545454545,0.783636363636364,20.1127272727273,0.103636363636364,42.3363636363636,0.0636363636363636,36.6,-0.22715461959438,0.612420429622183,0.838233099537382,0.888700846192135,0.872219775379872
124016,68058,55958,0.547328191210194,0.670727542076211,0.613708453672856,12.1890909090909,54.8036363636364,33.0072727272727,0.783636363636364,20.1236363636364,0.0909090909090909,42.3363636363636,0.0618181818181818,36.6036363636364,-0.223693367956069,0.624151148580396,0.83785799522673,0.8886271647535,0.872259557122397
124148,68063,56085,0.547373597618447,0.670635046349589,0.613894728064226,12.1872727272727,54.8018181818182,33.0109090909091,0.78,20.1309090909091,0.107272727272727,42.3090909090909,0.06,36.6127272727273,-0.224119267359228,0.634879039601021,0.838132179621065,0.888557114893335,0.872383784974664
124060,68071,55989,0.547403884241382,0.670730320498621,0.613815707233237,12.1836363636364,54.8072727272727,33.0090909090909,0.774545454545455,20.1418181818182,0.109090909090909,42.2945454545455,0.06,36.62,-0.222571725876928,0.631947927584935,0.838233099537382,0.888601380042463,0.872376755714679
123996,68070,55926,0.547323452862837,0.670650618666964,0.613779237378843,12.1727272727273,54.8018181818182,33.0254545454545,0.770909090909091,20.1581818181818,0.0945454545454545,42.2836363636364,0.0636363636363636,36.6290909090909,-0.221428282026847,0.606964227740801,0.838386855862584,0.88859029229289,0.872164721426998
124268,68096,56172,0.54718855112684,0.670828993183336,0.613870120776771,12.1727272727273,54.8054545454546,33.0218181818182,0.769090909090909,20.1636363636364,0.105454545454545,42.2690909090909,0.0690909090909091,36.6236363636364,-0.219056165172316,0.627140009690034,0.838088125466766,0.88869720996583,0.872260764233014
124156,68062,56094,0.547109271845892,0.670597110255619,0.61378663078959,12.18,54.7890909090909,33.0309090909091,0.772727272727273,20.1509090909091,0.0963636363636364,42.2854545454545,0.0654545454545455,36.6290909090909,-0.226032719404479,0.617144731909502,0.837587699656665,0.88869715271786,0.87207574172951
124049,68065,55984,0.547273645655394,0.670510628918224,0.614026010403889,12.1818181818182,54.7818181818182,33.0363636363636,0.772727272727273,20.1418181818182,0.0981818181818182,42.2963636363636,0.0563636363636364,36.6345454545455,-0.227088309284723,0.608674113992178,0.838059701492537,0.888682376369067,0.872261970280682
124084,68046,56038,0.54728378657451,0.670596615544404,0.613749723176658,12.1909090909091,54.7890909090909,33.02,0.772727272727273,20.1254545454545,0.0818181818181818,42.3072727272727,0.0709090909090909,36.6418181818182,-0.22840470027877,0.59663282132136,0.837882177479493,0.888597597398288,0.872198667474258
123973,68051,55922,0.547409984613394,0.670775541005598,0.613660811849114,12.1836363636364,54.8090909090909,33.0072727272727,0.778181818181818,20.0872727272727,0.0945454545454545,42.3145454545455,0.0690909090909091,36.6563636363636,-0.230759751857047,0.582676802798365,0.838531562453365,0.888605075468569,0.87220447284345
124285,68072,56213,0.547328728228461,0.670717677261798,0.613867473421864,12.1872727272727,54.8072727272727,33.0054545454545,0.776363636363636,20.0745454545455,0.0963636363636364,42.3236363636364,0.0581818181818182,36.6709090909091,-0.226894851283975,0.610355998565633,0.838132179621065,0.888634554140127,0.872362694871371
124208,68062,56146,0.54711814661584,0.670674918159118,0.613752068248707,12.1872727272727,54.8,33.0127272727273,0.772727272727273,20.0709090909091,0.0872727272727273,42.34,0.0654545454545455,36.6636363636364,-0.227301963256005,0.596415427114963,0.837833805758616,0.888619774386198,0.872225587927521
124257,68053,56204,0.547411587544274,0.670659117772388,0.613992121599143,12.1945454545455,54.7763636363636,33.0290909090909,0.769090909090909,20.0672727272727,0.0781818181818182,42.3636363636364,0.06,36.6618181818182,-0.231375230872866,0.607434251288545,0.838228716266587,0.888671291532512,0.872288891335462
124005,68058,55947,0.547256530254734,0.670494744707793,0.614028448329883,12.1963636363636,54.7818181818182,33.0218181818182,0.767272727272727,20.0527272727273,0.0818181818181818,42.3672727272727,0.0618181818181818,36.6690909090909,-0.230989315523501,0.566888370145303,0.837805605247466,0.888748755393296,0.872370884263848
124115,68062,56053,0.547218406351412,0.670715804697813,0.613918483141229,12.1854545454545,54.7909090909091,33.0236363636364,0.767272727272727,20.0436363636364,0.0872727272727273,42.3745454545455,0.06,36.6672727272727,-0.232810446944892,0.580513289756015,0.837809609071919,0.888800398208064,0.872267797170071
124235,68068,56167,0.547293848767937,0.670665686577867,0.613809503319461,12.1909090909091,54.8054545454546,33.0036363636364,0.765454545454545,20.0436363636364,0.08,42.3763636363636,0.0527272727272727,36.6818181818182,-0.227001913097444,0.576429412055189,0.838031319910514,0.888630859569386,0.872300572939621
124202,68050,56152,0.547382710826258,0.670596304909838,0.613736876448129,12.2018181818182,54.7890909090909,33.0090909090909,0.767272727272727,20.0236363636364,0.0763636363636364,42.3909090909091,0.0563636363636364,36.6854545454545,-0.23088834806139,0.563853644997686,0.838027119654299,0.888630782504812,0.872211511980171
124186,68059,56127,0.547088246266863,0.670660786019195,0.613786538556367,12.1781818181818,54.7963636363636,33.0254545454545,0.770909090909091,19.9927272727273,0.0963636363636364,42.3890909090909,0.0618181818181818,36.6890909090909,-0.230379837248421,0.550374691955618,0.838160644968647,0.888546021633818,0.872164721426998
124183,68077,56106,0.547014294275144,0.67052167967284,0.614007736611807,12.1836363636364,54.7945454545455,33.0218181818182,0.769090909090909,19.9745454545455,0.0890909090909091,42.4181818181818,0.0563636363636364,36.6927272727273,-0.226583392075157,0.553004822845237,0.838083868079391,0.88864186879915,0.872315824248431
124299,68071,56228,0.547153175639304,0.670486310413701,0.61415502848474,12.1872727272727,54.7836363636364,33.0290909090909,0.765454545454545,19.9454545454545,0.0854545454545454,42.46,0.06,36.6836363636364,-0.229055474533445,0.552514610490867,0.83828136655229,0.888652882413461,0.872343939227128
124233,68047,56186,0.547069970186298,0.670586371464536,0.614191233713074,12.1872727272727,54.7745454545455,33.0381818181818,0.765454545454545,19.9145454545455,0.0709090909090909,42.5109090909091,0.0618181818181818,36.6763636363636,-0.235695344021554,0.539282760385487,0.837833805758616,0.888667596096395,0.872324032799516
124135,68028,56107,0.547368521188842,0.670672642361825,0.613929647051157,12.2018181818182,54.7781818181818,33.02,0.763636363636364,19.9,0.0690909090909091,42.5309090909091,0.0581818181818182,36.6781818181818,-0.24153362883874,0.526088915032927,0.838325137833408,0.888674986723314,0.872253730521447
124196,68032,56164,0.547287369882182,0.670759193422533,0.613809548119091,12.1981818181818,54.7854545454545,33.0163636363636,0.76,19.8836363636364,0.0690909090909091,42.5436363636364,0.0581818181818182,36.6854545454545,-0.236578912406482,0.521043885189151,0.83812788791176,0.888623390415505,0.872239660774272
124268,68034,56234,0.547334025405285,0.670560600064189,0.614018228126726,12.2018181818182,54.7763636363636,33.0218181818182,0.758181818181818,19.8654545454545,0.0763636363636364,42.5490909090909,0.0618181818181818,36.6890909090909,-0.235710197332611,0.514022789908234,0.838027119654299,0.888538520264215,0.872370884263848
124059,68042,56017,0.547155377125201,0.670322162474224,0.614045605880195,12.1981818181818,54.7709090909091,33.0309090909091,0.763636363636364,19.8472727272727,0.0727272727272727,42.5581818181818,0.0563636363636364,36.7018181818182,-0.234019848685553,0.497348262609343,0.83782978089134,0.888627008365423,0.87235096603732
124062,68043,56019,0.547146146532071,0.670444390029635,0.614031701705284,12.1872727272727,54.7781818181818,33.0345454545455,0.76,19.8509090909091,0.0763636363636364,42.54,0.0654545454545455,36.7072727272727,-0.23743762161043,0.483280229220294,0.83798299268984,0.888674986723314,0.872254939732511
124088,68055,56033,0.547220268449553,0.670314537425499,0.614098057018337,12.1963636363636,54.7781818181818,33.0254545454545,0.758181818181818,19.8345454545455,0.0745454545454545,42.5527272727273,0.0672727272727273,36.7127272727273,-0.236389554553369,0.471733658050123,0.838103756708408,0.888674986723314,0.872384937238494
124342,68051,56291,0.547217258040484,0.670492921689887,0.613905541797155,12.2018181818182,54.7690909090909,33.0290909090909,0.754545454545455,19.82,0.0745454545454545,42.5690909090909,0.06,36.7218181818182,-0.236274570289375,0.494336009144635,0.838027119654299,0.888656508315905,0.872233843443796
124241,68048,56193,0.547338340528963,0.670469088692499,0.614253898124276,12.2054545454545,54.7636363636364,33.0309090909091,0.756363636363636,19.8036363636364,0.0763636363636364,42.5763636363636,0.0563636363636364,36.7309090909091,-0.239022787643692,0.477111536443276,0.838224340831223,0.88871181938911,0.872406010898883
124284,68044,56240,0.547296035534861,0.670509440015923,0.614154407650397,12.2018181818182,54.7745454545455,33.0236363636364,0.758181818181818,19.7854545454545,0.0763636363636364,42.5672727272727,0.0618181818181818,36.7509090909091,-0.242417358344061,0.471476235434371,0.838176128743853,0.888634402177521,0.872432968122006
124307,68032,56275,0.547321669160782,0.670500688474803,0.613969487501679,12.2127272727273,54.7709090909091,33.0163636363636,0.756363636363636,19.7854545454545,0.0763636363636364,42.5509090909091,0.0618181818181818,36.7690909090909,-0.241435751873756,0.464598345539509,0.838022926901891,0.888560616120037,0.872404868109477
124418,68013,56405,0.547220103811613,0.670453634808898,0.613974698950226,12.2072727272727,54.7581818181818,33.0345454545455,0.749090909090909,19.7945454545455,0.0709090909090909,42.5418181818182,0.0672727272727273,36.7763636363636,-0.243862221568865,0.47064831547111,0.837801608579088,0.888501510774646,0.872254939732511
124102,67985,56117,0.547076259320237,0.670403552192115,0.613940929021359,12.1981818181818,54.7672727272727,33.0345454545455,0.749090909090909,19.7927272727273,0.0581818181818182,42.5545454545455,0.0581818181818182,36.7872727272727,-0.250400878735871,0.451310889097989,0.83768072738113,0.888486820264259,0.8721448621278
124024,67987,56037,0.547190885175385,0.670407910051212,0.613954700976777,12.1927272727273,54.7781818181818,33.0290909090909,0.747272727272727,19.7836363636364,0.0545454545454545,42.5636363636364,0.06,36.7909090909091,-0.253035141516011,0.432022427854827,0.838055472711005,0.888475836431227,0.872233843443796
124064,68011,56053,0.547127951476524,0.670434918312362,0.613951477122034,12.1909090909091,54.7909090909091,33.0181818181818,0.749090909090909,19.7709090909091,0.0654545454545455,42.5636363636364,0.0581818181818182,36.7927272727273,-0.249151366245827,0.425948368409776,0.837733035048471,0.888568110170898,0.872356828193833
124249,68030,56219,0.54727260229474,0.67053640846862,0.614168989637321,12.1854545454545,54.7836363636364,33.0309090909091,0.749090909090909,19.7563636363636,0.06,42.5654545454545,0.0636363636363636,36.8054545454546,-0.243496425825552,0.434825196641032,0.838257236645777,0.888652882413461,0.872295921175758
124383,68030,56353,0.54711247054595,0.670417930878395,0.614229424082291,12.1818181818182,54.7763636363636,33.0418181818182,0.747272727272727,19.7509090909091,0.0545454545454545,42.5636363636364,0.0545454545454545,36.8290909090909,-0.243690282726576,0.438861026412765,0.837910447761194,0.888638098715438,0.872283057282782
124206,68006,56200,0.547148745093914,0.670461739355635,0.614237120072717,12.18,54.7709090909091,33.0490909090909,0.747272727272727,19.7272727272727,0.0763636363636364,42.5581818181818,0.06,36.8309090909091,-0.250826755270828,0.410460947242841,0.837886251679355,0.888627008365423,0.872311162458051
124268,67991,56277,0.547238109598881,0.670507095841004,0.61434064067716,12.1836363636364,54.7654545454546,33.0509090909091,0.741818181818182,19.7363636363636,0.0636363636363636,42.5672727272727,0.0545454545454545,36.8363636363636,-0.252906539387451,0.423420626893428,0.837785405163408,0.888582716377278,0.872318186819232
124279,67982,56297,0.547013747662812,0.670634780855957,0.614504906849187,12.1727272727273,54.7690909090909,33.0581818181818,0.74,19.7290909090909,0.0563636363636364,42.5672727272727,0.06,36.8472727272727,-0.256489537000148,0.42448454342719,0.837490664675131,0.888623311091193,0.872291277087229
124151,67992,56159,0.547114887406409,0.67052777349363,0.614434434100063,12.1654545454545,54.7745454545455,33.06,0.74,19.72,0.0472727272727273,42.5745454545455,0.0545454545454545,36.8636363636364,-0.254699015527678,0.40485184527669,0.837991331639516,0.888634402177521,0.872243304185228
124195,67970,56225,0.547198526435219,0.670632164792849,0.614162183985358,12.1454545454545,54.7836363636364,33.0709090909091,0.741818181818182,19.7072727272727,0.0363636363636364,42.5872727272727,0.0545454545454545,36.8727272727273,-0.26244549192303,0.405057685426436,0.838473053892216,0.88855331718164,0.872010555830447
123937,67962,55975,0.547109861401011,0.670455537628274,0.614208330742318,12.1454545454545,54.7818181818182,33.0727272727273,0.747272727272727,19.6872727272727,0.0545454545454545,42.5454545454545,0.0690909090909091,36.8963636363636,-0.260105036411551,0.36790969781948,0.838323353293413,0.888715565881182,0.871907641561297
124025,67971,56054,0.547218546505502,0.670294593930115,0.614313312409398,12.14,54.7781818181818,33.0818181818182,0.747272727272727,19.6818181818182,0.0509090909090909,42.5272727272727,0.0527272727272727,36.94,-0.256665383531733,0.364358172068817,0.838250711397334,0.888641795007966,0.872052761747733
124164,67952,56212,0.547112201683216,0.670334091518661,0.614541814430499,12.1509090909091,54.7618181818182,33.0872727272727,0.747272727272727,19.6727272727273,0.0527272727272727,42.5272727272727,0.0654545454545455,36.9345454545455,-0.261118345177701,0.363620402324225,0.837797396378872,0.888608519539161,0.87223870755028
124092,67955,56137,0.547225509826282,0.670265486820806,0.61448556693735,12.1363636363636,54.7690909090909,33.0945454545455,0.750909090909091,19.6545454545455,0.0563636363636364,42.5381818181818,0.0636363636363636,36.9363636363636,-0.262390101573494,0.353759259657553,0.838352059925094,0.888556916641769,0.872156905834524
124093,67934,56159,0.547183052659442,0.670373646073221,0.614449620295767,12.1454545454545,54.7654545454546,33.0890909090909,0.750909090909091,19.6436363636364,0.0563636363636364,42.5290909090909,0.0709090909090909,36.9490909090909,-0.266598310949418,0.350526188815076,0.838023952095808,0.888582716377278,0.872025935490961
124211,67942,56269,0.547291265455385,0.670473619780444,0.614541505587131,12.1254545454545,54.7618181818182,33.1127272727273,0.745454545454545,19.6381818181818,0.06,42.5254545454545,0.0581818181818182,36.9727272727273,-0.268916761395998,0.352529380098779,0.838506522717049,0.888674922806202,0.871952558752471
124076,67925,56151,0.547159457143895,0.670492306408861,0.614616442834149,12.1145454545455,54.7690909090909,33.1163636363636,0.752727272727273,19.6272727272727,0.06,42.5163636363636,0.06,36.9836363636364,-0.272219034230908,0.321792702908649,0.838060933513432,0.888656508315905,0.872021521906226
123923,67937,55986,0.547028978270172,0.670336026375996,0.614756390766672,12.1,54.7854545454545,33.1145454545455,0.750909090909091,19.6272727272727,0.0545454545454545,42.5145454545455,0.06,36.9927272727273,-0.271815689014461,0.303006169698413,0.83831705484598,0.888656577724678,0.872179212650305
123799,67919,55880,0.546902966709781,0.670354576273222,0.614812478934807,12.0763636363636,54.7854545454545,33.1381818181818,0.747272727272727,19.6272727272727,0.0527272727272727,42.5145454545455,0.0618181818181818,36.9963636363636,-0.276844060619161,0.287668298554226,0.838301716350497,0.888656577724678,0.872105782947438
123856,67926,55930,0.54696056874651,0.67032852780415,0.614855254125911,12.0763636363636,54.7854545454545,33.1381818181818,0.743636363636364,19.6163636363636,0.0545454545454545,42.52,0.0690909090909091,36.9963636363636,-0.274204431563372,0.290121527188934,0.838452273411623,0.888623390415505,0.87216064962142
123879,67902,55977,0.546802464681852,0.67025806517336,0.614794558454951,12.08,54.7836363636364,33.1363636363636,0.743636363636364,19.6072727272727,0.0581818181818182,42.5218181818182,0.0563636363636364,37.0127272727273,-0.2771268223243,0.289108082576819,0.838049367850692,0.88855331718164,0.872098765432099
124039,67901,56138,0.546994837449887,0.670339047805585,0.614680743158384,12.0890909090909,54.7672727272727,33.1436363636364,0.741818181818182,19.6,0.0454545454545455,42.5254545454545,0.0472727272727273,37.04,-0.277514897812348,0.305629055422535,0.838171153556926,0.88865281189828,0.871962257940644
124000,67887,56113,0.54698478926615,0.6702854230726,0.614807974501358,12.0890909090909,54.7509090909091,33.16,0.738181818181818,19.6090909090909,0.0490909090909091,42.5036363636364,0.0472727272727273,37.0527272727273,-0.282938249829088,0.287465714233456,0.837719957888404,0.888652741340949,0.872025441386117
124027,67887,56140,0.547093861001679,0.670264845766361,0.614640125033512,12.08,54.7436363636364,33.1763636363636,0.741818181818182,19.62,0.0345454545454545,42.5018181818182,0.0454545454545455,37.0563636363636,-0.280991472136917,0.277513146581425,0.838049367850692,0.888604736125411,0.871814544856689
124100,67895,56205,0.547223848883621,0.670319167585558,0.61478730619332,12.0654545454545,54.7672727272727,33.1672727272727,0.741818181818182,19.6181818181818,0.0418181818181818,42.4854545454545,0.0509090909090909,37.0618181818182,-0.2803107743932,0.279821024300128,0.838456901748041,0.888520018591063,0.871998684354786
123953,67894,56059,0.547221627881504,0.670312168256015,0.614928912307314,12.0563636363636,54.7672727272727,33.1763636363636,0.741818181818182,19.6163636363636,0.0345454545454545,42.4909090909091,0.0545454545454545,37.0618181818182,-0.279989154654851,0.265924611027797,0.838636706379128,0.888553216917867,0.872033758974078
124265,67887,56378,0.5468697093744,0.670616209698077,0.615149207877925,12.0490909090909,54.7690909090909,33.1818181818182,0.74,19.6109090909091,0.0345454545454545,42.4963636363636,0.0436363636363636,37.0745454545455,-0.285741213702501,0.29618171586454,0.837784819677079,0.888656508315905,0.872219178082192
124055,67868,56187,0.547050217252427,0.670526518561543,0.615148414927917,12.0490909090909,54.7509090909091,33.2,0.738181818181818,19.6072727272727,0.0418181818181818,42.4727272727273,0.0563636363636364,37.0836363636364,-0.287936581145252,0.259422451218548,0.83793571751924,0.888719157838807,0.872124863088719
124279,67892,56387,0.546948893609802,0.670690302323919,0.614873707646087,12.04,54.7690909090909,33.1909090909091,0.74,19.5890909090909,0.0345454545454545,42.4981818181818,0.0472727272727273,37.0909090909091,-0.281890025808719,0.26945629589556,0.837813349441256,0.888722902765329,0.872035058887976
124123,67878,56245,0.546939801242089,0.670410801086726,0.614889773397111,12.04,54.7527272727273,33.2072727272727,0.74,19.5654545454545,0.0472727272727273,42.5127272727273,0.0363636363636364,37.0981818181818,-0.283017109320446,0.2607040681273,0.837813349441256,0.888689646011822,0.872043363994744
124081,67887,56194,0.546853477547381,0.670368953892147,0.615101972762953,12.0309090909091,54.7618181818182,33.2072727272727,0.729090909090909,19.5690909090909,0.0436363636363636,42.5254545454545,0.0418181818181818,37.0909090909091,-0.283932968193602,0.239969257632038,0.837690796433429,0.888674922806202,0.872262374069207
124251,67875,56376,0.546942089897239,0.670335974954377,0.615225136554728,12.0381818181818,54.74,33.2218181818182,0.725454545454545,19.5745454545455,0.0290909090909091,42.5236363636364,0.0454545454545455,37.1018181818182,-0.283707875243007,0.243234507490309,0.837335749886724,0.888730195635566,0.87215411558669
124049,67859,56190,0.547047499105085,0.670365604265489,0.615211380053524,12.0236363636364,54.7418181818182,33.2345454545455,0.725454545454545,19.5654545454545,0.0327272727272727,42.52,0.0436363636363636,37.1127272727273,-0.290212962669532,0.236390052693473,0.837592620595796,0.888733891324565,0.872093659390557
124019,67847,56172,0.546946693677892,0.670508774954632,0.615173103510421,12.0145454545455,54.7527272727273,33.2327272727273,0.729090909090909,19.5563636363636,0.0418181818181818,42.52,0.0454545454545455,37.1072727272727,-0.298043709356782,0.225215222103394,0.837469733656174,0.888689646011822,0.872196082722398
123955,67853,56102,0.54698697773731,0.670451928195928,0.615184202901713,11.9836363636364,54.7727272727273,33.2436363636364,0.729090909090909,19.56,0.0418181818181818,42.5109090909091,0.0509090909090909,37.1072727272727,-0.293856841457785,0.204958531498613,0.837657411621909,0.888597510373444,0.872238022314592
123795,67869,55926,0.546967884850718,0.670130864243507,0.615153961991098,11.9690909090909,54.7709090909091,33.26,0.738181818181818,19.5563636363636,0.0436363636363636,42.5,0.0545454545454545,37.1072727272727,-0.289178369818414,0.181759282889966,0.838067750265836,0.88859381224273,0.872136882960695
