"total_rewards","action_rewards","opinion_rewards","sp0_social_trust","sp1_social_trust","sp2_social_trust","sp0_request_rate","sp1_request_rate","sp2_request_rate","op0_expression_rate","op1_expression_rate","op2_expression_rate","op3_expression_rate","op4_expression_rate","op5_expression_rate","mean_loss1","mean_loss2","sp0_availability","sp1_availability","sp2_availability"
19771,29392,-9621,0.685760465519572,0.710391501091576,0.728866419923695,32.8836363636364,34.1109090909091,33.0054545454545,16.9618181818182,16.8109090909091,16.6036363636364,16.0454545454545,16.7781818181818,16.8,1.51370977271687,-6.64582824490287,0.80858122304545,0.84947497468152,0.888338015754972
20064,29446,-9382,0.685487300120594,0.710683684738419,0.729111883188755,32.7618181818182,34.1672727272727,33.0709090909091,16.8818181818182,16.9054545454545,16.4309090909091,16.2163636363636,16.6890909090909,16.8763636363636,1.44890938455408,-6.69864152778279,0.808646428769632,0.850042571306939,0.888449062620265
20287,29429,-9142,0.685086596167674,0.710505420070061,0.729160370518233,32.6218181818182,34.2418181818182,33.1363636363636,16.7727272727273,17.02,16.3490909090909,16.3618181818182,16.5236363636364,16.9727272727273,1.37768058885228,-6.74902081489563,0.808661241779066,0.84957255880635,0.888230452674897
20516,29457,-8941,0.684711815055067,0.710450257139895,0.729388272884627,32.5181818181818,34.2909090909091,33.1909090909091,16.64,17.1890909090909,16.2090909090909,16.4854545454545,16.4381818181818,17.0381818181818,1.31061195460233,-6.81461141759699,0.808442829186469,0.849204665959703,0.888414133114215
20885,29523,-8638,0.684468483569804,0.710290465144731,0.729665381598645,32.3945454545455,34.2963636363636,33.3090909090909,16.4890909090909,17.3363636363636,16.1363636363636,16.5836363636364,16.3181818181818,17.1363636363636,1.24635185545141,-6.83685578216206,0.808497502385362,0.849175634840693,0.888427947598253
21306,29595,-8289,0.684365482461361,0.710369397045931,0.729898196990982,32.3327272727273,34.3036363636364,33.3636363636364,16.3418181818182,17.4818181818182,15.98,16.7236363636364,16.2345454545455,17.2381818181818,1.18268148248846,-6.8433331489563,0.808693696226733,0.849472624158584,0.888828337874659
21769,29657,-7888,0.683852025108598,0.710624639112339,0.730080618588852,32.1745454545455,34.3763636363636,33.4490909090909,16.1909090909091,17.6727272727273,15.8290909090909,16.8436363636364,16.12,17.3436363636364,1.11694617054679,-6.82340209700845,0.808487793851718,0.849579520812398,0.888840571832364
22151,29646,-7495,0.683477312869353,0.710659273506383,0.73014956020652,32.04,34.4109090909091,33.5490909090909,16.0290909090909,17.8654545454545,15.6581818181818,16.9872727272727,16.0072727272727,17.4527272727273,1.04453568783673,-6.81411799409173,0.808251049824084,0.849413505230899,0.888684153479298
22519,29656,-7137,0.683249975805827,0.710624098756715,0.730227746511085,31.9472727272727,34.4454545454545,33.6072727272727,15.8327272727273,18.0854545454545,15.5036363636364,17.1145454545455,15.9109090909091,17.5527272727273,0.973604616793719,-6.82773701711135,0.808149792271356,0.849617313275271,0.888606362259251
22948,29685,-6737,0.682981646506334,0.710732263206769,0.730191957430529,31.8236363636364,34.5,33.6763636363636,15.6345454545455,18.3090909090909,15.3127272727273,17.2909090909091,15.7418181818182,17.7109090909091,0.903647790171883,-6.8276686874303,0.808261440895846,0.849644268774704,0.888510959939531
23350,29758,-6408,0.682781086568421,0.710711687845449,0.730614794312689,31.72,34.5109090909091,33.7690909090909,15.46,18.4727272727273,15.1563636363636,17.4436363636364,15.6490909090909,17.8181818181818,0.836527818441391,-6.8628761714155,0.808724062822423,0.849955218376271,0.888924783287568
23762,29794,-6032,0.682406157939197,0.710650311296653,0.730807090053096,31.6036363636364,34.52,33.8763636363636,15.2436363636364,18.7345454545455,14.9618181818182,17.5781818181818,15.5145454545455,17.9672727272727,0.76570270115679,-6.87827540961179,0.808710159935565,0.850047403349837,0.889061829111207
24248,29839,-5591,0.682006078203854,0.710823105463829,0.730964092521075,31.4654545454545,34.5327272727273,34.0018181818182,15.0509090909091,18.9509090909091,14.7581818181818,17.7836363636364,15.2927272727273,18.1636363636364,0.695155109058727,-6.86838576956229,0.80862128741477,0.850418575264571,0.888936420512272
24679,29884,-5205,0.681307962673292,0.710580400483308,0.731183563496425,31.3454545454545,34.5654545454545,34.0890909090909,14.8436363636364,19.2109090909091,14.5327272727273,17.9581818181818,15.1563636363636,18.2981818181818,0.623164065317674,-6.89029776291414,0.808120649651972,0.849981589606018,0.889167422262521
25164,29977,-4813,0.68105845097178,0.710243390624355,0.731522622271954,31.1927272727273,34.6109090909091,34.1963636363636,14.6254545454545,19.4563636363636,14.3472727272727,18.0890909090909,15.0163636363636,18.4654545454545,0.554416672208092,-6.91151285279881,0.808580088598741,0.8494431603278,0.889568268821778
25721,30097,-4376,0.680749349085663,0.710187625239819,0.731787573680491,31.08,34.6236363636364,34.2963636363636,14.4309090909091,19.6618181818182,14.1927272727273,18.2854545454545,14.8,18.6290909090909,0.487098894877867,-6.90100428949703,0.808646308646309,0.849708554324424,0.889890261358214
26283,30191,-3908,0.680405398367051,0.710241886078837,0.731871601813837,30.9072727272727,34.6927272727273,34.4,14.2109090909091,19.9054545454545,13.9836363636364,18.5090909090909,14.5781818181818,18.8127272727273,0.416968808661808,-6.88265517679128,0.808812283075475,0.849693412294953,0.890010570824524
26784,30251,-3467,0.679928002376342,0.710263468633402,0.731688831056086,30.7527272727273,34.8018181818182,34.4454545454545,13.9909090909091,20.1181818181818,13.8127272727273,18.7036363636364,14.3781818181818,18.9963636363636,0.343470109592785,-6.87689515677365,0.809093059004375,0.849537641711509,0.889891792029559
27297,30338,-3041,0.679426317532592,0.70987726540088,0.731686244125997,30.6290909090909,34.7727272727273,34.5981818181818,13.7236363636364,20.3727272727273,13.6563636363636,18.9072727272727,14.1509090909091,19.1890909090909,0.271874858032573,-6.86623879996213,0.809094146978511,0.849150326797386,0.889642125177361
27900,30407,-2507,0.679311588443626,0.709867945798595,0.731432595821782,30.5163636363636,34.8145454545455,34.6690909090909,13.4781818181818,20.6181818181818,13.4690909090909,19.1745454545455,13.8472727272727,19.4127272727273,0.198064715753902,-6.81001539230347,0.809759294566254,0.849174848548151,0.889290958674219
28449,30501,-2052,0.67892860069662,0.709430938711606,0.731603308342035,30.3836363636364,34.84,34.7763636363636,13.2290909090909,20.8345454545455,13.2745454545455,19.4145454545455,13.6781818181818,19.5690909090909,0.125904203544963,-6.78113622990521,0.809885704027287,0.848658803882684,0.889423328279396
29029,30597,-1568,0.678237348878495,0.709305305188127,0.731813328452486,30.2090909090909,34.8836363636364,34.9072727272727,13.0090909090909,21.04,13.04,19.6872727272727,13.4036363636364,19.82,0.0540776837955822,-6.73002188530835,0.809930785434848,0.848795997081205,0.889577582165738
29689,30695,-1006,0.677798127195988,0.709419019323805,0.731741067458803,30.0454545454545,34.94,35.0145454545455,12.7654545454545,21.2763636363636,12.8236363636364,19.94,13.14,20.0545454545455,-0.0185208055106076,-6.63748238845305,0.810408472012103,0.84914398709476,0.889552393810365
30299,30794,-495,0.67704215023946,0.709489326161943,0.731801119743143,29.8581818181818,35.0018181818182,35.14,12.5327272727273,21.4727272727273,12.6672727272727,20.1745454545455,12.8981818181818,20.2545454545455,-0.0907229591499675,-6.55526565421711,0.810315430520034,0.849254584177445,0.889584519066591
30853,30876,-23,0.676370897609002,0.70924725467789,0.731711656708651,29.7327272727273,35.0090909090909,35.2581818181818,12.3072727272727,21.6454545454545,12.5,20.4290909090909,12.6909090909091,20.4272727272727,-0.164054879004305,-6.49185447584499,0.810126582278481,0.849233965203843,0.889542079207921
31423,30949,474,0.675622525452567,0.708935636780584,0.731936691648973,29.5563636363636,35.0272727272727,35.4163636363636,12.0490909090909,21.9018181818182,12.2981818181818,20.64,12.4181818181818,20.6927272727273,-0.23755029277368,-6.39809061234648,0.81003937007874,0.849156501427459,0.889573386724165
31909,31022,887,0.675100600002469,0.708725838871882,0.732111533267,29.4054545454545,35.0236363636364,35.5709090909091,11.8781818181818,22.0018181818182,12.1345454545455,20.8981818181818,12.2018181818182,20.8854545454545,-0.310236483541402,-6.34573657404293,0.810362950596674,0.848881274983128,0.889695358822327
32441,31141,1300,0.674791059089236,0.708556993495373,0.732181130611163,29.2563636363636,35.0272727272727,35.7163636363636,11.6327272727273,22.2254545454545,11.9563636363636,21.1272727272727,11.9545454545455,21.1036363636364,-0.379187281565233,-6.28349482958967,0.810825927537133,0.849104593822995,0.889584605986561
32995,31257,1738,0.674028481783381,0.708346019130871,0.732380510496403,29.1109090909091,35.0090909090909,35.88,11.4581818181818,22.3781818181818,11.7545454545455,21.3509090909091,11.6945454545455,21.3636363636364,-0.447909578139132,-6.20600877675143,0.810442820560864,0.849389768891197,0.889581433059694
33622,31343,2279,0.673489541811719,0.708274546243879,0.732315486703437,28.9545454545455,35.0381818181818,36.0072727272727,11.2436363636364,22.5436363636364,11.6218181818182,21.5381818181818,11.4745454545455,21.5781818181818,-0.517950586297295,-6.06473205523057,0.810612244897959,0.849307249234601,0.889264794990911
34122,31441,2681,0.673114063150855,0.708151079025032,0.732473761644831,28.78,35.0418181818182,36.1781818181818,11.0872727272727,22.6690909090909,11.42,21.7745454545455,11.2581818181818,21.7909090909091,-0.586733363704248,-5.98989230502735,0.811169372670415,0.849426659056711,0.889235099004925
34647,31512,3135,0.672568200917198,0.708015899402263,0.732718240968222,28.6345454545455,35.0218181818182,36.3436363636364,10.9109090909091,22.8218181818182,11.2781818181818,21.9545454545455,10.9963636363636,22.0381818181818,-0.655967793952335,-5.87867242910645,0.81135310178424,0.849704080573149,0.889038971434289
35165,31651,3514,0.671894923111828,0.707807151742872,0.733018060757198,28.4654545454545,34.9763636363636,36.5581818181818,10.7290909090909,22.9127272727273,11.0745454545455,22.2054545454545,10.8563636363636,22.2218181818182,-0.719151769442992,-5.79840415607799,0.811509964230966,0.849924624421687,0.889043616650918
35648,31767,3881,0.671552294348257,0.707551635559748,0.733304379440908,28.3090909090909,34.96,36.7309090909091,10.5618181818182,22.9981818181818,10.9254545454545,22.4327272727273,10.7181818181818,22.3636363636364,-0.782976704023101,-5.72758870612491,0.812074502247913,0.850010401497816,0.888971388971389
36217,31850,4367,0.670697250404606,0.707358789985675,0.733455396012026,28.1163636363636,35.0018181818182,36.8818181818182,10.4018181818182,23.1109090909091,10.7145454545455,22.6581818181818,10.5436363636364,22.5709090909091,-0.84760420105674,-5.58363999345086,0.811885669943094,0.849825983065815,0.889031303919152
36711,31982,4729,0.670183960448129,0.707117591974599,0.733588391956026,27.9781818181818,34.9454545454545,37.0763636363636,10.2345454545455,23.1563636363636,10.6,22.8945454545455,10.3890909090909,22.7254545454545,-0.907732180573724,-5.49986371668902,0.811931375097479,0.850156087408949,0.889074146724206
37090,32101,4989,0.669544369684342,0.707018885811405,0.733767143219428,27.82,34.9309090909091,37.2490909090909,10.0581818181818,23.2636363636364,10.4654545454545,23.08,10.2181818181818,22.9145454545455,-0.967068202116273,-5.46023983576081,0.811907718449774,0.850510097855507,0.889198028017767
37597,32191,5406,0.668784408496985,0.706984613856502,0.734035249402293,27.6290909090909,34.9145454545455,37.4563636363636,9.89272727272727,23.36,10.2945454545455,23.2927272727273,10.1036363636364,23.0563636363636,-1.02810831720179,-5.33284838633104,0.811924190576467,0.850804561787221,0.889131595553614
38088,32271,5817,0.668397876137547,0.706332908465123,0.734134358174643,27.4781818181818,34.8636363636364,37.6581818181818,9.72363636363636,23.4636363636364,10.12,23.5272727272727,9.96909090909091,23.1963636363636,-1.08746544122696,-5.22917139313438,0.812413154238073,0.850273794002608,0.888904982618772
38536,32418,6118,0.667883936926999,0.706252031807525,0.734384487429961,27.2927272727273,34.86,37.8472727272727,9.6,23.5072727272727,9.98727272727273,23.7109090909091,9.83272727272727,23.3618181818182,-1.13964050845666,-5.16109489961104,0.812604090333755,0.850571115631357,0.888883551114527
38993,32551,6442,0.667268117326103,0.705769288123694,0.734526296506555,27.1563636363636,34.8145454545455,38.0290909090909,9.44909090909091,23.5909090909091,9.86545454545454,23.8472727272727,9.7,23.5472727272727,-1.19268146753311,-5.07816159779375,0.812399571505088,0.850689367035722,0.888888888888889
39459,32655,6804,0.666206266460451,0.705659829722035,0.734705464352945,26.9545454545455,34.86,38.1854545454545,9.32363636363636,23.5945454545455,9.77818181818182,24.0363636363636,9.50181818181818,23.7654545454545,-1.2444449248639,-4.97499274774031,0.811939291736931,0.850518958952694,0.88882011237025
39871,32769,7102,0.665578259351017,0.70547964329711,0.734961170735852,26.7872727272727,34.8690909090909,38.3436363636364,9.19272727272727,23.6181818181818,9.69090909090909,24.1690909090909,9.36181818181818,23.9672727272727,-1.29571665335785,-4.89701895876364,0.811986696531596,0.850662217123788,0.888994262411684
40199,32884,7315,0.665186573088555,0.705190237706492,0.735157675902938,26.6145454545455,34.8272727272727,38.5581818181818,9.08909090909091,23.6581818181818,9.57454545454545,24.2909090909091,9.22545454545454,24.1618181818182,-1.3450391238386,-4.85484199903228,0.81247438174614,0.850691725398068,0.888998915452445
40614,32986,7628,0.664394868349218,0.704998719524185,0.735396434734308,26.4472727272727,34.8036363636364,38.7490909090909,8.97090909090909,23.7236363636364,9.4,24.4727272727273,9.08545454545455,24.3472727272727,-1.39363308548927,-4.76339829293164,0.812319538017324,0.85126945982656,0.888795045045045
40930,33102,7828,0.663643257474048,0.70463697859105,0.735634273646809,26.2690909090909,34.7363636363636,38.9945454545455,8.87454545454545,23.74,9.27454545454546,24.5981818181818,8.99818181818182,24.5145454545455,-1.4398319049315,-4.72501143000343,0.812153931339978,0.851504841664486,0.888702382617615
41387,33188,8199,0.663091199906719,0.704279941710379,0.735785264447831,26.0509090909091,34.7236363636364,39.2254545454545,8.74181818181818,23.8509090909091,9.12545454545454,24.7054545454545,8.86545454545455,24.7109090909091,-1.48513345068151,-4.60762754028494,0.812465103294249,0.85165985967117,0.888337814035413
41830,33343,8487,0.662398667679169,0.704163023122955,0.736180075013605,25.88,34.6727272727273,39.4472727272727,8.62727272727273,23.8909090909091,9.05272727272727,24.7818181818182,8.76727272727273,24.88,-1.52325202633034,-4.51917333277789,0.812631726851201,0.852123754588359,0.888366519174041
42195,33478,8717,0.661739079591559,0.704094977739861,0.736482775075838,25.6836363636364,34.6745454545455,39.6418181818182,8.53636363636364,23.8818181818182,8.95636363636364,24.9054545454545,8.64363636363636,25.0763636363636,-1.56312111426483,-4.45731892043894,0.812968993345604,0.852393686749515,0.888685043342659
42525,33564,8961,0.660922074578195,0.703187177872089,0.736639285827023,25.5145454545455,34.6490909090909,39.8363636363636,8.45454545454546,23.9090909090909,8.81636363636364,25.0218181818182,8.54727272727273,25.2509090909091,-1.6029936069792,-4.39029487859119,0.812869664362574,0.851550611323923,0.888544043815609
42971,33736,9235,0.660236176197982,0.702621564777893,0.737019442659951,25.3436363636364,34.5672727272727,40.0890909090909,8.34727272727273,23.9527272727273,8.68,25.1854545454545,8.38363636363636,25.4509090909091,-1.63538778830658,-4.31213886304335,0.813186024822441,0.851883021249737,0.888702435484602
43447,33940,9507,0.659744531058679,0.70213622821092,0.737232624617894,25.2054545454545,34.4672727272727,40.3272727272727,8.23636363636364,24.02,8.54181818181818,25.3,8.29818181818182,25.6036363636364,-1.66311396441676,-4.22813674048944,0.813604558897785,0.852455557313921,0.888638412984671
43897,34071,9826,0.658833344751139,0.702117595836574,0.737306276298357,25.0363636363636,34.4418181818182,40.5218181818182,8.14,24.0745454545455,8.39636363636364,25.4163636363636,8.20727272727273,25.7654545454545,-1.69633657146584,-4.11644255871122,0.813071895424837,0.85287441271182,0.888769237672186
44221,34226,9995,0.658251551983444,0.701887667178751,0.737457000881837,24.8945454545455,34.3854545454545,40.72,8.02363636363636,24.1290909090909,8.28727272727273,25.5236363636364,8.06,25.9763636363636,-1.72675814872438,-4.07376005188985,0.813394683026585,0.85284475465313,0.888864082871941
44667,34359,10308,0.657757879528076,0.701149589473933,0.737815871685107,24.7545454545455,34.34,40.9054545454546,7.92909090909091,24.2036363636364,8.10181818181818,25.6854545454545,7.93090909090909,26.1490909090909,-1.75662933886051,-3.9690035619519,0.813734851266985,0.852491131466088,0.889190150235576
45126,34542,10584,0.6571390383451,0.700798302821728,0.737922903934368,24.6127272727273,34.2690909090909,41.1181818181818,7.82909090909091,24.26,7.99454545454545,25.7527272727273,7.86181818181818,26.3018181818182,-1.78041753904386,-3.87614252892407,0.813769668316466,0.852822580645161,0.88940968383816
45464,34693,10771,0.656245938032303,0.699999237505498,0.738118132338643,24.4218181818182,34.24,41.3381818181818,7.72727272727273,24.3054545454545,7.87636363636364,25.8145454545455,7.83454545454545,26.4418181818182,-1.80618913851001,-3.83709503791549,0.813579511614056,0.852432030586236,0.889250527797326
45829,34852,10977,0.655227118562948,0.699734740812998,0.738064359225347,24.22,34.2618181818182,41.5181818181818,7.64363636363636,24.3309090909091,7.79272727272727,25.8927272727273,7.70727272727273,26.6327272727273,-1.82967760305513,-3.77405976653099,0.813677651827941,0.8523668011038,0.8891175826582
46202,34984,11218,0.654382082456596,0.699075403879585,0.73817778857142,24.0854545454545,34.1454545454545,41.7690909090909,7.54545454545455,24.3818181818182,7.69454545454545,25.9672727272727,7.61636363636364,26.7945454545455,-1.85430779579011,-3.69737300601872,0.813014267381294,0.852502662406816,0.889087189309189
46568,35198,11370,0.653809836644265,0.69824233084732,0.738506933694555,23.9327272727273,34.0909090909091,41.9763636363636,7.47818181818182,24.3854545454545,7.60363636363636,26.0563636363636,7.52727272727273,26.9490909090909,-1.87186288914897,-3.65870951793411,0.813492364962395,0.852,0.889461601767228
47131,35442,11689,0.653447159251768,0.697823985616219,0.738478575371012,23.7727272727273,34.0381818181818,42.1890909090909,7.38363636363636,24.4254545454545,7.53818181818182,26.1309090909091,7.38,27.1418181818182,-1.88476432548328,-3.54722804535519,0.814455066921606,0.852358314192618,0.889631098086537
47499,35646,11853,0.65286951489386,0.69733795768846,0.738782490624416,23.6345454545455,33.9127272727273,42.4527272727273,7.30363636363636,24.4072727272727,7.49454545454545,26.1981818181818,7.26909090909091,27.3272727272727,-1.89979637414217,-3.50283534770662,0.814678052157858,0.85288440917864,0.889674075977558
47979,35873,12106,0.652049399979579,0.69662340638977,0.739080721022005,23.4672727272727,33.8309090909091,42.7018181818182,7.22545454545455,24.4109090909091,7.4,26.3363636363636,7.16909090909091,27.4581818181818,-1.91095431812785,-3.43312047123909,0.814829162469977,0.852421131832106,0.889934429021545
48400,36081,12319,0.651491039283014,0.695902466718668,0.738965748790592,23.3090909090909,33.7527272727273,42.9381818181818,7.13090909090909,24.4290909090909,7.34181818181818,26.3945454545455,7.07272727272727,27.6309090909091,-1.92404410324313,-3.36000481193716,0.815756630265211,0.852510234863176,0.890159214092141
48935,36326,12609,0.650610826631165,0.695061304695167,0.738930330606508,23.1472727272727,33.6490909090909,43.2036363636364,7.04363636363636,24.4527272727273,7.24545454545455,26.5072727272727,6.95090909090909,27.8,-1.93235307268121,-3.25655850984833,0.815332652580316,0.852488247690063,0.890160760878714
49452,36593,12859,0.650002007076673,0.694719839458364,0.73900083141655,23.0145454545455,33.5545454545455,43.4309090909091,6.98181818181818,24.4618181818182,7.10727272727273,26.6545454545455,6.83090909090909,27.9636363636364,-1.93890114209869,-3.17199470319531,0.815610680992258,0.853156326198862,0.890400636329384
49924,36881,13043,0.649279070610231,0.694014387364207,0.739102541877702,22.8345454545455,33.4818181818182,43.6836363636364,6.90363636363636,24.5,6.99818181818182,26.7018181818182,6.76909090909091,28.1272727272727,-1.94290617054159,-3.11813191581856,0.816307030814555,0.85310887863155,0.890784982935154
50375,37110,13265,0.648426081188844,0.693028599748217,0.738810396262154,22.6836363636364,33.3654545454545,43.9509090909091,6.81272727272727,24.5309090909091,6.92909090909091,26.7727272727273,6.66181818181818,28.2927272727273,-1.94826091609218,-3.04841858988458,0.816527733247836,0.852814560514413,0.890456294212551
50844,37344,13500,0.647542983357889,0.691892970966946,0.738665363435426,22.4727272727273,33.3690909090909,44.1581818181818,6.72363636363636,24.5581818181818,6.80545454545455,26.8527272727273,6.61272727272727,28.4472727272727,-1.95434138558128,-2.97007558183237,0.816828478964401,0.851904320819485,0.890394037962696
51433,37620,13813,0.646469516809263,0.691330304805279,0.738713261407203,22.2836363636364,33.2963636363636,44.42,6.62727272727273,24.6054545454545,6.71090909090909,26.9563636363636,6.44545454545455,28.6545454545455,-1.9551956106316,-2.8645561795343,0.816906005221932,0.851963086332114,0.890671687610004
51838,37863,13975,0.645559017974656,0.69093065298731,0.7387367445567,22.0927272727273,33.2690909090909,44.6381818181818,6.57818181818182,24.5581818181818,6.66545454545455,27.0145454545455,6.39454545454546,28.7890909090909,-1.95595604696057,-2.82203743132678,0.817381285490906,0.852005683681277,0.890758013930186
52313,38098,14215,0.644811190212492,0.689990156329896,0.738607191541063,21.9545454545455,33.2381818181818,44.8072727272727,6.49454545454545,24.5836363636364,6.54181818181818,27.1163636363636,6.34363636363636,28.92,-1.95858638042753,-2.7490310720422,0.818219461697723,0.851539850117608,0.890967375426067
52871,38371,14500,0.644258012509462,0.688641255779182,0.738459866407604,21.8054545454545,33.1236363636364,45.0709090909091,6.41090909090909,24.5945454545455,6.43272727272727,27.2072727272727,6.26909090909091,29.0854545454545,-1.9571260528131,-2.6498777565631,0.818977737013258,0.851246020419365,0.891121061761265
53415,38619,14796,0.643602864146153,0.687653396955705,0.738282581324139,21.6436363636364,33.0236363636364,45.3327272727273,6.34,24.5654545454545,6.34363636363636,27.3490909090909,6.12363636363636,29.2781818181818,-1.95561779060147,-2.54805493165146,0.819304435483871,0.850960744370423,0.891027954919183
53967,38933,15034,0.642633647170973,0.687286872780976,0.738055335915513,21.4981818181818,32.9181818181818,45.5836363636364,6.23454545454545,24.6145454545455,6.21090909090909,27.3981818181818,6.05636363636364,29.4854545454545,-1.94984080195427,-2.46378053751859,0.819181326116374,0.851919359293013,0.890670495791951
54462,39187,15275,0.642036876922595,0.68573577464169,0.737942075039288,21.3872727272727,32.8109090909091,45.8018181818182,6.16545454545455,24.5690909090909,6.10727272727273,27.5218181818182,5.99818181818182,29.6381818181818,-1.94748778803782,-2.38860097744248,0.819348805576809,0.851047323506594,0.890953118177127
54917,39450,15467,0.641066008510851,0.683715705312975,0.737665950572293,21.2163636363636,32.6745454545455,46.1090909090909,6.07818181818182,24.4945454545455,6.08909090909091,27.5672727272727,5.93454545454545,29.8363636363636,-1.94290124272758,-2.3404242973436,0.8196932042163,0.850203105002504,0.890654574132492
55351,39772,15579,0.639818609194967,0.683061923957452,0.737597844011644,21.0327272727273,32.6272727272727,46.34,6.00909090909091,24.4218181818182,6.03090909090909,27.6236363636364,5.92,29.9945454545455,-1.93302142322063,-2.33158505992456,0.81932918395574,0.850766230147673,0.890807078118256
55771,40104,15667,0.638415522875917,0.682307651035952,0.737472392112573,20.8345454545455,32.5472727272727,46.6181818181818,5.96727272727273,24.3145454545455,5.97090909090909,27.7345454545455,5.86363636363636,30.1490909090909,-1.92332016690211,-2.32201562903144,0.819617767693516,0.851181498240322,0.890873634945398
56420,40469,15951,0.637491290137986,0.681788456562962,0.737164998417291,20.6654545454545,32.4818181818182,46.8527272727273,5.90363636363636,24.2654545454545,5.86181818181818,27.8272727272727,5.82727272727273,30.3145454545455,-1.90802273980596,-2.23279914422469,0.819989442196023,0.851273439686538,0.890837828398463
56842,40800,16042,0.636292978002134,0.680657517915113,0.73687176460487,20.48,32.3909090909091,47.1290909090909,5.83454545454545,24.2018181818182,5.79454545454545,27.8690909090909,5.78181818181818,30.5181818181818,-1.89619279463183,-2.22492047168992,0.819957386363636,0.851754139769857,0.890706377068786
57662,41177,16485,0.634782134342523,0.679438258880744,0.73679856642887,20.3036363636364,32.24,47.4563636363636,5.76181818181818,24.1454545454545,5.67272727272727,27.98,5.67272727272727,30.7672727272727,-1.87962590889497,-2.07278889796951,0.81919942688278,0.852018948793142,0.890732155856097
58201,41481,16720,0.633529854287173,0.678436374867992,0.736782092659185,20.1381818181818,32.1309090909091,47.7309090909091,5.7,24.1109090909091,5.55454545454545,28.0581818181818,5.57454545454545,31.0018181818182,-1.86880461140112,-2.00186211575161,0.818526543878657,0.851969216840199,0.890713088526588
58940,41842,17098,0.632622051926773,0.677471178644986,0.736318872691521,19.9727272727273,32.0345454545455,47.9927272727273,5.65272727272727,23.9909090909091,5.40181818181818,28.2345454545455,5.48727272727273,31.2327272727273,-1.85540741099553,-1.87241327952255,0.819299044151115,0.852148249049322,0.890627367782997
59451,42181,17270,0.631730095458083,0.675419495435668,0.73603255258661,19.8254545454545,31.9072727272727,48.2672727272727,5.56363636363636,23.9127272727273,5.32363636363636,28.3090909090909,5.41272727272727,31.4781818181818,-1.84247837716883,-1.82549455951561,0.819607483492296,0.851729443273121,0.890722115493276
60095,42535,17560,0.630541164618875,0.675142594025519,0.73544370580743,19.6309090909091,31.9309090909091,48.4381818181818,5.50363636363636,23.8090909090909,5.20545454545455,28.3927272727273,5.42,31.6690909090909,-1.82719787359238,-1.71459209431301,0.82041307770677,0.851725316023232,0.890844938253069
60724,42902,17822,0.629843841523809,0.674571068220495,0.734996082130252,19.4654545454545,31.8490909090909,48.6854545454545,5.44363636363636,23.6872727272727,5.15636363636364,28.4090909090909,5.40909090909091,31.8945454545455,-1.81032043830915,-1.63113706599582,0.821408555949935,0.852371981503682,0.890727116555253
61401,43228,18173,0.62862379168551,0.673359373334597,0.734662718176926,19.2781818181818,31.8327272727273,48.8890909090909,5.37636363636364,23.6181818181818,5.02,28.5,5.36909090909091,32.1163636363636,-1.79699954309247,-1.52839363732121,0.821842874658116,0.85183915924149,0.890847558481163
62076,43607,18469,0.62790654400703,0.672187516212655,0.734427163459006,19.1454545454545,31.7127272727273,49.1418181818182,5.29636363636364,23.5254545454545,4.95272727272727,28.5581818181818,5.33818181818182,32.3290909090909,-1.77858691025864,-1.43166189654307,0.822507122507123,0.852081183350533,0.891038922598786
62635,43892,18743,0.626483042534493,0.670809480706374,0.733787807544758,18.9981818181818,31.6072727272727,49.3945454545455,5.22181818181818,23.4418181818182,4.90545454545455,28.6127272727273,5.23090909090909,32.5872727272727,-1.76525881100785,-1.34960903254422,0.82199253517083,0.851932811780948,0.890565759929326
63354,44326,19028,0.625033144212907,0.669452240934426,0.733738988468684,18.8236363636364,31.5090909090909,49.6672727272727,5.15090909090909,23.3672727272727,4.83636363636364,28.6581818181818,5.18545454545455,32.8018181818182,-1.74355948757042,-1.27008946239948,0.821307833478219,0.852567801500289,0.890983636563312
63957,44656,19301,0.623582960218826,0.668097464162245,0.733547712294553,18.6363636363636,31.46,49.9036363636364,5.06909090909091,23.2672727272727,4.76,28.7727272727273,5.07818181818182,33.0527272727273,-1.72325742163441,-1.1952469443733,0.820682926829268,0.852279951453505,0.890953473968011
64592,45074,19518,0.622308812952648,0.667018509669014,0.733205984308833,18.5090909090909,31.3709090909091,50.12,5.00363636363636,23.1418181818182,4.69272727272727,28.8327272727273,5.02545454545455,33.3036363636364,-1.70121273127469,-1.14230189702728,0.820628683693517,0.852903674510259,0.890952622796198
65183,45463,19720,0.62085030523627,0.665905719832639,0.732986507961004,18.34,31.2890909090909,50.3709090909091,4.94363636363636,23.0527272727273,4.61454545454545,28.8545454545455,4.93454545454545,33.6,-1.68106516274539,-1.09193903180686,0.820561118271042,0.852925794642338,0.890990470690153
65734,45819,19915,0.619421757854644,0.664563403931376,0.73239309572573,18.2145454545455,31.2381818181818,50.5472727272727,4.86909090909091,22.9436363636364,4.56909090909091,28.8981818181818,4.83090909090909,33.8890909090909,-1.65878915542906,-1.05201950100335,0.819924136554202,0.853093533554508,0.890867234991547
66351,46167,20184,0.617934288721123,0.663963655446237,0.731881977668224,18.0509090909091,31.2018181818182,50.7472727272727,4.82363636363636,22.8618181818182,4.46363636363636,28.9309090909091,4.78363636363636,34.1363636363636,-1.63876750564033,-0.993936461481181,0.819601128122482,0.853505040498805,0.890724087277417
67130,46607,20523,0.616800351714369,0.662837789328287,0.731510733600967,17.8709090909091,31.1890909090909,50.94,4.75454545454545,22.7636363636364,4.42181818181818,28.9236363636364,4.72545454545455,34.4109090909091,-1.60981411947445,-0.899228269674561,0.820225862244379,0.85332866969803,0.89092336795517
67862,46999,20863,0.615446191198876,0.661945851422151,0.731348600119598,17.7145454545455,31.1345454545455,51.1509090909091,4.69636363636364,22.6527272727273,4.33090909090909,28.9836363636364,4.63818181818182,34.6981818181818,-1.5876509860158,-0.78716806796464,0.81956276300934,0.853772483064705,0.891053211530942
68501,47331,21170,0.614393568313364,0.660744849656368,0.73094097965366,17.5890909090909,31.0854545454545,51.3254545454545,4.63818181818182,22.5454545454545,4.25272727272727,29.0381818181818,4.54181818181818,34.9836363636364,-1.56830460198901,-0.715227388387377,0.819412859210254,0.853950985553021,0.89103404300542
69426,47785,21641,0.612971074277069,0.659929065130892,0.730239801114514,17.3981818181818,31.04,51.5618181818182,4.56909090909091,22.5054545454545,4.14363636363636,29.0163636363636,4.50727272727273,35.2581818181818,-1.54067006056959,-0.564065292477608,0.819625875222071,0.854850046860356,0.891004619344829
70202,48270,21932,0.612015122963672,0.658646454732244,0.72978614316794,17.26,30.9290909090909,51.8109090909091,4.52727272727273,22.3545454545455,4.09272727272727,28.9927272727273,4.51454545454545,35.5181818181818,-1.5081344504248,-0.509289525042881,0.820288633730117,0.85538769031803,0.891037338573835
70884,48688,22196,0.610911440501476,0.657202823354793,0.729195016786084,17.1527272727273,30.8490909090909,51.9981818181818,4.46363636363636,22.28,3.99454545454546,28.9690909090909,4.51272727272727,35.78,-1.48051392300562,-0.440053768591447,0.820224719101124,0.856014616608711,0.890870310150705
71703,49085,22618,0.61007925101237,0.65527186700411,0.728636275791964,17.0618181818182,30.7945454545455,52.1436363636364,4.38727272727273,22.2181818181818,3.9,28.9872727272727,4.43818181818182,36.0690909090909,-1.45702867250551,-0.327339565483007,0.820439045183291,0.855523410285174,0.891070120994456
72550,49441,23109,0.609097149525255,0.653346520602906,0.728085428126304,16.9890909090909,30.7054545454545,52.3054545454546,4.31636363636364,22.1745454545455,3.76363636363636,29.0290909090909,4.31636363636364,36.4,-1.43622916029258,-0.198756477643143,0.820205479452055,0.854630506868783,0.891163793103448
73343,49881,23462,0.608135140965999,0.653199853704773,0.727102423678726,16.8690909090909,30.6963636363636,52.4345454545455,4.26727272727273,22.0490909090909,3.74181818181818,29.0254545454545,4.20363636363636,36.7127272727273,-1.41147520765662,-0.103411803733219,0.82097434791981,0.855416691346325,0.891154339609556
74148,50242,23906,0.606792482332441,0.651757936277893,0.726413706124425,16.7418181818182,30.6945454545455,52.5636363636364,4.20181818181818,21.9727272727273,3.68909090909091,28.9745454545455,4.12909090909091,37.0327272727273,-1.38819764920256,0.0144294829531149,0.820482189400521,0.854815780120839,0.891317883085438
74763,50594,24169,0.605600533618115,0.650320754195597,0.725762778812085,16.6181818181818,30.6690909090909,52.7127272727273,4.15636363636364,21.9109090909091,3.58545454545455,28.9309090909091,4.09272727272727,37.3236363636364,-1.36393127597191,0.0560631433671171,0.82035010940919,0.854576713303296,0.891245860927152
75969,51100,24869,0.604459608513234,0.649516550170356,0.725114219065038,16.4909090909091,30.6163636363636,52.8927272727273,4.10363636363636,21.7945454545455,3.52181818181818,28.9581818181818,4.02909090909091,37.5927272727273,-1.33101017962803,0.258458870242942,0.820507166482911,0.855335827543203,0.891547213914957
76954,51521,25433,0.603717138816053,0.648420360443878,0.724504741936366,16.3727272727273,30.5836363636364,53.0436363636364,4.03454545454545,21.7290909090909,3.46727272727273,28.9527272727273,3.91272727272727,37.9036363636364,-1.3025612977418,0.411602388864214,0.821210438645197,0.855062124725046,0.891718653595667
77750,51937,25813,0.602751200632209,0.646388714890166,0.723840545977735,16.2745454545455,30.5054545454545,53.22,3.99636363636364,21.6163636363636,3.41454545454545,28.8836363636364,3.91090909090909,38.1781818181818,-1.27544062002139,0.497013492340391,0.821025583733661,0.8543926570509,0.891906665300126
78958,52309,26649,0.60201015211188,0.645349625564223,0.722986217433986,16.1490909090909,30.4890909090909,53.3618181818182,3.92363636363636,21.5636363636364,3.36,28.7818181818182,3.90181818181818,38.4690909090909,-1.25034026706761,0.746278979290615,0.821549200630489,0.854254875067088,0.891716923915636
79744,52677,27067,0.600879480630213,0.643845460445865,0.722369803614501,16.0418181818182,30.4381818181818,53.52,3.84181818181818,21.5163636363636,3.31818181818182,28.74,3.86,38.7236363636364,-1.22468442632393,0.839186534014615,0.82137594922362,0.854130577623798,0.891629297458894
80660,53134,27526,0.599997664847745,0.642157726006346,0.72138490919546,15.92,30.3981818181818,53.6818181818182,3.76181818181818,21.42,3.24727272727273,28.72,3.85090909090909,39,-1.19540835131298,0.945447398586707,0.822179077204203,0.853938632693343,0.89182049110923
81657,53503,28154,0.598945145370946,0.641313532766544,0.72030441828349,15.8381818181818,30.3654545454545,53.7963636363636,3.69090909090909,21.3981818181818,3.15272727272727,28.7072727272727,3.75818181818182,39.2927272727273,-1.17058597870848,1.08998078934171,0.821834462174262,0.853900964014131,0.891577666621603
82827,53914,28913,0.597915042596665,0.641041142174281,0.719223266321354,15.7363636363636,30.36,53.9036363636364,3.60545454545455,21.3763636363636,3.07636363636364,28.6836363636364,3.70363636363636,39.5545454545455,-1.14083834723993,1.29236102334478,0.821837088388215,0.854473589651455,0.891624784969811
83643,54255,29388,0.596638884156385,0.640144473309151,0.718262029063406,15.6272727272727,30.34,54.0327272727273,3.52363636363636,21.3072727272727,3.11636363636364,28.5836363636364,3.66181818181818,39.8072727272727,-1.11533911024982,1.39872704459862,0.820826061663758,0.854677293701684,0.891378962245104
84666,54608,30058,0.59576405722389,0.63953504283299,0.717153939176643,15.5381818181818,30.3454545454545,54.1163636363636,3.46,21.2763636363636,3.01636363636364,28.5872727272727,3.62909090909091,40.0309090909091,-1.09263932149519,1.57049047134139,0.820968874327171,0.855002995805872,0.89114366348609
85697,54959,30738,0.594651983833487,0.637939549189099,0.716486485765533,15.4509090909091,30.32,54.2290909090909,3.38363636363636,21.3036363636364,2.89454545454545,28.5945454545455,3.54181818181818,40.2818181818182,-1.07081627446142,1.73818878653375,0.820899035067075,0.854341568721516,0.891336417890431
86634,55316,31318,0.593070114829067,0.636642240074463,0.715680365670131,15.2890909090909,30.3672727272727,54.3436363636364,3.32181818181818,21.3181818181818,2.79636363636364,28.5836363636364,3.51454545454545,40.4654545454545,-1.0455866350369,1.87069878165017,0.820430491140445,0.853550472997246,0.891465087490381
87525,55635,31890,0.592143763990938,0.635890893199394,0.714864030295263,15.2345454545455,30.3436363636364,54.4218181818182,3.25818181818182,21.3109090909091,2.78363636363636,28.5090909090909,3.42363636363636,40.7145454545455,-1.02306438264522,1.99650316536427,0.820503640052512,0.85373599376835,0.891353735132968
88371,55959,32412,0.591176163313928,0.635575753687334,0.714004157860045,15.1509090909091,30.3345454545455,54.5145454545455,3.19636363636364,21.3109090909091,2.73454545454545,28.4927272727273,3.29818181818182,40.9672727272727,-1.00400641933084,2.09890616468408,0.820352814112565,0.854471349796212,0.891338425107561
89354,56295,33059,0.590648129822698,0.634671905343099,0.713176693586102,15.1218181818182,30.2945454545455,54.5836363636364,3.12545454545455,21.3636363636364,2.62545454545455,28.5163636363636,3.22,41.1490909090909,-0.979226962476969,2.23465907451781,0.820848863772995,0.854759332613132,0.891442656806902
90283,56590,33693,0.589452179594445,0.633590527230983,0.712330840220396,15.0309090909091,30.32,54.6490909090909,3.04909090909091,21.3745454545455,2.56909090909091,28.4945454545455,3.16727272727273,41.3454545454545,-0.95939337651838,2.37599392892285,0.820733034958268,0.85428160230271,0.891306517616529
91444,56973,34471,0.588433734707752,0.633089212689697,0.711634206225567,14.9581818181818,30.3,54.7418181818182,2.97636363636364,21.4545454545455,2.43272727272727,28.5272727272727,3.14,41.4690909090909,-0.933818301219832,2.56914257271723,0.820955390786435,0.854425442544254,0.891390992427262
92305,57302,35003,0.587053577295998,0.632338333253899,0.710690057821281,14.8872727272727,30.3127272727273,54.8,2.92,21.4963636363636,2.35454545454545,28.5345454545455,3.09454545454545,41.6,-0.911926221305674,2.67756593728607,0.819858329262335,0.854546545105566,0.891406768414068
93317,57637,35680,0.58602326522344,0.631223473575942,0.709788954816905,14.8109090909091,30.3054545454545,54.8836363636364,2.84727272727273,21.5254545454545,2.32545454545455,28.5018181818182,3.04,41.76,-0.889929801564325,2.80979932370511,0.820157132334888,0.854031677465803,0.891207844696217
94188,57922,36266,0.584734934412508,0.629994586380049,0.709320076154876,14.7763636363636,30.2563636363636,54.9672727272727,2.78909090909091,21.5309090909091,2.32181818181818,28.5036363636364,2.97454545454545,41.88,-0.867396928505464,2.90804095512087,0.819859726836471,0.853614566432306,0.891174913998412
95023,58282,36741,0.58364975927993,0.629382541518964,0.708307516274396,14.68,30.2654545454545,55.0545454545455,2.73090909090909,21.5727272727273,2.27454545454545,28.52,2.87818181818182,42.0236363636364,-0.839980507811362,2.99350848644972,0.82016348773842,0.85407905803196,0.891050198150594
95940,58614,37326,0.582298152745555,0.628663822469793,0.707548109757163,14.6254545454545,30.2781818181818,55.0963636363636,2.67272727272727,21.6090909090909,2.17636363636364,28.6090909090909,2.80727272727273,42.1254545454546,-0.817025129090656,3.08489987308329,0.819741422178021,0.854260493604756,0.891231891231891
96740,58950,37790,0.581087352235148,0.628007026124201,0.706609153602544,14.5509090909091,30.2836363636364,55.1654545454545,2.60545454545455,21.66,2.13090909090909,28.6436363636364,2.72545454545455,42.2345454545455,-0.792511020973325,3.14682540514252,0.819192802698988,0.854707012487992,0.891236280939982
97397,59246,38151,0.579792077313536,0.627621959115607,0.705535040690192,14.4763636363636,30.3181818181818,55.2054545454545,2.54181818181818,21.6981818181818,2.11818181818182,28.6472727272727,2.68181818181818,42.3127272727273,-0.770432029258121,3.18512481451035,0.818638533031901,0.855352323838081,0.891084543688041
98249,59543,38706,0.578785707169586,0.626654970552376,0.704899419071307,14.4163636363636,30.3163636363636,55.2672727272727,2.46363636363636,21.7545454545455,2.09636363636364,28.6454545454545,2.70727272727273,42.3327272727273,-0.747441524571993,3.27234742749821,0.81838819523269,0.85534364879453,0.891173471066224
98974,59794,39180,0.578145355356387,0.625784993664568,0.704202563585796,14.3818181818182,30.3327272727273,55.2854545454545,2.42363636363636,21.74,2.03090909090909,28.7381818181818,2.65272727272727,42.4145454545455,-0.731923506307331,3.33191568743099,0.818710493046776,0.85512198045915,0.891340809681981
99636,60070,39566,0.577383930165897,0.625345203893678,0.703465214693034,14.3254545454545,30.3963636363636,55.2781818181818,2.38545454545455,21.7745454545455,1.93636363636364,28.82,2.57818181818182,42.5054545454545,-0.713200263509696,3.35332918167114,0.81888564538647,0.855724368943654,0.891293622339901
100480,60359,40121,0.576529255074408,0.624766990133011,0.702407140874129,14.28,30.4054545454545,55.3145454545455,2.32,21.8290909090909,1.86,28.9090909090909,2.46727272727273,42.6145454545455,-0.693286043744196,3.44796621528539,0.818563789152024,0.855946899479758,0.891233606153239
101006,60616,40390,0.575631952433356,0.623991918816824,0.701580995347557,14.24,30.44,55.32,2.25636363636364,21.9145454545455,1.77636363636364,28.94,2.43272727272727,42.68,-0.671974781020121,3.44418444362554,0.818309499489275,0.85611038107753,0.891244330506803
101624,60910,40714,0.574481459584769,0.623108383381976,0.700730506706905,14.1763636363636,30.4763636363636,55.3472727272727,2.22,21.9472727272727,1.74363636363636,28.8963636363636,2.45636363636364,42.7363636363636,-0.648299616846171,3.44874736463482,0.817878671283827,0.856401384083045,0.891297920567655
102221,61175,41046,0.573524819352975,0.622585243193326,0.699820632507699,14.1090909090909,30.5181818181818,55.3727272727273,2.16727272727273,22.0145454545455,1.68181818181818,28.8945454545455,2.48909090909091,42.7527272727273,-0.62942745807496,3.45860081464052,0.817654639175258,0.856657730116175,0.891315054999179
103005,61424,41581,0.57264969585563,0.621532308281393,0.698731282722654,14.0945454545455,30.5309090909091,55.3745454545455,2.12181818181818,22.0527272727273,1.63454545454545,28.9636363636364,2.44909090909091,42.7781818181818,-0.608158086765219,3.51559815515171,0.817595459236326,0.856479275845641,0.891121618071973
103611,61635,41976,0.572052263870478,0.620877594367785,0.698283255779031,14.0690909090909,30.5254545454545,55.4054545454546,2.07818181818182,22.1145454545455,1.54363636363636,29.0381818181818,2.35818181818182,42.8672727272727,-0.595275837690993,3.52820626632734,0.817653140346343,0.8568110072071,0.891182358153119
104334,61927,42407,0.570968932480813,0.620099088454225,0.69720059043875,13.9927272727273,30.5836363636364,55.4236363636364,2.02363636363636,22.1509090909091,1.51090909090909,29.0636363636364,2.31818181818182,42.9327272727273,-0.57397395783866,3.53346404951404,0.81743762993763,0.856607811663991,0.891382081816094
104792,62164,42628,0.569904371081412,0.619380206256503,0.696314696346062,13.9545454545455,30.6,55.4454545454546,1.98909090909091,22.1290909090909,1.54181818181818,29.0763636363636,2.28181818181818,42.9818181818182,-0.556871614080261,3.52181903435425,0.817068403908795,0.856862745098039,0.891359239219544
105295,62380,42915,0.56903328147574,0.618870700438578,0.69532046194461,13.8872727272727,30.68,55.4327272727273,1.95818181818182,22.1418181818182,1.49818181818182,29.0890909090909,2.29272727272727,43.02,-0.539710526269945,3.53457960879261,0.816967792615868,0.856821144956738,0.89110469692994
105812,62632,43180,0.568404039023292,0.618212145589746,0.694183412537847,13.86,30.7218181818182,55.4181818181818,1.92545454545455,22.1272727272727,1.44545454545455,29.2109090909091,2.25636363636364,43.0345454545455,-0.521707834388045,3.49814768318426,0.817263544536272,0.856838492040007,0.891141732283465
106444,62844,43600,0.567889567709425,0.617571622087143,0.693263823671093,13.8381818181818,30.7509090909091,55.4109090909091,1.88727272727273,22.1327272727273,1.43090909090909,29.2272727272727,2.20727272727273,43.1145454545455,-0.504673101600598,3.49052744128487,0.817500985415845,0.85673742091882,0.891127444546528
107212,63090,44122,0.566981693801173,0.616656834556163,0.692601855772321,13.8127272727273,30.7527272727273,55.4345454545455,1.85090909090909,22.1745454545455,1.32,29.3709090909091,2.11818181818182,43.1654545454545,-0.486569880660285,3.51257309561426,0.817164670264578,0.856805013598203,0.891075469841582
107708,63290,44418,0.566423907244677,0.616083318579245,0.69147776612942,13.7854545454545,30.8054545454545,55.4090909090909,1.80909090909091,22.2072727272727,1.29818181818182,29.4527272727273,2.06727272727273,43.1654545454545,-0.468840490628711,3.48732168606736,0.81772619361646,0.856695980640973,0.890828547990156
108172,63449,44723,0.56525392932963,0.616140519328907,0.69041982355205,13.7236363636364,30.9018181818182,55.3745454545455,1.78,22.1927272727273,1.25636363636364,29.5490909090909,1.99818181818182,43.2236363636364,-0.456489617843181,3.46239996755665,0.816905140434552,0.85667215815486,0.890793275545049
108698,63660,45038,0.564608595764242,0.616314959970016,0.689603034472209,13.6927272727273,30.9581818181818,55.3490909090909,1.74,22.2054545454545,1.23636363636364,29.6490909090909,1.94181818181818,43.2272727272727,-0.441969271579927,3.45094627263871,0.816491833753818,0.857285487754742,0.890775901714736
109146,63847,45299,0.563648791686059,0.616102493121639,0.688863854647803,13.6345454545455,31.0436363636364,55.3218181818182,1.70727272727273,22.1981818181818,1.23636363636364,29.6872727272727,1.94,43.2309090909091,-0.426346347781576,3.43130097504367,0.816375516735565,0.857209792667213,0.890886383803858
109610,64016,45594,0.562723109800692,0.615271569315016,0.688347566795022,13.6054545454545,31.0636363636364,55.3309090909091,1.67090909090909,22.2436363636364,1.16,29.7581818181818,1.91454545454545,43.2527272727273,-0.411074461652474,3.42014769884673,0.815849258318856,0.857009072285631,0.890805730809674
110015,64181,45834,0.562166780534662,0.614997742434742,0.687486945612261,13.5854545454545,31.1236363636364,55.2909090909091,1.64909090909091,22.26,1.08181818181818,29.8327272727273,1.90545454545455,43.2709090909091,-0.399524382019246,3.39928791536526,0.815845824411135,0.856934221287534,0.890792502466294
110490,64388,46102,0.561386433108014,0.614833839738045,0.687050894334283,13.5109090909091,31.18,55.3090909090909,1.64181818181818,22.2545454545455,1.02909090909091,29.8818181818182,1.89818181818182,43.2945454545455,-0.384094346856529,3.39041775302453,0.816310052482842,0.857076214356522,0.890828402366864
110870,64534,46336,0.560562581414781,0.613999163351698,0.686340273965398,13.4727272727273,31.2181818181818,55.3090909090909,1.61454545454545,22.2563636363636,1.02909090909091,29.9,1.84545454545455,43.3545454545455,-0.374178557758304,3.33620679893277,0.816194331983806,0.856668608037274,0.890795529257068
111286,64687,46599,0.559975102969944,0.613832174646389,0.685547084771421,13.4309090909091,31.28,55.2890909090909,1.6,22.2709090909091,1.00363636363636,29.9109090909091,1.82181818181818,43.3927272727273,-0.363257459720427,3.31635608822107,0.816569649384053,0.856777493606138,0.890788911177612
111557,64815,46742,0.559293665215195,0.613008260258762,0.684747822494584,13.4036363636364,31.3181818181818,55.2781818181818,1.58,22.2672727272727,0.992727272727273,29.9018181818182,1.83636363636364,43.4218181818182,-0.350125472154468,3.27861889302731,0.816196418882257,0.856197387518142,0.890701575502418
111880,64978,46902,0.558724180818388,0.612399621180231,0.684435660207823,13.3654545454545,31.34,55.2945454545455,1.55818181818182,22.2654545454545,0.990909090909091,29.8763636363636,1.80545454545455,43.5036363636364,-0.335800837979398,3.22510572367094,0.816623588627398,0.856007425886175,0.89076680257793
112234,65127,47107,0.558290734211114,0.611755053195856,0.683684558494279,13.3472727272727,31.3709090909091,55.2818181818182,1.54363636363636,22.2545454545455,0.985454545454546,29.9018181818182,1.79454545454545,43.52,-0.321935420085422,3.21079733744264,0.81691867592971,0.855801553263011,0.890642986350929
112786,65312,47474,0.557624036170269,0.61138314628389,0.683276650472194,13.3254545454545,31.3781818181818,55.2963636363636,1.52545454545455,22.2309090909091,0.978181818181818,29.9345454545455,1.75272727272727,43.5781818181818,-0.307304568690333,3.23132530830123,0.816482466912266,0.856182639935103,0.890737513563279
113139,65429,47710,0.557121190715717,0.611338526399886,0.682946416229009,13.28,31.4109090909091,55.3090909090909,1.52,22.1945454545455,0.965454545454546,29.9418181818182,1.77454545454545,43.6036363636364,-0.298511836051264,3.20103152101563,0.816812705366922,0.856332484371382,0.890696909927679
113400,65536,47864,0.55662859092289,0.610904644014627,0.682612854049493,13.2436363636364,31.4472727272727,55.3090909090909,1.50545454545455,22.1945454545455,0.934545454545455,29.9563636363636,1.76181818181818,43.6472727272727,-0.291364784902808,3.1632386228747,0.816858868753432,0.856325161887142,0.890762656147272
113692,65656,48036,0.556145199995805,0.610477505699102,0.682241714648322,13.2181818181818,31.4672727272727,55.3145454545455,1.49636363636364,22.1545454545455,0.938181818181818,29.9618181818182,1.74181818181818,43.7072727272727,-0.281629990633916,3.12648012898862,0.816918844566712,0.856358698792396,0.890674818393978
113998,65751,48247,0.555963074238847,0.610014844534337,0.68177767894323,13.1927272727273,31.4909090909091,55.3163636363636,1.47454545454545,22.1690909090909,0.885454545454545,29.9890909090909,1.70909090909091,43.7727272727273,-0.272294122878123,3.10655986293727,0.817116868798236,0.856004618937644,0.890744149355772
114299,65843,48456,0.555467720847264,0.609610981023743,0.681380327184585,13.1763636363636,31.5,55.3236363636364,1.45636363636364,22.1818181818182,0.856363636363636,30.0018181818182,1.69454545454545,43.8090909090909,-0.263275152902034,3.09449826749888,0.816751759348696,0.855988455988456,0.890725647429999
114456,65927,48529,0.555290605176216,0.608870976121312,0.681176300178231,13.1690909090909,31.5,55.3309090909091,1.43636363636364,22.1909090909091,0.843636363636364,29.9836363636364,1.68,43.8654545454545,-0.25842055931518,3.04756727167194,0.817064752174513,0.855757575757576,0.89067429022082
114799,66032,48767,0.555059427722907,0.608591768773807,0.680857145319383,13.1509090909091,31.5109090909091,55.3381818181818,1.40727272727273,22.2018181818182,0.812727272727273,30.0036363636364,1.68727272727273,43.8872727272727,-0.247870614400811,3.02036035155708,0.817641365961565,0.855749812474756,0.890655802339335
115114,66136,48978,0.554598703941843,0.60821278968808,0.680726961426876,13.1418181818182,31.5036363636364,55.3545454545455,1.39090909090909,22.1763636363636,0.789090909090909,30.0454545454545,1.64181818181818,43.9563636363636,-0.238234022958204,3.01617276248607,0.81737686773658,0.855889651988226,0.890753818360979
115282,66226,49056,0.554012552787536,0.607866767071093,0.68031878105908,13.1272727272727,31.5145454545455,55.3581818181818,1.37272727272727,22.1454545454545,0.772727272727273,30.1309090909091,1.62,43.9581818181818,-0.229577649837698,2.98073075878519,0.817313019390582,0.85570876363007,0.890826682431767
115428,66304,49124,0.553731367600404,0.607517999095419,0.67995284123072,13.1145454545455,31.54,55.3454545454545,1.36,22.1545454545455,0.734545454545455,30.1290909090909,1.62909090909091,43.9927272727273,-0.223581629771401,2.95193082365123,0.817274365728546,0.855709921023808,0.890867279894875
115771,66372,49399,0.553399517991042,0.607352131141885,0.679872820072827,13.0981818181818,31.5563636363636,55.3454545454545,1.35090909090909,22.1454545454545,0.676363636363636,30.1890909090909,1.61818181818182,44.02,-0.21951699597253,2.94427059062503,0.817323709050528,0.855727126065914,0.890834428383706
115983,66442,49541,0.553159482717021,0.607401317087985,0.67971100155663,13.0854545454545,31.5672727272727,55.3472727272727,1.34545454545455,22.1363636363636,0.650909090909091,30.2109090909091,1.61090909090909,44.0454545454545,-0.214548798248341,2.92539728554812,0.817423926636098,0.85589217832047,0.890903715383857
116153,66506,49647,0.552871750748167,0.607045921657847,0.679331880290883,13.0727272727273,31.5854545454545,55.3418181818182,1.33636363636364,22.1072727272727,0.701818181818182,30.18,1.62363636363636,44.0509090909091,-0.2086762950163,2.88775667615912,0.817524339360223,0.855802440709187,0.890860109074184
116322,66560,49762,0.552417338784314,0.606783498404418,0.678990518094862,13.0509090909091,31.6,55.3490909090909,1.33272727272727,22.1018181818182,0.68,30.2181818181818,1.56909090909091,44.0981818181818,-0.20460328667594,2.8539554612764,0.817358595709111,0.855753739930955,0.890775901714736
116478,66603,49875,0.552401171270221,0.606318354270154,0.678821696362861,13.0545454545455,31.6,55.3454545454545,1.33090909090909,22.0781818181818,0.683636363636364,30.2145454545455,1.56727272727273,44.1254545454546,-0.200083533873443,2.83314421346242,0.817409470752089,0.855581127733026,0.890801576872536
116730,66669,50061,0.552075841663948,0.606100534230416,0.678642310561163,13.0381818181818,31.6036363636364,55.3581818181818,1.32727272727273,22.0745454545455,0.687272727272727,30.2327272727273,1.53272727272727,44.1454545454545,-0.192181913055141,2.82708841906437,0.817459210709803,0.855712806351398,0.890728150556705
116889,66718,50171,0.551508793586146,0.606255787714149,0.67839328257964,13.0127272727273,31.6272727272727,55.36,1.31454545454545,22.0672727272727,0.672727272727273,30.2418181818182,1.54,44.1636363636364,-0.18743054154329,2.79159597492015,0.817102137767221,0.855820638114401,0.890698896479243
117039,66760,50279,0.551190713940018,0.606118565646865,0.678271858992013,13.0018181818182,31.6381818181818,55.36,1.31454545454545,22.0509090909091,0.667272727272727,30.2418181818182,1.52181818181818,44.2036363636364,-0.182753103129058,2.76570838842202,0.816808837924766,0.855812884316993,0.890731739358907
117165,66799,50366,0.550858916305598,0.605823098148589,0.677916837792333,12.9963636363636,31.6545454545455,55.3490909090909,1.30909090909091,22.0381818181818,0.630909090909091,30.2636363636364,1.53272727272727,44.2254545454545,-0.178339680957354,2.73871411100369,0.816452154448797,0.855600229753016,0.890710203009001
117374,66850,50524,0.550805462080712,0.605865800446018,0.677620933191984,12.9836363636364,31.6890909090909,55.3272727272727,1.29636363636364,22.0272727272727,0.62,30.2872727272727,1.53090909090909,44.2381818181818,-0.174370403452353,2.72849675496532,0.816832376417869,0.855757645303804,0.890699967137693
117534,66911,50623,0.550472540820052,0.605773254063669,0.677503739529142,12.9690909090909,31.6927272727273,55.3381818181818,1.29454545454545,22.0127272727273,0.578181818181818,30.3036363636364,1.54181818181818,44.2690909090909,-0.168612884692001,2.71464148434726,0.816767138651339,0.855946302564397,0.890721513996583
117673,66947,50726,0.550146549333681,0.605762313195108,0.677219657733871,12.9563636363636,31.7127272727273,55.3309090909091,1.28545454545455,21.9872727272727,0.556363636363636,30.3290909090909,1.56909090909091,44.2727272727273,-0.165586352492259,2.67214612649246,0.816727476845355,0.855979818828116,0.890707150368034
117823,66985,50838,0.550020004992335,0.605796498109795,0.677029219972227,12.9509090909091,31.7181818181818,55.3309090909091,1.28,21.9763636363636,0.532727272727273,30.3454545454545,1.55272727272727,44.3127272727273,-0.163187635275112,2.66491460221058,0.816790678085077,0.856119231871596,0.890707150368034
117930,67025,50905,0.549809035006136,0.605865170826062,0.676915173703529,12.9509090909091,31.7109090909091,55.3381818181818,1.27272727272727,21.9472727272727,0.534545454545455,30.3745454545455,1.55090909090909,44.32,-0.159363897479224,2.63287161090835,0.816790678085077,0.856315578235193,0.890721513996583
118075,67065,51010,0.549619344513255,0.60563925905722,0.676805515844512,12.9418181818182,31.72,55.3381818181818,1.26909090909091,21.9454545454545,0.507272727272727,30.3909090909091,1.53636363636364,44.3509090909091,-0.154413753248412,2.62242487238889,0.816661983703287,0.8562421185372,0.890721513996583
118229,67104,51125,0.549576464555105,0.605321825982139,0.676699135045011,12.9381818181818,31.72,55.3418181818182,1.26363636363636,21.9327272727273,0.494545454545455,30.42,1.51090909090909,44.3781818181818,-0.149802583049644,2.59818275998537,0.816891512085441,0.8562421185372,0.890728694395164
118313,67154,51159,0.54939652737007,0.604842014710418,0.676562149675728,12.9363636363636,31.72,55.3436363636364,1.26181818181818,21.9290909090909,0.469090909090909,30.4090909090909,1.57090909090909,44.36,-0.145205771381205,2.57715610221706,0.817006324666198,0.856127479078299,0.890765136831039
118481,67184,51297,0.549165013030462,0.604819554595416,0.676515396127322,12.9236363636364,31.7236363636364,55.3527272727273,1.24545454545455,21.9290909090909,0.463636363636364,30.4109090909091,1.58181818181818,44.3690909090909,-0.142265216697177,2.55143995117396,0.816826111423748,0.856201283814764,0.890783077125214
118606,67215,51391,0.548877600929412,0.604692952859299,0.676551659582402,12.9127272727273,31.7363636363636,55.3509090909091,1.24363636363636,21.9272727272727,0.436363636363636,30.4345454545455,1.56,44.3981818181818,-0.138165719934147,2.52086313842711,0.816671360180231,0.856201661415067,0.890812337811648
118737,67231,51506,0.548786677588154,0.604599504936548,0.676436982058707,12.8981818181818,31.76,55.3418181818182,1.24363636363636,21.9072727272727,0.416363636363636,30.4454545454545,1.56909090909091,44.4181818181818,-0.136617516120896,2.50464640067552,0.816887510572315,0.856022441035035,0.890827255404429
118811,67255,51556,0.54854187152175,0.604539330340194,0.676289219355152,12.8854545454545,31.7727272727273,55.3418181818182,1.23636363636364,21.8527272727273,0.425454545454545,30.4818181818182,1.58545454545455,44.4181818181818,-0.133061390443684,2.47898947811601,0.81684774940031,0.855965665236052,0.890794401734674
119069,67285,51784,0.548388103045006,0.604411654002316,0.676282599049753,12.8818181818182,31.7709090909091,55.3472727272727,1.22909090909091,21.8181818181818,0.432727272727273,30.4618181818182,1.60545454545455,44.4527272727273,-0.129248756119473,2.48310550513931,0.816796047988709,0.856014650337644,0.890772313655925
119147,67315,51832,0.548302878802241,0.604522787188381,0.676113124617517,12.8745454545455,31.7872727272727,55.3381818181818,1.22545454545455,21.7854545454545,0.447272727272727,30.4672727272727,1.58363636363636,44.4909090909091,-0.126884442226517,2.45616715164347,0.816833780539472,0.856145970371218,0.890787225653831
119243,67329,51914,0.54807669304481,0.604346187388846,0.676022174358353,12.8672727272727,31.7909090909091,55.3418181818182,1.21818181818182,21.7636363636364,0.423636363636364,30.5090909090909,1.56545454545455,44.52,-0.125412458977239,2.44273836089467,0.816588950120107,0.856048041178153,0.890794401734674
119370,67354,52016,0.548043093266473,0.604290914919859,0.675959684527059,12.8618181818182,31.7909090909091,55.3472727272727,1.21636363636364,21.7509090909091,0.390909090909091,30.5254545454545,1.56363636363636,44.5527272727273,-0.122355101222638,2.42215995627709,0.816793893129771,0.856105233056906,0.890805164087908
119411,67364,52047,0.548013715080292,0.604077599898456,0.675738127362974,12.86,31.7963636363636,55.3436363636364,1.22,21.7309090909091,0.361818181818182,30.52,1.54909090909091,44.6181818181818,-0.122249331290897,2.38539057147096,0.816909373674537,0.856015553522415,0.890797989421466
119442,67388,52054,0.547842537148768,0.604062840486985,0.675544413567019,12.8490909090909,31.8054545454545,55.3454545454545,1.20909090909091,21.6963636363636,0.363636363636364,30.5418181818182,1.51454545454545,44.6745454545455,-0.120179274574515,2.3619674492966,0.816895429460874,0.855999542674213,0.890834428383706
119578,67415,52163,0.547789783503484,0.604000850660216,0.675526908887005,12.8490909090909,31.7981818181818,55.3527272727273,1.19636363636364,21.6854545454545,0.347272727272727,30.56,1.50363636363636,44.7072727272727,-0.116660356181356,2.35140028943054,0.817036932220178,0.856080965178112,0.890815924320063
119619,67432,52187,0.547732294531778,0.604025238954643,0.675486510735892,12.84,31.8,55.36,1.2,21.6454545454545,0.356363636363636,30.5781818181818,1.49818181818182,44.7218181818182,-0.115319177702027,2.34205692899837,0.817190597564429,0.856146369353917,0.890830267997898
119726,67450,52276,0.547645642469414,0.603967027278967,0.675355071694498,12.8363636363636,31.8109090909091,55.3527272727273,1.18909090909091,21.64,0.321818181818182,30.5945454545455,1.49818181818182,44.7563636363636,-0.113547938259382,2.32234500704164,0.81728045325779,0.856195701874714,0.890815924320063
119804,67463,52341,0.547672973035225,0.603940742821602,0.675223117828667,12.8436363636364,31.8090909090909,55.3472727272727,1.18363636363636,21.6018181818182,0.314545454545455,30.6127272727273,1.50181818181818,44.7854545454545,-0.110144225130683,2.32694711253386,0.817242355605889,0.856130322949414,0.890805164087908
119949,67477,52472,0.547585081641942,0.603889668992626,0.674983953730108,12.8363636363636,31.8218181818182,55.3418181818182,1.17636363636364,21.5781818181818,0.287272727272727,30.6163636363636,1.50363636363636,44.8381818181818,-0.106362496093127,2.30483789816499,0.81728045325779,0.856073591589533,0.890728694395164
120023,67495,52528,0.54756528153485,0.603623684906133,0.674812089301193,12.8345454545455,31.82,55.3454545454545,1.17454545454545,21.56,0.292727272727273,30.6272727272727,1.48,44.8654545454545,-0.104986531607045,2.28546976318414,0.817396231760873,0.856008228101251,0.890670170827858
120062,67505,52557,0.547461012260575,0.603654071609777,0.674796433660137,12.8290909090909,31.8236363636364,55.3472727272727,1.17454545454545,21.5127272727273,0.301818181818182,30.6436363636364,1.48181818181818,44.8854545454545,-0.104676809785782,2.27220052343116,0.817460317460317,0.856081814546078,0.890673762359975
120076,67511,52565,0.547414802380414,0.603561459749589,0.674793896065905,12.8309090909091,31.8236363636364,55.3454545454545,1.17272727272727,21.4745454545455,0.312727272727273,30.6381818181818,1.50363636363636,44.8981818181818,-0.104050594507399,2.24696781323715,0.817344480657503,0.856024681483174,0.890703022339028
120208,67525,52683,0.547313744747346,0.603479180669276,0.674799749016642,12.8309090909091,31.8218181818182,55.3472727272727,1.17272727272727,21.4527272727273,0.296363636363636,30.6545454545455,1.49636363636364,44.9272727272727,-0.10199405311882,2.24225395711308,0.817202777384158,0.856016455262256,0.890706612791958
120214,67529,52685,0.547243138334157,0.603411207317201,0.674782017578019,12.8290909090909,31.82,55.3509090909091,1.16727272727273,21.4272727272727,0.305454545454545,30.6690909090909,1.48363636363636,44.9472727272727,-0.101411243511724,2.21150047403168,0.817176870748299,0.856008228101251,0.890680944716355
120231,67541,52690,0.547211720821924,0.603288891593345,0.674650092227297,12.8309090909091,31.8054545454545,55.3636363636364,1.16545454545455,21.4072727272727,0.285454545454545,30.7,1.46545454545455,44.9763636363636,-0.0990955285788831,2.19539199891416,0.817202777384158,0.856056708397645,0.890574712643678
120300,67552,52748,0.547224034132881,0.603342103929623,0.674624577143902,12.8309090909091,31.8018181818182,55.3672727272727,1.16181818181818,21.3927272727273,0.281818181818182,30.7072727272727,1.46363636363636,44.9927272727273,-0.0981269675412808,2.17352504891936,0.817344480657503,0.856154593791093,0.890581899382635
120367,67557,52810,0.547172053971209,0.60330456081994,0.674568781052537,12.8309090909091,31.8072727272727,55.3618181818182,1.16545454545455,21.3745454545455,0.261818181818182,30.7436363636364,1.43454545454545,45.02,-0.0981598427979572,2.15530839296566,0.817344480657503,0.856122099005373,0.890571118920162
120472,67578,52894,0.547165272666126,0.603077274364867,0.674600139438519,12.8327272727273,31.7945454545455,55.3727272727273,1.16181818181818,21.3690909090909,0.227272727272727,30.7727272727273,1.43454545454545,45.0345454545455,-0.0956642176998271,2.14396031346511,0.817370359875319,0.856121690398582,0.890592677721228
120506,67578,52928,0.547142957052597,0.603047072565837,0.674634207375677,12.8309090909091,31.7909090909091,55.3781818181818,1.16181818181818,21.3527272727273,0.22,30.78,1.44,45.0454545454545,-0.0979308710467938,2.1241991601207,0.817486183930849,0.856105233056906,0.890603453936568
120557,67581,52976,0.547096719260654,0.603025544935845,0.674705332058031,12.8345454545455,31.7872727272727,55.3781818181818,1.15636363636364,21.32,0.241818181818182,30.7818181818182,1.42727272727273,45.0727272727273,-0.0990429657762764,2.10276475469158,0.817537894885961,0.856145970371218,0.890603453936568
120678,67595,53083,0.54704474255402,0.6030087523005,0.674656992639725,12.8309090909091,31.7927272727273,55.3763636363636,1.15454545454545,21.2854545454545,0.250909090909091,30.8090909090909,1.42909090909091,45.0709090909091,-0.0970983099409337,2.09669537581503,0.817486183930849,0.856170650806359,0.890599862100667
120713,67605,53108,0.547011267141031,0.602953790418129,0.674585990258368,12.8327272727273,31.7890909090909,55.3781818181818,1.15636363636364,21.2618181818182,0.230909090909091,30.8363636363636,1.41090909090909,45.1036363636364,-0.0963271147566213,2.08325378658589,0.817512043071692,0.85621139327385,0.890603453936568
120839,67609,53230,0.547015962550171,0.602891190713972,0.674645993943819,12.8363636363636,31.7854545454545,55.3781818181818,1.15818181818182,21.2545454545455,0.210909090909091,30.8690909090909,1.41090909090909,45.0963636363636,-0.0955582445429172,2.08089414487847,0.81742209631728,0.856252145063494,0.890603453936568
120936,67619,53317,0.546943815502427,0.602924421098967,0.67471511214281,12.8345454545455,31.7854545454545,55.38,1.15272727272727,21.2327272727273,0.221818181818182,30.8690909090909,1.39636363636364,45.1272727272727,-0.0949043146858457,2.06719538253647,0.817396231760873,0.856309346756664,0.89063987655537
120961,67625,53336,0.546859518829936,0.603002671740822,0.674658144497897,12.8309090909091,31.7909090909091,55.3781818181818,1.15272727272727,21.2181818181818,0.216363636363636,30.8981818181818,1.38181818181818,45.1327272727273,-0.0941833994428056,2.05234920463779,0.817344480657503,0.856391192450672,0.890636286033226
121018,67629,53389,0.54682016707613,0.603079327194689,0.674567793507326,12.8309090909091,31.7890909090909,55.38,1.15636363636364,21.2,0.221818181818182,30.8872727272727,1.37636363636364,45.1581818181818,-0.0941571996385888,2.0363275590776,0.817344480657503,0.856440173873256,0.89063987655537
121018,67635,53383,0.546754846018361,0.603036402771814,0.674559708713343,12.8254545454545,31.7854545454545,55.3890909090909,1.15636363636364,21.1981818181818,0.216363636363636,30.8745454545455,1.41090909090909,45.1436363636364,-0.0937326027636035,2.02968557872386,0.81740856251772,0.856423750143004,0.890625
121088,67637,53451,0.546729780236702,0.602874202478597,0.674549703875398,12.8254545454545,31.7836363636364,55.3909090909091,1.14727272727273,21.1872727272727,0.205454545454545,30.9018181818182,1.40909090909091,45.1490909090909,-0.093595611564524,2.02769050427966,0.817266798979303,0.856358331903209,0.890628590185459
121171,67648,53523,0.546758844019484,0.603000082858513,0.674589204871234,12.8254545454545,31.7836363636364,55.3909090909091,1.14545454545455,21.1963636363636,0.2,30.8927272727273,1.41454545454545,45.1509090909091,-0.0916873969293771,2.01851151555099,0.81740856251772,0.856472741833991,0.890628590185459
121238,67658,53580,0.546725876054828,0.603034476224819,0.674666314147539,12.82,31.7781818181818,55.4018181818182,1.14545454545455,21.1818181818182,0.194545454545455,30.8927272727273,1.44181818181818,45.1436363636364,-0.0908370466005925,2.01411460618573,0.817614522762729,0.85656253575924,0.890617308260313
121312,67668,53644,0.546648363116137,0.603009498661589,0.674705645911878,12.8127272727273,31.7781818181818,55.4090909090909,1.14,21.1872727272727,0.161818181818182,30.9054545454545,1.44727272727273,45.1581818181818,-0.0889102086172153,2.00583366909149,0.81765290194409,0.85661975054354,0.890598851517637
121294,67670,53624,0.546597610891944,0.602903369570823,0.674700483529224,12.8127272727273,31.7745454545455,55.4127272727273,1.14363636363636,21.1818181818182,0.170909090909091,30.8818181818182,1.44909090909091,45.1727272727273,-0.0872732642086868,2.00118390133774,0.817510997587626,0.856546120393683,0.890606030777307
121308,67666,53642,0.546629703537855,0.60303625761771,0.67468981581569,12.8145454545455,31.7709090909091,55.4145454545455,1.14363636363636,21.1727272727273,0.169090909090909,30.8909090909091,1.43090909090909,45.1927272727273,-0.0885088994531543,1.99440058659212,0.817678774120318,0.856644157033307,0.890576809501936
121329,67670,53659,0.546648783110464,0.60286710346765,0.674710609830858,12.8181818181818,31.7618181818182,55.42,1.14181818181818,21.1672727272727,0.167272727272727,30.8727272727273,1.44181818181818,45.2090909090909,-0.0882091930031575,1.98036302782341,0.817730496453901,0.856603125536665,0.890587579147666
121413,67672,53741,0.546546199079907,0.602858600025648,0.674760806357958,12.8109090909091,31.7618181818182,55.4272727272727,1.14181818181818,21.1618181818182,0.163636363636364,30.8727272727273,1.43636363636364,45.2236363636364,-0.0884971047403682,1.97671518351205,0.81762702242407,0.856545881275402,0.890601935378055
121380,67674,53706,0.546436079141911,0.60293092992035,0.674709073286925,12.8090909090909,31.7654545454545,55.4254545454545,1.14363636363636,21.16,0.163636363636364,30.8763636363636,1.42727272727273,45.2290909090909,-0.0882382171084332,1.95528780789093,0.817459190915543,0.856562303245378,0.890598346673665
121408,67674,53734,0.546440442710728,0.602903243651521,0.674695595121044,12.8109090909091,31.7690909090909,55.42,1.15090909090909,21.1454545454545,0.163636363636364,30.8745454545455,1.40727272727273,45.2581818181818,-0.0880063048176287,1.93550261092288,0.817485097927902,0.856521490299319,0.890587579147666
121439,67686,53753,0.546377828705048,0.602783023786017,0.674646365589663,12.8109090909091,31.7636363636364,55.4254545454545,1.15454545454545,21.1218181818182,0.18,30.8709090909091,1.39090909090909,45.2818181818182,-0.085750859266872,1.91345389045098,0.817343173431734,0.85649685174585,0.890598346673665
121427,67686,53741,0.546369229731106,0.602752706831891,0.674570261180178,12.8090909090909,31.7618181818182,55.4290909090909,1.15454545454545,21.1181818181818,0.163636363636364,30.8727272727273,1.40545454545455,45.2854545454545,-0.086680870955884,1.91006963755935,0.817317246273953,0.856545881275402,0.890572721905137
121379,67696,53683,0.546368879416544,0.602638064603415,0.674516602658676,12.8127272727273,31.76,55.4272727272727,1.15272727272727,21.1054545454545,0.176363636363636,30.8509090909091,1.40363636363636,45.3109090909091,-0.0844935780338181,1.885500406821,0.817369093231162,0.856480421341882,0.890601935378055
121435,67700,53735,0.546284620204354,0.602672028803354,0.67453428915823,12.8109090909091,31.7654545454545,55.4236363636364,1.14909090909091,21.0981818181818,0.165454545454545,30.8581818181818,1.40727272727273,45.3218181818182,-0.0838650911681312,1.88511721707711,0.817201248935566,0.856505065537176,0.890627562903914
121431,67698,53733,0.546276807771425,0.602611665600538,0.674559543692353,12.8127272727273,31.7618181818182,55.4254545454545,1.14727272727273,21.0963636363636,0.16,30.8454545454545,1.42727272727273,45.3236363636364,-0.0834781829771766,1.86662956729362,0.817085284518235,0.856488637014139,0.890631150767616
121385,67704,53681,0.546155275561728,0.602744053389802,0.674606045114613,12.8127272727273,31.7563636363636,55.4309090909091,1.14727272727273,21.0727272727273,0.167272727272727,30.8454545454545,1.42545454545455,45.3418181818182,-0.083950483696985,1.85252264439001,0.816943380161771,0.856635749456086,0.890674713812445
121442,67710,53732,0.546116073478152,0.602734442016637,0.674580853227481,12.8109090909091,31.7581818181818,55.4309090909091,1.15090909090909,21.0618181818182,0.150909090909091,30.8672727272727,1.39818181818182,45.3709090909091,-0.0833499358689137,1.85432076327164,0.81691739994323,0.85664395717639,0.890674713812445
121495,67712,53783,0.54602164512888,0.602777705537226,0.67462608463745,12.8036363636364,31.7654545454545,55.4309090909091,1.15090909090909,21.0581818181818,0.138181818181818,30.88,1.38181818181818,45.3909090909091,-0.0836456322074148,1.84427151004784,0.816955410394774,0.85661954095358,0.890674713812445
121521,67718,53803,0.545953031801382,0.602727838950186,0.674636635105351,12.8,31.7672727272727,55.4327272727273,1.15090909090909,21.0690909090909,0.143636363636364,30.8454545454545,1.39272727272727,45.3981818181818,-0.0823493317606997,1.84185769314116,0.816903409090909,0.856627747252747,0.890678299658882
121519,67712,53807,0.546042630706328,0.602557048579753,0.674668910409235,12.8036363636364,31.7581818181818,55.4381818181818,1.15454545454545,21.0727272727273,0.127272727272727,30.8290909090909,1.39272727272727,45.4236363636364,-0.0832656690969915,1.83396462203765,0.816955410394774,0.856529455544741,0.890689055786954
121589,67710,53879,0.546156863710139,0.602521178120229,0.674671019858653,12.8072727272727,31.7545454545455,55.4381818181818,1.15272727272727,21.06,0.116363636363636,30.8236363636364,1.42545454545455,45.4218181818182,-0.0843595418212565,1.82760382455176,0.817149346961953,0.856513026052104,0.890689055786954
121544,67706,53838,0.546112895113537,0.602562930187307,0.674704962534948,12.8036363636364,31.7545454545455,55.4418181818182,1.15272727272727,21.0472727272727,0.121818181818182,30.8072727272727,1.41636363636364,45.4545454545455,-0.0860323393311277,1.81145232555202,0.817239420619142,0.856513026052104,0.890696225363198
121503,67708,53795,0.546085854036784,0.602499802123582,0.674625327392829,12.8054545454545,31.7490909090909,55.4454545454546,1.14909090909091,21.0381818181818,0.129090909090909,30.7854545454545,1.40363636363636,45.4945454545455,-0.0862099807979327,1.79371058969674,0.817265369870794,0.856545641965411,0.89067060173799
121591,67708,53883,0.546109950764905,0.602393003465749,0.674699628104514,12.8072727272727,31.7418181818182,55.4509090909091,1.15272727272727,21.0309090909091,0.121818181818182,30.7727272727273,1.39636363636364,45.5254545454545,-0.0856580918780475,1.7890914669853,0.817291311754685,0.856512773513575,0.890648567119155
121593,67710,53883,0.54600162775492,0.602371047812288,0.674714912439963,12.8,31.7509090909091,55.4490909090909,1.15454545454545,21.0290909090909,0.105454545454545,30.7727272727273,1.39090909090909,45.5472727272727,-0.0857061595708894,1.78024250180884,0.8171875,0.856496592796198,0.890644981473588
121638,67704,53934,0.545931613963115,0.602403293139375,0.674714925580968,12.8,31.7509090909091,55.4490909090909,1.15454545454545,21.0181818181818,0.0981818181818182,30.7763636363636,1.38363636363636,45.5690909090909,-0.0863061845995782,1.77489420184866,0.817045454545455,0.856496592796198,0.890612191363085
121652,67708,53944,0.545852642896602,0.602342203968526,0.674717012583714,12.7981818181818,31.7490909090909,55.4527272727273,1.15454545454545,21.0127272727273,0.101818181818182,30.7527272727273,1.38,45.5981818181818,-0.0852441797982134,1.76355703953807,0.816877397357579,0.856488374756614,0.89061936456933
121644,67715,53929,0.545769640172971,0.602406096938887,0.674567005328077,12.7927272727273,31.7636363636364,55.4436363636364,1.15636363636364,20.9981818181818,0.105454545454545,30.7418181818182,1.36909090909091,45.6290909090909,-0.0844944059018003,1.7559363823638,0.816799317794201,0.85649685174585,0.890634223125861
121653,67713,53940,0.545743866474663,0.602338577342864,0.674609757251429,12.7963636363636,31.7618181818182,55.4418181818182,1.15090909090909,20.9872727272727,0.103636363636364,30.7509090909091,1.37636363636364,45.6309090909091,-0.0839456528818118,1.74490937528449,0.816709292412617,0.856374148491614,0.890663430951366
121674,67713,53961,0.54577197608312,0.602301607571218,0.674610725733331,12.8018181818182,31.7509090909091,55.4472727272727,1.14909090909091,20.9745454545455,0.1,30.7672727272727,1.37272727272727,45.6363636363636,-0.0835133644842162,1.74357581987808,0.816645362874592,0.856382064937296,0.890641395592865
121635,67715,53920,0.545813167700233,0.602399340323567,0.674598815669394,12.8018181818182,31.7472727272727,55.4509090909091,1.14363636363636,20.9490909090909,0.109090909090909,30.7636363636364,1.37090909090909,45.6636363636364,-0.0842552031957232,1.74379237182227,0.816787388155092,0.856480155775729,0.890648567119155
121580,67715,53865,0.545728935721147,0.602324681107869,0.674585161020213,12.8018181818182,31.7472727272727,55.4509090909091,1.14363636363636,20.9218181818182,0.109090909090909,30.7672727272727,1.36727272727273,45.6909090909091,-0.0843001776808788,1.72111611730334,0.816645362874592,0.856422885287212,0.890681356154502
121590,67715,53875,0.545705041738052,0.602501229838139,0.674485551438871,12.7927272727273,31.76,55.4472727272727,1.13818181818182,20.9236363636364,0.1,30.7581818181818,1.36909090909091,45.7109090909091,-0.0851754958842569,1.71971209122884,0.816799317794201,0.856480421341882,0.890641395592865
121589,67715,53874,0.54569126046598,0.602475062867236,0.674512469042911,12.7927272727273,31.76,55.4472727272727,1.13454545454545,20.9145454545455,0.0963636363636364,30.74,1.38909090909091,45.7254545454545,-0.086272458788616,1.70939742421985,0.816799317794201,0.856537668880238,0.890641395592865
121660,67701,53959,0.545648038812486,0.602518082627294,0.674513079788493,12.7945454545455,31.7545454545455,55.4509090909091,1.13090909090909,20.9072727272727,0.1,30.7145454545455,1.39454545454545,45.7527272727273,-0.0885829598380951,1.70985672636042,0.816683245701293,0.856570283423991,0.890582989048462
121638,67705,53933,0.545666278913567,0.602481522253522,0.674519456170517,12.7927272727273,31.7581818181818,55.4490909090909,1.12909090909091,20.88,0.109090909090909,30.6854545454545,1.41272727272727,45.7836363636364,-0.0885867372116164,1.69433262379501,0.816799317794201,0.856586706360566,0.890579401252582
121637,67699,53938,0.545620011858475,0.602441432299345,0.674579028811962,12.7909090909091,31.7563636363636,55.4527272727273,1.12909090909091,20.86,0.112727272727273,30.68,1.40727272727273,45.8109090909091,-0.0894357062818678,1.67736423354257,0.816773276474769,0.856521241268751,0.890586576609069
121726,67703,54023,0.545672110101255,0.602426169540984,0.674687004229024,12.7854545454545,31.7654545454545,55.4490909090909,1.12727272727273,20.8454545454545,0.0981818181818182,30.6909090909091,1.38727272727273,45.8509090909091,-0.0889060840717734,1.67745969638398,0.8169795221843,0.856447827828974,0.890612191363085
121690,67703,53987,0.54566568011409,0.602457293367463,0.674631383184871,12.7909090909091,31.76,55.4490909090909,1.12727272727273,20.8309090909091,0.0909090909090909,30.7036363636364,1.38181818181818,45.8654545454545,-0.0891523174327052,1.66927464983257,0.816915422885572,0.856480421341882,0.890612191363085
121725,67703,54022,0.545580140690311,0.602522291141195,0.674598944802494,12.7945454545455,31.7545454545455,55.4509090909091,1.12545454545455,20.8127272727273,0.0927272727272727,30.6927272727273,1.36909090909091,45.9072727272727,-0.0896500377085018,1.66071725784462,0.816683245701293,0.856627540795877,0.890582989048462
121700,67715,53985,0.545578724244774,0.602616829894953,0.674548658946066,12.7963636363636,31.7527272727273,55.4509090909091,1.12545454545455,20.7854545454545,0.109090909090909,30.6854545454545,1.36727272727273,45.9272727272727,-0.0877518452463185,1.64633651632731,0.816709292412617,0.856733852496564,0.890615778083809
121698,67713,53985,0.545506143064974,0.602567764679415,0.674465996946771,12.7927272727273,31.7581818181818,55.4490909090909,1.12727272727273,20.7690909090909,0.0981818181818182,30.6945454545455,1.35818181818182,45.9527272727273,-0.0881962997067603,1.63884023457596,0.816657191586128,0.856701207992214,0.890579401252582
121759,67711,54048,0.545499871321956,0.602618890640469,0.674534937466137,12.7872727272727,31.76,55.4527272727273,1.12909090909091,20.7472727272727,0.1,30.6890909090909,1.37636363636364,45.9581818181818,-0.0888264409974495,1.63495751140555,0.816863358453007,0.856709411495306,0.890553788648808
121761,67714,54047,0.545568211066808,0.602600002845332,0.674498881355148,12.7909090909091,31.76,55.4490909090909,1.12909090909091,20.7363636363636,0.118181818181818,30.6709090909091,1.36909090909091,45.9763636363636,-0.0892319428256252,1.63393013846045,0.816915422885572,0.856709411495306,0.890579401252582
121808,67726,54082,0.545561785820565,0.602497668090903,0.674455899310018,12.7890909090909,31.76,55.4509090909091,1.12545454545455,20.7309090909091,0.103636363636364,30.6709090909091,1.35454545454545,46.0145454545455,-0.0869236542011508,1.63085437888195,0.81703156098948,0.85665216395695,0.890582989048462
121807,67728,54079,0.545637846428399,0.602471118736709,0.674450442281333,12.7872727272727,31.7636363636364,55.4490909090909,1.12727272727273,20.6945454545455,0.110909090909091,30.6745454545455,1.35090909090909,46.0418181818182,-0.0865808620622292,1.62157393757423,0.817289918953505,0.85661133371494,0.890579401252582
121754,67724,54030,0.545580385298003,0.602420026838995,0.674386298109597,12.7927272727273,31.7545454545455,55.4527272727273,1.12727272727273,20.6727272727273,0.105454545454545,30.6727272727273,1.35090909090909,46.0709090909091,-0.0867524866771749,1.60234757842581,0.817083570210347,0.856627540795877,0.890553788648808
121740,67726,54014,0.545490835020149,0.602513557340546,0.674343019985381,12.7927272727273,31.7563636363636,55.4509090909091,1.12363636363636,20.6527272727273,0.114545454545455,30.6509090909091,1.33454545454545,46.1236363636364,-0.0867974449838088,1.58916504493999,0.816941444002274,0.856693003549754,0.890582989048462
121705,67712,53993,0.545408819478278,0.602568829882227,0.674340694263777,12.7945454545455,31.7545454545455,55.4509090909091,1.12545454545455,20.6472727272727,0.110909090909091,30.6272727272727,1.34,46.1490909090909,-0.0886948091200214,1.57915154482577,0.816683245701293,0.856742055539651,0.890550200013116
121766,67710,54056,0.545326299473181,0.602536412172232,0.674546146403901,12.7945454545455,31.7436363636364,55.4618181818182,1.12909090909091,20.6272727272727,0.109090909090909,30.6072727272727,1.34545454545455,46.1818181818182,-0.0892858126166671,1.57762818243778,0.816541139690209,0.856750100234836,0.890571728297928
121837,67710,54127,0.545309303499764,0.602407252056716,0.674614602264275,12.7945454545455,31.7436363636364,55.4618181818182,1.13272727272727,20.62,0.1,30.5818181818182,1.33818181818182,46.2272727272727,-0.0896570959740447,1.57629308404655,0.816541139690209,0.85669282318575,0.890571728297928
121821,67703,54118,0.54523051790344,0.602294613610523,0.674682160683024,12.7909090909091,31.7527272727273,55.4563636363636,1.13090909090909,20.6127272727273,0.105454545454545,30.5581818181818,1.33272727272727,46.26,-0.0910425786265147,1.56996623797512,0.816488983653163,0.85650480989464,0.890593751024557
121775,67699,54076,0.545275596774425,0.602246507165157,0.674720911010174,12.7981818181818,31.7436363636364,55.4581818181818,1.13272727272727,20.6072727272727,0.0909090909090909,30.5436363636364,1.34545454545455,46.28,-0.0922571852120448,1.55836827865463,0.81645120045461,0.856578269087577,0.89063012261491
121781,67690,54091,0.545193815949826,0.6021710899293,0.674682084853714,12.7981818181818,31.74,55.4618181818182,1.13272727272727,20.5981818181818,0.0854545454545454,30.5490909090909,1.32909090909091,46.3054545454546,-0.0929637093928994,1.54963743801398,0.816309134820287,0.856561837658246,0.890604510883819
121772,67698,54074,0.545213806069437,0.602110763409065,0.674464712008284,12.8,31.7345454545455,55.4654545454545,1.13090909090909,20.5854545454545,0.0890909090909091,30.5290909090909,1.33272727272727,46.3327272727273,-0.0919858363403364,1.54659599418413,0.816335227272727,0.856594476910737,0.890578902510981
121782,67708,54074,0.545272203363019,0.602099545525704,0.67452933587351,12.8,31.7327272727273,55.4672727272727,1.12909090909091,20.5763636363636,0.1,30.4927272727273,1.34181818181818,46.36,-0.0906419712758841,1.54228410863487,0.816477272727273,0.856586260241792,0.890615268626873
121925,67717,54208,0.545213265962713,0.602212747269144,0.674515801761724,12.7890909090909,31.7472727272727,55.4636363636364,1.12909090909091,20.5672727272727,0.101818181818182,30.48,1.33818181818182,46.3836363636364,-0.0894827668500098,1.54674788804471,0.816605061131646,0.856651967241281,0.890575315522046
121947,67719,54228,0.545202483091361,0.602081313630941,0.67451298312696,12.7890909090909,31.7418181818182,55.4690909090909,1.12909090909091,20.5563636363636,0.112727272727273,30.46,1.31818181818182,46.4236363636364,-0.0892140496338057,1.54407802892172,0.816605061131646,0.856627334173445,0.890553297495739
121943,67723,54220,0.545269369814828,0.602119098340279,0.674519639467516,12.7854545454545,31.7472727272727,55.4672727272727,1.12909090909091,20.5545454545455,0.107272727272727,30.4454545454545,1.31272727272727,46.4509090909091,-0.089188907575656,1.53637952467173,0.81683731513083,0.856594696752763,0.890582489264759
121944,67719,54225,0.545286479656994,0.602104262219705,0.674467962006232,12.7872727272727,31.7454545454545,55.4672727272727,1.12545454545455,20.5581818181818,0.1,30.4181818181818,1.32363636363636,46.4745454545455,-0.0903618376313137,1.53106276363304,0.816863358453007,0.856643757159221,0.890549709902645
121994,67711,54283,0.545240859973782,0.602186678719544,0.674515706089872,12.7872727272727,31.7454545454545,55.4672727272727,1.12363636363636,20.5563636363636,0.0927272727272727,30.4127272727273,1.32,46.4945454545455,-0.0929612070643171,1.52421181520278,0.816863358453007,0.856643757159221,0.890549709902645
121997,67701,54296,0.545269218392674,0.602121117615551,0.67450985622451,12.7890909090909,31.7490909090909,55.4618181818182,1.12545454545455,20.5581818181818,0.0854545454545454,30.38,1.31636363636364,46.5345454545455,-0.094206470549563,1.52014598299919,0.816889394370202,0.856545641965411,0.890538945712038
122018,67720,54298,0.545334646858953,0.602103794033387,0.674552771226849,12.7872727272727,31.7509090909091,55.4618181818182,1.12727272727273,20.5490909090909,0.0890909090909091,30.3545454545455,1.31818181818182,46.5618181818182,-0.0909702061787109,1.51286423979327,0.817147732120006,0.856553856725649,0.890604510883819
121977,67722,54255,0.545236069735513,0.602064133329416,0.674554010846862,12.7854545454545,31.7436363636364,55.4709090909091,1.12181818181818,20.5454545454545,0.0945454545454545,30.3309090909091,1.31818181818182,46.5890909090909,-0.0897645738153105,1.4964133401613,0.81683731513083,0.856635546136663,0.890589662066931
121980,67707,54273,0.545156232915762,0.60198861717883,0.674608084921147,12.7872727272727,31.7436363636364,55.4690909090909,1.12363636363636,20.5363636363636,0.0836363636363636,30.3127272727273,1.32545454545455,46.6181818181818,-0.0927475577269599,1.49586138022556,0.816721171619508,0.856578269087577,0.890586075783401
121982,67705,54277,0.545172178943563,0.601895809819035,0.674532600869859,12.7872727272727,31.7363636363636,55.4763636363636,1.12727272727273,20.5072727272727,0.0909090909090909,30.3181818181818,1.29818181818182,46.6581818181818,-0.092320745265368,1.4867771892258,0.816721171619508,0.856488112288742,0.890534871525957
121987,67703,54284,0.545126829896485,0.601759366254135,0.674527758539113,12.7890909090909,31.7381818181818,55.4727272727273,1.12545454545455,20.5018181818182,0.0854545454545454,30.2945454545455,1.29454545454545,46.6981818181818,-0.0920615684788076,1.48498606228862,0.816605061131646,0.856439046746104,0.89052769583743
121932,67707,54225,0.545151795164752,0.601751512810554,0.674546601032058,12.7909090909091,31.7381818181818,55.4709090909091,1.12545454545455,20.4890909090909,0.0927272727272727,30.2636363636364,1.30727272727273,46.7218181818182,-0.0923448143865574,1.4735482935328,0.816631130063966,0.856439046746104,0.890589662066931
121930,67715,54215,0.545283494534525,0.601721620189429,0.67450440889478,12.7909090909091,31.7290909090909,55.48,1.12545454545455,20.4854545454545,0.0854545454545454,30.2454545454545,1.30181818181818,46.7563636363636,-0.092637044441455,1.46801998041232,0.816915422885572,0.856512520772449,0.890574818116274
121915,67711,54204,0.545124867442574,0.601726197853997,0.674611486150085,12.7890909090909,31.7254545454545,55.4854545454545,1.11818181818182,20.48,0.0836363636363636,30.2363636363636,1.30363636363636,46.7781818181818,-0.0938438998407285,1.4592928507577,0.816605061131646,0.856553384148089,0.890585575253138
121939,67711,54228,0.545236569440388,0.601778844668205,0.674546527491724,12.7890909090909,31.7290909090909,55.4818181818182,1.12181818181818,20.4690909090909,0.0854545454545454,30.2163636363636,1.28727272727273,46.82,-0.0939271039400906,1.44338151183911,0.816889394370202,0.856512520772449,0.890578404063575
122098,67715,54383,0.545238177106472,0.601912764305316,0.674699981034657,12.7890909090909,31.7309090909091,55.48,1.12181818181818,20.4563636363636,0.101818181818182,30.1927272727273,1.28727272727273,46.84,-0.0952508472994933,1.44330735124902,0.81703156098948,0.856635342654137,0.89064036180114
122152,67721,54431,0.545292913830627,0.601911083156215,0.674598590354024,12.7854545454545,31.7454545454545,55.4690909090909,1.12181818181818,20.4636363636364,0.0727272727272727,30.1854545454545,1.29090909090909,46.8654545454545,-0.0937671104490371,1.44546038664623,0.81726393629124,0.856586483390607,0.890618854071063
122143,67713,54430,0.545412818684415,0.601782353722457,0.674553073588792,12.7872727272727,31.7418181818182,55.4709090909091,1.12727272727273,20.4563636363636,0.0854545454545454,30.1490909090909,1.30727272727273,46.8745454545455,-0.0939770826010896,1.43466354651715,0.817432105787004,0.856512773513575,0.89055688485365
122106,67693,54413,0.545189413060867,0.601788775166627,0.674691854234493,12.7945454545455,31.7254545454545,55.48,1.13090909090909,20.4472727272727,0.0872727272727273,30.1509090909091,1.28545454545455,46.8981818181818,-0.097062381498968,1.42514781395651,0.816825351712377,0.856553384148089,0.890574818116274
122097,67691,54406,0.545013277011306,0.601864435563939,0.674854702035263,12.7963636363636,31.7145454545455,55.4890909090909,1.12909090909091,20.4327272727273,0.0945454545454545,30.1454545454545,1.28545454545455,46.9127272727273,-0.0969733041136351,1.41624475748448,0.816425120772947,0.85661870091154,0.890625511976146
122053,67686,54367,0.545094703697185,0.60181336090356,0.674742918087877,12.7927272727273,31.7145454545455,55.4927272727273,1.13090909090909,20.44,0.0745454545454545,30.1418181818182,1.27818181818182,46.9345454545455,-0.0986568862943386,1.40206113264642,0.816657191586128,0.85661870091154,0.890599914812752
122000,67696,54304,0.545144093895817,0.60181003757449,0.67471980467769,12.7909090909091,31.7163636363636,55.4927272727273,1.12545454545455,20.4290909090909,0.0890909090909091,30.12,1.28181818181818,46.9545454545455,-0.0997265736060482,1.38464731510559,0.816915422885572,0.856684246732401,0.890632679138953
122055,67697,54358,0.545259948438444,0.601670486901607,0.674762540943744,12.7927272727273,31.7218181818182,55.4854545454545,1.12909090909091,20.4236363636364,0.0963636363636364,30.0963636363636,1.27272727272727,46.9818181818182,-0.0994117697448845,1.38072628921575,0.817083570210347,0.856536940448215,0.890651112494675
122060,67685,54375,0.545138725833539,0.601704809292283,0.674842019880872,12.7945454545455,31.7090909090909,55.4963636363636,1.13272727272727,20.4254545454545,0.0709090909090909,30.1072727272727,1.27454545454545,46.9890909090909,-0.101217517488178,1.38653443490832,0.816825351712377,0.856594036697248,0.890607083183173
122056,67684,54372,0.545198317675158,0.601784346356776,0.674780492167674,12.7890909090909,31.7218181818182,55.4890909090909,1.13454545454545,20.4018181818182,0.0781818181818182,30.0836363636364,1.28909090909091,47.0127272727273,-0.103700987449702,1.37617799944498,0.81703156098948,0.856594256892302,0.890625511976146
122180,67705,54475,0.545335382288449,0.601849770119973,0.674675072175147,12.7854545454545,31.7309090909091,55.4836363636364,1.13636363636364,20.3909090909091,0.0709090909090909,30.0472727272727,1.30545454545455,47.0490909090909,-0.100739727084014,1.37066868804819,0.81740614334471,0.856749942699977,0.890614759470442
122073,67697,54376,0.545247949664653,0.601880751631741,0.674701957458971,12.78,31.7327272727273,55.4872727272727,1.13818181818182,20.3690909090909,0.0872727272727273,30.02,1.30545454545455,47.08,-0.101070147807265,1.35881339026065,0.817185943946507,0.856758150461239,0.890621928042467
122043,67683,54360,0.545087267016636,0.601794020199201,0.674786738637967,12.7836363636364,31.7163636363636,55.5,1.13818181818182,20.3509090909091,0.08,30,1.30909090909091,47.1218181818182,-0.102128754049177,1.34777512502941,0.816811264400512,0.856684246732401,0.890614250614251
122156,67670,54486,0.545238537164875,0.601570013744768,0.674987502540308,12.7872727272727,31.7072727272727,55.5054545454545,1.14363636363636,20.3290909090909,0.0890909090909091,29.9581818181818,1.31090909090909,47.1690909090909,-0.102572316578616,1.34848067598756,0.817005545286506,0.85652847066919,0.890559486373166
122247,67674,54573,0.54525039923784,0.601439534403651,0.675105018056947,12.7872727272727,31.7018181818182,55.5109090909091,1.14363636363636,20.3072727272727,0.0854545454545454,29.9618181818182,1.3,47.2018181818182,-0.103168721868133,1.34438962185628,0.817005545286506,0.85656113787566,0.890570240083849
122190,67682,54508,0.545232628245452,0.601477080271281,0.675003577846831,12.7836363636364,31.7109090909091,55.5054545454545,1.14727272727273,20.2890909090909,0.0836363636363636,29.9363636363636,1.30181818181818,47.2418181818182,-0.103102774191013,1.31904635118236,0.816953491679704,0.85660225904478,0.890625
122225,67690,54535,0.545215831379949,0.601595383570982,0.674852078186979,12.78,31.7254545454545,55.4945454545455,1.14363636363636,20.2690909090909,0.0872727272727273,29.9090909090909,1.30363636363636,47.2872727272727,-0.102510158696598,1.31414513920264,0.817043676198606,0.856725313771563,0.890603499115392
122303,67666,54637,0.545260115592885,0.601625473406022,0.674972204384484,12.7890909090909,31.7109090909091,55.5,1.14181818181818,20.2563636363636,0.0836363636363636,29.8927272727273,1.30545454545455,47.32,-0.106551111941371,1.31231779779138,0.81703156098948,0.856659595206697,0.890581490581491
122349,67672,54677,0.545326035459294,0.601647079586212,0.674921821179935,12.7890909090909,31.7163636363636,55.4945454545455,1.14545454545455,20.2527272727273,0.0727272727272727,29.8563636363636,1.3,47.3727272727273,-0.104924660209773,1.31228352801197,0.817173727608758,0.856684246732401,0.890570735862656
122328,67666,54662,0.545155578438131,0.601676963746315,0.674850135181179,12.7927272727273,31.7090909090909,55.4981818181818,1.14181818181818,20.2272727272727,0.0781818181818182,29.8581818181818,1.27454545454545,47.42,-0.105992544409144,1.29682480978187,0.816799317794201,0.85670871559633,0.890545144804089
122400,67656,54744,0.545270254825267,0.601588059911553,0.674915223666042,12.7963636363636,31.7036363636364,55.5,1.14181818181818,20.2163636363636,0.08,29.8290909090909,1.28363636363636,47.4490909090909,-0.107814301706888,1.28597244626885,0.816993464052288,0.856626713310776,0.89051597051597
122291,67645,54646,0.545424151967812,0.60133658876669,0.675030615374882,12.8127272727273,31.6836363636364,55.5036363636364,1.14727272727273,20.2127272727273,0.0854545454545454,29.7836363636364,1.28545454545455,47.4854545454545,-0.108897875989417,1.26136132139205,0.816943380161771,0.856650981292322,0.890588659219707
122329,67663,54666,0.545423383178554,0.60141219933994,0.67504076851447,12.8072727272727,31.6945454545455,55.4981818181818,1.14909090909091,20.2018181818182,0.1,29.7436363636364,1.28,47.5254545454545,-0.107308789483531,1.2538231468442,0.817149346961953,0.856642955484167,0.890676189228148
122320,67657,54663,0.545409817382609,0.601305245628325,0.675117342420062,12.8090909090909,31.6872727272727,55.5036363636364,1.14545454545455,20.2054545454545,0.0872727272727273,29.7109090909091,1.30545454545455,47.5454545454545,-0.10989693298457,1.24782029256987,0.817175301632363,0.856610052788616,0.890686932879091
122308,67655,54653,0.54539483240708,0.601248427653449,0.675223018663198,12.8145454545455,31.6745454545455,55.5109090909091,1.14727272727273,20.1854545454545,0.0945454545454545,29.68,1.3,47.5927272727273,-0.110345104264773,1.23383744309487,0.81711123723042,0.856609838700419,0.890701254462677
122377,67653,54724,0.545345646856263,0.601281352029057,0.67514074236015,12.8109090909091,31.68,55.5090909090909,1.14909090909091,20.1872727272727,0.0890909090909091,29.6618181818182,1.31454545454545,47.5981818181818,-0.112062681802093,1.22005664287982,0.817059324439398,0.856691919191919,0.890664919751065
122446,67669,54777,0.545276500663497,0.601186913517195,0.675119610679778,12.8072727272727,31.6854545454545,55.5072727272727,1.14909090909091,20.18,0.0672727272727273,29.6618181818182,1.32,47.6218181818182,-0.107172307595928,1.22799521289893,0.816865417376491,0.856716589200666,0.890694094139998
122597,67677,54920,0.545234787398971,0.601215665564767,0.67520282241063,12.8018181818182,31.6854545454545,55.5127272727273,1.14363636363636,20.1690909090909,0.06,29.66,1.32181818181818,47.6454545454545,-0.105888705432219,1.23710462960034,0.816929413435592,0.856773971423653,0.890672081750295
122554,67667,54887,0.545072170631037,0.601267007168887,0.675261365346665,12.7963636363636,31.6818181818182,55.5218181818182,1.14181818181818,20.1581818181818,0.0618181818181818,29.6254545454545,1.32727272727273,47.6854545454545,-0.10641295253696,1.22978284605567,0.816709292412617,0.856757532281205,0.890624488325638
122547,67663,54884,0.54501918356211,0.601227983159315,0.675240277068797,12.7890909090909,31.6927272727273,55.5181818181818,1.13272727272727,20.1472727272727,0.0672727272727273,29.5927272727273,1.33454545454545,47.7254545454545,-0.109337876585116,1.21871662139893,0.816889394370202,0.856634731225977,0.890650073685934
122559,67664,54895,0.545150842375114,0.601102736413713,0.67534332135999,12.7890909090909,31.6818181818182,55.5290909090909,1.12727272727273,20.1327272727273,0.0763636363636364,29.5690909090909,1.34181818181818,47.7527272727273,-0.109244811475086,1.20452110069931,0.81703156098948,0.856642754662841,0.890606070528142
122652,67687,54965,0.545063988184903,0.601162697155537,0.675227541945777,12.7872727272727,31.6945454545455,55.5181818181818,1.13090909090909,20.1218181818182,0.0854545454545454,29.5381818181818,1.33454545454545,47.7890909090909,-0.10580908132172,1.19856991934251,0.817005545286506,0.856700321248279,0.890650073685934
122593,67675,54918,0.545009038665872,0.601057479988701,0.675213533237019,12.7854545454545,31.6981818181818,55.5163636363636,1.13090909090909,20.1236363636364,0.0618181818181818,29.5272727272727,1.34727272727273,47.8090909090909,-0.107147563536736,1.18194277154213,0.81683731513083,0.856544682803717,0.890646492434663
122600,67679,54921,0.544980329238701,0.600980881761515,0.675200461720315,12.7781818181818,31.7054545454545,55.5163636363636,1.12909090909091,20.1254545454545,0.0763636363636364,29.4818181818182,1.36545454545455,47.8218181818182,-0.107448152601137,1.17521513428391,0.817017643710871,0.85652024314715,0.890613742058034
122606,67679,54927,0.544998987969032,0.601095385615236,0.675145773097949,12.7781818181818,31.7127272727273,55.5090909090909,1.13090909090909,20.1254545454545,0.0763636363636364,29.48,1.36181818181818,47.8254545454545,-0.107622915029192,1.1701683373668,0.817017643710871,0.85666781332416,0.890599410415984
122530,67677,54853,0.54501902531427,0.600899534763623,0.675226303849062,12.7836363636364,31.6927272727273,55.5236363636364,1.12909090909091,20.1181818181818,0.0818181818181818,29.4672727272727,1.37636363636364,47.8272727272727,-0.107605727455468,1.16066895156506,0.816953491679704,0.856634731225977,0.890628069945641
122525,67667,54858,0.545076167898131,0.600918708507683,0.675109848875511,12.7872727272727,31.6927272727273,55.52,1.12727272727273,20.1272727272727,0.0763636363636364,29.4363636363636,1.39818181818182,47.8345454545455,-0.109283426138493,1.1461864325038,0.817005545286506,0.856634731225977,0.890588158239455
122577,67673,54904,0.545082328501234,0.600816356031841,0.675154656879422,12.7763636363636,31.6981818181818,55.5254545454545,1.12727272727273,20.1236363636364,0.0745454545454545,29.4254545454545,1.40181818181818,47.8472727272727,-0.108193386454447,1.13030946753199,0.817133912053508,0.856602041986922,0.890566161301942
122617,67681,54936,0.545056274009255,0.600856304991648,0.675242677710357,12.7781818181818,31.6945454545455,55.5272727272727,1.12909090909091,20.1145454545455,0.0636363636363636,29.4290909090909,1.40363636363636,47.86,-0.107877460297393,1.13705322057834,0.817159931701764,0.856642955484167,0.890635232481991
122572,67681,54891,0.545071776746899,0.601006208724799,0.675184918719926,12.78,31.7018181818182,55.5181818181818,1.12727272727273,20.1109090909091,0.06,29.4181818181818,1.40545454545455,47.8781818181818,-0.112799070934786,1.12465200007586,0.817185943946507,0.856847900894701,0.890682822990011
122607,67671,54936,0.545074326378703,0.600814633858195,0.675305298551997,12.7872727272727,31.6872727272727,55.5254545454545,1.12545454545455,20.0909090909091,0.0654545454545455,29.4218181818182,1.40727272727273,47.8890909090909,-0.111754253798757,1.11525494183668,0.817005545286506,0.85672481064953,0.890664396345656
122558,67682,54876,0.545259889032949,0.600933766097798,0.675257598645339,12.7872727272727,31.6927272727273,55.52,1.13454545454545,20.0709090909091,0.0745454545454545,29.4218181818182,1.42,47.8781818181818,-0.110784918060844,1.10236452544447,0.817432105787004,0.856692100281108,0.890686402934242
122581,67664,54917,0.545413755099389,0.600843833792672,0.675370434869979,12.7927272727273,31.6836363636364,55.5236363636364,1.14,20.06,0.0672727272727273,29.4290909090909,1.42727272727273,47.8763636363636,-0.114706730716386,1.10539467883169,0.817652075042638,0.856593595776426,0.890726308206169
122567,67655,54912,0.545294450402243,0.600653838966796,0.675305966868544,12.7981818181818,31.6781818181818,55.5236363636364,1.13090909090909,20.0581818181818,0.0727272727272727,29.4290909090909,1.41454545454545,47.8945454545455,-0.114413711367392,1.09382044926751,0.817161528626225,0.856568903173966,0.890726308206169
122565,67646,54919,0.545144479506953,0.600677370043053,0.675447619083179,12.7927272727273,31.68,55.5272727272727,1.12909090909091,20.0490909090909,0.0654545454545455,29.44,1.41090909090909,47.9054545454546,-0.117207841206982,1.08830102431715,0.816799317794201,0.856634527089073,0.890733464309103
122576,67652,54924,0.545111611644619,0.600754250190687,0.675244458336431,12.7781818181818,31.6981818181818,55.5236363636364,1.13272727272727,20.0254545454545,0.0654545454545455,29.4454545454545,1.42,47.9109090909091,-0.115390985972904,1.08110261828512,0.817017643710871,0.856602041986922,0.890660816032484
122604,67648,54956,0.545119081890381,0.600612086147543,0.675303043489351,12.7818181818182,31.6854545454545,55.5327272727273,1.12909090909091,20.0072727272727,0.0690909090909091,29.4436363636364,1.43090909090909,47.92,-0.114192432440971,1.07318366074469,0.817069701280228,0.856601824754691,0.890580493075336
122694,67670,55024,0.545038393685446,0.600751645666864,0.675260305192352,12.7781818181818,31.6945454545455,55.5272727272727,1.12909090909091,20,0.0636363636363636,29.4472727272727,1.42727272727273,47.9327272727273,-0.112097118501366,1.07641985399056,0.817159931701764,0.856700321248279,0.890635232481991
122683,67676,55007,0.545002016217751,0.600906371424504,0.675274662026675,12.7690909090909,31.6927272727273,55.5381818181818,1.13090909090909,19.9818181818182,0.0763636363636364,29.4509090909091,1.42363636363636,47.9363636363636,-0.10962160742413,1.06986847167665,0.817314537946746,0.85674946933624,0.890591239442153
122647,67674,54973,0.545154031326941,0.600900870446047,0.675207937459003,12.7672727272727,31.7036363636364,55.5290909090909,1.13090909090909,19.9927272727273,0.0654545454545455,29.4509090909091,1.42,47.94,-0.111852868965467,1.06155473608629,0.81757334092851,0.856684062625452,0.890638813398382
122641,67664,54977,0.545019403220455,0.600951708687071,0.675277634140621,12.7690909090909,31.7018181818182,55.5290909090909,1.13272727272727,19.98,0.0727272727272727,29.4418181818182,1.42181818181818,47.9509090909091,-0.113433935092392,1.05364013603804,0.817172148654421,0.856675843083276,0.890671556268622
122714,67670,55044,0.545080335920517,0.600976989007235,0.675304454138944,12.7727272727273,31.6927272727273,55.5345454545455,1.13090909090909,19.9872727272727,0.0581818181818182,29.4381818181818,1.42909090909091,47.9563636363636,-0.114698237907644,1.05492210362572,0.817224199288256,0.856864207446503,0.890649554740702
122682,67671,55011,0.545126861295335,0.600888203628597,0.6751986789592,12.7709090909091,31.7018181818182,55.5272727272727,1.12909090909091,19.9836363636364,0.0636363636363636,29.4309090909091,1.42363636363636,47.9690909090909,-0.115026992773611,1.04465350360737,0.817340546697039,0.856847900894701,0.890635232481991
122718,67648,55070,0.545208950664204,0.600601303437356,0.675173260519983,12.7763636363636,31.6963636363636,55.5272727272727,1.12909090909091,19.98,0.0654545454545455,29.4254545454545,1.42727272727273,47.9727272727273,-0.120368878398255,1.03882695296356,0.817276220293155,0.85659381632536,0.89060248853962
122697,67636,55061,0.545140075350463,0.600547819068347,0.675191315016668,12.7709090909091,31.7036363636364,55.5254545454545,1.12727272727273,19.9945454545455,0.0581818181818182,29.4145454545455,1.42545454545455,47.98,-0.118765272331472,1.03229232148098,0.817340546697039,0.856339966737398,0.89053341628737
122745,67626,55119,0.545067120787761,0.600577873506749,0.675295920449016,12.7727272727273,31.6890909090909,55.5381818181818,1.13090909090909,19.9963636363636,0.0636363636363636,29.3909090909091,1.41454545454545,48.0036363636364,-0.122254343967705,1.02060052952306,0.817224199288256,0.856446152963452,0.890493026910234
122679,67634,55045,0.544958139157976,0.600587996368882,0.675317350477004,12.7763636363636,31.6872727272727,55.5363636363636,1.13090909090909,19.9981818181818,0.0636363636363636,29.3818181818182,1.42181818181818,48.0036363636364,-0.120478376131425,1.01654208663385,0.816991603813861,0.856495294927703,0.890587657554428
122586,67640,54946,0.544918003177552,0.600540744087052,0.675324138968686,12.7727272727273,31.6909090909091,55.5363636363636,1.13272727272727,19.9927272727273,0.0527272727272727,29.3909090909091,1.43272727272727,47.9981818181818,-0.121399915512699,1.00683723771892,0.81693950177936,0.856569133677567,0.890653134719267
122588,67648,54940,0.544945593029375,0.600519500489216,0.67517315930567,12.7654545454545,31.7,55.5345454545455,1.13636363636364,19.9781818181818,0.0490909090909091,29.3909090909091,1.43090909090909,48.0145454545455,-0.119046679144561,1.00477340774272,0.81712006836633,0.856552910811586,0.890584075432163
122651,67656,54995,0.544933250762993,0.600457222852332,0.675165360748971,12.7690909090909,31.6909090909091,55.54,1.13454545454545,19.9672727272727,0.0545454545454545,29.3890909090909,1.42545454545455,48.0290909090909,-0.118930608795728,0.994550208952701,0.817029759362096,0.856569133677567,0.890594821095361
122638,67658,54980,0.544915639708073,0.600598954096061,0.675214451519512,12.7672727272727,31.6818181818182,55.5509090909091,1.13272727272727,19.9454545454545,0.0690909090909091,29.3763636363636,1.44363636363636,48.0327272727273,-0.117757015054601,0.994957584318366,0.817146112218741,0.856642754662841,0.890583576080909
122618,67643,54975,0.544928161742114,0.60060292974842,0.675311324661774,12.7727272727273,31.6727272727273,55.5545454545455,1.13272727272727,19.9345454545455,0.0618181818181818,29.3981818181818,1.43272727272727,48.04,-0.121388913191119,0.983768565971828,0.817081850533808,0.856659012629162,0.890590738013418
122684,67644,55040,0.544919148898636,0.600423420712711,0.675323583785295,12.7727272727273,31.6818181818182,55.5454545454545,1.12545454545455,19.9272727272727,0.0690909090909091,29.3854545454545,1.44363636363636,48.0490909090909,-0.12003318962485,0.988935784718805,0.817081850533808,0.856470588235294,0.890605564648118
122735,67644,55091,0.544997055731138,0.600304518319433,0.675277733808101,12.7727272727273,31.6854545454545,55.5418181818182,1.12727272727273,19.9127272727273,0.0636363636363636,29.3872727272727,1.45636363636364,48.0527272727273,-0.120217313236472,0.994473936247893,0.817224199288256,0.856372295862742,0.890598402514076
122623,67646,54977,0.544772269913845,0.600550108770323,0.675187610592001,12.7818181818182,31.6745454545455,55.5436363636364,1.13090909090909,19.8854545454545,0.0654545454545455,29.3963636363636,1.48363636363636,48.0381818181818,-0.120350911550155,0.976371190653034,0.81678520625889,0.856667240686528,0.890569249402599
122669,67644,55025,0.544941121300191,0.600743288862664,0.675089190037359,12.7727272727273,31.6909090909091,55.5363636363636,1.13090909090909,19.8618181818182,0.0581818181818182,29.4181818181818,1.49818181818182,48.0327272727273,-0.122830472480167,0.974660482090919,0.817224199288256,0.856626506024096,0.890587657554428
122710,67654,55056,0.54507467432898,0.600744738413387,0.675123453167311,12.7818181818182,31.6818181818182,55.5363636363636,1.13090909090909,19.8327272727273,0.0618181818181818,29.4181818181818,1.50545454545455,48.0509090909091,-0.122774381190274,0.967842629203171,0.817354196301565,0.856757532281205,0.890620396136847
122827,67652,55175,0.545015729783711,0.600591712466569,0.675179130458103,12.7836363636364,31.6781818181818,55.5381818181818,1.12727272727273,19.8127272727273,0.06,29.4218181818182,1.53090909090909,48.0472727272727,-0.122521500773093,0.97690199266971,0.817237946238088,0.856626298570855,0.890623976952792
122859,67662,55197,0.544902993726228,0.600548725203783,0.675076126377477,12.7745454545455,31.6890909090909,55.5363636363636,1.12545454545455,19.7890909090909,0.0381818181818182,29.4527272727273,1.54909090909091,48.0454545454545,-0.120249336843368,0.975278329819081,0.817250213492741,0.856675655516668,0.890554918972009
122860,67668,55192,0.544773857341888,0.600376156792387,0.675232110242965,12.7763636363636,31.6854545454545,55.5381818181818,1.12181818181818,19.7727272727273,0.0436363636363636,29.4436363636364,1.56545454545455,48.0527272727273,-0.118571884161396,0.964255947481036,0.816991603813861,0.856544442531704,0.890656714463432
122691,67646,55045,0.544864331414518,0.600410831913094,0.675411425235887,12.7763636363636,31.6818181818182,55.5418181818182,1.12181818181818,19.7545454545455,0.0545454545454545,29.4236363636364,1.57818181818182,48.0672727272727,-0.123609964606029,0.94540318753147,0.817133912053508,0.856527977044476,0.890696608615949
122680,67636,55044,0.544678813090397,0.600363605058473,0.675425387927487,12.78,31.6745454545455,55.5454545454545,1.12181818181818,19.7363636363636,0.06,29.4181818181818,1.57636363636364,48.0872727272727,-0.125053794737588,0.942042457778536,0.816759140702803,0.85655243671431,0.890671031096563
122712,67625,55087,0.544637236312972,0.600229033906712,0.675357354626571,12.78,31.6763636363636,55.5436363636364,1.12181818181818,19.72,0.0527272727272727,29.4254545454545,1.60181818181818,48.0781818181818,-0.127078819357981,0.942226670279739,0.816759140702803,0.856445873034095,0.890601983698321
122746,67628,55118,0.544785660820421,0.600229176792942,0.675284491798404,12.78,31.6836363636364,55.5363636363636,1.12,19.7072727272727,0.0527272727272727,29.4418181818182,1.61090909090909,48.0672727272727,-0.129071761545095,0.943217266031372,0.817185943946507,0.856364053712843,0.890620396136847
122879,67651,55228,0.544989393956214,0.600293714541521,0.675202081625981,12.78,31.6836363636364,55.5363636363636,1.12,19.6945454545455,0.0509090909090909,29.4436363636364,1.62363636363636,48.0672727272727,-0.125857472446858,0.944175360788358,0.817612747190212,0.856421439228739,0.890653134719267
122918,67655,55263,0.544962078173458,0.600479182338534,0.675243277259736,12.7781818181818,31.6745454545455,55.5472727272727,1.12,19.6709090909091,0.0563636363636364,29.4418181818182,1.65818181818182,48.0527272727273,-0.123164454911735,0.939725145301782,0.817586795674445,0.856609838700419,0.89060914536349
122934,67641,55293,0.544870020470214,0.600231762215883,0.675212736054448,12.7781818181818,31.6836363636364,55.5381818181818,1.11272727272727,19.6636363636364,0.06,29.4418181818182,1.67090909090909,48.0509090909091,-0.124862704945554,0.93781910748221,0.817302219692658,0.856421439228739,0.890591239442153
122972,67641,55331,0.544848750295565,0.600399029044072,0.675374527228223,12.7745454545455,31.6763636363636,55.5490909090909,1.11272727272727,19.6509090909091,0.0527272727272727,29.4581818181818,1.67818181818182,48.0472727272727,-0.125858410717576,0.93886577841212,0.817392541986906,0.856560670416714,0.890612725844462
122963,67615,55348,0.544721631334264,0.600374964396195,0.675517808212963,12.7818181818182,31.6527272727273,55.5654545454545,1.10545454545455,19.6327272727273,0.0563636363636364,29.4654545454545,1.71818181818182,48.0218181818182,-0.130894252507476,0.93054787565753,0.817069701280228,0.856625883163881,0.890579496744216
123035,67621,55414,0.544610582106771,0.600370340254992,0.675592650943791,12.7836363636364,31.6472727272727,55.5690909090909,1.10363636363636,19.6272727272727,0.04,29.4763636363636,1.72363636363636,48.0290909090909,-0.131439189858528,0.936388201539045,0.816953491679704,0.856716074916695,0.890586657069005
122993,67619,55374,0.54471746321194,0.600276217458038,0.675530977132213,12.7836363636364,31.6636363636364,55.5527272727273,1.10727272727273,19.6054545454545,0.0454545454545455,29.4727272727273,1.73818181818182,48.0309090909091,-0.134425017689302,0.925306487217048,0.817237946238088,0.856560436405398,0.890619886103293
123032,67631,55401,0.544640919444143,0.600373803153041,0.675440741936845,12.7745454545455,31.6709090909091,55.5545454545455,1.10727272727273,19.5927272727273,0.0381818181818182,29.4890909090909,1.75090909090909,48.0218181818182,-0.131143995442571,0.928763747160768,0.817250213492741,0.856650783627074,0.890623465881198
122984,67629,55355,0.544635967581476,0.600372621558824,0.675449093380454,12.7872727272727,31.6527272727273,55.56,1.11454545454545,19.5672727272727,0.0472727272727273,29.4909090909091,1.77090909090909,48.0090909090909,-0.129753382999942,0.925779309466121,0.816863358453007,0.85674076627032,0.89063420380915
122957,67611,55346,0.544553296982533,0.600091206750542,0.675402853004208,12.7927272727273,31.6490909090909,55.5581818181818,1.11454545454545,19.5527272727273,0.0490909090909091,29.4945454545455,1.77818181818182,48.0109090909091,-0.131793904855625,0.920285904870517,0.816657191586128,0.856551961854426,0.890565173282718
123066,67623,55443,0.544636595493845,0.600244870013665,0.675442024395782,12.7872727272727,31.6454545454545,55.5672727272727,1.11454545454545,19.5545454545455,0.0363636363636364,29.5090909090909,1.78,48.0054545454545,-0.130292789539486,0.91862177036237,0.817005545286506,0.856650387819592,0.890550356652052
122933,67602,55331,0.5445805465805,0.600077624711057,0.675593510826444,12.7854545454545,31.6381818181818,55.5763636363636,1.11090909090909,19.5418181818182,0.0381818181818182,29.5236363636364,1.79090909090909,47.9945454545455,-0.135156138936343,0.901973341345067,0.8169795221843,0.85650249985633,0.890568259888115
123022,67611,55411,0.544690985826884,0.600030319418731,0.675677565674612,12.7836363636364,31.6345454545455,55.5818181818182,1.10545454545455,19.54,0.0327272727272727,29.5345454545455,1.79818181818182,47.9890909090909,-0.135998505920659,0.907499612738188,0.817380173517281,0.856543479510317,0.890611710827609
123128,67625,55503,0.544679223751855,0.60006768886052,0.675803679942082,12.7763636363636,31.6309090909091,55.5927272727273,1.10181818181818,19.5309090909091,0.0363636363636364,29.54,1.81090909090909,47.98,-0.133353049178814,0.901124216655841,0.817560836772449,0.856526987411623,0.890633176347462
123128,67621,55507,0.544450049654968,0.600207264135184,0.675804627873678,12.7781818181818,31.6490909090909,55.5727272727273,1.09636363636364,19.5163636363636,0.0454545454545455,29.5636363636364,1.81636363636364,47.9618181818182,-0.133382088315821,0.897823671215023,0.817017643710871,0.856551961854426,0.890691967937183
123177,67617,55560,0.544676385226018,0.600105115915023,0.675685266074904,12.7872727272727,31.6545454545455,55.5581818181818,1.1,19.5145454545455,0.0436363636363636,29.5581818181818,1.82363636363636,47.96,-0.134999561947718,0.896186108024135,0.817289918953505,0.856461803561172,0.890696076185489
123215,67619,55596,0.544617849506265,0.600201590097312,0.67564217608996,12.7781818181818,31.6545454545455,55.5672727272727,1.10909090909091,19.4927272727273,0.0363636363636364,29.5890909090909,1.81272727272727,47.96,-0.133872590494205,0.907037342231805,0.817444507683551,0.856519241815049,0.890615797395458
123096,67595,55501,0.544500135788256,0.600136297467781,0.675663031718951,12.7890909090909,31.6309090909091,55.58,1.10545454545455,19.4745454545455,0.0454545454545455,29.5981818181818,1.82,47.9563636363636,-0.138089155052677,0.888607368470085,0.81703156098948,0.856526987411623,0.890575419542674
123228,67617,55611,0.544632799431056,0.600346634698121,0.675705820620418,12.78,31.6327272727273,55.5872727272727,1.10363636363636,19.4581818181818,0.0418181818181818,29.6181818181818,1.83454545454545,47.9436363636364,-0.134935856598895,0.891191299542234,0.817612747190212,0.856707667547994,0.890589736041605
123166,67597,55569,0.544521892873747,0.600307522138806,0.67566324965837,12.7836363636364,31.6418181818182,55.5745454545455,1.09818181818182,19.4618181818182,0.0327272727272727,29.6290909090909,1.83454545454545,47.9436363636364,-0.14305009489379,0.883627428858943,0.817237946238088,0.856691375050279,0.890597395799254
123177,67592,55585,0.54439483740309,0.600272793504045,0.675598027398329,12.7818181818182,31.6436363636364,55.5745454545455,1.10181818181818,19.4309090909091,0.0490909090909091,29.6309090909091,1.85272727272727,47.9345454545455,-0.144329228791652,0.865779679224149,0.817069701280228,0.856584693173983,0.890597395799254
123194,67597,55597,0.544449044739596,0.600216273165431,0.67573333722036,12.7836363636364,31.6327272727273,55.5836363636364,1.10545454545455,19.42,0.0436363636363636,29.6381818181818,1.86,47.9327272727273,-0.140936455856321,0.853463772281644,0.817237946238088,0.856650189676974,0.890582578260443
123230,67593,55637,0.544400438493806,0.600148471326356,0.675795963100017,12.7909090909091,31.6181818181818,55.5909090909091,1.11272727272727,19.4145454545455,0.0363636363636364,29.6490909090909,1.84909090909091,47.9381818181818,-0.138473531461204,0.848992963271237,0.817057569296375,0.85664174813111,0.890564186426819
123283,67599,55684,0.544546880166485,0.600127234927941,0.675645135649794,12.7909090909091,31.6363636363636,55.5727272727273,1.11272727272727,19.4163636363636,0.0345454545454545,29.6418181818182,1.85272727272727,47.9418181818182,-0.139726793168467,0.84944318087073,0.817341862117982,0.856494252873563,0.890561099296581
123171,67599,55572,0.54457255902664,0.600089502180212,0.675503409530761,12.7872727272727,31.6436363636364,55.5690909090909,1.11090909090909,19.4090909090909,0.04,29.6454545454545,1.85454545454545,47.94,-0.140250017804713,0.835341693427075,0.817432105787004,0.856412319007125,0.890586657069005
123193,67631,55562,0.544443314947744,0.600233487123266,0.675636863698593,12.7818181818182,31.6490909090909,55.5690909090909,1.11454545454545,19.4054545454545,0.04,29.6490909090909,1.85090909090909,47.94,-0.134944748460178,0.830160976582821,0.817354196301565,0.85666685816051,0.890684814972352
123157,67601,55556,0.544297742025264,0.600152582263497,0.675598411029569,12.7872727272727,31.64,55.5727272727273,1.12,19.4036363636364,0.0290909090909091,29.6472727272727,1.86363636363636,47.9363636363636,-0.138459710810011,0.824884931247322,0.816863358453007,0.856625675209746,0.890593816456732
123075,67573,55502,0.544037713869812,0.599947885145234,0.675632248980359,12.7818181818182,31.6418181818182,55.5763636363636,1.12181818181818,19.3981818181818,0.0272727272727273,29.6509090909091,1.86181818181818,47.94,-0.143027027923116,0.820047094407809,0.816500711237553,0.856289145549618,0.890568259888115
123027,67567,55460,0.544178352505419,0.599879637967767,0.67565519293897,12.7945454545455,31.6236363636364,55.5818181818182,1.12,19.4,0.0272727272727273,29.6509090909091,1.86545454545455,47.9363636363636,-0.144200189946621,0.812019405847902,0.816541139690209,0.856321508652906,0.890578999018646
123178,67591,55587,0.544506137525083,0.599979340676947,0.675691513868146,12.7836363636364,31.6363636363636,55.58,1.12363636363636,19.3854545454545,0.0327272727272727,29.6581818181818,1.85818181818182,47.9418181818182,-0.142631472835968,0.802192395425465,0.817522400796473,0.856436781609195,0.890575419542674
123254,67593,55661,0.54448853073923,0.600045929281413,0.675609733196939,12.7927272727273,31.6327272727273,55.5745454545455,1.13090909090909,19.3672727272727,0.0254545454545455,29.6709090909091,1.85636363636364,47.9490909090909,-0.140944397173668,0.803832265634132,0.817367822626492,0.856477756063915,0.890531963619708
123340,67593,55747,0.544448752507978,0.600041021702359,0.675615050863594,12.7927272727273,31.6309090909091,55.5763636363636,1.13272727272727,19.3654545454545,0.0309090909090909,29.6581818181818,1.85454545454545,47.9581818181818,-0.138434969071055,0.80466779646125,0.81722569641842,0.856469506236707,0.890502829849184
123283,67597,55686,0.544229346510259,0.600428670903246,0.675720074744665,12.7836363636364,31.6490909090909,55.5672727272727,1.14363636363636,19.3527272727273,0.0327272727272727,29.6563636363636,1.83272727272727,47.9818181818182,-0.143496403530431,0.790856293125332,0.817095718958896,0.856724306313552,0.890615797395458
123216,67573,55643,0.544466048822193,0.600320823899585,0.675657378038031,12.7890909090909,31.6454545454545,55.5654545454545,1.14181818181818,19.3490909090909,0.0309090909090909,29.6581818181818,1.83090909090909,47.9890909090909,-0.148206035729857,0.776153276970779,0.817458060847313,0.85653547831083,0.890579496744216
123147,67559,55588,0.544399587234455,0.600143488554231,0.675735218018379,12.8018181818182,31.6345454545455,55.5636363636364,1.14,19.3454545454545,0.0309090909090909,29.6527272727273,1.83090909090909,48,-0.150961699868574,0.768250343661269,0.817071438716091,0.856486004942813,0.890608638743456
123159,67553,55606,0.544344595447164,0.60016906562626,0.675725187700448,12.7981818181818,31.6327272727273,55.5690909090909,1.13636363636364,19.3581818181818,0.0272727272727273,29.64,1.82727272727273,48.0109090909091,-0.151992129549961,0.76645264562103,0.817019462991902,0.856535233934935,0.890586657069005
123167,67563,55604,0.544311766631315,0.600357211184028,0.675693992424415,12.7872727272727,31.6527272727273,55.56,1.13818181818182,19.36,0.0327272727272727,29.6272727272727,1.83272727272727,48.0090909090909,-0.149839723210078,0.765970580562399,0.817289918953505,0.856568441610661,0.890601479154395
123145,67539,55606,0.54424801953493,0.600122904603376,0.675589892780388,12.7909090909091,31.6636363636364,55.5454545454545,1.14,19.3690909090909,0.0254545454545455,29.6218181818182,1.81818181818182,48.0254545454545,-0.15116075637753,0.750767209025269,0.817057569296375,0.856330749354005,0.890540098199673
123218,67553,55665,0.544514732921974,0.600135474738053,0.67564664787966,12.7927272727273,31.6581818181818,55.5490909090909,1.14181818181818,19.3745454545455,0.0309090909090909,29.6127272727273,1.81636363636364,48.0236363636364,-0.149786736658478,0.751344934072536,0.817509948834565,0.856420859177579,0.890612725844462
123282,67549,55733,0.544424831698178,0.600453413688125,0.675692884313005,12.7945454545455,31.6527272727273,55.5527272727273,1.13818181818182,19.3818181818182,0.0290909090909091,29.6127272727273,1.80363636363636,48.0345454545455,-0.153423234668761,0.747645234609213,0.81725166974563,0.856625883163881,0.890619886103293
123194,67539,55655,0.544333003840821,0.600469858089016,0.67577611481251,12.7927272727273,31.6436363636364,55.5636363636364,1.14,19.3763636363636,0.0272727272727273,29.6145454545455,1.81272727272727,48.0290909090909,-0.155980892662509,0.740240641581741,0.81722569641842,0.856642151229602,0.890575916230366
123198,67541,55657,0.544351471572336,0.600404270149267,0.675779233423307,12.7945454545455,31.6454545454545,55.56,1.13090909090909,19.3963636363636,0.0309090909090909,29.5872727272727,1.82545454545455,48.0290909090909,-0.15634428899132,0.733264052808359,0.81725166974563,0.856650387819592,0.89056875449964
123292,67535,55757,0.544268875234525,0.600300098878217,0.675673680640922,12.8,31.6472727272727,55.5527272727273,1.12181818181818,19.3981818181818,0.0272727272727273,29.5945454545455,1.82363636363636,48.0345454545455,-0.154977378612437,0.736675070689737,0.817045454545455,0.856601172009652,0.890488970347581
123352,67530,55822,0.544229374258409,0.600388650184182,0.675625004609426,12.7909090909091,31.6636363636364,55.5454545454545,1.11818181818182,19.4036363636364,0.0272727272727273,29.5890909090909,1.82727272727273,48.0345454545455,-0.156746842163821,0.734052955962993,0.817199715707178,0.85650301464255,0.890474631751228
123198,67532,55666,0.54424396271064,0.600336779831408,0.675555789143801,12.7854545454545,31.6654545454545,55.5490909090909,1.11454545454545,19.4054545454545,0.0290909090909091,29.5854545454545,1.82727272727273,48.0381818181818,-0.158531451076322,0.720700515100775,0.81740614334471,0.856511254019293,0.890514532600157
123202,67524,55678,0.54428382887749,0.600290809602666,0.675795417107043,12.7854545454545,31.6709090909091,55.5436363636364,1.12,19.4018181818182,0.0363636363636364,29.5618181818182,1.84181818181818,48.0381818181818,-0.158784313634599,0.71349043003548,0.81740614334471,0.856306332166026,0.890634717994042
123314,67524,55790,0.54432573236264,0.600237017001792,0.675674106959374,12.7854545454545,31.6818181818182,55.5327272727273,1.11636363636364,19.4109090909091,0.0272727272727273,29.5690909090909,1.83454545454545,48.0418181818182,-0.158578111659683,0.713172589955767,0.81740614334471,0.856298421807748,0.890580493075336
123297,67525,55772,0.544228505979112,0.60023581755308,0.675584771404449,12.7945454545455,31.6745454545455,55.5309090909091,1.11272727272727,19.4145454545455,0.0309090909090909,29.5618181818182,1.83272727272727,48.0472727272727,-0.160685362774397,0.700299942229917,0.817109563734546,0.856437632742093,0.890576910483924
123415,67528,55887,0.544308015110828,0.600362302721966,0.675546700207396,12.7945454545455,31.6727272727273,55.5327272727273,1.12181818181818,19.4090909090909,0.0236363636363636,29.5545454545455,1.83454545454545,48.0563636363636,-0.158223599164392,0.706886624206725,0.81725166974563,0.856601607347876,0.890449530170579
123302,67510,55792,0.544297716915417,0.600236102985259,0.675599062253631,12.8054545454545,31.6545454545455,55.54,1.12727272727273,19.4018181818182,0.0254545454545455,29.54,1.84181818181818,48.0636363636364,-0.163322419567769,0.693782536787595,0.816981399971603,0.856634118322803,0.89046387533964
123286,67498,55788,0.54427863886339,0.600424952510743,0.675738988740107,12.8018181818182,31.68,55.5181818181818,1.12181818181818,19.4090909090909,0.0327272727272727,29.5181818181818,1.83636363636364,48.0818181818182,-0.168096150836473,0.682299177856079,0.817071438716091,0.856577134986226,0.890617324381857
123180,67486,55694,0.544168305805402,0.600453438461719,0.675573645921543,12.7945454545455,31.6963636363636,55.5090909090909,1.12363636363636,19.4072727272727,0.0345454545454545,29.5054545454545,1.84181818181818,48.0872727272727,-0.170541512300737,0.667051916244038,0.817109563734546,0.85647909137842,0.890533901080904
123208,67511,55697,0.544327279598721,0.600680738828013,0.675529956640044,12.7909090909091,31.7,55.5090909090909,1.12545454545455,19.3927272727273,0.0327272727272727,29.5218181818182,1.83454545454545,48.0927272727273,-0.168851257401217,0.66655620783832,0.817484008528785,0.856667622598222,0.890599410415984
123289,67523,55766,0.54432843434823,0.600480918858122,0.67551486881678,12.8018181818182,31.6909090909091,55.5072727272727,1.12181818181818,19.3763636363636,0.0345454545454545,29.5309090909091,1.83818181818182,48.0981818181818,-0.162476951246076,0.665175165761453,0.817213463996591,0.856569133677567,0.890661338399555
123368,67515,55853,0.54440753050837,0.600259972547266,0.675594549566214,12.8072727272727,31.6836363636364,55.5090909090909,1.12181818181818,19.38,0.0236363636363636,29.5290909090909,1.84545454545455,48.1,-0.160999525950121,0.665324810462665,0.817291311754685,0.856421439228739,0.890632165083524
123406,67475,55931,0.544428811994484,0.600130673748637,0.675767272330151,12.8054545454545,31.6781818181818,55.5163636363636,1.12,19.3672727272727,0.0345454545454545,29.5345454545455,1.84363636363636,48.1,-0.168590991316755,0.661872431738514,0.817265369870794,0.85622453079263,0.890515490928146
123328,67467,55861,0.544269121476642,0.600303583901388,0.67578078449763,12.8036363636364,31.6836363636364,55.5127272727273,1.11818181818182,19.3636363636364,0.0218181818181818,29.5563636363636,1.83636363636364,48.1036363636364,-0.171208792007449,0.660757565428503,0.817097415506958,0.856306668196947,0.890541071662518
123368,67485,55883,0.544453625661804,0.600357656767645,0.675737384068287,12.8109090909091,31.68,55.5090909090909,1.12,19.3490909090909,0.0309090909090909,29.5709090909091,1.82,48.1090909090909,-0.170275058263955,0.65166696128065,0.817343173431734,0.856347566574839,0.890632165083524
123332,67497,55835,0.54411236892308,0.600363964759565,0.675617941244831,12.7963636363636,31.6963636363636,55.5072727272727,1.11818181818182,19.3472727272727,0.0363636363636364,29.5727272727273,1.81454545454545,48.1109090909091,-0.169095375329859,0.644626207607375,0.816993464052288,0.85636436643148,0.890628582659111
123413,67502,55911,0.544371843624095,0.600370915181368,0.675771846271819,12.7890909090909,31.6981818181818,55.5127272727273,1.11818181818182,19.3545454545455,0.0290909090909091,29.5636363636364,1.82,48.1145454545455,-0.171359426097876,0.637313321251316,0.817600227466591,0.856487323620512,0.89063932922835
123304,67489,55815,0.544317866500546,0.600434722218305,0.675732756136778,12.7890909090909,31.6927272727273,55.5181818181818,1.11636363636364,19.3490909090909,0.0381818181818182,29.5636363636364,1.81454545454545,48.1181818181818,-0.174859981441907,0.630586735364473,0.817600227466591,0.856519993115713,0.890617324381857
123300,67491,55809,0.544295585395442,0.600524923239593,0.675613418460417,12.7927272727273,31.6945454545455,55.5127272727273,1.12181818181818,19.3490909090909,0.0363636363636364,29.5636363636364,1.81090909090909,48.1181818181818,-0.173917202884199,0.620489933173468,0.817509948834565,0.856528223955943,0.890573824184462
123476,67517,55959,0.544318184052732,0.600539355335824,0.675625729327227,12.7945454545455,31.7036363636364,55.5018181818182,1.12909090909091,19.3490909090909,0.0327272727272727,29.5618181818182,1.80181818181818,48.1254545454546,-0.168175997921737,0.621203120384863,0.817393775756714,0.856626713310776,0.890650592937168
123320,67501,55819,0.544264328082236,0.600258958356325,0.675562091219793,12.7945454545455,31.6963636363636,55.5090909090909,1.12909090909091,19.3527272727273,0.0363636363636364,29.5581818181818,1.80363636363636,48.12,-0.172198656367519,0.607051710998216,0.81725166974563,0.85642172890495,0.890632165083524
123327,67481,55846,0.54411955376286,0.600109772356057,0.675550519707221,12.7945454545455,31.6890909090909,55.5163636363636,1.13454545454545,19.3490909090909,0.0345454545454545,29.5527272727273,1.80727272727273,48.1218181818182,-0.171219024234002,0.60739287414207,0.816967457723462,0.856216650410236,0.890548241304775
123269,67487,55782,0.544121943833069,0.600302881837454,0.67567639191031,12.7909090909091,31.6872727272727,55.5218181818182,1.13636363636364,19.3418181818182,0.0290909090909091,29.5654545454545,1.79818181818182,48.1290909090909,-0.170478750972225,0.604014145781614,0.817199715707178,0.856323158136332,0.890591741166454
123296,67491,55805,0.544101994433677,0.600429479573995,0.675607336736506,12.7981818181818,31.6781818181818,55.5236363636364,1.13636363636364,19.3272727272727,0.0345454545454545,29.58,1.79818181818182,48.1236363636364,-0.17121394606286,0.590555438124681,0.816877397357579,0.856454112380187,0.890595323858799
123443,67499,55944,0.54449258354129,0.600443886909945,0.675655298318536,12.8018181818182,31.6763636363636,55.5218181818182,1.13272727272727,19.32,0.0327272727272727,29.5872727272727,1.79636363636364,48.1309090909091,-0.170395317748295,0.590047905061246,0.817639539838091,0.856503271725405,0.890526246848086
123454,67501,55953,0.544454438522981,0.600560189590288,0.675766216668766,12.7963636363636,31.6854545454545,55.5181818181818,1.13454545454545,19.3036363636364,0.04,29.6018181818182,1.79272727272727,48.1272727272727,-0.173453970638432,0.587937465666222,0.817845978971299,0.856601824754691,0.89058457507778
123363,67504,55859,0.544310878908415,0.600378298379785,0.675710634641013,12.7927272727273,31.6763636363636,55.5309090909091,1.13818181818182,19.2945454545455,0.04,29.6127272727273,1.79090909090909,48.1236363636364,-0.172460866964221,0.585028446324974,0.817509948834565,0.856503271725405,0.890576910483924
123383,67502,55881,0.544170471007709,0.600484208951897,0.675773881078737,12.7872727272727,31.6836363636364,55.5290909090909,1.14545454545455,19.2818181818182,0.0381818181818182,29.6181818181818,1.79454545454545,48.1218181818182,-0.174380381862813,0.578377623294099,0.817289918953505,0.856478824744634,0.890606070528142
123389,67511,55878,0.544162686918086,0.600490523963926,0.675690985546424,12.7872727272727,31.6872727272727,55.5254545454545,1.14909090909091,19.2690909090909,0.04,29.6236363636364,1.79272727272727,48.1254545454546,-0.172400103171028,0.576805204762654,0.817289918953505,0.856552673858159,0.890631651331085
123300,67498,55802,0.544008639747913,0.600533195975679,0.675727567217904,12.7909090909091,31.6818181818182,55.5272727272727,1.14909090909091,19.2672727272727,0.0290909090909091,29.6327272727273,1.79636363636364,48.1254545454546,-0.178054582446269,0.564818093233572,0.816915422885572,0.856700143472023,0.890635232481991
123263,67484,55779,0.544016812565116,0.600269485709372,0.675660938210261,12.7872727272727,31.68,55.5327272727273,1.14363636363636,19.2545454545455,0.0309090909090909,29.6527272727273,1.78909090909091,48.1290909090909,-0.178300826280611,0.549380212398352,0.817005545286506,0.856404958677686,0.890547752349147
123278,67492,55786,0.544254371690336,0.600246053350376,0.675648426671693,12.7963636363636,31.6672727272727,55.5363636363636,1.14727272727273,19.2345454545455,0.0327272727272727,29.6581818181818,1.79636363636364,48.1309090909091,-0.176088469033791,0.54145835407491,0.817277635691958,0.856519492449905,0.890522180389589
123227,67488,55739,0.54425987484418,0.600125562981648,0.675609452537603,12.7909090909091,31.6763636363636,55.5327272727273,1.15090909090909,19.2254545454545,0.0345454545454545,29.6618181818182,1.79272727272727,48.1345454545455,-0.173934021135739,0.544063132565828,0.817341862117982,0.856331075651475,0.890482270896768
123272,67490,55782,0.544196829152338,0.600161347068889,0.675661788532735,12.7836363636364,31.6890909090909,55.5272727272727,1.15090909090909,19.2072727272727,0.04,29.6672727272727,1.80181818181818,48.1327272727273,-0.172779186905774,0.539179255199005,0.817380173517281,0.856159274771932,0.89056974459725
123395,67502,55893,0.544283509844227,0.600178117914078,0.675770882631204,12.7945454545455,31.6654545454545,55.54,1.15090909090909,19.1981818181818,0.0327272727272727,29.6927272727273,1.79454545454545,48.1309090909091,-0.17478390899209,0.545577309694702,0.817393775756714,0.856396417087735,0.890627557534291
123442,67491,55951,0.544023710558028,0.60035920041553,0.675811317534436,12.7818181818182,31.6781818181818,55.54,1.15090909090909,19.18,0.0290909090909091,29.7163636363636,1.80181818181818,48.1218181818182,-0.17952145447264,0.540115929390727,0.817069701280228,0.856454112380187,0.890627557534291
123408,67495,55913,0.544020588610125,0.600403516619638,0.675878706790093,12.7745454545455,31.6890909090909,55.5363636363636,1.14545454545455,19.1709090909091,0.0290909090909091,29.7218181818182,1.80363636363636,48.1290909090909,-0.181771986387453,0.525988764332777,0.817107884998577,0.856503528601756,0.890718611884105
123380,67505,55875,0.544004642635007,0.600277008921369,0.67577889245183,12.7672727272727,31.6909090909091,55.5418181818182,1.13818181818182,19.1690909090909,0.0236363636363636,29.7327272727273,1.79818181818182,48.1381818181818,-0.176256646463431,0.532186530508757,0.817288521788664,0.856339644291451,0.890663873248658
123354,67478,55876,0.544050140299178,0.600414074562744,0.675784241380428,12.7672727272727,31.6836363636364,55.5490909090909,1.13454545454545,19.1527272727273,0.0363636363636364,29.7345454545455,1.80181818181818,48.14,-0.181933822409932,0.516291927183259,0.817288521788664,0.856478824744634,0.890514532600157
123212,67466,55746,0.543979300698799,0.6003352972535,0.675762682303743,12.7745454545455,31.6654545454545,55.56,1.13272727272727,19.14,0.0290909090909091,29.7490909090909,1.80909090909091,48.14,-0.184375329889802,0.503351890066088,0.816965556504412,0.856511254019293,0.890536029844885
123320,67486,55834,0.544019480037225,0.60057801161701,0.675824844356664,12.7654545454545,31.6854545454545,55.5490909090909,1.12727272727273,19.1309090909091,0.0327272727272727,29.7563636363636,1.80909090909091,48.1436363636364,-0.182933136471547,0.505900241290378,0.817404928072924,0.856601824754691,0.890612725844462
123296,67472,55824,0.543879464693189,0.600428777788697,0.675872457517552,12.7672727272727,31.6909090909091,55.5418181818182,1.12727272727273,19.1127272727273,0.0363636363636364,29.7745454545455,1.8,48.1490909090909,-0.184925316494165,0.493204213322183,0.816861293078895,0.856282271944923,0.89076207935053
123390,67477,55913,0.543986305378427,0.600402231139574,0.675675200037943,12.7636363636364,31.6945454545455,55.5418181818182,1.12727272727273,19.0963636363636,0.0327272727272727,29.7909090909091,1.79454545454545,48.1581818181818,-0.183548864754795,0.488938138215136,0.817236467236467,0.856356126663607,0.890565667146785
123443,67471,55972,0.543834625928499,0.600326891449427,0.675748691996161,12.7654545454545,31.6909090909091,55.5436363636364,1.12909090909091,19.0745454545455,0.0309090909090909,29.8,1.78909090909091,48.1763636363636,-0.182312916449552,0.493295266756798,0.81712006836633,0.856224899598394,0.890503780811156
123447,67487,55960,0.543929979908832,0.600267023180688,0.675931221605761,12.7709090909091,31.6709090909091,55.5581818181818,1.12,19.0636363636364,0.0363636363636364,29.8018181818182,1.78909090909091,48.1890909090909,-0.183246806288926,0.487076304722789,0.817340546697039,0.856421149319708,0.890565173282718
123444,67484,55960,0.54396722176166,0.60032849618042,0.675735390103505,12.7763636363636,31.6836363636364,55.54,1.12363636363636,19.0490909090909,0.0345454545454545,29.8127272727273,1.79272727272727,48.1872727272727,-0.183080245433666,0.494806027675407,0.817418528532802,0.856364053712843,0.890562084656431
123444,67480,55964,0.54400584431794,0.600466603525055,0.675620590326878,12.78,31.68,55.54,1.12909090909091,19.0218181818182,0.0309090909090909,29.8290909090909,1.80545454545455,48.1836363636364,-0.187512974680894,0.482843458882681,0.817328211694409,0.856519742883379,0.890562084656431
123465,67481,55984,0.543964464936124,0.600499632146058,0.675687272934825,12.7854545454545,31.6745454545455,55.54,1.12909090909091,19.0036363636364,0.0327272727272727,29.8309090909091,1.79636363636364,48.2072727272727,-0.184388222185159,0.472706037610293,0.81712172923777,0.856495034728202,0.890562084656431
123490,67506,55984,0.543996036002955,0.600244355445603,0.675716756588586,12.7872727272727,31.6618181818182,55.5509090909091,1.12727272727273,18.9981818181818,0.0272727272727273,29.8472727272727,1.79090909090909,48.2090909090909,-0.181000511961809,0.466013330371193,0.817432105787004,0.856552199379809,0.890649036101201
123501,67498,56003,0.543734965343859,0.600215978948717,0.675689105363228,12.78,31.6709090909091,55.5490909090909,1.12181818181818,18.9818181818182,0.0345454545454545,29.8545454545455,1.79272727272727,48.2145454545455,-0.180025323774449,0.448673447981128,0.817185943946507,0.85647855789655,0.890547263681592
123381,67463,55918,0.543656046695132,0.600274382774771,0.675600689123884,12.7836363636364,31.68,55.5363636363636,1.12545454545455,18.9618181818182,0.0363636363636364,29.8763636363636,1.78363636363636,48.2163636363636,-0.188677773009774,0.443271995776079,0.816811264400512,0.856404958677686,0.890522180389589
123438,67462,55976,0.543742267349436,0.600427752775457,0.675636033912243,12.7781818181818,31.6927272727273,55.5290909090909,1.12909090909091,18.9527272727273,0.0290909090909091,29.9036363636364,1.77818181818182,48.2072727272727,-0.191395284329403,0.442373929126982,0.817017643710871,0.856347885950318,0.890540584787663
123421,67465,55956,0.543783781227125,0.600118630734308,0.675566874152129,12.7745454545455,31.6854545454545,55.54,1.12909090909091,18.9381818181818,0.0345454545454545,29.9109090909091,1.78545454545455,48.2018181818182,-0.189030425939365,0.439155239156786,0.817107884998577,0.856142766970793,0.890562084656431
123483,67479,56004,0.543733210844462,0.600211630747007,0.675635571203454,12.7654545454545,31.6836363636364,55.5509090909091,1.13272727272727,18.9327272727273,0.0254545454545455,29.9290909090909,1.77818181818182,48.2018181818182,-0.186340452501397,0.437704127682214,0.817262498219627,0.856306668196947,0.890518116060616
123586,67494,56092,0.543726475488491,0.600552309408576,0.675876380620868,12.7636363636364,31.6854545454545,55.5509090909091,1.12181818181818,18.9363636363636,0.0236363636363636,29.9436363636364,1.77818181818182,48.1963636363636,-0.188807022743012,0.435615902695149,0.817378917378917,0.856544442531704,0.890681766111348
123476,67478,55998,0.543757924379388,0.600297625566201,0.675872218366279,12.7727272727273,31.6690909090909,55.5581818181818,1.12,18.9145454545455,0.04,29.9545454545455,1.79272727272727,48.1781818181818,-0.188832208530088,0.421883632240563,0.817224199288256,0.856355494316225,0.890663350459796
123444,67470,55974,0.543834675031392,0.600237526660826,0.675645757720912,12.7727272727273,31.6745454545455,55.5527272727273,1.11818181818182,18.9072727272727,0.0290909090909091,29.9763636363636,1.78363636363636,48.1854545454545,-0.189903838855918,0.417247754616123,0.817508896797153,0.856265426783767,0.89065261504222
123564,67479,56085,0.543830133202329,0.600155361641615,0.675624593833648,12.7690909090909,31.6890909090909,55.5418181818182,1.12,18.8981818181818,0.0309090909090909,29.98,1.77272727272727,48.1981818181818,-0.189080823713448,0.413179165498745,0.817456927239072,0.85627402604854,0.890631137881367
123432,67460,55972,0.543408576562907,0.60016698175822,0.675539273467811,12.7745454545455,31.6781818181818,55.5472727272727,1.12363636363636,18.8854545454545,0.0309090909090909,29.9927272727273,1.78363636363636,48.1836363636364,-0.192532116550534,0.387249660193761,0.816538571021919,0.85622453079263,0.89060914536349
123409,67446,55963,0.543465746610641,0.600005278199601,0.675477349428621,12.7818181818182,31.6727272727273,55.5454545454545,1.12,18.88,0.0327272727272727,30.0090909090909,1.77272727272727,48.1854545454545,-0.194807676735218,0.381546793244673,0.816500711237553,0.856027554535017,0.890605564648118
123246,67448,55798,0.5436131491211,0.600055535507276,0.675289877529396,12.7818181818182,31.6727272727273,55.5454545454545,1.12727272727273,18.8581818181818,0.0327272727272727,30.0327272727273,1.77272727272727,48.1763636363636,-0.194055269474947,0.36629819460782,0.816642958748222,0.856142365097589,0.890540098199673
123400,67466,55934,0.543857509611389,0.600183021488952,0.675432496696074,12.7818181818182,31.6818181818182,55.5363636363636,1.12363636363636,18.8472727272727,0.0272727272727273,30.0563636363636,1.76909090909091,48.1763636363636,-0.193081366049327,0.373808105099174,0.817354196301565,0.856183644189383,0.890653134719267
123439,67458,55981,0.543921173183824,0.600426032871108,0.675340640274037,12.7818181818182,31.6872727272727,55.5309090909091,1.12181818181818,18.8309090909091,0.0236363636363636,30.0636363636364,1.77272727272727,48.1872727272727,-0.199494113071308,0.369899327413242,0.817638691322902,0.856265779205876,0.890609652282103
123514,67458,56056,0.543770857497088,0.600566365805395,0.675402846980943,12.7854545454545,31.68,55.5345454545455,1.13090909090909,18.8090909090909,0.0272727272727273,30.0781818181818,1.77272727272727,48.1818181818182,-0.203827693461657,0.367145962559682,0.81726393629124,0.856462350780533,0.890682294394971
123449,67461,55988,0.54364668007299,0.600626109332721,0.675256586596776,12.7781818181818,31.6818181818182,55.54,1.14,18.7890909090909,0.0309090909090909,30.0763636363636,1.78181818181818,48.1818181818182,-0.200239447424246,0.350340546200592,0.817017643710871,0.856585365853659,0.890529348217501
123370,67464,55906,0.543508144470948,0.600416648563537,0.675220539672322,12.7781818181818,31.6781818181818,55.5436363636364,1.14,18.7818181818182,0.0254545454545455,30.0927272727273,1.77454545454545,48.1854545454545,-0.194069923244983,0.350546777947139,0.816733067729084,0.856454112380187,0.890536515106877
123307,67456,55851,0.543358695891957,0.600420839280947,0.67519222450651,12.7763636363636,31.6709090909091,55.5527272727273,1.13818181818182,18.78,0.0272727272727273,30.1036363636364,1.76909090909091,48.1818181818182,-0.195240024821859,0.344440096416458,0.816422370855272,0.856535966473391,0.890488970347581
123384,67456,55928,0.543367676971194,0.600316683085473,0.67525318083937,12.78,31.6836363636364,55.5363636363636,1.14181818181818,18.7709090909091,0.0254545454545455,30.12,1.76727272727273,48.1745454545455,-0.1944126380204,0.34636238553847,0.816474605207,0.856364053712843,0.890587657554428
123367,67448,55919,0.543483523124265,0.600027049150702,0.67518791172715,12.7890909090909,31.6618181818182,55.5490909090909,1.13818181818182,18.7672727272727,0.0254545454545455,30.1163636363636,1.77818181818182,48.1745454545455,-0.197123902220681,0.329142999892197,0.816462894512369,0.856265074078328,0.890514532600157
123307,67446,55861,0.543587640749285,0.600161981589663,0.675261969279467,12.7872727272727,31.6563636363636,55.5563636363636,1.14,18.7563636363636,0.02,30.1418181818182,1.77090909090909,48.1709090909091,-0.199829498213314,0.33084729467254,0.816721171619508,0.856355177761185,0.890594318628093
123295,67429,55866,0.543766699010367,0.600035838344882,0.675265709905193,12.7963636363636,31.6563636363636,55.5472727272727,1.14,18.74,0.0290909090909091,30.1345454545455,1.77454545454545,48.1818181818182,-0.202219110773083,0.323005120696193,0.816993464052288,0.856068002986618,0.89060914536349
123339,67442,55897,0.543624771968769,0.599988344811684,0.675309328948359,12.7927272727273,31.66,55.5472727272727,1.14181818181818,18.7327272727273,0.0254545454545455,30.1254545454545,1.76909090909091,48.2054545454545,-0.200397193696699,0.317804885819681,0.816941444002274,0.856084534543157,0.890674609669078
123354,67432,55922,0.543555404178956,0.600146909944111,0.675178492542657,12.7963636363636,31.6709090909091,55.5327272727273,1.13272727272727,18.7272727272727,0.0272727272727273,30.1254545454545,1.77818181818182,48.2090909090909,-0.205358369413377,0.308997818055319,0.816709292412617,0.856191515012343,0.890613233801526
123470,67438,56032,0.543590526279385,0.60040852199046,0.675014224990042,12.7945454545455,31.6909090909091,55.5145454545455,1.12181818181818,18.7218181818182,0.0236363636363636,30.1527272727273,1.76909090909091,48.2109090909091,-0.204378638237672,0.31167345450191,0.816825351712377,0.856224899598394,0.890642910948809
123437,67438,55999,0.543310135652845,0.600458219454248,0.675041918881639,12.7872727272727,31.6854545454545,55.5272727272727,1.11454545454545,18.7163636363636,0.0236363636363636,30.1545454545455,1.77272727272727,48.2181818181818,-0.206228647796194,0.308715887346824,0.81629461111901,0.856372295862742,0.89056974459725
123432,67446,55986,0.543477870702137,0.600392848067655,0.67514675596646,12.7854545454545,31.6836363636364,55.5309090909091,1.12,18.7072727272727,0.02,30.1490909090909,1.76727272727273,48.2363636363636,-0.203977410265361,0.306415409147038,0.816695108077361,0.856478824744634,0.890544168685744
123418,67459,55959,0.543494652363225,0.600311343614241,0.675107994397903,12.7872727272727,31.6854545454545,55.5272727272727,1.12727272727273,18.6909090909091,0.0236363636363636,30.1345454545455,1.76909090909091,48.2545454545455,-0.200826825254163,0.300647025977642,0.816721171619508,0.856487060308716,0.890537000654879
123452,67446,56006,0.543530508931981,0.600143458839506,0.675162060621576,12.7945454545455,31.6672727272727,55.5381818181818,1.12727272727273,18.6818181818182,0.0218181818181818,30.1345454545455,1.76545454545455,48.2690909090909,-0.199969076876005,0.301788540401189,0.816683245701293,0.856289831773555,0.890525764420873
123429,67439,55990,0.543560668528825,0.600478847117225,0.675267418915414,12.7818181818182,31.6709090909091,55.5472727272727,1.12545454545455,18.6781818181818,0.0290909090909091,30.1290909090909,1.77272727272727,48.2654545454546,-0.207584833530101,0.29070383857126,0.817069701280228,0.85647855789655,0.890543681057903
123488,67427,56061,0.543534981034354,0.600403179876137,0.675163444063267,12.7963636363636,31.6581818181818,55.5454545454545,1.13454545454545,18.6618181818182,0.0254545454545455,30.1290909090909,1.76909090909091,48.28,-0.208676468737196,0.286867380655762,0.816567206592782,0.856420859177579,0.89050736497545
123486,67437,56049,0.543462462635838,0.600205084485543,0.675143454642393,12.7872727272727,31.6745454545455,55.5381818181818,1.13454545454545,18.6581818181818,0.0236363636363636,30.1181818181818,1.77636363636364,48.2890909090909,-0.20541429613791,0.285327179619609,0.816721171619508,0.856208024797658,0.890591239442153
123401,67414,55987,0.5434320457464,0.600158399296259,0.675225155244409,12.7927272727273,31.6727272727273,55.5345454545455,1.12727272727273,18.6618181818182,0.0272727272727273,30.1127272727273,1.76545454545455,48.3054545454546,-0.208054364592747,0.280653812544188,0.816515065378056,0.856084959816303,0.890551335777894
123426,67423,56003,0.543240619429337,0.599977625069456,0.675234074962513,12.7927272727273,31.6781818181818,55.5290909090909,1.12545454545455,18.6563636363636,0.0290909090909091,30.1,1.76909090909091,48.32,-0.205526158481768,0.283520235595907,0.816372939169983,0.856052344601963,0.890638813398382
123401,67437,55964,0.543336779872095,0.600115788958617,0.675163329175609,12.7890909090909,31.6781818181818,55.5327272727273,1.12727272727273,18.6345454545455,0.0309090909090909,30.1018181818182,1.76909090909091,48.3363636363636,-0.204096866186327,0.263977539321852,0.816605061131646,0.856167135395741,0.890613233801526
123468,67432,56036,0.543549038213071,0.600080716299207,0.675320203250019,12.7872727272727,31.6636363636364,55.5490909090909,1.12363636363636,18.6290909090909,0.0236363636363636,30.1036363636364,1.77090909090909,48.3490909090909,-0.205537296880291,0.275846508547494,0.817005545286506,0.856215905828309,0.890579994763027
123431,67439,55992,0.543402177748964,0.600248479512495,0.675185258963896,12.7854545454545,31.6727272727273,55.5418181818182,1.11636363636364,18.6236363636364,0.0272727272727273,30.1018181818182,1.77090909090909,48.36,-0.207431487305307,0.27563089524073,0.816695108077361,0.856371986222732,0.890598402514076
123399,67440,55959,0.543203622065641,0.600182648090458,0.675022131449493,12.78,31.6872727272727,55.5327272727273,1.12545454545455,18.6054545454545,0.02,30.1054545454545,1.77454545454545,48.3690909090909,-0.20543559060686,0.257914198428096,0.816474605207,0.856265779205876,0.890547752349147
123516,67442,56074,0.543421385234253,0.600273051322909,0.675256974517826,12.7836363636364,31.6654545454545,55.5509090909091,1.11818181818182,18.6018181818182,0.0218181818181818,30.1127272727273,1.76545454545455,48.38,-0.206583728077451,0.267929350160623,0.816953491679704,0.856338998621957,0.890550846070762
123443,67422,56021,0.543292897955407,0.600335551935457,0.675201209142936,12.7981818181818,31.6509090909091,55.5509090909091,1.12545454545455,18.5836363636364,0.0236363636363636,30.1163636363636,1.76363636363636,48.3872727272727,-0.212449105789578,0.253635283344192,0.816309134820287,0.856502757352941,0.890550846070762
123541,67423,56118,0.543289546182777,0.60014383197483,0.675182733814137,12.7890909090909,31.6654545454545,55.5454545454545,1.12545454545455,18.5818181818182,0.0218181818181818,30.12,1.76727272727273,48.3836363636364,-0.210317409186973,0.253715682406222,0.816462894512369,0.8562241616904,0.890540098199673
123525,67433,56092,0.54341610627377,0.600088134979063,0.675328606558209,12.7836363636364,31.6745454545455,55.5418181818182,1.12545454545455,18.5763636363636,0.02,30.1272727272727,1.77818181818182,48.3727272727273,-0.208575301153046,0.248505328190764,0.816811264400512,0.856150622811549,0.890663873248658
123556,67425,56131,0.543458135196073,0.599976720524442,0.675135654420249,12.7890909090909,31.68,55.5309090909091,1.12,18.5654545454545,0.02,30.1254545454545,1.77818181818182,48.3909090909091,-0.213721324604624,0.235678863975971,0.816889394370202,0.856060606060606,0.890642394080283
123542,67406,56136,0.543550283954207,0.600080887893807,0.675105302226214,12.8018181818182,31.6563636363636,55.5418181818182,1.11454545454545,18.5527272727273,0.0236363636363636,30.1381818181818,1.76727272727273,48.4036363636364,-0.220839217872576,0.228965934372073,0.816787388155092,0.856240307851358,0.890598402514076
