"total_rewards","action_rewards","opinion_rewards","sp0_social_trust","sp1_social_trust","sp2_social_trust","sp0_request_rate","sp1_request_rate","sp2_request_rate","op0_expression_rate","op1_expression_rate","op2_expression_rate","op3_expression_rate","op4_expression_rate","op5_expression_rate","mean_loss1","mean_loss2","sp0_availability","sp1_availability","sp2_availability"
18984,28616,-9632,0.712917698751951,0.678715693244552,0.721123904732059,33.4054545454545,33.5127272727273,33.0818181818182,16.9072727272727,16.7436363636364,16.8181818181818,16.7890909090909,16.4436363636364,16.2981818181818,1.45181330767545,-6.61390717571432,0.858379143308115,0.793836805555556,0.874031327287716
19239,28643,-9404,0.712933108446417,0.67805672171272,0.721324251574006,33.4636363636364,33.3527272727273,33.1836363636364,16.6909090909091,16.9309090909091,16.7636363636364,16.8545454545455,16.3345454545455,16.4254545454545,1.38378336754712,-6.6698362047022,0.858353708231459,0.793610989969472,0.873979507972166
19536,28640,-9104,0.712923418791239,0.677985443421184,0.721213195383818,33.5127272727273,33.2890909090909,33.1981818181818,16.5472727272727,17.0672727272727,16.6272727272727,16.9654545454545,16.2509090909091,16.5418181818182,1.31281752586365,-6.68876398693432,0.858235677083333,0.793817248347807,0.873760885042993
19759,28665,-8906,0.713066822062998,0.677920135265098,0.721312847764806,33.56,33.1781818181818,33.2618181818182,16.4072727272727,17.1836363636364,16.5145454545455,17.0363636363636,16.1563636363636,16.7018181818182,1.24373016899282,-6.76010391495445,0.858489543829234,0.794607628233231,0.873729091505412
20057,28678,-8621,0.713227683458984,0.677277016545502,0.721656473662512,33.6109090909091,33.0636363636364,33.3254545454545,16.2472727272727,17.2945454545455,16.4290909090909,17.1654545454545,16.0163636363636,16.8472727272727,1.17329543503848,-6.7905166701837,0.85870388402034,0.793731097058015,0.874352119591904
20431,28721,-8290,0.713045507556268,0.677176356076356,0.721697375207748,33.6472727272727,33,33.3527272727273,16.1072727272727,17.4090909090909,16.3672727272727,17.2490909090909,15.8327272727273,17.0345454545455,1.10533405650746,-6.80000705827366,0.858532367880687,0.793994490358127,0.874509376362843
20695,28769,-8074,0.713102850145053,0.676603710867828,0.721801873982412,33.6690909090909,32.9363636363636,33.3945454545455,15.9836363636364,17.4836363636364,16.2763636363636,17.3672727272727,15.7181818181818,17.1709090909091,1.03697380586104,-6.87785718766126,0.858948050545415,0.793375655534088,0.874666521478739
21190,28855,-7665,0.713256524471621,0.676381019205725,0.721729152807558,33.7236363636364,32.88,33.3963636363636,15.8290909090909,17.6454545454545,16.1072727272727,17.5072727272727,15.5890909090909,17.3218181818182,0.971910616484555,-6.85917108925906,0.859284019840414,0.793574430435744,0.874618902439024
21585,28893,-7308,0.713081100489537,0.676020813089009,0.721789429758195,33.7490909090909,32.8290909090909,33.4218181818182,15.6654545454545,17.7672727272727,15.9854545454545,17.6909090909091,15.4454545454545,17.4454545454545,0.902159584110433,-6.8753770405596,0.859228531408253,0.793586619406291,0.874931998694375
22046,28938,-6892,0.712998460265488,0.675999085000455,0.721831318112026,33.7818181818182,32.7563636363636,33.4618181818182,15.4709090909091,18,15.7963636363636,17.8490909090909,15.3054545454545,17.5781818181818,0.832218085635792,-6.8598062526096,0.859311087190527,0.793794404973357,0.875135840034775
22482,28949,-6467,0.712890542303192,0.675488318148833,0.722058817225949,33.8218181818182,32.6527272727273,33.5254545454545,15.28,18.1836363636364,15.6109090909091,18.0272727272727,15.1472727272727,17.7509090909091,0.758201778476889,-6.85102851932699,0.859047414256532,0.793362659390835,0.87537285102229
22985,29034,-6049,0.712774840075005,0.675448556259718,0.722165230085683,33.8618181818182,32.5218181818182,33.6163636363636,15.0690909090909,18.3854545454545,15.5127272727273,18.1036363636364,14.9963636363636,17.9327272727273,0.69041226289489,-6.84594852003184,0.859052835051546,0.793816738413373,0.875331278057223
23515,29110,-5595,0.712692911281309,0.675579661143976,0.722157090404704,33.8945454545455,32.4381818181818,33.6672727272727,14.8381818181818,18.6327272727273,15.3418181818182,18.26,14.8181818181818,18.1090909090909,0.620637677474455,-6.83078970258886,0.859028001287416,0.794574295162827,0.875465788194632
24027,29214,-5187,0.712910048988227,0.675222001264676,0.722158305076768,33.9618181818182,32.3054545454545,33.7327272727273,14.5836363636364,18.8727272727273,15.1927272727273,18.4181818181818,14.6327272727273,18.3,0.552832414345308,-6.84533099586313,0.859574923711119,0.794574515983791,0.875545733843583
24458,29246,-4788,0.712816337847282,0.674628561622307,0.722149861331923,34.0272727272727,32.1618181818182,33.8109090909091,14.3690909090909,19.0454545454545,15.0345454545455,18.6090909090909,14.4654545454545,18.4763636363636,0.477914435755123,-6.86355505423112,0.859524445631846,0.7941658657923,0.875457087545709
24947,29333,-4386,0.713016354442224,0.674425506187139,0.722385167349483,34.0690909090909,32.0236363636364,33.9072727272727,14.1418181818182,19.2872727272727,14.8163636363636,18.8072727272727,14.2690909090909,18.6781818181818,0.407146959413182,-6.87581627531485,0.860070445084854,0.794526769999432,0.875650168909861
25501,29430,-3929,0.712716329249911,0.673916584113664,0.722574257921907,34.1290909090909,31.8727272727273,33.9981818181818,13.9036363636364,19.5418181818182,14.6,19.0127272727273,14.0654545454545,18.8763636363636,0.33610680049116,-6.86068300008774,0.859730435245858,0.794922989161438,0.875875715278892
26133,29521,-3388,0.712584928237224,0.673528011629081,0.722602371514639,34.1690909090909,31.7454545454545,34.0854545454545,13.6854545454545,19.7472727272727,14.4090909090909,19.2418181818182,13.8327272727273,19.0836363636364,0.264166871526025,-6.80458021218127,0.859735007715639,0.794902634593356,0.875980156825092
26587,29612,-3025,0.712646417628188,0.673036138708209,0.722678673767412,34.2072727272727,31.62,34.1727272727273,13.4490909090909,19.9890909090909,14.2290909090909,19.4,13.64,19.2927272727273,0.192814148014242,-6.83028169599446,0.860104177739981,0.794893910643436,0.875977653631285
27196,29701,-2505,0.712755552123274,0.672452794038755,0.722815488775272,34.2727272727273,31.4563636363636,34.2709090909091,13.2618181818182,20.2563636363636,13.9436363636364,19.6163636363636,13.3890909090909,19.5327272727273,0.12080050110817,-6.77421005964279,0.860477453580902,0.794809548581007,0.876226855536103
27591,29799,-2208,0.712702223320509,0.671990453982591,0.722732077758874,34.3054545454545,31.3363636363636,34.3581818181818,13.04,20.5072727272727,13.7654545454545,19.7945454545455,13.1890909090909,19.7036363636364,0.0484437091784044,-6.82367372837934,0.860716557133771,0.794778067885118,0.876329576123194
28276,29918,-1642,0.712608229751364,0.671245467554759,0.722712896633756,34.3418181818182,31.2127272727273,34.4454545454545,12.8109090909091,20.8236363636364,13.5127272727273,19.98,12.9509090909091,19.9218181818182,-0.0221802467649633,-6.73030691471967,0.860705209656925,0.794372924797577,0.876431776194247
28836,30008,-1172,0.7128326133146,0.670624847323498,0.722822763895101,34.3781818181818,31.0563636363636,34.5654545454545,12.5909090909091,21.0672727272727,13.2654545454545,20.2127272727273,12.7327272727273,20.1309090909091,-0.0953672552650625,-6.68149828152223,0.861169875185107,0.794215795328142,0.876334753563726
29354,30123,-769,0.712979857169609,0.670454399659122,0.7227639201405,34.4527272727273,30.8745454545455,34.6727272727273,12.3963636363636,21.3436363636364,13.0854545454545,20.2945454545455,12.5563636363636,20.3236363636364,-0.165772512013262,-6.65828395648436,0.861417489049554,0.795006183381426,0.876140534871526
29878,30230,-352,0.71288996715996,0.670271067531164,0.722687677282484,34.5490909090909,30.6690909090909,34.7818181818182,12.1672727272727,21.5818181818182,12.8945454545455,20.4963636363636,12.3454545454545,20.5145454545455,-0.237111241167242,-6.62223416566849,0.861277760235765,0.795648565330804,0.876006272869838
30385,30335,50,0.712689292377868,0.669681042657692,0.722714912790779,34.5909090909091,30.5054545454545,34.9036363636364,11.96,21.84,12.6563636363636,20.6654545454545,12.1945454545455,20.6836363636364,-0.308014696836472,-6.58358943679116,0.861024967148489,0.795804029085707,0.87607438662291
30893,30424,469,0.712574182582272,0.669217341211481,0.722713287201533,34.66,30.3490909090909,34.9909090909091,11.7890909090909,22.0381818181818,12.4690909090909,20.86,11.9381818181818,20.9054545454545,-0.380152602087368,-6.52763064991344,0.86109216807428,0.796069973640067,0.876175630033775
31434,30543,891,0.712588085811887,0.66840508988068,0.723073171067842,34.7145454545455,30.1490909090909,35.1363636363636,11.6309090909091,22.2490909090909,12.2618181818182,21.0636363636364,11.7290909090909,21.0654545454545,-0.448217037861998,-6.46495363603939,0.861258052689467,0.796164515739959,0.876791720569211
31983,30600,1383,0.712403354499882,0.668050192787973,0.723080097443945,34.7654545454545,29.9763636363636,35.2581818181818,11.4563636363636,22.46,12.0309090909091,21.2709090909091,11.5454545454545,21.2363636363636,-0.521620552106337,-6.36248841665008,0.861199728047696,0.796688299872627,0.876959570957096
32561,30754,1807,0.712465594544837,0.667155072583773,0.7234737405201,34.8272727272727,29.7472727272727,35.4254545454545,11.2909090909091,22.7054545454545,11.7654545454545,21.4581818181818,11.38,21.4,-0.586568781191652,-6.28628854914145,0.861393891934221,0.796772813397714,0.877335249435434
33092,30874,2218,0.712430687900147,0.666364219925143,0.723670382442281,34.8781818181818,29.5872727272727,35.5345454545455,11.1363636363636,22.8781818181818,11.5945454545455,21.6236363636364,11.1563636363636,21.6109090909091,-0.652890149571679,-6.21094578612934,0.861648334462806,0.796411233331285,0.87771182971756
33564,30956,2608,0.712475895852672,0.665228551482676,0.723883736410605,34.92,29.4109090909091,35.6690909090909,11.0072727272727,23.0290909090909,11.4090909090909,21.8036363636364,10.9927272727273,21.7581818181818,-0.720898430455815,-6.13945070613514,0.861866083515568,0.795684965380811,0.877867264756856
33947,31072,2875,0.712437153525206,0.664504662090513,0.724176960685841,34.9981818181818,29.1672727272727,35.8345454545455,10.8618181818182,23.1690909090909,11.3272727272727,21.8927272727273,10.8563636363636,21.8927272727273,-0.785686414350163,-6.11612391309305,0.861759052418307,0.795723725221294,0.878126744127049
34554,31200,3354,0.712215948287332,0.664137136885468,0.724249828811665,35.0254545454545,28.9781818181818,35.9963636363636,10.6890909090909,23.38,11.1163636363636,22.0527272727273,10.6927272727273,22.0690909090909,-0.848004966161468,-5.98713904944333,0.86155523255814,0.796084828711256,0.877967471461764
34930,31305,3625,0.712117697355778,0.663530637083798,0.724482255034002,35.0927272727273,28.7527272727273,36.1545454545455,10.5654545454545,23.54,10.9763636363636,22.12,10.5472727272727,22.2509090909091,-0.91026411625472,-5.95058280121196,0.861509766333351,0.79644618692298,0.878249937138547
35457,31475,3982,0.711746136883584,0.663204482490511,0.724882274323979,35.1381818181818,28.5236363636364,36.3381818181818,10.42,23.7163636363636,10.8327272727273,22.2454545454545,10.3745454545455,22.4109090909091,-0.966489895365455,-5.86274838718501,0.861119735071924,0.797297297297297,0.878765135594916
35895,31559,4336,0.71170644796359,0.662437426897375,0.725196772210203,35.2,28.3054545454545,36.4945454545455,10.2890909090909,23.88,10.6472727272727,22.38,10.2672727272727,22.5363636363636,-1.02802443639799,-5.78120821172541,0.86120867768595,0.79695529290853,0.879135113591072
36475,31664,4811,0.711968606737457,0.661554175191921,0.725252362744035,35.2490909090909,28.0818181818182,36.6690909090909,10.1472727272727,24.0890909090909,10.4545454545455,22.5090909090909,10.0545454545455,22.7454545454545,-1.0860471134836,-5.63357948769223,0.861814618043019,0.796827452249919,0.879016263387545
36846,31804,5042,0.711720294874194,0.661264889833606,0.725261545723938,35.26,27.9072727272727,36.8327272727273,10.0381818181818,24.2218181818182,10.2745454545455,22.6581818181818,9.89818181818182,22.9090909090909,-1.13998234109445,-5.58702013492584,0.861908936214098,0.797706690989641,0.879060124395301
37247,31923,5324,0.711739934804659,0.66036911846048,0.725402546477109,35.2618181818182,27.6818181818182,37.0563636363636,9.92,24.3545454545455,10.1363636363636,22.7218181818182,9.80545454545454,23.0618181818182,-1.19540356804024,-5.52530838359486,0.862431679901,0.797701149425287,0.878955890289976
37804,31982,5822,0.711458648293982,0.659670826748344,0.725793017287719,35.2381818181818,27.52,37.2418181818182,9.8,24.4909090909091,9.96909090909091,22.8309090909091,9.64545454545454,23.2636363636364,-1.25358150493015,-5.3579520621083,0.862648986120427,0.797040169133192,0.879168090611727
38176,32056,6120,0.711487831196779,0.659473378411684,0.726138079579575,35.2672727272727,27.2981818181818,37.4345454545455,9.68363636363636,24.6218181818182,9.80181818181818,22.9145454545455,9.53818181818182,23.44,-1.30862091806802,-5.28425676009872,0.862968500283549,0.797988544025576,0.879353052600903
38614,32172,6442,0.711166504504975,0.659049645295816,0.726445016868267,35.2909090909091,27.0963636363636,37.6127272727273,9.56545454545455,24.7418181818182,9.68545454545455,22.9672727272727,9.38545454545454,23.6545454545455,-1.3590588981455,-5.19255379004912,0.862648119526017,0.798564047507213,0.87948953449026
38996,32352,6644,0.710827086957304,0.658521891949691,0.726811398865953,35.2745454545455,26.8981818181818,37.8272727272727,9.47636363636364,24.8527272727273,9.53090909090909,23.0309090909091,9.28181818181818,23.8272727272727,-1.40211277224801,-5.15527725328099,0.86268749033555,0.799107746383669,0.879692381639029
39417,32466,6951,0.710697095208465,0.65777568014292,0.727102926714358,35.2945454545455,26.7090909090909,37.9963636363636,9.35454545454546,24.9909090909091,9.36545454545454,23.1018181818182,9.18181818181818,24.0054545454545,-1.44888336333362,-5.06469981291077,0.862868328868741,0.79857045609258,0.880132070054551
39903,32594,7309,0.71034525358492,0.656967303529189,0.727203953064357,35.3345454545455,26.46,38.2054545454545,9.22363636363636,25.1563636363636,9.22545454545454,23.1109090909091,9.09272727272727,24.1909090909091,-1.49283951358362,-4.94795530871911,0.862663373469178,0.798735655878513,0.880074239756341
40321,32688,7633,0.71034854843006,0.656188449776209,0.727233666915121,35.3272727272727,26.3018181818182,38.3709090909091,9.12363636363636,25.3236363636364,9.02181818181818,23.1690909090909,8.95818181818182,24.4036363636364,-1.53794718818231,-4.84804864309051,0.863046834791559,0.798493018111434,0.879833206974981
40802,32888,7914,0.710193524630709,0.655601465446976,0.727662016908725,35.2836363636364,26.0854545454545,38.6309090909091,9.00909090909091,25.4490909090909,8.9,23.2236363636364,8.80727272727273,24.6109090909091,-1.57355401353403,-4.76592729741877,0.86370194785118,0.79870356172022,0.880218383771827
41218,33043,8175,0.709708656181364,0.654745982821379,0.727817374667726,35.2727272727273,25.8963636363636,38.8309090909091,8.91272727272727,25.5709090909091,8.77454545454546,23.2818181818182,8.64363636363636,24.8163636363636,-1.61022068207914,-4.68871652592312,0.86360824742268,0.798637927402935,0.880320269700801
41704,33153,8551,0.709395325870361,0.654004642228398,0.727885411987502,35.2418181818182,25.7418181818182,39.0163636363636,8.75090909090909,25.74,8.66909090909091,23.2818181818182,8.59090909090909,24.9672727272727,-1.65028190125119,-4.56240918582136,0.863643398854666,0.797852804068371,0.880376531991239
42200,33299,8901,0.709042033082324,0.653246412854048,0.728011947472,35.1927272727273,25.6054545454545,39.2018181818182,8.63818181818182,25.8890909090909,8.56727272727273,23.2872727272727,8.48181818181818,25.1363636363636,-1.68550604094159,-4.45064455866814,0.863866501343253,0.797770361428673,0.880432261954455
42567,33485,9082,0.708816011851187,0.6518777930274,0.728217402270583,35.1690909090909,25.3781818181818,39.4527272727273,8.52727272727273,26.0054545454545,8.41090909090909,23.3563636363636,8.37454545454545,25.3254545454545,-1.71650533838706,-4.40697131969712,0.864136897068707,0.797033959019917,0.880593575740818
42927,33646,9281,0.70849528211674,0.651274671068807,0.728471179867433,35.1636363636364,25.1872727272727,39.6490909090909,8.44181818181818,26.0854545454545,8.30363636363636,23.3909090909091,8.27454545454546,25.5036363636364,-1.74686229445718,-4.35156504891135,0.86416752843847,0.797300223778243,0.880909799605631
43415,33796,9619,0.708238778788398,0.650293677132794,0.728652822414367,35.1454545454545,24.9581818181818,39.8963636363636,8.34727272727273,26.1854545454545,8.19454545454546,23.4036363636364,8.22,25.6490909090909,-1.77600561380386,-4.23092964454131,0.864252457320228,0.796678079696948,0.881009889258534
43858,33999,9859,0.707821050938364,0.649626290786706,0.729110491803491,35.0854545454545,24.7872727272727,40.1272727272727,8.24545454545455,26.3254545454545,8.08363636363636,23.4,8.10909090909091,25.8363636363636,-1.79961143623699,-4.15902019739151,0.864331243198425,0.79681654808186,0.881649297689171
44353,34153,10200,0.707524462423105,0.648443330316749,0.729128929884526,35.0690909090909,24.5636363636364,40.3672727272727,8.14727272727273,26.4581818181818,7.94727272727273,23.4527272727273,8.00545454545455,25.9890909090909,-1.82552788528529,-4.03990388133309,0.864682704272086,0.79659511472983,0.881316998468606
44799,34423,10376,0.707055089550172,0.647095645183769,0.729619841963339,35.0145454545455,24.3709090909091,40.6145454545455,8.01454545454545,26.64,7.79818181818182,23.4818181818182,7.90363636363636,26.1618181818182,-1.84221476641568,-4.00396764657714,0.864887319555509,0.795956430916144,0.881994807055242
45310,34619,10691,0.706607760394697,0.646751015263002,0.730048059354248,35.0145454545455,24.1872727272727,40.7981818181818,7.92363636363636,26.78,7.66545454545455,23.4781818181818,7.79818181818182,26.3545454545455,-1.86318589936603,-3.87991612147201,0.864835393083394,0.796887920018041,0.882570524533179
45831,34806,11025,0.705984635477581,0.646228055753737,0.730125743064427,35.0018181818182,23.9527272727273,41.0454545454545,7.81818181818182,26.9218181818182,7.52363636363636,23.4963636363636,7.7,26.54,-1.88352632685141,-3.75548796220259,0.864734299516908,0.797403977531501,0.882436323366556
46378,35063,11315,0.7055059075372,0.645673627747717,0.729819924197861,34.9672727272727,23.7618181818182,41.2709090909091,7.76181818181818,27.0072727272727,7.4,23.54,7.54,26.7509090909091,-1.8962086298249,-3.64784292199395,0.864964642262895,0.797995255949193,0.882109344023966
46782,35346,11436,0.705029010968232,0.644801971333976,0.729671568906284,34.9181818181818,23.5745454545455,41.5072727272727,7.68727272727273,27.1145454545455,7.33090909090909,23.4690909090909,7.48545454545455,26.9127272727273,-1.90371652191335,-3.62827076749368,0.86503514709711,0.798318679623631,0.881773183231854
47294,35557,11737,0.704557554816644,0.643391777252413,0.73000917014499,34.8618181818182,23.38,41.7581818181818,7.62181818181818,27.2054545454545,7.22363636363636,23.4436363636364,7.43272727272727,27.0727272727273,-1.91694614074447,-3.52676877433603,0.865077709398143,0.797495917256396,0.882135237514695
47667,35803,11864,0.704096726462089,0.641691833505703,0.730143006967111,34.8090909090909,23.1690909090909,42.0218181818182,7.53818181818182,27.3236363636364,7.10363636363636,23.3654545454545,7.44727272727273,27.2218181818182,-1.92808898362246,-3.49929427179423,0.865291198746409,0.796594208585106,0.882182416060921
48256,36114,12142,0.703509556575981,0.640813396539161,0.73028635718882,34.7781818181818,22.9727272727273,42.2490909090909,7.46363636363636,27.4290909090909,7.00909090909091,23.2818181818182,7.41454545454545,27.4018181818182,-1.93070825988596,-3.41058320565657,0.865276035131744,0.796992481203007,0.88251495459827
48670,36323,12347,0.702868505089297,0.639926066181509,0.730175015900006,34.7418181818182,22.7909090909091,42.4672727272727,7.40181818181818,27.4890909090909,6.99272727272727,23.2,7.30363636363636,27.6127272727273,-1.94192418727008,-3.34566333293915,0.865292024283023,0.796729158356602,0.882561972856103
49092,36490,12602,0.702670298102958,0.638623850292715,0.730072862848313,34.7290909090909,22.5927272727273,42.6781818181818,7.32181818181818,27.5872727272727,6.91272727272727,23.1527272727273,7.21636363636364,27.8090909090909,-1.9553179285743,-3.26698072200472,0.865556777132087,0.795911797843232,0.882588505942998
49543,36739,12804,0.702168674829394,0.63672911688266,0.730175538034158,34.7490909090909,22.3163636363636,42.9345454545455,7.26545454545455,27.6127272727273,6.86,23.0509090909091,7.22363636363636,27.9872727272727,-1.96096165992997,-3.20899586650458,0.865477187107576,0.795258269512791,0.882654357584484
49958,36938,13020,0.701566364677162,0.635548962262054,0.730248443131367,34.72,22.1163636363636,43.1636363636364,7.20545454545455,27.72,6.74909090909091,22.9909090909091,7.15272727272727,28.1818181818182,-1.97035450122573,-3.1331290746277,0.865573942186845,0.794393291680368,0.882898062342039
50518,37241,13277,0.700843157913518,0.634948687471141,0.730224454640613,34.6945454545455,21.9527272727273,43.3527272727273,7.15090909090909,27.7963636363636,6.64909090909091,22.9890909090909,7.03272727272727,28.3818181818182,-1.97018814628774,-3.04466056038033,0.86573734409391,0.794682789464966,0.883241066935078
50994,37415,13579,0.700106492100328,0.63312370240676,0.730173924285355,34.6963636363636,21.7509090909091,43.5527272727273,7.08181818181818,27.9109090909091,6.54727272727273,22.9509090909091,6.92727272727273,28.5818181818182,-1.97886292284185,-2.93619737110355,0.865534769166274,0.793362868845607,0.883318026216916
51471,37681,13790,0.699492985864499,0.6320631622659,0.730127887566716,34.6472727272727,21.5581818181818,43.7945454545455,7.02181818181818,27.9945454545455,6.42181818181818,22.9436363636364,6.83636363636364,28.7818181818182,-1.97978769540787,-2.87446712580594,0.865869017632242,0.792864974276798,0.883298044588367
52088,38039,14049,0.699166454299558,0.631874271621153,0.729914128407136,34.5890909090909,21.4690909090909,43.9418181818182,6.92363636363636,28.1327272727273,6.28727272727273,22.9072727272727,6.78727272727273,28.9618181818182,-1.97210392410105,-2.78207310438156,0.866694701429773,0.794207317073171,0.883440913604767
52596,38395,14201,0.698830699263165,0.630319096140449,0.729877525809923,34.6072727272727,21.2436363636364,44.1490909090909,6.86545454545455,28.2254545454545,6.14727272727273,22.88,6.73090909090909,29.1509090909091,-1.9613721056418,-2.73803048458966,0.867447725123463,0.794077370763437,0.883946956593361
53134,38716,14418,0.697940039043162,0.62894452354712,0.729942140178927,34.6072727272727,21.0272727272727,44.3654545454545,6.8,28.3290909090909,6.02,22.7745454545455,6.69818181818182,29.3781818181818,-1.95402915206822,-2.67935683727264,0.867237574866029,0.793860786856896,0.884226056309168
53780,39021,14759,0.696901924062317,0.627972303620071,0.730117245737242,34.5527272727273,20.8581818181818,44.5890909090909,6.72727272727273,28.4018181818182,5.95272727272727,22.7363636363636,6.57818181818182,29.6036363636364,-1.9481714067134,-2.56019251590425,0.867185855609345,0.793671548117155,0.884765943565487
54392,39336,15056,0.696176447595502,0.626220264852375,0.730110377057023,34.5090909090909,20.6145454545455,44.8763636363636,6.66,28.54,5.78363636363636,22.68,6.52909090909091,29.8072727272727,-1.94112918376923,-2.46087937653065,0.867492096944152,0.793261598165461,0.884936390892148
55123,39689,15434,0.695602804810367,0.625489110030169,0.729617065443999,34.4872727272727,20.3727272727273,45.14,6.58545454545455,28.6527272727273,5.65818181818182,22.6309090909091,6.43454545454545,30.0381818181818,-1.92979179702022,-2.32145385389978,0.867777309152256,0.794377510040161,0.884681999436098
55742,40077,15665,0.694724871531705,0.62466092603115,0.729302309758394,34.4272727272727,20.1654545454545,45.4072727272727,6.52727272727273,28.7327272727273,5.54545454545455,22.5836363636364,6.38727272727273,30.2236363636364,-1.91610938662832,-2.24683315401728,0.868233430155796,0.795059056892976,0.884599983983343
56336,40405,15931,0.693621890415117,0.624182194691689,0.729168201898405,34.3218181818182,20.0363636363636,45.6418181818182,6.46545454545455,28.8018181818182,5.46363636363636,22.5163636363636,6.33090909090909,30.4218181818182,-1.90635693154552,-2.16483597592874,0.868252370609737,0.796188747731397,0.88479464605824
56979,40810,16169,0.692356640766224,0.622518325828036,0.728944511099848,34.28,19.86,45.86,6.42545454545455,28.8,5.41454545454545,22.4509090909091,6.30545454545455,30.6036363636364,-1.8900892666795,-2.09669739387252,0.868197729924684,0.794836583356221,0.885223803671252
57554,41129,16425,0.691257071478415,0.621187237034019,0.728599715326718,34.2636363636364,19.68,46.0563636363636,6.36181818181818,28.8472727272727,5.26181818181818,22.4945454545455,6.19636363636364,30.8381818181818,-1.88122791566632,-2.02074306607246,0.868134783762271,0.794530672579453,0.885594725830011
58191,41505,16686,0.690036482390359,0.62032594105372,0.72807412288549,34.2363636363636,19.4727272727273,46.2909090909091,6.28727272727273,28.9454545454545,5.14545454545455,22.4709090909091,6.10909090909091,31.0418181818182,-1.864940494028,-1.94104614068161,0.868295273499734,0.795424836601307,0.885506677140613
58860,41896,16964,0.689124804650661,0.61973566282025,0.727394237859645,34.1781818181818,19.32,46.5018181818182,6.22363636363636,28.9563636363636,5.13454545454545,22.4145454545455,5.99636363636364,31.2745454545455,-1.84650331952355,-1.85621724914421,0.868603042876902,0.795407491059665,0.88524397873006
59440,42286,17154,0.688052505248416,0.618946946626907,0.726883492942704,34.1254545454545,19.18,46.6945454545455,6.17272727272727,28.9381818181818,5.12909090909091,22.3181818181818,5.93818181818182,31.5036363636364,-1.82971596338532,-1.81364342543212,0.868879535404124,0.795810029386672,0.885211432131454
60107,42700,17407,0.687077347842658,0.617075261856672,0.726470319105768,34.0818181818182,18.9545454545455,46.9636363636364,6.11636363636364,28.9818181818182,5.05090909090909,22.1963636363636,5.94181818181818,31.7127272727273,-1.8098352145065,-1.74762420356274,0.869405174713257,0.795395683453237,0.885210994967093
60777,43065,17712,0.685834244724329,0.6162858659421,0.726219646537592,34.0327272727273,18.8,47.1672727272727,6.06545454545455,28.9781818181818,5.02181818181818,22.1563636363636,5.82545454545455,31.9527272727273,-1.7948577482592,-1.66483158225363,0.869323645688642,0.795647969052224,0.885436743504741
61468,43516,17952,0.684408552222191,0.615823291101567,0.725778109713686,33.9454545454545,18.6890909090909,47.3654545454545,6.00727272727273,28.9872727272727,4.95818181818182,22.0872727272727,5.73636363636364,32.2236363636364,-1.7687218435786,-1.59799792062153,0.869094804499197,0.796867399552486,0.885570611492841
62146,43867,18279,0.683845366690757,0.614223165825166,0.725219022431568,33.9290909090909,18.5527272727273,47.5181818181818,5.94545454545455,29.0309090909091,4.89272727272727,22.0181818181818,5.62,32.4927272727273,-1.75399612648921,-1.49347118599848,0.869567547291142,0.79547236377891,0.885708819590587
62840,44260,18580,0.68237240071524,0.613059498574277,0.724188531192845,33.9036363636364,18.3672727272727,47.7290909090909,5.87454545454545,29.0745454545455,4.80727272727273,21.9527272727273,5.54545454545455,32.7454545454545,-1.73263040455905,-1.41058108671145,0.869094224272001,0.796178974460503,0.885109138699478
63514,44653,18861,0.680951493543456,0.611258483746314,0.723860712095195,33.8363636363636,18.2018181818182,47.9618181818182,5.82363636363636,29.1272727272727,4.68545454545455,21.8927272727273,5.42545454545455,33.0454545454545,-1.71514320698651,-1.33084351637147,0.869156367544331,0.795125362101688,0.885287539330528
64389,45034,19355,0.679391752519251,0.610044455250805,0.723291160960207,33.8018181818182,18.0563636363636,48.1418181818182,5.76545454545455,29.1854545454545,4.55090909090909,21.8290909090909,5.34727272727273,33.3218181818182,-1.69587974494154,-1.17127118489959,0.868646119089882,0.794582620078542,0.88533877181056
65181,45470,19711,0.678090929162997,0.608043785336099,0.723044241997329,33.76,17.84,48.4,5.72181818181818,29.1945454545455,4.49818181818182,21.7254545454545,5.30909090909091,33.5509090909091,-1.67269425283779,-1.07432699149305,0.868429556225765,0.794231553200163,0.885537190082645
65930,45912,20018,0.67689327624569,0.6063841977154,0.72246883244372,33.7272727272727,17.6727272727273,48.6,5.64363636363636,29.2090909090909,4.44727272727273,21.6290909090909,5.24727272727273,33.8236363636364,-1.64787871485407,-0.989321320436218,0.868301886792453,0.793415637860082,0.88559670781893
66584,46322,20262,0.675747303407237,0.605320764160649,0.721661403089091,33.7109090909091,17.5145454545455,48.7745454545455,5.58727272727273,29.2054545454545,4.45272727272727,21.5181818181818,5.18909090909091,34.0472727272727,-1.62499482360753,-0.940517810528929,0.868669435305539,0.793626077026887,0.885596063520465
67334,46722,20612,0.674062222434595,0.603836217841216,0.720993877704912,33.6763636363636,17.3836363636364,48.94,5.53454545454545,29.2327272727273,4.37818181818182,21.3727272727273,5.19636363636364,34.2854545454545,-1.6030698093501,-0.839848086779768,0.868372745923766,0.792281142139943,0.885945684883159
68191,47196,20995,0.672881473209746,0.602241208872555,0.720644112442491,33.6854545454545,17.2109090909091,49.1036363636364,5.49272727272727,29.2163636363636,4.33636363636364,21.2981818181818,5.08727272727273,34.5690909090909,-1.5730428904295,-0.734973546591672,0.868570194850758,0.791992393830551,0.886473877142963
69000,47647,21353,0.671923521523591,0.600711103070547,0.71977093369381,33.6472727272727,17.0781818181818,49.2745454545455,5.44727272727273,29.2145454545455,4.24909090909091,21.2454545454545,5.08,34.7636363636364,-1.54845075417649,-0.644102643701163,0.869285637090673,0.790908123070372,0.886387956163979
69820,48113,21707,0.670820581245019,0.599990009071476,0.719017141312318,33.6181818181818,16.9509090909091,49.4309090909091,5.41454545454545,29.22,4.17090909090909,21.1727272727273,5.00727272727273,35.0145454545455,-1.52149562971158,-0.543941959738731,0.869659275283937,0.79137616647002,0.886489866480303
70549,48563,21986,0.669706464561088,0.598506538608082,0.71813368788361,33.6454545454545,16.74,49.6145454545455,5.33454545454545,29.2763636363636,4.15818181818182,21.0309090909091,4.97818181818182,35.2218181818182,-1.4925400278785,-0.467494583129883,0.869602810051337,0.790811339198436,0.886177074171797
71535,48978,22557,0.667978201089967,0.597292688954799,0.71734649229099,33.6345454545455,16.5781818181818,49.7872727272727,5.25636363636364,29.3145454545455,4.06545454545455,21.0418181818182,4.85454545454546,35.4672727272727,-1.46469431004741,-0.294332417032935,0.869398345856533,0.790853257293266,0.88591461855896
72615,49471,23144,0.666843032982528,0.59625587457514,0.716260445592136,33.6490909090909,16.3945454545455,49.9563636363636,5.20727272727273,29.3490909090909,3.96181818181818,21.0436363636364,4.69818181818182,35.74,-1.43019169054248,-0.135886774144389,0.869346733668342,0.79217034490407,0.885609258989664
73556,49904,23652,0.665483991772232,0.595340493626498,0.715643304398737,33.6290909090909,16.28,50.0909090909091,5.15636363636364,29.3927272727273,3.87090909090909,21.0490909090909,4.63090909090909,35.9,-1.40063156688755,0.0145995916290717,0.869269031141868,0.792159928523565,0.885698729582577
74415,50364,24051,0.663832035256706,0.594811723684274,0.715023478498113,33.6127272727273,16.1709090909091,50.2163636363636,5.10181818181818,29.4054545454545,3.84,20.9945454545455,4.58363636363636,36.0745454545455,-1.37409012534402,0.115992705523968,0.869043111375561,0.793793568697999,0.885948079220826
75295,50876,24419,0.662397063354552,0.593769814275175,0.713960990705821,33.6618181818182,15.9654545454545,50.3727272727273,5.02545454545455,29.4054545454545,3.82727272727273,20.9836363636364,4.53454545454545,36.2236363636364,-1.33534622151743,0.213153833828189,0.868964027222642,0.795125839881562,0.885832882151236
76076,51283,24793,0.661377840555942,0.591582179265446,0.712773395949393,33.7090909090909,15.82,50.4709090909091,4.95090909090909,29.48,3.73454545454545,20.9709090909091,4.44181818181818,36.4218181818182,-1.3094999986616,0.281474525007335,0.869093851132686,0.793127226755545,0.885838827047084
76898,51734,25164,0.660223634874094,0.590146567670767,0.711533215830405,33.7018181818182,15.7436363636364,50.5545454545455,4.89454545454546,29.4963636363636,3.63454545454546,21.0018181818182,4.45636363636364,36.5163636363636,-1.27557682896202,0.363742543756962,0.8693892965041,0.792701235708511,0.885811904333753
77956,52205,25751,0.659162595992156,0.588812379907311,0.710837970451487,33.7418181818182,15.5727272727273,50.6854545454545,4.80363636363636,29.5818181818182,3.58363636363636,20.9636363636364,4.36727272727273,36.7,-1.24368945333091,0.530137690630826,0.869166936092251,0.792761237594863,0.886106826416042
78764,52576,26188,0.657896235186935,0.587085333204027,0.709927207218557,33.7418181818182,15.4509090909091,50.8072727272727,4.75090909090909,29.6218181818182,3.53454545454545,20.9545454545455,4.36363636363636,36.7745454545455,-1.21943440207026,0.632957990603013,0.868897510507598,0.791362673570252,0.886022044088176
79619,52963,26656,0.656664638810884,0.586294961479883,0.708913935938583,33.7781818181818,15.3636363636364,50.8581818181818,4.67636363636364,29.6327272727273,3.51454545454545,21.0018181818182,4.26,36.9145454545455,-1.19296724918214,0.743105031143535,0.868823339433739,0.791834319526627,0.885850135850136
80389,53392,26997,0.655685313798225,0.585811198211953,0.707762036297225,33.8018181818182,15.3309090909091,50.8672727272727,4.60545454545455,29.6981818181818,3.4,21.0509090909091,4.17272727272727,37.0727272727273,-1.16404255696318,0.804584692824971,0.869184013770104,0.793168880455408,0.886120742038103
81358,53771,27587,0.654907558744278,0.585078362664513,0.706490132054699,33.82,15.2709090909091,50.9090909090909,4.53454545454545,29.7563636363636,3.32909090909091,21.1054545454545,4.11090909090909,37.1636363636364,-1.13647324876352,0.940379059179263,0.869523143916994,0.793070603643291,0.886
82296,54145,28151,0.653692777332379,0.585031657445776,0.70531321245905,33.7909090909091,15.2836363636364,50.9254545454545,4.46363636363636,29.8509090909091,3.21454545454545,21.16,4.01090909090909,37.3,-1.11162962656129,1.07833840941841,0.869410815173527,0.793718772305496,0.885965225463244
83348,54628,28720,0.652900729084067,0.585096630623409,0.704374545307989,33.7781818181818,15.2509090909091,50.9709090909091,4.41272727272727,29.8981818181818,3.11818181818182,21.1690909090909,3.96909090909091,37.4327272727273,-1.08125539069826,1.2026913554831,0.869630746043708,0.796137339055794,0.886352286509239
84286,55030,29256,0.652033328189865,0.584289053950594,0.70291755240715,33.8290909090909,15.1836363636364,50.9872727272727,4.34363636363636,29.98,3.04727272727273,21.16,3.92181818181818,37.5472727272727,-1.05145596604456,1.31749454790896,0.869450714823175,0.797150041911148,0.886103483935385
85047,55399,29648,0.65077836900123,0.583582705587642,0.701972992141745,33.8436363636364,15.1363636363636,51.02,4.28,30.0490909090909,3.03454545454545,21.1618181818182,3.82,37.6545454545455,-1.02543217851357,1.37911218025468,0.86918448479639,0.797477477477477,0.886354727201454
85950,55832,30118,0.650301320277373,0.582358664017402,0.701265520696561,33.9381818181818,15.0090909090909,51.0527272727273,4.22181818181818,30.1345454545455,2.97454545454545,21.1727272727273,3.76727272727273,37.7290909090909,-0.993315750902349,1.47881515188651,0.869388192435444,0.797577225923683,0.886676875957121
87090,56244,30846,0.649675685909498,0.580926604719669,0.700209018588277,33.9872727272727,14.8854545454545,51.1272727272727,4.13272727272727,30.2490909090909,2.88545454545455,21.1945454545455,3.71090909090909,37.8272727272727,-0.965196237374436,1.64666267917915,0.869523350987,0.796873091486503,0.886735419630156
88090,56590,31500,0.64878020163136,0.579795361822105,0.699093926132237,34.0018181818182,14.8309090909091,51.1672727272727,4.06909090909091,30.3072727272727,2.85272727272727,21.1963636363636,3.67090909090909,37.9036363636364,-0.941345672444864,1.7918747834184,0.869525693813165,0.796616403089371,0.88668182787293
88912,56966,31946,0.647743359590955,0.579211538749784,0.6978518434102,34.0272727272727,14.7818181818182,51.1909090909091,4.00909090909091,30.3472727272727,2.86363636363636,21.1327272727273,3.68363636363636,37.9636363636364,-0.916150245341388,1.88834613819014,0.869516430670585,0.797293972939729,0.886627597229622
89873,57278,32595,0.647092853905075,0.578791562683273,0.6964311451255,34.0363636363636,14.7945454545455,51.1690909090909,3.93818181818182,30.46,2.78727272727273,21.1236363636364,3.60545454545455,38.0854545454546,-0.892218854887919,2.02945622097362,0.869551282051282,0.797714145262382,0.886366059055538
90693,57594,33099,0.646017181422148,0.577563907892252,0.694949318260755,34.0436363636364,14.7690909090909,51.1872727272727,3.86545454545454,30.58,2.66181818181818,21.2218181818182,3.51090909090909,38.16,-0.871533906459808,2.12027890072628,0.869312112796411,0.796749969223193,0.886299861471246
91761,57935,33826,0.645475299308734,0.576611165257987,0.694093943789203,34.0890909090909,14.6781818181818,51.2327272727273,3.79090909090909,30.7072727272727,2.55090909090909,21.2872727272727,3.44363636363636,38.22,-0.845479070733894,2.27168508402326,0.86932636407275,0.796234361451753,0.88650720420186
92751,58313,34438,0.644981786643517,0.575596817890971,0.693061005873361,34.1109090909091,14.6163636363636,51.2727272727273,3.72363636363636,30.7909090909091,2.48909090909091,21.3654545454545,3.36909090909091,38.2618181818182,-0.820163816078143,2.37938136499037,0.869676456478866,0.796118920263714,0.886347517730496
93653,58653,35000,0.644321127250241,0.57492708734143,0.692162998283551,34.1290909090909,14.5727272727273,51.2981818181818,3.65454545454546,30.9018181818182,2.42727272727273,21.4,3.27818181818182,38.3381818181818,-0.795173707198013,2.48936790160157,0.869692610942411,0.79638178415471,0.886616573332388
94460,58915,35545,0.643782589119761,0.573812762369995,0.691452562951313,34.1872727272727,14.5218181818182,51.2909090909091,3.58909090909091,31.0363636363636,2.35818181818182,21.3909090909091,3.25090909090909,38.3745454545455,-0.778352188793096,2.58732337071137,0.869435728341222,0.795793163891323,0.886919532080822
95287,59175,36112,0.643058439972341,0.572781485456976,0.690310735624855,34.2018181818182,14.4781818181818,51.32,3.52545454545455,31.1345454545455,2.3,21.4145454545455,3.21272727272727,38.4127272727273,-0.758897997100245,2.68918679444627,0.869331773962044,0.794800954414166,0.886735633812797
96191,59425,36766,0.642636328605726,0.57234720134449,0.689153229715643,34.2127272727273,14.4563636363636,51.3309090909091,3.45818181818182,31.2436363636364,2.21818181818182,21.4236363636364,3.18727272727273,38.4690909090909,-0.739869768172502,2.83091929913922,0.869373438911622,0.795371651364608,0.886405497308019
97090,59754,37336,0.642122232363238,0.57098217303584,0.687996591470084,34.2563636363636,14.3909090909091,51.3527272727273,3.38181818181818,31.3581818181818,2.16,21.4672727272727,3.11272727272727,38.52,-0.712768098847433,2.89753533303738,0.869539833342179,0.795198989260897,0.886312137091064
97907,60020,37887,0.641527704179526,0.570417628908387,0.686954183085958,34.2745454545455,14.3618181818182,51.3636363636364,3.31636363636364,31.4545454545455,2.13636363636364,21.4854545454545,3.02727272727273,38.58,-0.696301762488755,2.97182736525481,0.869555991724577,0.795290543106722,0.886265486725664
98750,60262,38488,0.641024967091005,0.569771553112167,0.685667947639853,34.2836363636364,14.3727272727273,51.3436363636364,3.25818181818182,31.5654545454545,2.08,21.5145454545455,2.90545454545455,38.6763636363636,-0.678311850943349,3.07007876770063,0.869696648281714,0.794686907020873,0.886256595488509
99490,60531,38959,0.64054970747079,0.569853689396896,0.684777240954001,34.2690909090909,14.3872727272727,51.3436363636364,3.18363636363636,31.7236363636364,2.06545454545454,21.42,2.94,38.6672727272727,-0.662016816504977,3.12530874860558,0.869694397283531,0.796284594970302,0.886469067601544
100175,60768,39407,0.640263741795291,0.568562559663083,0.683662853299629,34.2981818181818,14.3309090909091,51.3709090909091,3.10727272727273,31.8854545454545,2.02363636363636,21.3854545454545,2.95272727272727,38.6454545454545,-0.643896039389074,3.1634432352402,0.86996395250212,0.795990865262624,0.886175408791676
101077,61044,40033,0.639572427568171,0.568372652267203,0.682549274774351,34.3163636363636,14.2872727272727,51.3963636363636,3.03636363636364,32.0654545454545,1.99272727272727,21.3345454545455,2.86,38.7109090909091,-0.622206461802125,3.24875529381362,0.869873900604005,0.7975311784169,0.88605490307061
102012,61266,40746,0.638782946026892,0.567215719785863,0.682042106738187,34.3272727272727,14.2527272727273,51.42,2.96909090909091,32.2890909090909,1.83454545454545,21.3890909090909,2.71090909090909,38.8072727272727,-0.605226919816976,3.34751337204467,0.869385593220339,0.797040438831484,0.886213358792122
102539,61474,41065,0.637910198833564,0.566313368443924,0.680703768665356,34.3218181818182,14.2509090909091,51.4272727272727,2.91454545454545,32.3981818181818,1.87272727272727,21.3218181818182,2.66363636363636,38.8290909090909,-0.590454931252382,3.36588653055104,0.869205911956349,0.796121459556009,0.886052678097932
103107,61687,41420,0.637258868274082,0.565580386861268,0.679854029173428,34.3254545454545,14.24,51.4345454545455,2.86181818181818,32.54,1.86909090909091,21.22,2.64181818181818,38.8672727272727,-0.57313023226505,3.37691383219578,0.868901954552678,0.795454545454545,0.886139488847255
103858,61907,41951,0.636612846482533,0.565277558142607,0.678856419223169,34.3490909090909,14.2036363636364,51.4472727272727,2.77818181818182,32.7363636363636,1.77636363636364,21.2363636363636,2.52909090909091,38.9436363636364,-0.557778650420633,3.43374799923463,0.868886301079822,0.796594982078853,0.886026293469042
104559,62108,42451,0.636241234564478,0.564621517939681,0.678139061801976,34.34,14.1872727272727,51.4727272727273,2.69818181818182,32.9,1.72545454545455,21.16,2.52909090909091,38.9872727272727,-0.546034988185221,3.45611309094185,0.869116323397046,0.796360374215045,0.88611797951254
105119,62309,42810,0.635794978440241,0.563507418047352,0.677559661867033,34.3509090909091,14.1636363636364,51.4854545454545,2.62545454545455,33.0890909090909,1.65818181818182,21.1036363636364,2.48,39.0436363636364,-0.53161039233885,3.4646983536807,0.869157889165299,0.795763799743261,0.886216760250026
105703,62485,43218,0.635276118117084,0.562545141531139,0.676928155337174,34.3363636363636,14.1745454545455,51.4890909090909,2.55454545454545,33.26,1.62363636363636,21.0454545454545,2.46,39.0563636363636,-0.521270093491132,3.47916554605419,0.86931427058512,0.79489481785531,0.886295420036018
106385,62753,43632,0.63462960722286,0.561399995206757,0.676274854775941,34.3654545454545,14.1109090909091,51.5236363636364,2.49272727272727,33.4054545454545,1.57090909090909,21.0272727272727,2.36909090909091,39.1345454545455,-0.497142893533138,3.48579136139967,0.869530712660706,0.794871794871795,0.886301079822147
107077,62922,44155,0.633991734139847,0.560893382882129,0.67561904949468,34.3563636363636,14.0945454545455,51.5490909090909,2.42545454545455,33.5709090909091,1.52181818181818,21.0018181818182,2.31272727272727,39.1672727272727,-0.48560786719688,3.51947682642124,0.869390347163421,0.79514963880289,0.886216139954853
107720,63126,44594,0.633357719648927,0.560487336744436,0.675063367220402,34.3290909090909,14.1054545454545,51.5654545454545,2.36363636363636,33.6890909090909,1.44909090909091,20.9927272727273,2.25818181818182,39.2472727272727,-0.473221420666034,3.51979228947312,0.869604364175626,0.795050270688322,0.886287507492684
108354,63306,45048,0.632473112935301,0.560283117274513,0.674303393869935,34.3309090909091,14.0981818181818,51.5709090909091,2.29454545454545,33.8036363636364,1.44363636363636,20.9345454545455,2.22181818181818,39.3018181818182,-0.457840367034078,3.55120554065162,0.869187586060799,0.795847304616972,0.886264278663094
108986,63513,45473,0.631814233952406,0.560102390392635,0.673941418221328,34.3272727272727,14.0909090909091,51.5818181818182,2.22545454545455,33.9763636363636,1.36181818181818,20.8836363636364,2.20363636363636,39.3490909090909,-0.442462369393219,3.5534068421376,0.869279661016949,0.796645161290323,0.88649982375749
109642,63686,45956,0.631558052022296,0.559570542523998,0.673503930973653,34.3490909090909,14.0490909090909,51.6018181818182,2.12909090909091,34.12,1.36545454545455,20.8072727272727,2.13818181818182,39.44,-0.427950339391828,3.56786314976317,0.869150963370739,0.79707519088909,0.886473344843381
110306,63862,46444,0.631166745373449,0.558633656449027,0.672776784834348,34.3418181818182,14.0418181818182,51.6163636363636,2.06545454545454,34.24,1.35636363636364,20.7163636363636,2.07818181818182,39.5436363636364,-0.418075755848126,3.55567638101903,0.869440914866582,0.796711122620743,0.886364436929797
110902,64032,46870,0.630405772947027,0.55790458239739,0.67216044829041,34.3309090909091,14.0418181818182,51.6272727272727,1.99818181818182,34.3836363636364,1.33636363636364,20.6036363636364,2.06545454545454,39.6127272727273,-0.406060120751235,3.56581442450935,0.869505349009639,0.796322672536579,0.886282796266948
111401,64197,47204,0.629615678475206,0.557365453505354,0.671741467786396,34.32,14.0309090909091,51.6490909090909,1.92,34.5181818181818,1.30909090909091,20.5145454545455,2.05454545454545,39.6836363636364,-0.394869864291766,3.52756089456379,0.86946386946387,0.79668264869768,0.886366036540289
112043,64353,47690,0.629194776498242,0.556862928330584,0.671413295101092,34.3163636363636,14.0072727272727,51.6763636363636,1.87636363636364,34.5963636363636,1.26363636363636,20.4509090909091,2.04,39.7727272727273,-0.382852489179508,3.53298956350508,0.869556002967045,0.796858774662513,0.886179719935261
112558,64476,48082,0.628753889091343,0.556237896633893,0.6710800893445,34.3036363636364,14.0145454545455,51.6818181818182,1.83090909090909,34.6709090909091,1.23818181818182,20.3963636363636,1.99090909090909,39.8727272727273,-0.375453107160601,3.49957400650125,0.869825621455451,0.796315516346653,0.886156552330695
113040,64607,48433,0.627941049805504,0.555833290561581,0.670910697734581,34.2854545454545,14.0236363636364,51.6909090909091,1.77090909090909,34.7781818181818,1.16363636363636,20.3963636363636,1.92727272727273,39.9636363636364,-0.366156123358418,3.48728085818954,0.869915681179403,0.796317904835991,0.886211748153359
113638,64769,48869,0.627210739811039,0.555862288390126,0.670608817979975,34.2781818181818,14.0145454545455,51.7072727272727,1.70909090909091,34.84,1.15818181818182,20.3363636363636,1.86909090909091,40.0872727272727,-0.35640583939173,3.47351245653223,0.86978199756007,0.797872340425532,0.886247758359999
114257,64907,49350,0.626800645692422,0.555130243516214,0.670245169457556,34.2872727272727,13.9763636363636,51.7363636363636,1.64727272727273,34.9690909090909,1.07454545454545,20.28,1.80909090909091,40.22,-0.34410907372155,3.47043399499221,0.869710467706013,0.797580330427995,0.886136004217185
114888,65057,49831,0.626659557317805,0.554490166290145,0.670063842065819,34.3109090909091,13.9218181818182,51.7672727272727,1.58727272727273,35.0945454545455,1.00181818181818,20.2272727272727,1.77636363636364,40.3127272727273,-0.333730543997477,3.46814390400382,0.869906205288538,0.797832049105394,0.886063500983422
115260,65174,50086,0.626327414592117,0.553706050691765,0.669952830923275,34.3163636363636,13.9018181818182,51.7818181818182,1.56,35.1181818181818,1.03454545454545,20.1327272727273,1.71818181818182,40.4363636363636,-0.323158266666261,3.42879355576905,0.869926883543499,0.797279623332461,0.886130617977528
115761,65289,50472,0.626018310207411,0.553415220950819,0.669687024538723,34.3145454545455,13.8981818181818,51.7872727272727,1.52727272727273,35.2181818181818,0.972727272727273,20.0581818181818,1.70181818181818,40.5218181818182,-0.313662371191789,3.42211696140637,0.870078948762783,0.797226582940869,0.886177720043535
116055,65380,50675,0.625339271759128,0.552853057489187,0.669244451867251,34.2927272727273,13.9309090909091,51.7763636363636,1.49272727272727,35.2763636363636,0.983636363636364,19.9345454545455,1.68181818181818,40.6309090909091,-0.307779155993326,3.39503884071654,0.870049308096071,0.796789350039154,0.886083505987288
116587,65504,51083,0.624992104253105,0.552566085192772,0.669155012032115,34.2963636363636,13.9090909090909,51.7945454545455,1.46181818181818,35.3890909090909,0.914545454545455,19.8545454545455,1.67090909090909,40.7090909090909,-0.2959662982686,3.37921817595647,0.87016911413879,0.797385620915033,0.886088391195984
116832,65604,51228,0.624388488112152,0.551597254969629,0.668673347832053,34.3072727272727,13.8709090909091,51.8218181818182,1.42909090909091,35.4309090909091,0.876363636363636,19.8036363636364,1.65090909090909,40.8090909090909,-0.288007363660092,3.33307958692312,0.86989241613228,0.796434657228995,0.886078169952986
117215,65670,51545,0.623986248247348,0.550546701015985,0.668452515432555,34.3018181818182,13.8654545454545,51.8327272727273,1.39272727272727,35.5018181818182,0.827272727272727,19.7618181818182,1.61090909090909,40.9054545454546,-0.281442474421452,3.32440442146564,0.869871726916145,0.794912142669814,0.886031991020065
117572,65773,51799,0.623652207052647,0.550622707100614,0.668241875064423,34.3090909090909,13.86,51.8309090909091,1.38363636363636,35.4981818181818,0.829090909090909,19.6927272727273,1.57818181818182,41.0181818181818,-0.272498113103211,3.30150756639513,0.869952305246423,0.795880886789978,0.885992914021118
117884,65870,52014,0.623254100695058,0.550112619661425,0.667981969674812,34.3109090909091,13.8545454545455,51.8345454545455,1.36181818181818,35.5236363636364,0.823636363636364,19.6381818181818,1.51090909090909,41.1418181818182,-0.264951263723726,3.27655662562359,0.870012188013354,0.795800524934383,0.886000911992704
118341,65962,52379,0.62286653502855,0.549572652187031,0.667752782428395,34.3327272727273,13.8309090909091,51.8363636363636,1.34181818181818,35.5672727272727,0.789090909090909,19.5854545454545,1.46545454545455,41.2509090909091,-0.254256122254512,3.27149162109603,0.869724090451729,0.79571447351124,0.886004910557699
118911,66036,52875,0.622728489711012,0.549303590904256,0.667591239179647,34.3436363636364,13.8272727272727,51.8290909090909,1.31818181818182,35.62,0.703636363636364,19.5690909090909,1.44363636363636,41.3454545454545,-0.246353918466378,3.310380111059,0.869818412832866,0.795660749506903,0.885988914614467
119349,66151,53198,0.622434533905328,0.549071967260444,0.66748125408005,34.3545454545455,13.8090909090909,51.8363636363636,1.28727272727273,35.6272727272727,0.703636363636364,19.54,1.40909090909091,41.4327272727273,-0.235486645268446,3.28985861790451,0.869859751256946,0.7963133640553,0.886004910557699
119768,66236,53532,0.622312309319691,0.548963561138124,0.667359058225484,34.3454545454545,13.8145454545455,51.84,1.25818181818182,35.6563636363636,0.703636363636364,19.4836363636364,1.39090909090909,41.5072727272727,-0.227944206006148,3.27806646471674,0.870089994706194,0.79678862858647,0.885977833894501
120150,66311,53839,0.621973552056819,0.548688780853547,0.667226776860346,34.3563636363636,13.8090909090909,51.8345454545455,1.23818181818182,35.6945454545455,0.701818181818182,19.3745454545455,1.39272727272727,41.5981818181818,-0.220690452016424,3.27196189922027,0.870131244707875,0.79670836076366,0.88596583535024
120503,66356,54147,0.621774886218825,0.548483885930891,0.66715791653949,34.36,13.8145454545455,51.8254545454545,1.22181818181818,35.7309090909091,0.681818181818182,19.3363636363636,1.32909090909091,41.7,-0.21561079963576,3.26033393061635,0.870092073235263,0.796525401421427,0.885945832163907
120704,66419,54285,0.621501226349879,0.548085454251662,0.667011228859614,34.3672727272727,13.8072727272727,51.8254545454545,1.20545454545455,35.7781818181818,0.658181818181818,19.2763636363636,1.30909090909091,41.7727272727273,-0.209597147628665,3.20470776540989,0.869960850703629,0.796418224914406,0.886015997754701
121059,66498,54561,0.621479136205305,0.547778010592579,0.666895849271616,34.3854545454545,13.7909090909091,51.8236363636364,1.17272727272727,35.8345454545455,0.618181818181818,19.22,1.29272727272727,41.8618181818182,-0.199124950442505,3.17731524258852,0.870082487309645,0.796440342781806,0.886011998736975
121305,66558,54747,0.621329606127413,0.547395057053391,0.666803999769085,34.4,13.7818181818182,51.8181818181818,1.15818181818182,35.8618181818182,0.598181818181818,19.1290909090909,1.28,41.9727272727273,-0.192764857032506,3.16145372981714,0.870190274841438,0.796569920844327,0.886070175438596
121625,66610,55015,0.621107991351545,0.547097296975909,0.66667603922886,34.4018181818182,13.7763636363636,51.8218181818182,1.14727272727273,35.8709090909091,0.614545454545455,19.0509090909091,1.24545454545455,42.0709090909091,-0.18700743440581,3.15471284944903,0.870197135457957,0.796621354097928,0.886007999438636
121835,66662,55173,0.620962167867575,0.546675371163891,0.666593068434305,34.4090909090909,13.7709090909091,51.82,1.12909090909091,35.9018181818182,0.574545454545455,19.0327272727273,1.2,42.1618181818182,-0.180908786501227,3.11155367725613,0.870277410832233,0.796012674940586,0.886109259324234
122060,66703,55357,0.620717119425028,0.546387374235285,0.666422675070157,34.4145454545455,13.76,51.8254545454545,1.11636363636364,35.8872727272727,0.563636363636364,19.0254545454545,1.16,42.2472727272727,-0.174294464734637,3.09421373781833,0.870192307692308,0.795983086680761,0.886015997754701
122282,66738,55544,0.620383714532658,0.546247996057455,0.666307095396426,34.4109090909091,13.7654545454545,51.8236363636364,1.10909090909091,35.8981818181818,0.534545454545455,18.98,1.12,42.3581818181818,-0.17063624036329,3.0776366554878,0.870072915565888,0.796063928146876,0.886011998736975
122447,66775,55672,0.619942620413701,0.546103438920742,0.666219956610876,34.4,13.78,51.82,1.10363636363636,35.8763636363636,0.543636363636364,18.9309090909091,1.10181818181818,42.4436363636364,-0.164650626046668,3.05561752563173,0.870031712473573,0.795619474864758,0.886039086347847
122807,66819,55988,0.619782107608295,0.546052993948673,0.666198120041701,34.4090909090909,13.7672727272727,51.8236363636364,1.09090909090909,35.8745454545455,0.525454545454546,18.9236363636364,1.05636363636364,42.5290909090909,-0.15999039050869,3.05697430714288,0.870066050198151,0.796090861067089,0.886047082763218
123082,66856,56226,0.619674709206244,0.545910492804753,0.666221584968868,34.4145454545455,13.7745454545455,51.8109090909091,1.07090909090909,35.8927272727273,0.470909090909091,18.8672727272727,1.09636363636364,42.6018181818182,-0.15569888421927,3.05113514424725,0.870139475908707,0.796066525871172,0.886089275687816
123291,66883,56408,0.619336003645044,0.545785520404191,0.666203003791856,34.4072727272727,13.78,51.8127272727273,1.05272727272727,35.8890909090909,0.483636363636364,18.82,1.03636363636364,42.7181818181818,-0.152198518128981,3.03926061351191,0.870112027055591,0.795751418392928,0.886093272976103
123608,66918,56690,0.6192187239744,0.545251074238939,0.66622695275646,34.4218181818182,13.7636363636364,51.8145454545455,1.04545454545455,35.9036363636364,0.456363636363636,18.7618181818182,1.00727272727273,42.8254545454545,-0.149230221017602,3.03114647784016,0.870114092541728,0.795376486129458,0.886132360165626
123800,66956,56844,0.619195910582078,0.544873793357717,0.666285383255966,34.4436363636364,13.74,51.8163636363636,1.04363636363636,35.9127272727273,0.427272727272727,18.7309090909091,0.956363636363636,42.9290909090909,-0.144101567160529,3.00896255306222,0.870090793918919,0.795156808257245,0.886206533562581
124003,66981,57022,0.618911511711812,0.544888342301954,0.666281027611667,34.44,13.7436363636364,51.8163636363636,1.03454545454545,35.9290909090909,0.381818181818182,18.7163636363636,0.898181818181818,43.04,-0.142762159416981,2.9737424495884,0.87007707739415,0.795343299378225,0.886206533562581
124205,67015,57190,0.618784126086015,0.544803789726422,0.666273896925723,34.44,13.7454545454545,51.8145454545455,1.02909090909091,35.9309090909091,0.361818181818182,18.6581818181818,0.907272727272727,43.1127272727273,-0.136972998305414,2.95952163301408,0.870024284658431,0.795634920634921,0.88620254052916
124316,67026,57290,0.618669755628641,0.54476711652592,0.666237383187958,34.4345454545455,13.7509090909091,51.8145454545455,1.02,35.9127272727273,0.403636363636364,18.5727272727273,0.874545454545455,43.2163636363636,-0.137571035607041,2.95356463220986,0.870056497175141,0.795583763056988,0.88620254052916
124555,67054,57501,0.618545102648912,0.544731460194156,0.66620990123987,34.44,13.7454545454545,51.8145454545455,1.01272727272727,35.9163636363636,0.390909090909091,18.5181818181818,0.889090909090909,43.2727272727273,-0.135273942702704,2.95949037061496,0.870024284658431,0.795767195767196,0.88620254052916
124643,67066,57577,0.618515438773923,0.544523840995029,0.666235628767358,34.44,13.7345454545455,51.8254545454545,1.00909090909091,35.9272727272727,0.387272727272727,18.4509090909091,0.872727272727273,43.3527272727273,-0.133737206611444,2.94501465382901,0.87007707739415,0.795604977495367,0.88615632893629
124889,67088,57801,0.618350402687781,0.544459653703275,0.666175991704365,34.4490909090909,13.7309090909091,51.82,0.992727272727273,35.9363636363636,0.374545454545455,18.38,0.849090909090909,43.4672727272727,-0.130486302156086,2.92813586782325,0.870005805668444,0.795683262711864,0.886109259324234
125046,67088,57958,0.61825002752241,0.544253037449389,0.666203038637048,34.4454545454545,13.7345454545455,51.82,0.983636363636364,35.9381818181818,0.358181818181818,18.3181818181818,0.86,43.5418181818182,-0.131347970524803,2.91658063300631,0.869992082343626,0.795472597299444,0.886109259324234
125144,67105,58039,0.618141773572307,0.544173240159,0.666113000550781,34.4490909090909,13.7309090909091,51.82,0.976363636363636,35.9290909090909,0.381818181818182,18.2436363636364,0.823636363636364,43.6454545454545,-0.128439051123992,2.90886317891153,0.869953026864411,0.795550847457627,0.886109259324234
125371,67129,58242,0.61808584153594,0.543987222554153,0.666124557297048,34.4527272727273,13.7145454545455,51.8327272727273,0.965454545454546,35.9454545454545,0.38,18.1854545454545,0.790909090909091,43.7327272727273,-0.125490248453571,2.90754509229552,0.869966752862948,0.795572053559592,0.886067068892942
125682,67151,58531,0.617936892088747,0.543927102760593,0.666112134241904,34.46,13.7127272727273,51.8272727272727,0.961818181818182,35.9618181818182,0.336363636363636,18.1654545454545,0.774545454545455,43.8,-0.122834193866848,2.91566411771558,0.869888671978051,0.795810129939008,0.886055078056481
125766,67170,58596,0.61784317431222,0.543798451347498,0.666120806844358,34.4636363636364,13.7054545454545,51.8309090909091,0.96,35.9654545454545,0.305454545454545,18.1527272727273,0.752727272727273,43.8636363636364,-0.120217685800427,2.89420821964741,0.869902400422052,0.795834438843194,0.886027993124496
125739,67190,58549,0.617811909192249,0.543716037034269,0.666060611420445,34.4709090909091,13.7036363636364,51.8254545454545,0.954545454545455,35.9727272727273,0.323636363636364,18.0727272727273,0.743636363636364,43.9327272727273,-0.118347791845339,2.86227458749305,0.869929848620708,0.79580735040467,0.886121246140892
125883,67196,58687,0.617842688381264,0.54355200867977,0.66607037568598,34.48,13.6945454545455,51.8254545454545,0.949090909090909,36.0072727272727,0.298181818181818,18.0236363636364,0.727272727272727,43.9945454545455,-0.117759336875646,2.84891102544286,0.869911411094706,0.795804567180032,0.886086163345495
125941,67200,58741,0.617791886279586,0.543590458759061,0.666058902843443,34.4836363636364,13.6927272727273,51.8236363636364,0.945454545454545,36.0345454545455,0.269090909090909,17.9981818181818,0.698181818181818,44.0545454545455,-0.118446426551302,2.82522342523391,0.86992512917853,0.795910237684239,0.886082166789461
126075,67205,58870,0.617715906331151,0.543366376055518,0.666119182129642,34.4836363636364,13.6872727272727,51.8290909090909,0.938181818181818,36.0381818181818,0.274545454545455,17.9654545454545,0.692727272727273,44.0909090909091,-0.117256125148428,2.82481249431995,0.869819677317305,0.795563230605739,0.886094155616362
126081,67203,58878,0.617602395472116,0.543267419290751,0.666123228803679,34.48,13.6836363636364,51.8363636363636,0.936363636363636,36.0581818181818,0.298181818181818,17.8836363636364,0.685454545454545,44.1381818181818,-0.118736749840371,2.80055661932989,0.869753216620966,0.795508902471432,0.886110136794107
126097,67205,58892,0.617500209429699,0.543054273331698,0.666138496083225,34.48,13.68,51.84,0.930909090909091,36.1036363636364,0.278181818181818,17.8472727272727,0.643636363636364,44.1963636363636,-0.118321976707507,2.76973286799409,0.869700485129719,0.795188729399256,0.886153198653199
126209,67221,58988,0.617510754613294,0.543198261281827,0.666080656106622,34.4781818181818,13.6890909090909,51.8327272727273,0.929090909090909,36.1418181818182,0.267272727272727,17.7727272727273,0.667272727272727,44.2218181818182,-0.117540463204601,2.76441339518536,0.869799082423667,0.795457564085536,0.886172302511576
126247,67231,59016,0.617451667052067,0.54303862133576,0.666073075413324,34.4781818181818,13.6872727272727,51.8345454545455,0.927272727272727,36.1618181818182,0.270909090909091,17.7327272727273,0.630909090909091,44.2763636363636,-0.117211110712114,2.73512939665128,0.86985181669567,0.795297555791711,0.886176295205023
126365,67233,59132,0.617378711443931,0.542894611223156,0.666086599779107,34.4818181818182,13.68,51.8381818181818,0.912727272727273,36.1890909090909,0.263636363636364,17.6890909090909,0.645454545454546,44.3,-0.117751916447676,2.73085087446327,0.86981281307672,0.7953216374269,0.88614920556978
126364,67243,59121,0.617248615605794,0.542847140775324,0.666039416592655,34.4781818181818,13.6709090909091,51.8509090909091,0.912727272727273,36.2127272727273,0.247272727272727,17.62,0.663636363636364,44.3436363636364,-0.114899652206805,2.70496715672991,0.869799082423667,0.795451522808884,0.886071954555018
126558,67241,59317,0.617137358881175,0.542751598868331,0.666097718087467,34.4727272727273,13.6781818181818,51.8490909090909,0.910909090909091,36.2309090909091,0.232727272727273,17.5963636363636,0.661818181818182,44.3672727272727,-0.114955770554,2.70985690528019,0.869778481012658,0.795161504718862,0.886067959462777
126613,67239,59374,0.617141154903191,0.542631485964102,0.666024653092231,34.4836363636364,13.6690909090909,51.8472727272727,0.909090909090909,36.2545454545455,0.22,17.5618181818182,0.652727272727273,44.4018181818182,-0.115466966481604,2.69369103302332,0.869766951386692,0.795025272678904,0.886063964090335
126822,67239,59583,0.617084873581796,0.542746184403905,0.666051161966716,34.4890909090909,13.6709090909091,51.84,0.907272727272727,36.2618181818182,0.230909090909091,17.5454545454545,0.618181818181818,44.4363636363636,-0.114799565010154,2.70037280991673,0.869682112921082,0.79518552999069,0.88604797979798
127102,67250,59852,0.617074367822308,0.542916510784679,0.666057331521446,34.4945454545455,13.6763636363636,51.8290909090909,0.907272727272727,36.2909090909091,0.22,17.5145454545455,0.618181818181818,44.4490909090909,-0.114150548175993,2.71620949401774,0.869702719797597,0.795533102898165,0.886023994948432
127128,67262,59866,0.616986727336497,0.542791241910126,0.66604299300495,34.5,13.6690909090909,51.8309090909091,0.9,36.32,0.216363636363636,17.4963636363636,0.58,44.4872727272727,-0.111174318741541,2.6999878289686,0.86961791831357,0.795557329076882,0.886027993124496
127239,67270,59969,0.616923458870827,0.542771131273864,0.666025002020181,34.5018181818182,13.6690909090909,51.8290909090909,0.898181818181818,36.32,0.221818181818182,17.4745454545455,0.589090909090909,44.4963636363636,-0.110178839432774,2.69306786761365,0.86962478920742,0.795557329076882,0.886023994948432
127343,67276,60067,0.61687634783314,0.542719589395436,0.666033541834278,34.5018181818182,13.6690909090909,51.8290909090909,0.892727272727273,36.3490909090909,0.205454545454545,17.4563636363636,0.603636363636364,44.4927272727273,-0.108724701271752,2.68400189840997,0.86962478920742,0.795557329076882,0.885988914614467
127380,67294,60086,0.616870368227675,0.542596677850081,0.66597768665244,34.5109090909091,13.66,51.8290909090909,0.890909090909091,36.3545454545455,0.221818181818182,17.4272727272727,0.576363636363636,44.5290909090909,-0.106450798355614,2.66378463933414,0.869659132817028,0.795554372421137,0.885988914614467
127475,67304,60171,0.616785708055748,0.542564650902565,0.665996300850758,34.5090909090909,13.6636363636364,51.8272727272727,0.890909090909091,36.3781818181818,0.196363636363636,17.4036363636364,0.550909090909091,44.58,-0.104512611481848,2.65165499323471,0.869599578503688,0.79560878243513,0.886019996491843
127518,67312,60206,0.616768561129179,0.542490701571142,0.665980786921653,34.5109090909091,13.6618181818182,51.8272727272727,0.889090909090909,36.4036363636364,0.178181818181818,17.3690909090909,0.590909090909091,44.5690909090909,-0.103923146021341,2.6352159099992,0.869606448553817,0.79571466595688,0.886019996491843
127637,67324,60313,0.616588688736386,0.542553702725976,0.665994823376428,34.5018181818182,13.6672727272727,51.8309090909091,0.889090909090909,36.4072727272727,0.158181818181818,17.38,0.563636363636364,44.6018181818182,-0.102326414384879,2.63009417244995,0.869572091062395,0.795929227085273,0.886027993124496
127663,67330,60333,0.616642203037166,0.542471128169885,0.665974856033341,34.5036363636364,13.6654545454545,51.8309090909091,0.885454545454545,36.4163636363636,0.174545454545455,17.3509090909091,0.549090909090909,44.6236363636364,-0.102445319311863,2.6237237805162,0.869631659377141,0.795902075572113,0.886027993124496
127700,67338,60362,0.616617367193179,0.542454072190019,0.665952633202793,34.5,13.6727272727273,51.8272727272727,0.885454545454545,36.4290909090909,0.185454545454545,17.3309090909091,0.521818181818182,44.6472727272727,-0.101708085663532,2.60882539178499,0.869670619235837,0.795877659574468,0.886055078056481
127918,67346,60572,0.616637309917069,0.542541260554475,0.666020518030378,34.4981818181818,13.6745454545455,51.8272727272727,0.881818181818182,36.4454545454546,0.190909090909091,17.32,0.492727272727273,44.6690909090909,-0.101173170897263,2.60313033468344,0.869716454095077,0.796037760936046,0.886055078056481
128028,67346,60682,0.616670393767192,0.54249849024351,0.666013339694107,34.4981818181818,13.6781818181818,51.8236363636364,0.878181818181818,36.4509090909091,0.183636363636364,17.3163636363636,0.490909090909091,44.68,-0.101898795474236,2.59782090369951,0.869769157794877,0.795826133191546,0.886047082763218
128006,67344,60662,0.616698691166727,0.542420319896926,0.66599178101498,34.5036363636364,13.6709090909091,51.8254545454545,0.878181818181818,36.4436363636364,0.185454545454545,17.2945454545455,0.505454545454545,44.6927272727273,-0.103646909320642,2.57901387167248,0.869789745481372,0.795850512036175,0.886015997754701
128126,67358,60768,0.616708679081153,0.542226581091732,0.665985305266046,34.5072727272727,13.6654545454545,51.8272727272727,0.872727272727273,36.46,0.158181818181818,17.2963636363636,0.509090909090909,44.7036363636364,-0.101412381033879,2.57375375477766,0.869803466989831,0.795769026077701,0.885984914927206
128218,67366,60852,0.616702256648267,0.542232702425997,0.666060662917775,34.5090909090909,13.6672727272727,51.8236363636364,0.872727272727273,36.4563636363636,0.161818181818182,17.2872727272727,0.505454545454545,44.7163636363636,-0.100952108153565,2.56759698519652,0.869810326659642,0.795796195290674,0.886047082763218
128265,67374,60891,0.61672178139424,0.542244646573707,0.666035869470598,34.5163636363636,13.66,51.8236363636364,0.876363636363636,36.4363636363636,0.165454545454545,17.2672727272727,0.503636363636364,44.7509090909091,-0.100098761194386,2.5529379056936,0.869785082174463,0.795953680287502,0.886047082763218
128345,67374,60971,0.616705844971373,0.542313438213644,0.66606775080242,34.5181818181818,13.6581818181818,51.8236363636364,0.874545454545455,36.4454545454546,0.150909090909091,17.2436363636364,0.494545454545455,44.7909090909091,-0.101136044484817,2.54670126002959,0.869791941006057,0.796192758253461,0.886047082763218
128327,67378,60949,0.616598844976234,0.542215270258933,0.666010412418166,34.5127272727273,13.6618181818182,51.8254545454545,0.872727272727273,36.4418181818182,0.149090909090909,17.2163636363636,0.487272727272727,44.8327272727273,-0.10113769475667,2.52540759346025,0.869771362343273,0.796113920681395,0.886051080550098
128373,67382,60991,0.616590755326976,0.542125420093156,0.666029667510776,34.5109090909091,13.6563636363636,51.8327272727273,0.870909090909091,36.4254545454545,0.154545454545455,17.2127272727273,0.476363636363636,44.86,-0.0994012695938264,2.51579787617719,0.869817185606659,0.795899347623486,0.886067068892942
128365,67378,60987,0.616580097057284,0.54218015701474,0.66598575508013,34.5090909090909,13.6527272727273,51.8381818181818,0.869090909090909,36.4145454545455,0.145454545454545,17.2145454545455,0.467272727272727,44.8890909090909,-0.100551320455799,2.50526277631183,0.869810326659642,0.795978159541883,0.886043983024096
128396,67376,61020,0.61652504945502,0.542079327190266,0.665988467825053,34.5145454545455,13.6472727272727,51.8381818181818,0.865454545454545,36.3945454545455,0.163636363636364,17.2072727272727,0.432727272727273,44.9363636363636,-0.100221695648295,2.48413559399884,0.869725543907707,0.795896616040501,0.886043983024096
128351,67378,60973,0.61651588186786,0.542075798415512,0.665910175264198,34.5145454545455,13.6490909090909,51.8363636363636,0.86,36.3872727272727,0.170909090909091,17.1909090909091,0.44,44.9509090909091,-0.100263597657481,2.46912093020298,0.869725543907707,0.795923804449181,0.886039985969835
128334,67380,60954,0.616524632725795,0.542134133741871,0.66598699382075,34.5127272727273,13.6418181818182,51.8454545454545,0.86,36.3818181818182,0.154545454545455,17.1945454545455,0.434545454545455,44.9745454545455,-0.101006590510422,2.46355552253398,0.869771362343273,0.796081567373051,0.886059968437664
128285,67384,60901,0.616538112814089,0.542087718333009,0.665940718059532,34.5181818181818,13.6381818181818,51.8436363636364,0.863636363636364,36.3672727272727,0.163636363636364,17.1836363636364,0.418181818181818,45.0036363636364,-0.100021616038231,2.44684612879699,0.869739267843034,0.796027196373817,0.886055972504735
128279,67396,60883,0.616466768745436,0.542159015519904,0.665799318712266,34.5145454545455,13.6436363636364,51.8418181818182,0.861818181818182,36.3418181818182,0.154545454545455,17.2,0.403636363636364,45.0381818181818,-0.0988338325225579,2.42822533254935,0.869725543907707,0.796242004264392,0.886051976291516
128379,67402,60977,0.616420368114356,0.542177571346286,0.665842547936486,34.5127272727273,13.6436363636364,51.8436363636364,0.86,36.3381818181818,0.136363636363636,17.1981818181818,0.409090909090909,45.0581818181818,-0.0982249073430218,2.42816521694714,0.869771362343273,0.79637526652452,0.886020902013046
128356,67396,60960,0.616425971422094,0.542194762071605,0.665812968306528,34.5090909090909,13.6454545454545,51.8454545454545,0.861818181818182,36.3090909090909,0.141818181818182,17.2018181818182,0.410909090909091,45.0745454545455,-0.100752703186167,2.41272795098749,0.869810326659642,0.796402398401066,0.88598982991408
128487,67398,61089,0.616394273177527,0.542325883125375,0.665839736574592,34.5127272727273,13.6418181818182,51.8454545454545,0.854545454545454,36.2945454545455,0.134545454545455,17.2127272727273,0.403636363636364,45.1,-0.100006983384744,2.41380486596714,0.869771362343273,0.79661468745835,0.885954760652288
128524,67402,61122,0.616398823846222,0.542310240200312,0.665851425629242,34.5163636363636,13.64,51.8436363636364,0.850909090909091,36.2945454545455,0.12,17.2,0.407272727272727,45.1272727272727,-0.099822452897206,2.40054476616735,0.869785082174463,0.796720874433484,0.88595076102967
128571,67406,61165,0.616390971912706,0.54241272715494,0.665937771390314,34.5163636363636,13.6472727272727,51.8363636363636,0.849090909090909,36.2872727272727,0.134545454545455,17.18,0.4,45.1490909090909,-0.0990887986871795,2.39420653276823,0.869785082174463,0.796695976552092,0.886039985969835
128644,67408,61236,0.616414856338067,0.542325516346106,0.665920013484875,34.5163636363636,13.6509090909091,51.8327272727273,0.849090909090909,36.2763636363636,0.14,17.1581818181818,0.412727272727273,45.1636363636364,-0.0991151655362707,2.39100762917237,0.869785082174463,0.796616941928609,0.886031991020065
128657,67412,61245,0.616442620320796,0.542084465495916,0.665879942196776,34.5218181818182,13.6454545454545,51.8327272727273,0.852727272727273,36.2781818181818,0.134545454545455,17.1363636363636,0.409090909090909,45.1890909090909,-0.0973420947223944,2.37545534026894,0.869752988887133,0.796402398401066,0.886031991020065
128663,67414,61249,0.616418643614155,0.542094489684958,0.665846067184178,34.52,13.6472727272727,51.8327272727273,0.854545454545454,36.2727272727273,0.127272727272727,17.1272727272727,0.387272727272727,45.2309090909091,-0.0981438848269384,2.36063150684773,0.869798799115137,0.796429523048228,0.886031991020065
128753,67424,61329,0.616388733746226,0.542153646603798,0.665815519257441,34.52,13.6472727272727,51.8327272727273,0.854545454545454,36.2581818181818,0.14,17.1181818181818,0.390909090909091,45.2381818181818,-0.0967165605106857,2.3516981117004,0.869798799115137,0.79656274980016,0.885996913147187
128803,67422,61381,0.616309450414893,0.542162214565984,0.665824924165253,34.5181818181818,13.6472727272727,51.8345454545455,0.854545454545454,36.2454545454545,0.138181818181818,17.1090909090909,0.405454545454546,45.2472727272727,-0.0963777937995143,2.35286541770805,0.869739267843034,0.79656274980016,0.88596583535024
128834,67422,61412,0.616457345071703,0.542213320896211,0.665825204405802,34.5218181818182,13.64,51.8381818181818,0.850909090909091,36.2509090909091,0.136363636363636,17.0909090909091,0.387272727272727,45.2836363636364,-0.0980760910167274,2.34838776663792,0.869858324116501,0.796720874433484,0.885938760478412
128847,67420,61427,0.616476307377734,0.542201965184697,0.665813299555867,34.5218181818182,13.6381818181818,51.84,0.849090909090909,36.2545454545455,0.14,17.0672727272727,0.383636363636364,45.3054545454546,-0.0987488836446904,2.34108392567458,0.869858324116501,0.796693774163445,0.885942760942761
128879,67420,61459,0.616517659737306,0.542143709405908,0.665816046859497,34.5254545454545,13.6345454545455,51.84,0.847272727272727,36.2618181818182,0.129090909090909,17.0581818181818,0.367272727272727,45.3363636363636,-0.0992047035378743,2.32897385426543,0.869872031175944,0.796639551940259,0.885942760942761
128931,67429,61502,0.616419700955242,0.542198108322822,0.665839129255291,34.5181818181818,13.6472727272727,51.8345454545455,0.847272727272727,36.2563636363636,0.132727272727273,17.04,0.369090909090909,45.3545454545455,-0.0974651971334507,2.32228712483563,0.869844614169081,0.796695976552092,0.88596583535024
128995,67429,61566,0.61643602831133,0.542124194596041,0.665841880573338,34.5181818181818,13.6490909090909,51.8327272727273,0.847272727272727,36.2709090909091,0.110909090909091,17.0254545454545,0.365454545454545,45.38,-0.097916561511705,2.31548384574496,0.869897287332104,0.796589849473824,0.885961835274309
128955,67425,61530,0.616502963287181,0.541917346559391,0.665888378490052,34.5236363636364,13.6363636363636,51.84,0.845454545454545,36.2654545454546,0.127272727272727,17,0.352727272727273,45.4090909090909,-0.0981436297784305,2.30013221421872,0.869917842848115,0.7964,0.885942760942761
128982,67427,61555,0.616531833911198,0.541856989022155,0.665881542989123,34.5254545454545,13.6381818181818,51.8363636363636,0.841818181818182,36.28,0.121818181818182,16.98,0.341818181818182,45.4345454545455,-0.0986040514348794,2.29017640224404,0.869924693243457,0.796293827489668,0.886004910557699
129042,67433,61609,0.616425231959715,0.54189357607078,0.665877359518567,34.5218181818182,13.64,51.8381818181818,0.84,36.2927272727273,0.103636363636364,16.9763636363636,0.343636363636364,45.4436363636364,-0.0969202017919584,2.29333456785164,0.869805656501817,0.796454278858971,0.886008908842201
128899,67435,61464,0.616396051605517,0.541887375281576,0.665836454241958,34.5254545454545,13.6345454545455,51.84,0.841818181818182,36.2909090909091,0.125454545454545,16.9290909090909,0.352727272727273,45.46,-0.0977765768279576,2.27061944412576,0.869766707040918,0.796506200826777,0.88604797979798
128990,67429,61561,0.616401494189922,0.541736511683718,0.665848674225362,34.5272727272727,13.6218181818182,51.8509090909091,0.849090909090909,36.2854545454545,0.136363636363636,16.8981818181818,0.356363636363636,45.4745454545455,-0.0989763012886132,2.2710331608626,0.869773565034229,0.796316070475173,0.885931692264535
129093,67437,61656,0.616342538939507,0.541729686616718,0.665817156932414,34.5236363636364,13.6309090909091,51.8454545454545,0.845454545454545,36.3090909090909,0.110909090909091,16.8890909090909,0.352727272727273,45.4927272727273,-0.0979122668271884,2.26790763055059,0.869759848325258,0.796451914098973,0.885919691390496
129103,67437,61666,0.616338243620975,0.541702593388077,0.665819794485778,34.5254545454545,13.6290909090909,51.8454545454545,0.845454545454545,36.3109090909091,0.123636363636364,16.8454545454545,0.369090909090909,45.5054545454545,-0.0978024477292572,2.25720226710493,0.869766707040918,0.796424759871932,0.885919691390496
129205,67443,61762,0.616389788098536,0.541787286677649,0.665867979522627,34.5236363636364,13.6345454545455,51.8418181818182,0.845454545454545,36.32,0.123636363636364,16.8054545454545,0.372727272727273,45.5327272727273,-0.096589598671893,2.25614304468036,0.86981251316621,0.796506200826777,0.885946761126504
129169,67441,61728,0.616510065254253,0.541795376921288,0.665836818485901,34.5309090909091,13.6290909090909,51.84,0.845454545454545,36.32,0.127272727272727,16.7781818181818,0.374545454545455,45.5545454545455,-0.0980946720080366,2.24408789773218,0.869839932603201,0.796558164354322,0.885977833894501
129232,67451,61781,0.616443132492087,0.541839270542592,0.665798074461083,34.5290909090909,13.64,51.8309090909091,0.841818181818182,36.3327272727273,0.118181818181818,16.7545454545455,0.38,45.5727272727273,-0.0961290343865668,2.23672113565051,0.869833078826813,0.796587576646228,0.885992914021118
129191,67447,61744,0.616417001380346,0.541792231196375,0.665789767567764,34.5254545454545,13.6381818181818,51.8363636363636,0.841818181818182,36.34,0.116363636363636,16.7090909090909,0.385454545454545,45.6072727272727,-0.0971046905551868,2.22084270537069,0.869819369108431,0.796560458605519,0.886004910557699
129287,67449,61838,0.616407807927137,0.541624594889901,0.66579069397868,34.5254545454545,13.6363636363636,51.8381818181818,0.84,36.3527272727273,0.110909090909091,16.6818181818182,0.38,45.6345454545455,-0.0960016155345577,2.21490675134754,0.869872031175944,0.796266666666667,0.885973834660307
129360,67455,61905,0.616434514705805,0.541589644035623,0.665833581465389,34.5290909090909,13.6345454545455,51.8363636363636,0.838181818181818,36.3527272727273,0.12,16.6581818181818,0.372727272727273,45.6581818181818,-0.0960884272872301,2.21409519340166,0.869885735348323,0.796239498599813,0.886004910557699
129200,67453,61747,0.616399668985182,0.54157318722662,0.665673396900119,34.5254545454545,13.6290909090909,51.8454545454545,0.836363636363636,36.3509090909091,0.129090909090909,16.62,0.372727272727273,45.6909090909091,-0.0963014752664921,2.19638032668524,0.869872031175944,0.796424759871932,0.885954760652288
129105,67451,61654,0.616400241568888,0.541582095852973,0.66566453851616,34.5218181818182,13.6290909090909,51.8490909090909,0.838181818181818,36.3563636363636,0.125454545454545,16.5909090909091,0.383636363636364,45.7054545454545,-0.0969615468093914,2.17772621347315,0.869858324116501,0.796424759871932,0.88599782585826
129049,67457,61592,0.616450335421886,0.541556638511283,0.665692108411046,34.5236363636364,13.6254545454545,51.8509090909091,0.834545454545455,36.36,0.114545454545455,16.5781818181818,0.390909090909091,45.7218181818182,-0.09481043288807,2.16385581519624,0.869917842848115,0.796370429677075,0.886036888982397
129095,67461,61634,0.616441835325588,0.541521369895101,0.665703208259223,34.5254545454545,13.6218181818182,51.8527272727273,0.838181818181818,36.3454545454545,0.129090909090909,16.5381818181818,0.403636363636364,45.7454545454545,-0.0950791579610351,2.15718908426775,0.869924693243457,0.796449546182595,0.88600582068095
129213,67451,61762,0.616495698660157,0.541495023519878,0.665693255831247,34.5290909090909,13.6218181818182,51.8490909090909,0.836363636363636,36.3527272727273,0.112727272727273,16.52,0.392727272727273,45.7854545454545,-0.0980335910661696,2.15694416986609,0.869938391869833,0.796449546182595,0.885962759056002
129234,67459,61775,0.61640350966641,0.541508897185091,0.665769440039125,34.5272727272727,13.6218181818182,51.8509090909091,0.834545454545455,36.3527272727273,0.116363636363636,16.4781818181818,0.401818181818182,45.8163636363636,-0.0966205090657406,2.14573415643112,0.869878883622959,0.796583021890016,0.886001823409776
129172,67459,61713,0.616389539289885,0.541504248424263,0.665789956531183,34.5272727272727,13.62,51.8527272727273,0.834545454545455,36.3436363636364,0.112727272727273,16.4636363636364,0.392727272727273,45.8527272727273,-0.0968368667939847,2.1217032648369,0.869878883622959,0.796555867040449,0.886040885024019
129257,67455,61802,0.616341708065038,0.541266602060184,0.665838610385272,34.5218181818182,13.6309090909091,51.8472727272727,0.834545454545455,36.3363636363636,0.110909090909091,16.4345454545455,0.412727272727273,45.8709090909091,-0.0969892194703624,2.11705539696427,0.869910991731184,0.796051754034947,0.886063964090335
129198,67453,61745,0.616370825024654,0.541276661304992,0.665800720349876,34.5236363636364,13.6272727272727,51.8490909090909,0.829090909090909,36.3345454545455,0.112727272727273,16.4054545454545,0.421818181818182,45.8963636363636,-0.0982714928191854,2.09959079900079,0.869917842848115,0.796264176117412,0.886067959462777
129260,67457,61803,0.616292788323486,0.541252838027282,0.665838112384326,34.5181818181818,13.6345454545455,51.8472727272727,0.825454545454545,36.3327272727273,0.114545454545455,16.3890909090909,0.418181818181818,45.92,-0.0962032721912361,2.09413647619499,0.869897287332104,0.79597279637285,0.886099032122317
129298,67455,61843,0.616284805657477,0.541173501721711,0.66580296029419,34.5218181818182,13.6236363636364,51.8545454545455,0.829090909090909,36.3181818181818,0.118181818181818,16.3690909090909,0.427272727272727,45.9381818181818,-0.0983304109355562,2.08731672571633,0.869858324116501,0.796076337915388,0.886044880785414
129292,67461,61831,0.616383869486783,0.541031881646914,0.665800901707305,34.5309090909091,13.6163636363636,51.8527272727273,0.827272727272727,36.3127272727273,0.121818181818182,16.3472727272727,0.421818181818182,45.9690909090909,-0.0968616483923556,2.08588040324605,0.869892586352148,0.7958338897049,0.886075949367089
129248,67459,61789,0.616290949619615,0.541043495604418,0.665795366262947,34.5272727272727,13.6163636363636,51.8563636363636,0.823636363636364,36.3036363636364,0.123636363636364,16.3490909090909,0.412727272727273,45.9872727272727,-0.0968247513297352,2.07298302857036,0.869826224328594,0.7958338897049,0.886083938150836
129306,67471,61835,0.616254771461403,0.541042416026123,0.665801007631155,34.5181818181818,13.6218181818182,51.86,0.823636363636364,36.2981818181818,0.118181818181818,16.3290909090909,0.418181818181818,46.0127272727273,-0.0955337695221798,2.06452176178044,0.869897287332104,0.79591564335291,0.886091925814255
129354,67475,61879,0.616250836363803,0.541058858455143,0.665756178048769,34.5218181818182,13.6181818181818,51.86,0.823636363636364,36.2981818181818,0.112727272727273,16.3127272727273,0.418181818181818,46.0345454545455,-0.0961577927280979,2.05924422326921,0.869910991731184,0.796128170894526,0.886056866388529
129566,67489,62077,0.616225005899609,0.54119205711319,0.665872512501525,34.5218181818182,13.6290909090909,51.8490909090909,0.823636363636364,36.2963636363636,0.114545454545455,16.3018181818182,0.407272727272727,46.0563636363636,-0.0937206531800753,2.05343989931386,0.869910991731184,0.796291355389541,0.886103026265035
129635,67495,62140,0.616252860444521,0.541177075505583,0.665873619619241,34.5272727272727,13.6254545454545,51.8472727272727,0.821818181818182,36.2927272727273,0.107272727272727,16.2945454545455,0.410909090909091,46.0727272727273,-0.092974553087631,2.05550702256574,0.869931542917325,0.796370429677075,0.886099032122317
129562,67481,62081,0.616164521398391,0.541144358136039,0.665887702406662,34.5236363636364,13.6218181818182,51.8545454545455,0.818181818181818,36.3036363636364,0.101818181818182,16.2709090909091,0.405454545454546,46.1,-0.0973349599064518,2.04628234084018,0.869917842848115,0.796316070475173,0.886079943899018
129559,67479,62080,0.61614902951938,0.541014119656378,0.665894215658026,34.5254545454545,13.6181818181818,51.8563636363636,0.821818181818182,36.2872727272727,0.114545454545455,16.2454545454545,0.403636363636364,46.1272727272727,-0.0965189957123419,2.03577583784407,0.869924693243457,0.796128170894526,0.88604887626661
129481,67481,62000,0.616134788978067,0.54103155332758,0.665887117823353,34.5218181818182,13.6218181818182,51.8563636363636,0.821818181818182,36.2854545454545,0.0981818181818182,16.2454545454545,0.405454545454546,46.1436363636364,-0.0961090936743527,2.02406540759416,0.869963659345868,0.796182594767752,0.886083938150836
129422,67483,61939,0.616157478894726,0.541008826518733,0.665868950122341,34.5236363636364,13.6145454545455,51.8618181818182,0.821818181818182,36.2854545454545,0.0909090909090909,16.2309090909091,0.409090909090909,46.1618181818182,-0.0965669736501613,2.0052786109461,0.869970507689067,0.796207264957265,0.886095919225915
129326,67477,61849,0.616084788703468,0.541032211744344,0.665763230160184,34.5309090909091,13.6109090909091,51.8581818181818,0.821818181818182,36.2836363636364,0.0872727272727273,16.1981818181818,0.427272727272727,46.1818181818182,-0.0976543715080797,1.98078177921813,0.869839932603201,0.796419983970078,0.886087932122572
129344,67481,61863,0.616067868441142,0.540934757126157,0.665765431268036,34.5290909090909,13.6109090909091,51.86,0.823636363636364,36.2781818181818,0.0872727272727273,16.1854545454545,0.423636363636364,46.2018181818182,-0.0973550840201576,1.9744977298362,0.869885735348323,0.796286401282394,0.886091925814255
129374,67489,61885,0.61610920980294,0.54096575942531,0.665726694425522,34.5272727272727,13.6127272727273,51.86,0.823636363636364,36.2672727272727,0.0963636363636364,16.1672727272727,0.423636363636364,46.2218181818182,-0.0958975955682532,1.97140558682043,0.869931542917325,0.796447175103513,0.886056866388529
129357,67483,61874,0.61609252412365,0.540837850604197,0.665784294262728,34.5272727272727,13.6054545454545,51.8672727272727,0.821818181818182,36.2563636363636,0.103636363636364,16.1509090909091,0.418181818181818,46.2490909090909,-0.0971155718204417,1.96896215988831,0.869931542917325,0.796338366965121,0.886037788761524
129505,67479,62026,0.616321522537993,0.540910791002296,0.665845941862521,34.5345454545455,13.5981818181818,51.8672727272727,0.821818181818182,36.2472727272727,0.107272727272727,16.1436363636364,0.410909090909091,46.2690909090909,-0.0990326589880913,1.96670899888162,0.870011582605033,0.796229442438829,0.886037788761524
129401,67477,61924,0.616254655448323,0.54095873221064,0.665792354323811,34.5327272727273,13.6036363636364,51.8636363636364,0.821818181818182,36.2454545454545,0.101818181818182,16.1418181818182,0.401818181818182,46.2872727272727,-0.097870733210055,1.94970900083638,0.870004738587901,0.796043838545843,0.886064855390009
129367,67475,61892,0.616213842047165,0.540958515788673,0.66570946858784,34.5309090909091,13.6090909090909,51.86,0.821818181818182,36.2345454545455,0.0981818181818182,16.1436363636364,0.38,46.3218181818182,-0.0974748689059528,1.93642616562376,0.869997893850042,0.795991983967936,0.886056866388529
129446,67471,61975,0.616235755774044,0.54094251145597,0.665715345235583,34.5309090909091,13.6090909090909,51.86,0.82,36.2272727272727,0.103636363636364,16.1163636363636,0.389090909090909,46.3436363636364,-0.0991340156914455,1.94114257892255,0.869997893850042,0.795991983967936,0.886021806962802
129409,67471,61938,0.616177642921346,0.540943956841948,0.665724228799022,34.5254545454545,13.6181818181818,51.8563636363636,0.82,36.2327272727273,0.0945454545454545,16.0945454545455,0.392727272727273,46.3654545454545,-0.0998046340521383,1.94171286913651,0.86997735531097,0.795994659546061,0.88604887626661
129453,67477,61976,0.616144872697035,0.541038223748106,0.665681306128311,34.5254545454545,13.62,51.8545454545455,0.821818181818182,36.2272727272727,0.110909090909091,16.0727272727273,0.365454545454545,46.4018181818182,-0.100241033980009,1.93349014457146,0.86997735531097,0.796422373514885,0.886009817671809
129419,67477,61942,0.616177832527672,0.540876224348423,0.665747232650215,34.5272727272727,13.6163636363636,51.8563636363636,0.821818181818182,36.2345454545455,0.112727272727273,16.0418181818182,0.363636363636364,46.4254545454545,-0.0996506683451695,1.92541735400022,0.86998420221169,0.796234477233275,0.88604887626661
129455,67473,61982,0.61619212500415,0.540776927079713,0.665813910897933,34.5327272727273,13.6054545454545,51.8618181818182,0.821818181818182,36.2527272727273,0.0909090909090909,16.0290909090909,0.365454545454545,46.44,-0.0994983922592258,1.92009572037919,0.869952087611225,0.796071094480823,0.886060861029309
129402,67479,61923,0.616283869451562,0.540850544500888,0.665803502616829,34.5381818181818,13.5945454545455,51.8672727272727,0.821818181818182,36.2527272727273,0.105454545454545,15.9963636363636,0.352727272727273,46.4709090909091,-0.09917467768775,1.90983034092933,0.869972625815961,0.796308679951852,0.886072843271287
129496,67473,62023,0.616300371945799,0.540696881953304,0.665821709041065,34.5381818181818,13.6,51.8618181818182,0.821818181818182,36.26,0.1,15.9618181818182,0.358181818181818,46.4981818181818,-0.100890508055719,1.90970546119762,0.870025268477574,0.795989304812834,0.886060861029309
129547,67483,62064,0.616273884025764,0.540808021259411,0.665836962062765,34.5363636363636,13.6,51.8636363636364,0.818181818181818,36.2745454545455,0.107272727272727,15.9272727272727,0.350909090909091,46.5218181818182,-0.100440637705139,1.90969237097624,0.870018425901553,0.796390374331551,0.886064855390009
129426,67483,61943,0.616167159650522,0.540825116221778,0.665723218803169,34.5327272727273,13.6,51.8672727272727,0.82,36.2909090909091,0.103636363636364,15.9127272727273,0.334545454545455,46.5381818181818,-0.101309524447424,1.89141634012657,0.869952087611225,0.796524064171123,0.886072843271287
129391,67479,61912,0.616152043955103,0.54074949195269,0.665760207167635,34.5345454545455,13.5981818181818,51.8672727272727,0.82,36.3,0.109090909090909,15.8890909090909,0.32,46.5618181818182,-0.101198293791227,1.89631369356066,0.869906286195641,0.796363150153764,0.886072843271287
129515,67467,62048,0.616161804439981,0.540847357500451,0.665886748778166,34.5327272727273,13.6054545454545,51.8618181818182,0.82,36.3054545454546,0.114545454545455,15.8563636363636,0.318181818181818,46.5854545454546,-0.102543166141946,1.89389349224723,0.86989943663455,0.796204730722972,0.886095919225915
129360,67465,61895,0.616239762311612,0.540644196963174,0.66584005274882,34.5418181818182,13.5945454545455,51.8636363636364,0.82,36.32,0.110909090909091,15.8345454545455,0.307272727272727,46.6072727272727,-0.102501688718753,1.874131597206,0.869933677229182,0.796041192991842,0.886099912357581
129353,67459,61894,0.616190048643489,0.540659135118415,0.665840895689715,34.5418181818182,13.5890909090909,51.8690909090909,0.82,36.3345454545455,0.107272727272727,15.8145454545455,0.296363636363636,46.6272727272727,-0.103512559031052,1.8710488374345,0.869881040109485,0.796093122825796,0.886076836791924
129424,67469,61955,0.616142100507622,0.540559973917037,0.66580479721638,34.5381818181818,13.5854545454545,51.8763636363636,0.82,36.3545454545455,0.1,15.7854545454545,0.283636363636364,46.6563636363636,-0.100129648738551,1.86516550052064,0.869867340492735,0.796306209850107,0.885987662974905
129504,67473,62031,0.616217430904953,0.540566030413084,0.665785657161915,34.54,13.5872727272727,51.8727272727273,0.82,36.3581818181818,0.110909090909091,15.7527272727273,0.278181818181818,46.68,-0.0995943914945449,1.86314458406784,0.869926830552192,0.796199652080824,0.885979670522257
129549,67469,62080,0.616324471592716,0.540442927839412,0.665738955863163,34.5454545454545,13.5763636363636,51.8781818181818,0.821818181818182,36.3618181818182,0.103636363636364,15.7345454545455,0.261818181818182,46.7163636363636,-0.100179125753559,1.86514176494357,0.87,0.796035891254855,0.885921564504258
129627,67465,62162,0.616290164325442,0.540465850324531,0.665858429777201,34.5436363636364,13.5763636363636,51.88,0.82,36.3672727272727,0.107272727272727,15.7145454545455,0.245454545454545,46.7454545454545,-0.101694943360053,1.86411956497045,0.869993157534607,0.796035891254855,0.885925562486858
129538,67459,62079,0.616255848828629,0.540488766664997,0.665762935206515,34.5418181818182,13.5872727272727,51.8709090909091,0.82,36.3727272727273,0.103636363636364,15.6836363636364,0.252727272727273,46.7672727272727,-0.102680938088452,1.85573696237142,0.869986314348879,0.796065837013248,0.885940621823408
129484,67471,62013,0.616178943848552,0.540476904688974,0.665836387289081,34.5418181818182,13.58,51.8781818181818,0.818181818181818,36.3872727272727,0.105454545454545,15.6490909090909,0.238181818181818,46.8018181818182,-0.0991059471191627,1.83758631777865,0.869933677229182,0.796090507430714,0.886026705919462
129413,67463,61950,0.616285657759368,0.540403103906599,0.665820931642587,34.5436363636364,13.5727272727273,51.8836363636364,0.816363636363636,36.3981818181818,0.107272727272727,15.6272727272727,0.229090909090909,46.8218181818182,-0.101600576038419,1.82289335686205,0.869993157534607,0.796115204286671,0.886003644519204
129469,67461,62008,0.616321456426014,0.540400192367831,0.665825391503629,34.5472727272727,13.5781818181818,51.8745454545455,0.816363636363636,36.4,0.114545454545455,15.6072727272727,0.2,46.8618181818182,-0.103547798094488,1.82042925954288,0.870006841745171,0.796063202999464,0.886053766079002
129601,67467,62134,0.616340389484728,0.540431585437327,0.665880235105614,34.5454545454545,13.5745454545455,51.88,0.816363636363636,36.4163636363636,0.1,15.5872727272727,0.183636363636364,46.8963636363636,-0.102536247139902,1.82910660940053,0.870052631578947,0.796008572193946,0.886065746127427
129642,67461,62181,0.616316152665921,0.540256067510192,0.665931065103128,34.5490909090909,13.5690909090909,51.8818181818182,0.814545454545455,36.4254545454545,0.101818181818182,15.5690909090909,0.170909090909091,46.9181818181818,-0.103823575522454,1.82798825874078,0.870013682770235,0.795658582339542,0.886069738917119
129571,67459,62112,0.616284328938293,0.540187002423771,0.66596878498834,34.5472727272727,13.56,51.8927272727273,0.816363636363636,36.4345454545455,0.103636363636364,15.5490909090909,0.161818181818182,46.9345454545455,-0.104985899913432,1.80564067980105,0.870006841745171,0.795789755966747,0.886093689779615
129525,67465,62060,0.616330848192069,0.540280789951872,0.6659379554548,34.5454545454545,13.5618181818182,51.8927272727273,0.812727272727273,36.4581818181818,0.0963636363636364,15.5254545454545,0.16,46.9472727272727,-0.104588768087243,1.79325431255539,0.870052631578947,0.795951199892747,0.886128727094356
129560,67461,62099,0.616288470622144,0.540237981365386,0.665871048127958,34.5490909090909,13.5581818181818,51.8927272727273,0.810909090909091,36.4690909090909,0.0963636363636364,15.5090909090909,0.152727272727273,46.9618181818182,-0.104469254547307,1.79097249752588,0.870013682770235,0.795896473112512,0.886058652464875
129624,67457,62167,0.616223011442342,0.540269224241224,0.665908515032395,34.5436363636364,13.56,51.8963636363636,0.809090909090909,36.4854545454545,0.0927272727272727,15.4872727272727,0.143636363636364,46.9818181818182,-0.104991761062146,1.7882189297583,0.869993157534607,0.795923840171628,0.886066636303122
129579,67463,62116,0.616360908274855,0.540206016389458,0.665855758490707,34.5472727272727,13.5527272727273,51.9,0.805454545454545,36.4945454545455,0.109090909090909,15.4527272727273,0.136363636363636,47.0018181818182,-0.104570607929649,1.77363813630813,0.870059470554181,0.79581432787765,0.886074619022596
129628,67459,62169,0.616352853652348,0.540160324550659,0.665937364891802,34.5472727272727,13.5436363636364,51.9090909090909,0.805454545454545,36.5018181818182,0.103636363636364,15.4472727272727,0.14,47.0018181818182,-0.105816603565472,1.76940823533064,0.870059470554181,0.795811518324607,0.886059544658494
129674,67463,62211,0.616293167649431,0.540184005488855,0.665928001471325,34.5436363636364,13.5509090909091,51.9054545454546,0.805454545454545,36.5163636363636,0.105454545454545,15.4236363636364,0.14,47.0090909090909,-0.105891392841956,1.76631036934612,0.870045791883783,0.796189453911177,0.88605156228107
129594,67453,62141,0.616324191858648,0.539987019244349,0.666003021123581,34.5454545454545,13.5418181818182,51.9127272727273,0.809090909090909,36.5254545454545,0.0963636363636364,15.4181818181818,0.123636363636364,47.0272727272727,-0.1068541093277,1.75501821201972,0.870052631578947,0.795515574650913,0.886102549733819
129603,67443,62160,0.616232759698929,0.540196093340259,0.665959366085919,34.5436363636364,13.5563636363636,51.9,0.807272727272727,36.5236363636364,0.107272727272727,15.4090909090909,0.12,47.0327272727273,-0.108949084568568,1.74723613909446,0.869993157534607,0.795734978540773,0.886074619022596
129689,67459,62230,0.616390514492569,0.540132891628741,0.665975309048318,34.5509090909091,13.5454545454545,51.9036363636364,0.809090909090909,36.5309090909091,0.112727272727273,15.3945454545455,0.105454545454545,47.0472727272727,-0.106110888915877,1.7417274759532,0.870073146345314,0.796107382550336,0.886047570672925
129695,67475,62220,0.616308577125202,0.540152719539678,0.665940144838489,34.5527272727273,13.5418181818182,51.9054545454546,0.807272727272727,36.54,0.107272727272727,15.3872727272727,0.114545454545455,47.0436363636364,-0.104644000352445,1.73634897393005,0.870027362660493,0.796321160042965,0.886086591004624
129639,67465,62174,0.616274024796638,0.540071632508723,0.66589270548833,34.5509090909091,13.5454545454545,51.9036363636364,0.807272727272727,36.5527272727273,0.1,15.3781818181818,0.107272727272727,47.0545454545455,-0.106885815830637,1.72118646306917,0.869967899805294,0.795973154362416,0.886117630574141
129602,67465,62137,0.616239879033048,0.54006864893285,0.665872239378138,34.5490909090909,13.5472727272727,51.9036363636364,0.807272727272727,36.5636363636364,0.1,15.3636363636364,0.110909090909091,47.0545454545455,-0.105008189279099,1.70620228261687,0.86996105673087,0.795866326667561,0.886117630574141
129559,67457,62102,0.616362903467088,0.539930975403402,0.665872272078332,34.5509090909091,13.5418181818182,51.9072727272727,0.807272727272727,36.5781818181818,0.0945454545454545,15.3545454545455,0.110909090909091,47.0545454545455,-0.104966902112938,1.6955094025682,0.870020523075304,0.795515574650913,0.886090581106168
129499,67457,62042,0.616427389015112,0.539805567452363,0.665923624253797,34.5527272727273,13.54,51.9072727272727,0.805454545454545,36.5872727272727,0.0963636363636364,15.34,0.114545454545455,47.0563636363636,-0.105450553810012,1.68734286138788,0.870027362660493,0.79535383375856,0.886125608602753
129670,67449,62221,0.616494457835709,0.539935075293878,0.66597844770051,34.5545454545455,13.54,51.9054545454546,0.807272727272727,36.5963636363636,0.0909090909090909,15.3327272727273,0.1,47.0727272727273,-0.10829223843175,1.69605077837848,0.870034201525914,0.795622398281187,0.886086591004624
129626,67461,62165,0.616403181211081,0.539954615547324,0.665925982170345,34.5563636363636,13.5381818181818,51.9054545454546,0.807272727272727,36.5854545454546,0.112727272727273,15.3236363636364,0.101818181818182,47.0690909090909,-0.104922834360729,1.679433542617,0.870041039671683,0.795729250604351,0.88605156228107
129524,67447,62077,0.61626957501781,0.540038704209516,0.66586244849148,34.5563636363636,13.5363636363636,51.9072727272727,0.809090909090909,36.5836363636364,0.105454545454545,15.3218181818182,0.101818181818182,47.0781818181818,-0.108936719487114,1.67373326772147,0.869935809744291,0.79597044996642,0.886020526112999
129501,67445,62056,0.616205202323357,0.540105389631359,0.665741983105003,34.5509090909091,13.5418181818182,51.9072727272727,0.805454545454545,36.5945454545455,0.0963636363636364,15.3127272727273,0.112727272727273,47.0781818181818,-0.109269122195176,1.66302254051817,0.869915276535284,0.796052631578947,0.885985498616414
129469,67439,62030,0.616291619279982,0.540129288709711,0.665700190182395,34.5490909090909,13.5436363636364,51.9072727272727,0.809090909090909,36.5981818181818,0.0927272727272727,15.3036363636364,0.101818181818182,47.0945454545455,-0.11112265384211,1.65734439896928,0.86996105673087,0.796080010739697,0.885950471119829
129498,67437,62061,0.616272416337458,0.539938513214279,0.665705211832828,34.5418181818182,13.5472727272727,51.9109090909091,0.805454545454545,36.6090909090909,0.0981818181818182,15.2945454545455,0.0945454545454545,47.0981818181818,-0.108088043203249,1.64781193432229,0.869986314348879,0.795329485975037,0.885958460299114
129594,67437,62157,0.616243254990746,0.539860241702663,0.665791257661356,34.5490909090909,13.5490909090909,51.9018181818182,0.803636363636364,36.62,0.0872727272727273,15.2909090909091,0.0945454545454545,47.1036363636364,-0.108549062185656,1.65120817267082,0.869908430691506,0.795222758990875,0.886043578785119
129532,67441,62091,0.616315422019192,0.539944228284242,0.66578110200894,34.5509090909091,13.5454545454545,51.9036363636364,0.805454545454545,36.6254545454546,0.0945454545454545,15.2763636363636,0.0927272727272727,47.1054545454545,-0.110275052085159,1.63936366822401,0.869967899805294,0.795570469798658,0.886082600623533
129446,67445,62001,0.616237995239207,0.539950136928283,0.66572061764166,34.5436363636364,13.5509090909091,51.9054545454546,0.805454545454545,36.6327272727273,0.0927272727272727,15.2672727272727,0.0927272727272727,47.1090909090909,-0.107377461159591,1.62001018230803,0.869993157534607,0.795652757278948,0.88605156228107
129505,67441,62064,0.616315598421464,0.539908253936001,0.665752218326621,34.5509090909091,13.5490909090909,51.9,0.805454545454545,36.6236363636364,0.0945454545454545,15.2636363636364,0.0963636363636364,47.1163636363636,-0.108985628574473,1.61914368318817,0.869967899805294,0.795759527643586,0.886039586617621
129549,67427,62122,0.616187703257394,0.540034731175356,0.665837346308876,34.54,13.56,51.9,0.801818181818182,36.6327272727273,0.0909090909090909,15.24,0.0963636363636364,47.1381818181818,-0.112429385701861,1.61911867752417,0.869926830552192,0.795521587556986,0.886039586617621
129437,67431,62006,0.616219708110245,0.539939686864201,0.665828550959105,34.5436363636364,13.5490909090909,51.9072727272727,0.801818181818182,36.6327272727273,0.107272727272727,15.2109090909091,0.1,47.1472727272727,-0.111989276093928,1.59600015269084,0.869940523185431,0.795356951154053,0.886090581106168
129433,67439,61994,0.616218007456913,0.540004338152351,0.665752223743947,34.5418181818182,13.5472727272727,51.9109090909091,0.801818181818182,36.6418181818182,0.0963636363636364,15.1963636363636,0.0927272727272727,47.1709090909091,-0.111825740257733,1.59784648881971,0.869933677229182,0.79573211649443,0.886063535427831
129340,67439,61901,0.616121048741985,0.539828397025443,0.665644423774513,34.5490909090909,13.54,51.9109090909091,0.801818181818182,36.64,0.1,15.1636363636364,0.0981818181818182,47.1963636363636,-0.109920202647018,1.58109173933891,0.869855804652142,0.795488116019874,0.886063535427831
129458,67427,62031,0.616188859363114,0.539798515849102,0.665620877126063,34.5418181818182,13.5472727272727,51.9109090909091,0.8,36.6454545454545,0.0945454545454545,15.1581818181818,0.0890909090909091,47.2127272727273,-0.112397373524569,1.58685179329477,0.869881040109485,0.795463696148168,0.88599348534202
129573,67423,62150,0.616218689111942,0.539918201641946,0.665763754424286,34.5436363636364,13.5472727272727,51.9090909090909,0.798181818181818,36.6490909090909,0.0981818181818182,15.1454545454545,0.08,47.2290909090909,-0.114493489577382,1.59488840430382,0.869887888836255,0.79573211649443,0.886024518388792
129575,67433,62142,0.616174058728193,0.539667718600743,0.665752225889027,34.5509090909091,13.5381818181818,51.9109090909091,0.796363636363636,36.6545454545455,0.101818181818182,15.1290909090909,0.0745454545454545,47.2436363636364,-0.111921156225832,1.58567249028605,0.869862653265274,0.795326349717969,0.886028510384925
129782,67437,62345,0.616191449494621,0.539795748122254,0.665756184982658,34.5490909090909,13.5454545454545,51.9054545454546,0.796363636363636,36.6509090909091,0.103636363636364,15.1109090909091,0.0818181818181818,47.2563636363636,-0.109184292567873,1.59492922767319,0.869855804652142,0.795436241610738,0.885981504833964
129783,67431,62352,0.616134284397455,0.53998961984918,0.665797747383935,34.5418181818182,13.5563636363636,51.9018181818182,0.796363636363636,36.6472727272727,0.105454545454545,15.0927272727273,0.0854545454545454,47.2727272727273,-0.112470767162581,1.58837495965206,0.869828402989788,0.795600858369099,0.886008547607371
129691,67423,62268,0.616147228473755,0.539921276818819,0.665798082401281,34.5363636363636,13.5618181818182,51.9018181818182,0.798181818181818,36.6581818181818,0.0981818181818182,15.0636363636364,0.0909090909090909,47.2909090909091,-0.114316695549695,1.5804638535758,0.869860489602527,0.795414934977879,0.886043578785119
129721,67423,62298,0.616064382856507,0.53997113356054,0.665813592570974,34.5381818181818,13.5581818181818,51.9036363636364,0.798181818181818,36.6636363636364,0.101818181818182,15.0436363636364,0.0872727272727273,47.3054545454546,-0.114223267992863,1.57370731202801,0.869814697831122,0.79562826874078,0.886012540722318
129753,67421,62332,0.616081588990346,0.539897577868604,0.665772002766871,34.5472727272727,13.5472727272727,51.9054545454546,0.798181818181818,36.6672727272727,0.101818181818182,15.0236363636364,0.0909090909090909,47.3181818181818,-0.115010748265195,1.56972917325117,0.869796326509131,0.79573211649443,0.885981504833964
129773,67429,62344,0.616115908370289,0.539987151387093,0.66578124856607,34.5381818181818,13.5545454545455,51.9072727272727,0.794545454545455,36.6672727272727,0.0981818181818182,15.0109090909091,0.0927272727272727,47.3363636363636,-0.114470825783527,1.56390226082876,0.869867340492735,0.795841716968477,0.885985498616414
129778,67429,62349,0.616242187967337,0.539885009368436,0.665822640747999,34.5490909090909,13.5418181818182,51.9090909090909,0.790909090909091,36.6818181818182,0.0981818181818182,14.9836363636364,0.0909090909090909,47.3545454545455,-0.117749136220135,1.55673746009442,0.869908430691506,0.796186895810956,0.885989492119089
129912,67433,62479,0.616295174842945,0.539893250727522,0.665902238627212,34.5490909090909,13.5490909090909,51.9018181818182,0.787272727272727,36.7,0.0890909090909091,14.9618181818182,0.0909090909090909,47.3709090909091,-0.117256079601992,1.56668610454283,0.86996105673087,0.795893719806763,0.886043578785119
129778,67431,62347,0.616229564230788,0.539665506345414,0.665781306057136,34.5527272727273,13.54,51.9072727272727,0.789090909090909,36.6981818181818,0.0872727272727273,14.9490909090909,0.0927272727272727,47.3836363636364,-0.114041888139168,1.55076297499578,0.869869501157651,0.795622398281187,0.886020526112999
129683,67439,62244,0.616176919155669,0.539808366781752,0.665727279849823,34.5436363636364,13.5490909090909,51.9072727272727,0.789090909090909,36.7,0.0909090909090909,14.9345454545455,0.0854545454545454,47.4,-0.112715510413876,1.5388700128279,0.869887888836255,0.795625335480408,0.886090581106168
129810,67435,62375,0.616250804329376,0.539672183221587,0.665785152552691,34.5381818181818,13.5454545454545,51.9163636363636,0.787272727272727,36.7127272727273,0.0909090909090909,14.9054545454545,0.0927272727272727,47.4109090909091,-0.112753524903515,1.53610147037543,0.869972625815961,0.795436241610738,0.886005463332633
129761,67441,62320,0.616249454270471,0.539703234217152,0.665775180637558,34.5418181818182,13.5472727272727,51.9109090909091,0.787272727272727,36.7163636363636,0.0872727272727273,14.88,0.0909090909090909,47.4381818181818,-0.113210480247984,1.53191547916186,0.869986314348879,0.795597906321299,0.886028510384925
129614,67423,62191,0.616190814649399,0.539532838589303,0.665684535705255,34.54,13.5490909090909,51.9109090909091,0.783636363636364,36.7127272727273,0.0981818181818182,14.8654545454545,0.0781818181818182,47.4618181818182,-0.116494972346382,1.51511384915899,0.869926830552192,0.795222758990875,0.88599348534202
129653,67433,62220,0.616195145812472,0.539668234175698,0.66573273046838,34.5436363636364,13.5454545454545,51.9109090909091,0.783636363636364,36.7163636363636,0.0927272727272727,14.8490909090909,0.08,47.4781818181818,-0.117684181782798,1.51732432868501,0.869940523185431,0.795704697986577,0.886028510384925
129728,67427,62301,0.61623771217597,0.539808566622714,0.665766271745088,34.5345454545455,13.5472727272727,51.9181818181818,0.781818181818182,36.7163636363636,0.0963636363636364,14.8272727272727,0.0872727272727273,47.4909090909091,-0.118987921289623,1.51178973128765,0.869958934400337,0.796000536840692,0.885974435300298
129781,67417,62364,0.616285099308162,0.539831800507813,0.665777730182057,34.5363636363636,13.5509090909091,51.9127272727273,0.778181818181818,36.7218181818182,0.0945454545454545,14.8036363636364,0.0872727272727273,47.5145454545455,-0.121512558621047,1.51221656047062,0.869965780468544,0.795786931437005,0.885997478285234
129819,67419,62400,0.616149906587129,0.539875111967412,0.665754837068501,34.5290909090909,13.56,51.9109090909091,0.78,36.7181818181818,0.101818181818182,14.7745454545455,0.0890909090909091,47.5363636363636,-0.118955146842266,1.50246782306666,0.869938391869833,0.795789755966747,0.885958460299114
130009,67417,62592,0.616274775809545,0.53971829635045,0.665867902755348,34.5327272727273,13.5527272727273,51.9145454545455,0.781818181818182,36.7218181818182,0.0872727272727273,14.7654545454545,0.0854545454545454,47.5581818181818,-0.11844084185908,1.50895501438274,0.869952087611225,0.795546015562114,0.885966448359192
129863,67409,62454,0.616136956784221,0.539692087037754,0.6658923952994,34.5327272727273,13.5418181818182,51.9254545454545,0.778181818181818,36.7218181818182,0.0981818181818182,14.7345454545455,0.0872727272727273,47.58,-0.121512528870054,1.49724807539447,0.869846785657874,0.79578410311493,0.885990405826535
129917,67417,62500,0.616122770744088,0.539766772350613,0.66586317044364,34.5345454545455,13.5418181818182,51.9236363636364,0.778181818181818,36.72,0.0927272727272727,14.7254545454545,0.0836363636363636,47.6,-0.121269124808499,1.49390500975688,0.869853637990945,0.796052631578947,0.885986413614399
130090,67433,62657,0.616238068902087,0.539753894716689,0.66596667524175,34.5309090909091,13.5527272727273,51.9163636363636,0.778181818181818,36.7145454545455,0.0981818181818182,14.7072727272727,0.0818181818181818,47.62,-0.119094825456109,1.50242388644256,0.869997893850042,0.796082640193185,0.886005463332633
129902,67441,62461,0.616135705828717,0.539706693278988,0.665882850019623,34.5309090909091,13.5509090909091,51.9181818181818,0.778181818181818,36.7127272727273,0.0945454545454545,14.7036363636364,0.0818181818181818,47.6290909090909,-0.116259576673672,1.48310191615231,0.869945240101095,0.795921105595062,0.886079495710033
129713,67435,62278,0.616171498321768,0.539804632989162,0.665772294277307,34.5418181818182,13.5436363636364,51.9145454545455,0.776363636363636,36.7072727272727,0.0963636363636364,14.6909090909091,0.0836363636363636,47.6454545454545,-0.119029795770819,1.45426010124555,0.869933677229182,0.796214256947241,0.886071516127902
129839,67423,62416,0.61616717680512,0.539801533482541,0.665785746800367,34.5363636363636,13.5509090909091,51.9127272727273,0.776363636363636,36.7163636363636,0.0854545454545454,14.68,0.0763636363636364,47.6654545454545,-0.120855428637217,1.46012172898786,0.869913135035536,0.795921105595062,0.886032502101429
129801,67417,62384,0.616172157939892,0.539617994557261,0.665693484451473,34.5327272727273,13.5472727272727,51.92,0.776363636363636,36.7145454545455,0.0781818181818182,14.6781818181818,0.0727272727272727,47.68,-0.120031890638017,1.4560177881567,0.869952087611225,0.79573211649443,0.885908390530887
129733,67429,62304,0.616132138044697,0.53951714807278,0.665670050291709,34.5290909090909,13.5436363636364,51.9272727272727,0.776363636363636,36.7090909090909,0.0854545454545454,14.6454545454545,0.0854545454545454,47.6981818181818,-0.117617957844248,1.4484107284976,0.869938391869833,0.795811518324607,0.885959383753501
129794,67417,62377,0.616039871461937,0.539711149910724,0.665658710826825,34.5290909090909,13.5581818181818,51.9127272727273,0.776363636363636,36.7036363636364,0.08,14.6418181818182,0.0818181818181818,47.7163636363636,-0.121814216277298,1.44559470616196,0.869885735348323,0.795896473112512,0.885997478285234
129854,67417,62437,0.616106328510339,0.539732014147502,0.665805988465188,34.5272727272727,13.5545454545455,51.9181818181818,0.774545454545455,36.7,0.0854545454545454,14.62,0.0854545454545454,47.7345454545455,-0.125033062438425,1.4455679433251,0.869931542917325,0.796244131455399,0.886009455436876
130062,67417,62645,0.616091656143667,0.539549756265805,0.665969230513615,34.5309090909091,13.5472727272727,51.9218181818182,0.769090909090909,36.7018181818182,0.0872727272727273,14.5981818181818,0.0854545454545454,47.7581818181818,-0.122873972752264,1.44836455221732,0.869892586352148,0.79573211649443,0.886017438806597
129805,67425,62380,0.61602400474532,0.539472784901298,0.665750100278852,34.5418181818182,13.54,51.9181818181818,0.770909090909091,36.7018181818182,0.0927272727272727,14.5781818181818,0.0745454545454545,47.7818181818182,-0.117657020530103,1.42686737771146,0.869775765870092,0.7957566805425,0.886009455436876
129723,67429,62294,0.616164346824285,0.539696430168916,0.665666786626804,34.5327272727273,13.5472727272727,51.92,0.769090909090909,36.7036363636364,0.0854545454545454,14.5781818181818,0.0672727272727273,47.7963636363636,-0.120340077848364,1.40894763941284,0.869952087611225,0.796134747013824,0.886048466171733
129694,67429,62265,0.616200844488282,0.539722088704297,0.665663088648643,34.5309090909091,13.5472727272727,51.9218181818182,0.769090909090909,36.6927272727273,0.0909090909090909,14.5654545454545,0.0636363636363636,47.8181818181818,-0.121158617216927,1.39806507841091,0.869997893850042,0.796134747013824,0.886052456490528
129838,67423,62415,0.616188012675615,0.539534875956597,0.665765458877019,34.5290909090909,13.5345454545455,51.9363636363636,0.763636363636364,36.6890909090909,0.1,14.5472727272727,0.0727272727272727,47.8272727272727,-0.123599017372842,1.40446429975246,0.869991048391343,0.796077377753896,0.885979345352704
129839,67427,62412,0.616066212411659,0.539422967391432,0.665813340795729,34.5309090909091,13.5418181818182,51.9272727272727,0.765454545454545,36.6763636363636,0.0909090909090909,14.5509090909091,0.08,47.8363636363636,-0.122241126430824,1.40409327557056,0.869945240101095,0.79578410311493,0.886029411764706
129894,67423,62471,0.616076831652398,0.539559801295263,0.66582368420837,34.5381818181818,13.5418181818182,51.92,0.765454545454545,36.6672727272727,0.0854545454545454,14.5454545454545,0.0763636363636364,47.86,-0.125666648979346,1.40271053469994,0.869919983154348,0.796052631578947,0.886048466171733
130152,67419,62733,0.616002732111098,0.539486186722945,0.665915052551025,34.5272727272727,13.5581818181818,51.9145454545455,0.765454545454545,36.6636363636364,0.08,14.54,0.0727272727272727,47.8781818181818,-0.122857968044131,1.4109584027986,0.869878883622959,0.795494166554915,0.886036493538332
130167,67411,62756,0.616060031256209,0.539626123402348,0.665822038832896,34.5290909090909,13.56,51.9109090909091,0.763636363636364,36.66,0.0890909090909091,14.52,0.0763636363636364,47.8909090909091,-0.125920674441295,1.40154202699831,0.869885735348323,0.796057924376508,0.885958460299114
130028,67405,62623,0.616031062241892,0.53952090313677,0.665732658841525,34.5254545454545,13.56,51.9145454545455,0.763636363636364,36.6618181818182,0.0818181818181818,14.5054545454545,0.0818181818181818,47.9054545454546,-0.126747517718336,1.39038063422353,0.869924693243457,0.795789755966747,0.885931425769621
130058,67399,62659,0.616068926094184,0.539391921824715,0.665876731618937,34.5254545454545,13.5509090909091,51.9236363636364,0.763636363636364,36.6563636363636,0.0818181818181818,14.5090909090909,0.0654545454545455,47.9236363636364,-0.131380009804971,1.39349064512856,0.86997735531097,0.795518583120891,0.885951397156664
130022,67409,62613,0.616183521050918,0.539302134348689,0.665901051571223,34.5363636363636,13.5418181818182,51.9218181818182,0.765454545454545,36.6345454545455,0.0836363636363636,14.5109090909091,0.0745454545454545,47.9309090909091,-0.129762790464553,1.38223249453797,0.870071071334562,0.795381310418904,0.885982421122667
129983,67417,62566,0.616216822328062,0.539432113018444,0.665752462311763,34.5418181818182,13.5309090909091,51.9272727272727,0.765454545454545,36.6254545454546,0.0890909090909091,14.4981818181818,0.0763636363636364,47.9454545454546,-0.124461409745312,1.37742295439609,0.869986314348879,0.796156947057243,0.885924369747899
129860,67417,62443,0.61604606642467,0.539629241093008,0.665662826137524,34.5436363636364,13.5363636363636,51.92,0.763636363636364,36.6254545454546,0.0854545454545454,14.4890909090909,0.0745454545454545,47.9618181818182,-0.124906321704475,1.35946360928938,0.869887888836255,0.796507723304231,0.885943409441098
129877,67423,62454,0.61586485307468,0.53946221633882,0.665765202320667,34.5381818181818,13.5454545454545,51.9163636363636,0.761818181818182,36.6309090909091,0.0763636363636364,14.4727272727273,0.0709090909090909,47.9872727272727,-0.123999251937957,1.35078466054983,0.869814697831122,0.796107382550336,0.886005463332633
129888,67419,62469,0.615902309233308,0.539321638687738,0.665794676370976,34.5381818181818,13.5509090909091,51.9109090909091,0.761818181818182,36.6272727272727,0.0763636363636364,14.4618181818182,0.0745454545454545,47.9981818181818,-0.125964153578124,1.34000798633153,0.869867340492735,0.795652757278948,0.886063535427831
129951,67417,62534,0.615985739561842,0.539246746358587,0.665724421113552,34.5418181818182,13.5290909090909,51.9290909090909,0.761818181818182,36.6272727272727,0.0763636363636364,14.4490909090909,0.0745454545454545,48.0109090909091,-0.126253417356202,1.32721398035911,0.869881040109485,0.796129552479505,0.885928363852806
130066,67415,62651,0.616161773129241,0.539403548048266,0.665726141917206,34.5418181818182,13.5381818181818,51.92,0.76,36.6218181818182,0.0854545454545454,14.4472727272727,0.0709090909090909,48.0145454545455,-0.128203165321016,1.33709459644319,0.869986314348879,0.796266451786194,0.885908390530887
130046,67413,62633,0.616204983501196,0.539416520137486,0.665807753856223,34.5363636363636,13.5527272727273,51.9109090909091,0.756363636363636,36.6272727272727,0.0745454545454545,14.4436363636364,0.0745454545454545,48.0236363636364,-0.131992756914604,1.33096167254262,0.870071071334562,0.79581432787765,0.886063535427831
130104,67411,62693,0.616071980762292,0.539376183201812,0.665831786410041,34.5381818181818,13.5454545454545,51.9163636363636,0.756363636363636,36.6309090909091,0.0709090909090909,14.4436363636364,0.0745454545454545,48.0236363636364,-0.133465403107667,1.33386848990975,0.869972625815961,0.795973154362416,0.886040484695664
130161,67393,62768,0.616096976262754,0.539429305057374,0.665858943737369,34.5327272727273,13.56,51.9072727272727,0.754545454545455,36.6327272727273,0.0745454545454545,14.4290909090909,0.08,48.0290909090909,-0.135089890652439,1.3254494055513,0.869952087611225,0.795789755966747,0.886020526112999
130174,67391,62783,0.616076369781447,0.539333465579098,0.66591284642602,34.5381818181818,13.5490909090909,51.9127272727273,0.754545454545455,36.6309090909091,0.0672727272727273,14.4309090909091,0.0781818181818182,48.0381818181818,-0.135585832495946,1.31854855941863,0.869919983154348,0.795625335480408,0.885997478285234
130159,67397,62762,0.616139202668711,0.539192556987323,0.665930129812557,34.5454545454545,13.5381818181818,51.9163636363636,0.756363636363636,36.6272727272727,0.0763636363636364,14.4127272727273,0.0872727272727273,48.04,-0.134070227035144,1.31255112361925,0.869947368421053,0.795594950308891,0.885970441969602
130147,67393,62754,0.61637066270395,0.539043704587131,0.665859256460393,34.5490909090909,13.5345454545455,51.9163636363636,0.754545454545455,36.6290909090909,0.0763636363636364,14.3981818181818,0.0781818181818182,48.0636363636364,-0.136011921478017,1.31295469677584,0.870118934848963,0.79540569586244,0.88593542060657
130042,67395,62647,0.616255835353386,0.539145672276075,0.66571594696374,34.5436363636364,13.5363636363636,51.92,0.754545454545455,36.6345454545455,0.0727272727272727,14.4018181818182,0.0636363636363636,48.0727272727273,-0.133557294315225,1.29481286679564,0.87009842623296,0.795567494963062,0.885908390530887
130060,67397,62663,0.616187267237998,0.539248268802671,0.665685771946323,34.5490909090909,13.5363636363636,51.9145454545455,0.752727272727273,36.6436363636364,0.0763636363636364,14.3818181818182,0.0745454545454545,48.0709090909091,-0.133289578283042,1.28836890763857,0.86996105673087,0.79597044996642,0.885931425769621
129886,67391,62495,0.616187677327666,0.539078536371997,0.665671971192645,34.5545454545455,13.5181818181818,51.9272727272727,0.756363636363636,36.64,0.0836363636363636,14.3745454545455,0.0690909090909091,48.0763636363636,-0.135024312063086,1.26895407913253,0.869928966061563,0.79609952925353,0.885924369747899
129941,67405,62536,0.616071217815214,0.538904703844387,0.66581831665863,34.5490909090909,13.5127272727273,51.9381818181818,0.754545454545455,36.6563636363636,0.0745454545454545,14.3581818181818,0.0654545454545455,48.0909090909091,-0.131173591295638,1.27139452276751,0.869855804652142,0.795748116254037,0.886018343485262
129972,67401,62571,0.616075259470517,0.538925890750194,0.665748915266002,34.5490909090909,13.5109090909091,51.94,0.756363636363636,36.6672727272727,0.0690909090909091,14.3490909090909,0.0545454545454545,48.1036363636364,-0.133313795158558,1.26624356985558,0.869908430691506,0.795720629794106,0.885917317184164
129928,67391,62537,0.616055264125226,0.53910500930009,0.665667927709664,34.5490909090909,13.5272727272727,51.9236363636364,0.756363636363636,36.6618181818182,0.0781818181818182,14.3472727272727,0.0527272727272727,48.1036363636364,-0.135688627098848,1.25310458991338,0.869908430691506,0.795698924731183,0.885986413614399
129916,67387,62529,0.6160834792956,0.539088139070248,0.665678054304196,34.5527272727273,13.5345454545455,51.9127272727273,0.752727272727273,36.6672727272727,0.0727272727272727,14.3309090909091,0.06,48.1163636363636,-0.137189159556213,1.2438966591525,0.869922121658598,0.795540032240731,0.886032502101429
130134,67381,62753,0.616064114299404,0.538962828678241,0.665708007591333,34.5581818181818,13.5345454545455,51.9072727272727,0.747272727272727,36.6818181818182,0.0709090909090909,14.3309090909091,0.0472727272727273,48.1218181818182,-0.138204972492266,1.2509979667269,0.86989004051139,0.795271359484148,0.885985498616414
130254,67397,62857,0.616294526599353,0.538994655103318,0.665734772306894,34.5618181818182,13.5163636363636,51.9218181818182,0.745454545454545,36.6927272727273,0.0672727272727273,14.3127272727273,0.0527272727272727,48.1290909090909,-0.136282746421255,1.25519852224229,0.870008943132201,0.795937584073177,0.885912385754806
130213,67387,62826,0.616423770794693,0.539110289581678,0.66572609932917,34.5618181818182,13.5145454545455,51.9236363636364,0.747272727272727,36.7036363636364,0.0672727272727273,14.2890909090909,0.0545454545454545,48.1381818181818,-0.14145802012486,1.24434266815766,0.870114156452207,0.795910130499126,0.885916380698929
130266,67387,62879,0.616484994551174,0.539031159169071,0.665712183491488,34.5690909090909,13.5145454545455,51.9163636363636,0.745454545454545,36.7145454545455,0.0672727272727273,14.2654545454545,0.0563636363636364,48.1509090909091,-0.137396857275929,1.23836429132022,0.870036290958818,0.796044665680075,0.88593542060657
130116,67385,62731,0.616286124877234,0.538966436681148,0.665656534674519,34.5636363636364,13.5127272727273,51.9236363636364,0.741818181818182,36.7218181818182,0.0618181818181818,14.2654545454545,0.0509090909090909,48.1581818181818,-0.138791294956635,1.2225352185101,0.869963177275118,0.795882669537137,0.885951397156664
130136,67401,62735,0.616125861319094,0.539149872706002,0.665602228330847,34.5654545454545,13.5145454545455,51.92,0.741818181818182,36.7272727272727,0.0672727272727273,14.2563636363636,0.0527272727272727,48.1545454545455,-0.134815347650279,1.21340264829553,0.869917416232707,0.796179200861025,0.885943409441098
130199,67395,62804,0.616125129178259,0.538886448421175,0.66564528019865,34.5654545454545,13.5109090909091,51.9236363636364,0.738181818181818,36.7254545454545,0.0618181818181818,14.2545454545455,0.0545454545454545,48.1654545454545,-0.134149483793259,1.21773121170488,0.869917416232707,0.795855201184228,0.885916380698929
130090,67391,62699,0.616261384715458,0.538940093090803,0.665600798116877,34.56,13.5127272727273,51.9272727272727,0.734545454545455,36.7272727272727,0.0654545454545455,14.2290909090909,0.0636363636363636,48.18,-0.137777557449392,1.19791953568347,0.870002104377104,0.796151776103337,0.885924369747899
130101,67377,62724,0.616221789142938,0.538818548859008,0.665596608557695,34.5545454545455,13.5072727272727,51.9381818181818,0.734545454545455,36.7309090909091,0.0545454545454545,14.2272727272727,0.0672727272727273,48.1854545454545,-0.142585613190816,1.19298017811115,0.870034201525914,0.796204065150087,0.885843310228943
130020,67393,62627,0.616124835439978,0.538862908912549,0.665617054791164,34.5618181818182,13.5054545454545,51.9327272727273,0.738181818181818,36.7181818181818,0.0581818181818182,14.2145454545455,0.0672727272727273,48.2036363636364,-0.137783823800286,1.17465145285665,0.870008943132201,0.796042003231018,0.885971361551658
130029,67393,62636,0.616317019139945,0.538563387510696,0.665644556743822,34.5745454545455,13.4854545454545,51.94,0.738181818181818,36.7127272727273,0.0563636363636364,14.2163636363636,0.06,48.2163636363636,-0.136125884683233,1.164205543191,0.870004206983593,0.795739517325064,0.885987328035846
130237,67395,62842,0.616468427012521,0.538568584059619,0.665613421802028,34.5818181818182,13.4854545454545,51.9327272727273,0.736363636363636,36.7109090909091,0.0618181818181818,14.2018181818182,0.0581818181818182,48.2309090909091,-0.139352041090817,1.17046312946107,0.870084121976866,0.796009168127275,0.885901340895564
130177,67397,62780,0.616410134146667,0.538595438625863,0.665652004315112,34.58,13.4927272727273,51.9272727272727,0.732727272727273,36.72,0.0563636363636364,14.2018181818182,0.0472727272727273,48.2418181818182,-0.13712972388454,1.15744672379118,0.870024712129975,0.795580110497238,0.885994397759104
130300,67409,62891,0.616207601086594,0.538910573909894,0.665649392660929,34.5636363636364,13.5036363636364,51.9327272727273,0.727272727272727,36.7163636363636,0.0654545454545455,14.1818181818182,0.06,48.2490909090909,-0.137505965387953,1.15844794343945,0.870015781167806,0.796149185404605,0.885971361551658
130238,67399,62839,0.616152866477112,0.53901231088919,0.66555038388697,34.5636363636364,13.5072727272727,51.9290909090909,0.727272727272727,36.7127272727273,0.0636363636363636,14.1836363636364,0.0454545454545455,48.2672727272727,-0.140129986764375,1.14567795616617,0.869963177275118,0.796338672768879,0.885963376632471
130156,67395,62761,0.616177157747121,0.538799172293023,0.66554049921945,34.56,13.5018181818182,51.9381818181818,0.727272727272727,36.6981818181818,0.0636363636363636,14.18,0.0545454545454545,48.2763636363636,-0.13896892153273,1.13479222205722,0.870002104377104,0.796121734446539,0.885913323531471
130186,67385,62801,0.616174935339273,0.538624763228346,0.665565124797393,34.5545454545455,13.5054545454545,51.94,0.730909090909091,36.6963636363636,0.0581818181818182,14.1727272727273,0.0636363636363636,48.2781818181818,-0.141999019211289,1.13494757958053,0.870034201525914,0.795907377490576,0.885882311758323
130306,67397,62909,0.615996057841238,0.538958457909132,0.665641800470726,34.5527272727273,13.5254545454545,51.9218181818182,0.729090909090909,36.6963636363636,0.06,14.1690909090909,0.0509090909090909,48.2945454545455,-0.142448979564671,1.13681732183216,0.869974742159545,0.79607474122866,0.886017438806597
130319,67395,62924,0.61607536518883,0.538865981484193,0.665600486095286,34.5581818181818,13.5236363636364,51.9181818181818,0.727272727272727,36.6872727272727,0.0618181818181818,14.1618181818182,0.0581818181818182,48.3036363636364,-0.142630886738268,1.12853339125445,0.869942652706897,0.7959128798064,0.886009455436876
130135,67379,62756,0.616032123015535,0.538526022733584,0.665498528849927,34.5672727272727,13.5036363636364,51.9290909090909,0.729090909090909,36.6818181818182,0.0618181818181818,14.1509090909091,0.06,48.3163636363636,-0.145797973446447,1.09821258308895,0.869924258363139,0.795610609936717,0.885928363852806
130247,67383,62864,0.616117366600314,0.538609596036261,0.66554044869025,34.56,13.5163636363636,51.9236363636364,0.723636363636364,36.6818181818182,0.0545454545454545,14.1636363636364,0.0490909090909091,48.3272727272727,-0.144153436333297,1.10044346597067,0.869949494949495,0.795803066989508,0.885916380698929
130283,67395,62888,0.616036384660703,0.538896112610676,0.665449766811475,34.5545454545455,13.5163636363636,51.9290909090909,0.723636363636364,36.6854545454545,0.0618181818181818,14.1509090909091,0.0509090909090909,48.3272727272727,-0.140885254434,1.09383463377175,0.869928966061563,0.796206618240517,0.885893351073142
130503,67405,63098,0.616061626767827,0.538617284678448,0.665745842414865,34.5618181818182,13.5072727272727,51.9309090909091,0.72,36.7036363636364,0.0563636363636364,14.1490909090909,0.0472727272727273,48.3236363636364,-0.135660465716269,1.10559226473455,0.869956336472197,0.795531027056131,0.886002380785659
130339,67395,62944,0.616217518261453,0.53871766893885,0.665602845089789,34.5618181818182,13.5,51.9381818181818,0.721818181818182,36.7018181818182,0.0563636363636364,14.1454545454545,0.0436363636363636,48.3309090909091,-0.145216254663749,1.0891511612921,0.870114156452207,0.796228956228956,0.885913323531471
130216,67399,62817,0.616039395772651,0.538623955693914,0.665519092605802,34.5618181818182,13.5,51.9381818181818,0.723636363636364,36.7054545454545,0.0509090909090909,14.1436363636364,0.0381818181818182,48.3381818181818,-0.1392606520303,1.06764887248759,0.869956336472197,0.795959595959596,0.885948330182735
130320,67397,62923,0.616099884431487,0.538712707930601,0.665487464243712,34.5672727272727,13.5054545454545,51.9272727272727,0.721818181818182,36.7109090909091,0.0527272727272727,14.1363636363636,0.0472727272727273,48.3309090909091,-0.143100184343976,1.0669813296165,0.86997685672207,0.796176628971459,0.885959383753501
130380,67391,62989,0.61592950331652,0.538707390689737,0.66554115189982,34.5654545454545,13.5018181818182,51.9327272727273,0.72,36.7,0.0527272727272727,14.1418181818182,0.0509090909090909,48.3345454545455,-0.146732847085514,1.06749486216259,0.869917416232707,0.796256396444923,0.885936351223611
130382,67409,62973,0.616002265496878,0.538675355341287,0.665600812570187,34.5672727272727,13.4981818181818,51.9345454545455,0.72,36.7072727272727,0.0509090909090909,14.1327272727273,0.0472727272727273,48.3418181818182,-0.142095780358762,1.0666588373133,0.869924258363139,0.796470905172414,0.8860103626943
130332,67401,62931,0.616048759102617,0.538587768860292,0.665576393165513,34.5709090909091,13.4890909090909,51.94,0.723636363636364,36.7054545454545,0.0563636363636364,14.1181818181818,0.0490909090909091,48.3472727272727,-0.143884741657464,1.0498073235768,0.869990533291259,0.795929370535113,0.886022333461687
130200,67391,62809,0.61612626461846,0.538449121422052,0.665506633900438,34.5672727272727,13.4890909090909,51.9436363636364,0.723636363636364,36.7036363636364,0.0545454545454545,14.1254545454545,0.0436363636363636,48.3490909090909,-0.144799295991668,1.03340652558254,0.870029455081001,0.795525003369726,0.886030312576569
130193,67375,62818,0.61610284528164,0.538710028863079,0.665586221113037,34.5618181818182,13.4909090909091,51.9472727272727,0.72,36.7109090909091,0.0563636363636364,14.1163636363636,0.0436363636363636,48.3527272727273,-0.151665331903959,1.02957754552745,0.870061549792204,0.796091644204852,0.886003290049351
130291,67387,62904,0.616044854677934,0.538787146101549,0.665532038392853,34.5563636363636,13.4836363636364,51.96,0.721818181818182,36.7109090909091,0.0563636363636364,14.1181818181818,0.0454545454545455,48.3472727272727,-0.148398479585574,1.03383369055492,0.870041039671683,0.796655879180151,0.885856253061796
130385,67395,62990,0.615917211444376,0.53881872729848,0.665636202283821,34.5581818181818,13.4836363636364,51.9581818181818,0.72,36.7181818181818,0.0545454545454545,14.1127272727273,0.0436363636363636,48.3509090909091,-0.146362983351388,1.02979848701507,0.869942652706897,0.796655879180151,0.885922245162193
130222,67393,62829,0.615945196277609,0.538638949607981,0.665534113645046,34.5618181818182,13.4854545454545,51.9527272727273,0.718181818181818,36.7309090909091,0.0454545454545455,14.1072727272727,0.0472727272727273,48.3509090909091,-0.14454343433175,1.02035781645047,0.869903729812194,0.796278818929486,0.885945264926157
130139,67379,62760,0.615873389858957,0.538453056906694,0.665519654910186,34.5618181818182,13.4981818181818,51.94,0.714545454545455,36.74,0.0490909090909091,14.0981818181818,0.0454545454545455,48.3527272727273,-0.148517817341152,1.00411069039679,0.869851123152191,0.795797413793103,0.886022333461687
130076,67385,62691,0.61605197418614,0.538646884204085,0.66544600304391,34.5581818181818,13.4945454545455,51.9472727272727,0.712727272727273,36.7436363636364,0.0490909090909091,14.1018181818182,0.0509090909090909,48.3418181818182,-0.148942246051659,0.994658722777174,0.869995264902404,0.796146591215306,0.886003290049351
130070,67381,62689,0.616004298516822,0.538656206812208,0.665396956162773,34.5563636363636,13.5,51.9436363636364,0.712727272727273,36.7454545454545,0.0454545454545455,14.1090909090909,0.0436363636363636,48.3436363636364,-0.149535314161767,0.990519083359025,0.869988424707987,0.795959595959596,0.885995309601316
130409,67409,63000,0.616084080431357,0.538585389924314,0.66547663598595,34.5618181818182,13.5054545454545,51.9327272727273,0.716363636363636,36.7509090909091,0.0527272727272727,14.0963636363636,0.0381818181818182,48.3454545454545,-0.141905089014108,1.0042477206327,0.870008943132201,0.795907377490576,0.886006371879705
130338,67391,62947,0.616103939613616,0.538769142015374,0.665430820211096,34.5654545454545,13.4963636363636,51.9381818181818,0.718181818181818,36.7618181818182,0.0472727272727273,14.0890909090909,0.0454545454545455,48.3381818181818,-0.152429929500332,0.998613234717314,0.869970017358371,0.796578202882931,0.885948330182735
130196,67397,62799,0.616050225137141,0.538681701005558,0.665485755890542,34.5563636363636,13.4981818181818,51.9454545454546,0.716363636363636,36.7672727272727,0.0527272727272727,14.08,0.0454545454545455,48.3381818181818,-0.148878488902714,0.980770529095422,0.869988424707987,0.796470905172414,0.886034301715086
130085,67377,62708,0.61590614626029,0.538493669402262,0.665425149729126,34.5472727272727,13.4981818181818,51.9545454545455,0.716363636363636,36.7818181818182,0.0472727272727273,14.0763636363636,0.0381818181818182,48.34,-0.150463332673727,0.978503702916417,0.869954212936161,0.79620150862069,0.88591426071741
130078,67373,62705,0.616137827570078,0.538524208490491,0.665428131344759,34.5581818181818,13.4836363636364,51.9581818181818,0.716363636363636,36.7763636363636,0.0509090909090909,14.0672727272727,0.04,48.3490909090909,-0.152785192029081,0.968690429424698,0.870047877097911,0.796251348435814,0.885922245162193
130118,67370,62748,0.616071798113411,0.538728889796337,0.665508569217868,34.56,13.4927272727273,51.9472727272727,0.718181818181818,36.7672727272727,0.0527272727272727,14.0727272727273,0.0345454545454545,48.3545454545455,-0.154450774890178,0.965468065005685,0.869949494949495,0.796388626869694,0.886003290049351
130373,67376,62997,0.615894136950223,0.538750592263094,0.665713539958658,34.56,13.4909090909091,51.9490909090909,0.72,36.7672727272727,0.0509090909090909,14.0709090909091,0.0290909090909091,48.3618181818182,-0.154997351908308,0.980006768306802,0.869844276094276,0.796495956873315,0.886042279154417
130205,67374,62831,0.616008813321432,0.53876785252723,0.665559055041859,34.5454545454545,13.4945454545455,51.96,0.718181818181818,36.7727272727273,0.0563636363636364,14.0490909090909,0.0363636363636364,48.3672727272727,-0.157094811962419,0.963763922502668,0.869947368421053,0.796820264079763,0.8859962208692
130241,67376,62865,0.616007578388355,0.538507747879089,0.665495557497968,34.54,13.4927272727273,51.9672727272727,0.716363636363636,36.78,0.0490909090909091,14.0490909090909,0.0363636363636364,48.3690909090909,-0.153969222550652,0.961657730384137,0.869979470442702,0.796119121412209,0.885907214330698
130142,67366,62776,0.616198232668559,0.538514593086303,0.665504898200767,34.5454545454545,13.4927272727273,51.9618181818182,0.716363636363636,36.7709090909091,0.0509090909090909,14.0381818181818,0.0436363636363636,48.38,-0.15693016946286,0.951751912509049,0.870052631578947,0.795984368683466,0.885965219216908
130041,67348,62693,0.616096907076943,0.538223603949192,0.66551219118936,34.5527272727273,13.4763636363636,51.9709090909091,0.716363636363636,36.7672727272727,0.04,14.0363636363636,0.0490909090909091,48.3909090909091,-0.158289114642618,0.943415945704857,0.869922121658598,0.795736643281166,0.885915197313182
130200,67356,62844,0.616189088505875,0.538522248381854,0.665572040879268,34.5454545454545,13.4836363636364,51.9709090909091,0.712727272727273,36.76,0.04,14.0490909090909,0.0381818181818182,48.4,-0.156514339884598,0.953602178749001,0.87,0.796251348435814,0.885880212706409
130125,67342,62783,0.61607055882199,0.538786855951703,0.665606110560974,34.5345454545455,13.4872727272727,51.9781818181818,0.718181818181818,36.7454545454545,0.0454545454545455,14.0436363636364,0.0381818181818182,48.4090909090909,-0.16202892773366,0.943851129469377,0.869906286195641,0.796710703693718,0.885896180215475
130029,67330,62699,0.615945838447029,0.538768931651665,0.66557944616441,34.5254545454545,13.4963636363636,51.9781818181818,0.72,36.7418181818182,0.0418181818181818,14.0436363636364,0.0363636363636364,48.4163636363636,-0.166635388092684,0.93658090128394,0.869924693243457,0.796578202882931,0.885896180215475
130097,67358,62739,0.616052164761841,0.538442358504694,0.665461360233501,34.54,13.4745454545455,51.9854545454545,0.716363636363636,36.7490909090909,0.0381818181818182,14.0472727272727,0.0327272727272727,48.4163636363636,-0.15684976542983,0.932574804337822,0.869926830552192,0.796113884765889,0.885842193620593
130000,67368,62632,0.615904777096077,0.538513362558796,0.665418851747503,34.5363636363636,13.4836363636364,51.98,0.716363636363636,36.7490909090909,0.0418181818181818,14.0418181818182,0.0363636363636364,48.4145454545455,-0.152884179625736,0.921123383717548,0.869860489602527,0.796251348435814,0.885865192906363
130115,67356,62759,0.615988786048485,0.538319122986172,0.665656726860735,34.5381818181818,13.4818181818182,51.98,0.716363636363636,36.7454545454545,0.0418181818181818,14.0436363636364,0.0345454545454545,48.4181818181818,-0.159745516342809,0.918007747852244,0.869919983154348,0.796089008766015,0.885935149882822
130117,67340,62777,0.615993333491159,0.53869417263705,0.665560280813407,34.5290909090909,13.4945454545455,51.9763636363636,0.718181818181818,36.7454545454545,0.0327272727272727,14.0454545454545,0.0363636363636364,48.4218181818182,-0.166089927404788,0.910381863381587,0.869991048391343,0.79655079493398,0.885822226886347
130041,67336,62705,0.615879167920591,0.538822461045423,0.66556496000678,34.5290909090909,13.4981818181818,51.9727272727273,0.718181818181818,36.74,0.0309090909090909,14.0381818181818,0.04,48.4327272727273,-0.166111895729641,0.90746801421205,0.869938391869833,0.796470905172414,0.885884205002624
130131,67348,62783,0.615999252412665,0.538629360815225,0.665464683479873,34.52,13.4927272727273,51.9872727272727,0.714545454545455,36.7363636363636,0.0327272727272727,14.0272727272727,0.0418181818181818,48.4472727272727,-0.165160556968013,0.905177495602137,0.870062151058675,0.796523379598437,0.885811212534536
130118,67328,62790,0.616073010386572,0.538428738064952,0.665485479955605,34.5254545454545,13.4945454545455,51.98,0.710909090909091,36.7327272727273,0.0309090909090909,14.0181818181818,0.0418181818181818,48.4654545454545,-0.16925182920237,0.900615416596305,0.870082679445995,0.796011856642414,0.885795235929903
130347,67338,63009,0.615982173441534,0.538256643213393,0.665661114169095,34.5345454545455,13.4963636363636,51.9690909090909,0.710909090909091,36.72,0.0309090909090909,14.0218181818182,0.0436363636363636,48.4727272727273,-0.162711994924691,0.904522503679618,0.869958934400337,0.795635187929409,0.885876220130847
130389,67349,63040,0.615942768723239,0.53887658205954,0.665705688083892,34.5272727272727,13.5127272727273,51.96,0.712727272727273,36.6981818181818,0.0381818181818182,14.0181818181818,0.0490909090909091,48.4836363636364,-0.1663650357812,0.903350097535771,0.870036861506056,0.796555435952637,0.885926236965498
130239,67341,62898,0.615915593241204,0.538879101536826,0.665674829852127,34.5290909090909,13.5018181818182,51.9690909090909,0.710909090909091,36.6890909090909,0.0290909090909091,14.0254545454545,0.0345454545454545,48.5109090909091,-0.169862481211153,0.88687409609662,0.870043704912853,0.79679504443846,0.885946191792324
129852,67337,62515,0.615969723474346,0.538712945950002,0.665370533513146,34.5363636363636,13.4890909090909,51.9745454545455,0.710909090909091,36.6763636363636,0.0363636363636364,14.0272727272727,0.0418181818181818,48.5072727272727,-0.169938880500691,0.856669591887939,0.870018425901553,0.796872893921014,0.88588819701952
130021,67341,62680,0.616062483975044,0.538908198795577,0.665398373656004,34.5272727272727,13.5,51.9727272727273,0.707272727272727,36.6690909090909,0.0381818181818182,14.02,0.0418181818181818,48.5236363636364,-0.170006296424055,0.869766710027629,0.870142180094787,0.797037037037037,0.885849221619731
130166,67351,62815,0.615901646772326,0.538859768400516,0.665498490692739,34.5163636363636,13.5127272727273,51.9709090909091,0.705454545454545,36.6654545454545,0.0290909090909091,14.0181818181818,0.0327272727272727,48.5490909090909,-0.167933432710991,0.87382098011228,0.870153813737885,0.796689989235737,0.885880212706409
130037,67341,62696,0.61594802729917,0.538714466198405,0.665516172741318,34.5145454545455,13.5163636363636,51.9690909090909,0.707272727272727,36.66,0.0327272727272727,14.0054545454545,0.0345454545454545,48.56,-0.169401512952953,0.855848015266979,0.870199652320497,0.796206618240517,0.885946191792324
130034,67349,62685,0.616008006732045,0.538680492643511,0.665487911157806,34.5127272727273,13.4981818181818,51.9890909090909,0.707272727272727,36.6563636363636,0.0272727272727273,14.0072727272727,0.0327272727272727,48.5690909090909,-0.167957435655527,0.851850831394338,0.87035085870825,0.796336206896552,0.885885150730923
130038,67343,62695,0.615984888795993,0.538699221835167,0.665466693224839,34.5309090909091,13.4854545454545,51.9836363636364,0.705454545454545,36.6545454545455,0.0181818181818182,14.0036363636364,0.0327272727272727,48.5854545454546,-0.168859618042651,0.846685881851326,0.870103201347936,0.796683295132803,0.885873176873841
129998,67331,62667,0.615948945715069,0.538452242191822,0.665433259079528,34.5363636363636,13.4890909090909,51.9745454545455,0.703636363636364,36.66,0.0236363636363636,13.9763636363636,0.0363636363636364,48.6,-0.170486774988835,0.836698355209294,0.870018425901553,0.79619894864537,0.88588819701952
130097,67351,62746,0.616028483663032,0.538509930919877,0.66543951323089,34.5454545454545,13.4836363636364,51.9709090909091,0.703636363636364,36.66,0.0181818181818182,13.9636363636364,0.0472727272727273,48.6072727272727,-0.170546434185962,0.840709940935697,0.870052631578947,0.796655879180151,0.885915197313182
130153,67351,62802,0.616004572458777,0.538715935542135,0.665476535872328,34.54,13.4909090909091,51.9690909090909,0.7,36.6563636363636,0.0236363636363636,13.9654545454545,0.04,48.6145454545455,-0.170097269875127,0.848199970240239,0.87008475022372,0.796765498652291,0.885911205961586
130369,67337,63032,0.615942179079011,0.538573690974403,0.665635266661358,34.5254545454545,13.5018181818182,51.9727272727273,0.698181818181818,36.66,0.0272727272727273,13.9490909090909,0.0436363636363636,48.6218181818182,-0.171759593532393,0.854668374944859,0.870135341513508,0.796391058443307,0.885849221619731
130245,67323,62922,0.615906588371859,0.538599338782856,0.665609233211325,34.5181818181818,13.5109090909091,51.9709090909091,0.696363636363636,36.66,0.0345454545454545,13.9309090909091,0.0454545454545455,48.6327272727273,-0.179160598865928,0.838799301897895,0.870107979984198,0.795989772574351,0.885950181919955
130377,67331,63046,0.616014882434557,0.53841951848049,0.665636908312109,34.5309090909091,13.4963636363636,51.9727272727273,0.696363636363636,36.6490909090909,0.0236363636363636,13.9454545454545,0.0472727272727273,48.6381818181818,-0.175122245459087,0.840761786510385,0.870155855096883,0.796039337195204,0.885884205002624
130237,67340,62897,0.615977799282636,0.5384501693315,0.66564665158673,34.5309090909091,13.4836363636364,51.9854545454545,0.696363636363636,36.6418181818182,0.0236363636363636,13.9545454545455,0.0381818181818182,48.6454545454545,-0.174988349505789,0.833055893760386,0.870103201347936,0.796251348435814,0.885982092893117
130303,67337,62966,0.615856165373876,0.53856099354492,0.665639166387742,34.5309090909091,13.4909090909091,51.9781818181818,0.698181818181818,36.62,0.0236363636363636,13.9709090909091,0.0345454545454545,48.6527272727273,-0.176787790399116,0.829058319987433,0.870050547598989,0.796361185983828,0.885931159927242
130271,67323,62948,0.61601808416718,0.538225437842495,0.665499920205799,34.5418181818182,13.4745454545455,51.9836363636364,0.694545454545455,36.6145454545455,0.0254545454545455,13.9745454545455,0.0327272727272727,48.6581818181818,-0.173586865253839,0.825928799326489,0.870091588588272,0.795844015652409,0.885803224791018
130327,67324,63003,0.615957460230376,0.538408958883625,0.665551550239566,34.5345454545455,13.48,51.9854545454545,0.696363636363636,36.6272727272727,0.0181818181818182,13.9618181818182,0.0345454545454545,48.6618181818182,-0.172370183680025,0.822429944247812,0.870064230809729,0.796196385217157,0.885772243984331
130143,67340,62803,0.61595786537842,0.538460678785789,0.665397598276491,34.5381818181818,13.4872727272727,51.9745454545455,0.692727272727273,36.6254545454546,0.0272727272727273,13.9563636363636,0.0327272727272727,48.6654545454545,-0.17418397766196,0.809526719461957,0.8701305538008,0.796441089242383,0.885818232701322
130021,67337,62684,0.615962414801066,0.538429484673813,0.665395526992347,34.5309090909091,13.4909090909091,51.9781818181818,0.692727272727273,36.6363636363636,0.0145454545454545,13.9690909090909,0.0272727272727273,48.66,-0.172955633793886,0.795774090418126,0.870103201347936,0.79622641509434,0.885896180215475
130144,67333,62811,0.615876719774739,0.538389882487924,0.665316407415373,34.5290909090909,13.5018181818182,51.9690909090909,0.690909090909091,36.6418181818182,0.0218181818181818,13.9563636363636,0.0290909090909091,48.66,-0.172812575027241,0.794559758738615,0.870043704912853,0.796121734446539,0.885876220130847
130167,67334,62833,0.615948052552141,0.538469077762325,0.665499636377555,34.5327272727273,13.4890909090909,51.9781818181818,0.685454545454545,36.6454545454545,0.02,13.9490909090909,0.0363636363636364,48.6636363636364,-0.178215508911704,0.794864728173707,0.870110040541252,0.796468526755627,0.885931159927242
130300,67347,62953,0.6160746814554,0.538782111998186,0.665548149936263,34.5272727272727,13.4945454545455,51.9781818181818,0.685454545454545,36.6490909090909,0.0181818181818182,13.9436363636364,0.0327272727272727,48.6709090909091,-0.177873277842776,0.798394899731317,0.870247498683518,0.796820264079763,0.885931159927242
130224,67333,62891,0.616007217094712,0.538388973307423,0.665576239123307,34.5327272727273,13.4745454545455,51.9927272727273,0.692727272727273,36.6363636363636,0.0181818181818182,13.9472727272727,0.0236363636363636,48.6818181818182,-0.179782168189889,0.796707196055716,0.870110040541252,0.796518688436109,0.88589313190656
130291,67329,62962,0.615794403668952,0.53830053064608,0.665456216464061,34.5436363636364,13.4690909090909,51.9872727272727,0.690909090909091,36.6363636363636,0.0181818181818182,13.92,0.0327272727272727,48.7018181818182,-0.176015660478813,0.793276397836797,0.869940523185431,0.796571274298056,0.8857762389396
130576,67334,63242,0.615782970152222,0.538516571722959,0.665564173184785,34.5290909090909,13.4909090909091,51.98,0.690909090909091,36.6345454545455,0.0236363636363636,13.9090909090909,0.0272727272727273,48.7145454545455,-0.178085929347237,0.808444375147916,0.869991048391343,0.796765498652291,0.885795235929903
130312,67312,63000,0.615933550562562,0.538231945487787,0.665523673967983,34.5236363636364,13.4927272727273,51.9836363636364,0.692727272727273,36.6236363636364,0.02,13.9127272727273,0.0236363636363636,48.7272727272727,-0.18202128118289,0.789203064079894,0.870128502211923,0.79571486322598,0.88583820083243
130218,67318,62900,0.615921767780759,0.538510403784484,0.665518524157176,34.5236363636364,13.5,51.9763636363636,0.690909090909091,36.6181818181818,0.0218181818181818,13.9054545454545,0.0363636363636364,48.7272727272727,-0.180757377735426,0.777069484142008,0.870075837370971,0.796094276094276,0.885927169692518
130238,67319,62919,0.615882150941729,0.538446982852702,0.665611194366752,34.5236363636364,13.4927272727273,51.9836363636364,0.694545454545455,36.6072727272727,0.0181818181818182,13.9,0.0290909090909091,48.7509090909091,-0.184713625860174,0.772080029350896,0.870075837370971,0.796388626869694,0.885873176873841
130371,67333,63038,0.615817807114164,0.538339259667058,0.665552617192417,34.5345454545455,13.4763636363636,51.9890909090909,0.696363636363636,36.5963636363636,0.0181818181818182,13.8890909090909,0.0309090909090909,48.7690909090909,-0.181333646742959,0.782747558718256,0.870011582605033,0.796681057744199,0.88581520598727
130417,67332,63085,0.615777838470318,0.538380477057691,0.665605569968673,34.5345454545455,13.4836363636364,51.9818181818182,0.696363636363636,36.5836363636364,0.0181818181818182,13.8818181818182,0.0381818181818182,48.7818181818182,-0.181018048376857,0.772706923355475,0.870011582605033,0.796655879180151,0.885904162294509
130602,67329,63273,0.615907813716208,0.538333134767684,0.665590842147119,34.5436363636364,13.4927272727273,51.9636363636364,0.694545454545455,36.5727272727273,0.0181818181818182,13.8818181818182,0.0381818181818182,48.7945454545455,-0.181891282698846,0.779562462077328,0.870045791883783,0.796253874140951,0.885864240727782
130727,67329,63398,0.615866825232093,0.53823649966569,0.665658845787206,34.5436363636364,13.4945454545455,51.9618181818182,0.690909090909091,36.5509090909091,0.0218181818181818,13.8854545454545,0.0290909090909091,48.8218181818182,-0.184786107628282,0.781154493964806,0.87009842623296,0.796146591215306,0.885825256307079
130352,67343,63009,0.615839928237364,0.538404020741517,0.665523174804844,34.5254545454545,13.4854545454545,51.9890909090909,0.689090909090909,36.5418181818182,0.0145454545454545,13.8727272727273,0.04,48.8418181818182,-0.18341420150606,0.748995749558063,0.87018800358102,0.796548469731697,0.885920123102749
130254,67326,62928,0.61591172956949,0.538103596236365,0.66551647152263,34.5327272727273,13.4818181818182,51.9854545454545,0.681818181818182,36.5418181818182,0.0145454545454545,13.8763636363636,0.0327272727272727,48.8527272727273,-0.183613714646576,0.737483311743629,0.870110040541252,0.795954146999326,0.885912143256855
130200,67312,62888,0.615706362071865,0.538320990050124,0.665489325825115,34.5218181818182,13.4963636363636,51.9818181818182,0.681818181818182,36.5236363636364,0.0236363636363636,13.8745454545455,0.0327272727272727,48.8636363636364,-0.187050622150094,0.733926258132206,0.869963659345868,0.796308770039068,0.885904162294509
130257,67311,62946,0.615822307733269,0.538358271634969,0.66559322897335,34.5254545454545,13.4909090909091,51.9836363636364,0.681818181818182,36.5236363636364,0.0163636363636364,13.8690909090909,0.0327272727272727,48.8763636363636,-0.190694020389723,0.734785780872748,0.870082679445995,0.796361185983828,0.885908152915253
130314,67318,62996,0.615800022007675,0.538193695735681,0.665514122201216,34.5309090909091,13.4890909090909,51.98,0.68,36.5163636363636,0.0127272727272727,13.8690909090909,0.0290909090909091,48.8927272727273,-0.186370075693875,0.73897874559678,0.870050547598989,0.79619894864537,0.885900171394592
130388,67330,63058,0.615786432292931,0.538280459766092,0.665586256147173,34.5254545454545,13.4909090909091,51.9836363636364,0.676363636363636,36.5163636363636,0.0218181818181818,13.8490909090909,0.0290909090909091,48.9072727272727,-0.186970153837981,0.730562316809995,0.870135341513508,0.796361185983828,0.885908152915253
130461,67333,63128,0.615744537009794,0.538178830213155,0.665692416476748,34.5327272727273,13.4781818181818,51.9890909090909,0.68,36.5090909090909,0.0145454545454545,13.8381818181818,0.0381818181818182,48.92,-0.183036272303798,0.733351025504651,0.870004738587901,0.796303790638068,0.885885150730923
