"total_rewards","action_rewards","opinion_rewards","sp0_social_trust","sp1_social_trust","sp2_social_trust","sp0_request_rate","sp1_request_rate","sp2_request_rate","op0_expression_rate","op1_expression_rate","op2_expression_rate","op3_expression_rate","op4_expression_rate","op5_expression_rate","mean_loss1","mean_loss2","sp0_availability","sp1_availability","sp2_availability"
22011,31471,-9460,0.719361750948251,0.702916334357872,0.738081213206036,32.7436363636364,33.6527272727273,33.6036363636364,16.6890909090909,16.5945454545455,16.6363636363636,16.6436363636364,16.8181818181818,16.6181818181818,1.69101045348428,-6.56337593902241,0.871286578932756,0.837754605867416,0.901038848609458
22181,31502,-9321,0.719387584358353,0.703136237674063,0.738017481911801,32.72,33.6472727272727,33.6327272727273,16.5872727272727,16.74,16.5563636363636,16.76,16.6636363636364,16.6927272727273,1.62341767983003,-6.6571798172864,0.871582573905312,0.838430779206744,0.90096226619094
22601,31574,-8973,0.719347838329698,0.703024125532032,0.737883937173496,32.7309090909091,33.6254545454545,33.6436363636364,16.4854545454545,16.9454545454545,16.3763636363636,16.9327272727273,16.54,16.72,1.55933286926963,-6.6590050350536,0.87168092434174,0.83859630150319,0.900940337224384
22908,31609,-8701,0.719195566414114,0.703008871502238,0.737952780328111,32.7054545454545,33.6236363636364,33.6709090909091,16.4290909090909,17.0672727272727,16.2781818181818,17.0981818181818,16.34,16.7872727272727,1.49169004613703,-6.69580545425415,0.871581054036024,0.838533499161845,0.901182569253199
23188,31648,-8460,0.719219691899862,0.703015328436932,0.737927173261059,32.7327272727273,33.5636363636364,33.7036363636364,16.3581818181818,17.1836363636364,16.1854545454545,17.2472727272727,16.1618181818182,16.8636363636364,1.42395767515356,-6.75012187090787,0.871743598289174,0.838894907908992,0.901332470194746
23535,31693,-8158,0.71909110899708,0.702783809087606,0.737846702939237,32.74,33.5563636363636,33.7036363636364,16.2545454545455,17.3327272727273,16.0981818181818,17.4054545454545,15.9890909090909,16.92,1.35622494112362,-6.78063806187023,0.871661020714167,0.839022540095362,0.901278524033015
23946,31735,-7789,0.719077668838102,0.702914634906509,0.737812664533097,32.7163636363636,33.5709090909091,33.7127272727273,16.0981818181818,17.5327272727273,15.9581818181818,17.5563636363636,15.8581818181818,16.9963636363636,1.28812783306295,-6.77458962527188,0.871846170945871,0.839254766031196,0.901359076690756
24369,31784,-7415,0.719041192237138,0.702756739287686,0.73776768293067,32.7163636363636,33.5545454545455,33.7290909090909,15.9618181818182,17.74,15.7909090909091,17.7854545454545,15.6454545454545,17.0763636363636,1.21972474726764,-6.77705434885892,0.872179615427365,0.839338932538607,0.901568648590372
24914,31845,-6931,0.719095123301752,0.702627118278752,0.737691943616222,32.6945454545455,33.5709090909091,33.7345454545455,15.8218181818182,17.96,15.6436363636364,17.9636363636364,15.4490909090909,17.1618181818182,1.15212951031598,-6.72740648659793,0.872483594705817,0.839471403812825,0.901584563975423
25378,31901,-6523,0.719078483103491,0.702660754570019,0.73786175839654,32.6854545454545,33.5654545454545,33.7490909090909,15.6781818181818,18.1563636363636,15.4963636363636,18.1836363636364,15.2236363636364,17.2618181818182,1.08322983167388,-6.72272174791856,0.872615008065862,0.839553653648231,0.902111841396401
25929,31972,-6043,0.719205808320134,0.702530527223259,0.737863830480771,32.7,33.5218181818182,33.7781818181818,15.5181818181818,18.3672727272727,15.3272727272727,18.3781818181818,15.0236363636364,17.3854545454545,1.01500581123612,-6.68699614134702,0.87294968028913,0.839670228345175,0.902196145979115
26366,32034,-5668,0.718847434972192,0.702502841645293,0.737797190621244,32.6745454545455,33.4763636363636,33.8490909090909,15.3472727272727,18.6345454545455,15.1636363636364,18.5418181818182,14.8072727272727,17.5054545454545,0.944818727536635,-6.70533890507438,0.872683768293361,0.839995655007604,0.902239888274158
26808,32061,-5253,0.718692252094506,0.702097812948861,0.737668592142377,32.6727272727273,33.4163636363636,33.9109090909091,15.1727272727273,18.84,15.0127272727273,18.7781818181818,14.5963636363636,17.6,0.871488705548373,-6.70977052125064,0.872732331663884,0.839599542956635,0.902042785909603
27288,32105,-4817,0.718563277357272,0.701905040200206,0.737509333410369,32.6672727272727,33.4163636363636,33.9163636363636,14.9945454545455,19.0618181818182,14.84,18.9727272727273,14.4,17.7309090909091,0.798527519811283,-6.7061988028613,0.87276673902154,0.839109853637303,0.902058539723384
27856,32157,-4301,0.718271228567795,0.701852478798953,0.737366482475197,32.6109090909091,33.4345454545455,33.9545454545455,14.7563636363636,19.3763636363636,14.6036363636364,19.2272727272727,14.1945454545455,17.8418181818182,0.725542006709359,-6.65900979475542,0.872769848349688,0.839306106911741,0.902008032128514
28372,32233,-3861,0.717938297786773,0.701520526882452,0.737269461552344,32.5636363636364,33.3981818181818,34.0381818181818,14.5854545454545,19.6018181818182,14.4309090909091,19.4181818181818,13.9490909090909,18.0145454545455,0.653676808422262,-6.64908364902843,0.872752652149637,0.839022265773858,0.901821483895091
28904,32283,-3379,0.717734972204597,0.700973953286575,0.737342648530629,32.5490909090909,33.3545454545455,34.0963636363636,14.3618181818182,19.8763636363636,14.2327272727273,19.6163636363636,13.7236363636364,18.1890909090909,0.578487851402976,-6.61658359224146,0.872807507541057,0.838593622240392,0.902095664693649
29377,32276,-2899,0.717462139401482,0.700563942023075,0.73722243649882,32.5,33.3672727272727,34.1327272727273,14.1636363636364,20.1309090909091,14,19.8672727272727,13.4236363636364,18.4145454545455,0.498072489283302,-6.58493788025596,0.872839160839161,0.837728857890148,0.902040164065413
29921,32341,-2420,0.717280006154942,0.700263217681981,0.737104332629749,32.4854545454545,33.3272727272727,34.1872727272727,13.9636363636364,20.3727272727273,13.7727272727273,20.0545454545455,13.1945454545455,18.6418181818182,0.42378496798602,-6.5523868246512,0.872894162422343,0.83758865248227,0.902036909003882
30474,32415,-1941,0.71710891173114,0.700114032072771,0.737106754094793,32.4690909090909,33.2909090909091,34.24,13.7236363636364,20.6763636363636,13.5345454545455,20.2763636363636,12.9563636363636,18.8327272727273,0.349671965295618,-6.52115738716992,0.872942098779259,0.837575095576188,0.902187765505522
30983,32476,-1493,0.716885742025429,0.699810352324484,0.737264847685115,32.4490909090909,33.2418181818182,34.3090909090909,13.5109090909091,20.8981818181818,13.3272727272727,20.4963636363636,12.7218181818182,19.0454545454545,0.274045745892958,-6.49563811042092,0.872807754804729,0.837444620685883,0.902384737678855
31322,32527,-1205,0.716585466632631,0.699533939150448,0.737124985020714,32.3745454545455,33.2290909090909,34.3963636363636,13.3236363636364,21.1309090909091,13.1236363636364,20.6509090909091,12.5290909090909,19.2418181818182,0.196635839072141,-6.53643849871375,0.873076491070426,0.83738235937842,0.90236811502273
31775,32582,-807,0.716455669896176,0.699376910298929,0.736902252736639,32.3418181818182,33.1654545454545,34.4927272727273,13.1272727272727,21.3709090909091,12.8927272727273,20.8309090909091,12.3090909090909,19.4690909090909,0.120590923049233,-6.5177016843449,0.873229143242635,0.83767337317033,0.901902904433082
32354,32613,-259,0.71623966506024,0.698824872591813,0.736818755792363,32.2745454545455,33.0854545454545,34.64,12.96,21.5654545454545,12.6509090909091,21.0618181818182,12.0781818181818,19.6836363636364,0.04217477386648,-6.41580486297607,0.873302912511971,0.837390778699786,0.9014801595633
32859,32662,197,0.715957971494549,0.698345059541126,0.736956102309744,32.2218181818182,33.0436363636364,34.7345454545455,12.78,21.7745454545455,12.4272727272727,21.2545454545455,11.9054545454545,19.8581818181818,-0.0348399796269157,-6.35758816166358,0.873490576684347,0.836744800264114,0.901643634840871
33340,32733,607,0.715789449776308,0.698040577537417,0.737103942079751,32.2,32.9454545454545,34.8545454545455,12.6,21.9818181818182,12.1836363636364,21.4909090909091,11.6909090909091,20.0527272727273,-0.108801060644063,-6.30655166831883,0.873630717108978,0.836754966887417,0.901930099113198
33810,32817,993,0.715450921912213,0.6978290631832,0.737100621344451,32.1581818181818,32.8781818181818,34.9636363636364,12.4236363636364,22.1636363636364,11.9890909090909,21.6618181818182,11.5254545454545,20.2363636363636,-0.181338090246374,-6.27240661328489,0.873579465143891,0.83697395343693,0.901924076963078
34283,32892,1391,0.715311656360581,0.697280568629264,0.737226316104101,32.1363636363636,32.7454545454545,35.1181818181818,12.2636363636364,22.3181818181818,11.8436363636364,21.8054545454545,11.3381818181818,20.4309090909091,-0.254708141901276,-6.22438814802603,0.873776520509194,0.837034980566352,0.901837949779964
34895,33005,1890,0.714759968744545,0.697123804500225,0.737392764653732,32.0509090909091,32.6909090909091,35.2581818181818,12.08,22.4854545454545,11.6690909090909,21.9963636363636,11.16,20.6090909090909,-0.323738383704966,-6.10884088657119,0.87355343771273,0.83726362625139,0.90207301980198
35463,33083,2380,0.714554252722999,0.696778337354925,0.737482132529316,31.98,32.6254545454545,35.3945454545455,11.8781818181818,22.7254545454545,11.4327272727273,22.1818181818182,11.0127272727273,20.7690909090909,-0.394486049901355,-6.0018987801942,0.873784751833532,0.837382969237628,0.901936610674475
35963,33146,2817,0.714325867900459,0.695969706540015,0.737807468506419,31.9018181818182,32.5654545454545,35.5327272727273,11.6854545454545,22.9345454545455,11.2727272727273,22.3090909090909,10.8490909090909,20.9490909090909,-0.465922603282061,-5.91062493920326,0.874159352558988,0.836692535313495,0.90216445786215
36405,33226,3179,0.713987932520147,0.695523208818522,0.738006931472663,31.8454545454545,32.4254545454545,35.7290909090909,11.5254545454545,23.0781818181818,11.06,22.5163636363636,10.7163636363636,21.1036363636364,-0.535044703700326,-5.84506333578717,0.874165001427348,0.836828529774588,0.901989720624905
36938,33308,3630,0.71392127333525,0.695081626169645,0.738136060188314,31.7927272727273,32.3145454545455,35.8927272727273,11.34,23.2745454545455,10.8872727272727,22.64,10.5763636363636,21.2818181818182,-0.603153174302795,-5.72974665598436,0.874585382591788,0.836999943734879,0.901727369434172
37370,33401,3969,0.713479550082352,0.694112528696593,0.738285593108839,31.74,32.1909090909091,36.0690909090909,11.2109090909091,23.4054545454545,10.6945454545455,22.7672727272727,10.4436363636364,21.4781818181818,-0.669347943230109,-5.66571769768542,0.874377040728648,0.836373905676363,0.901552575864502
37696,33503,4193,0.713176637218179,0.693745946730151,0.738631483932171,31.6636363636364,32.1,36.2363636363636,11.0490909090909,23.5581818181818,10.5327272727273,22.8636363636364,10.3363636363636,21.66,-0.733675783059814,-5.65623709180138,0.874705713465403,0.836590201076182,0.901705970898144
38153,33568,4585,0.712840301073624,0.693483660308954,0.738943220889216,31.5763636363636,32.0145454545455,36.4090909090909,10.8890909090909,23.6963636363636,10.3545454545455,22.9872727272727,10.24,21.8327272727273,-0.798904614015059,-5.56702426671982,0.874935221972707,0.836608359836438,0.901822721598002
38487,33618,4869,0.712271755299744,0.692431940044918,0.739018353461409,31.5090909090909,31.88,36.6109090909091,10.7527272727273,23.8236363636364,10.2090909090909,23.0636363636364,10.0963636363636,22.0545454545455,-0.864651302315972,-5.51644704721191,0.874899019042124,0.835747690201893,0.901618990862138
38926,33729,5197,0.711934328919014,0.692166899595958,0.739194967466142,31.44,31.7818181818182,36.7781818181818,10.6072727272727,23.9672727272727,10.0581818181818,23.1454545454545,9.97818181818182,22.2436363636364,-0.923359561779282,-5.44524589451877,0.874971084894749,0.83604118993135,0.901769824006328
39384,33855,5529,0.711659894941306,0.691715362679708,0.739652781183597,31.3545454545455,31.6381818181818,37.0072727272727,10.4327272727273,24.1309090909091,9.87818181818182,23.2890909090909,9.84545454545455,22.4236363636364,-0.98040483891964,-5.36400624838742,0.875326181501885,0.836216309407505,0.901984867839245
39817,33914,5903,0.711309369175346,0.69107890451256,0.739938420825207,31.3036363636364,31.4854545454545,37.2109090909091,10.3,24.2309090909091,9.75090909090909,23.4018181818182,9.69272727272727,22.6236363636364,-1.04089756228707,-5.26412886597893,0.875239588778533,0.836057053762199,0.901886054920356
40200,34002,6198,0.71082806049451,0.690621344769536,0.740173512840845,31.2436363636364,31.3527272727273,37.4036363636364,10.1436363636364,24.38,9.62909090909091,23.4672727272727,9.58727272727273,22.7927272727273,-1.09695657789707,-5.19407461068847,0.875116387337058,0.836174901414985,0.901856892864087
40595,34110,6485,0.710642871901202,0.690461240699631,0.740661603078858,31.1981818181818,31.2436363636364,37.5581818181818,10.0490909090909,24.4545454545455,9.49818181818182,23.5436363636364,9.46727272727273,22.9872727272727,-1.15018237964673,-5.1212992283431,0.875575499737747,0.836417597765363,0.902357554339933
41014,34229,6785,0.710471840290127,0.689837844978906,0.740899463300423,31.18,31.0854545454545,37.7345454545455,9.89636363636364,24.5836363636364,9.36,23.6090909090909,9.38,23.1709090909091,-1.20084390667352,-5.03817229704423,0.875852819406379,0.836638006667836,0.902283897080081
41522,34337,7185,0.710027171717271,0.689465765874552,0.741348823427201,31.1109090909091,30.9254545454545,37.9636363636364,9.74909090909091,24.7036363636364,9.22,23.7072727272727,9.23636363636364,23.3836363636364,-1.25052835291082,-4.90304020372304,0.875927765764713,0.836909871244635,0.902538314176245
41998,34441,7557,0.7097483412347,0.688946309376307,0.741882843787628,31.0345454545455,30.7836363636364,38.1818181818182,9.59090909090909,24.82,9.07636363636364,23.8127272727273,9.13090909090909,23.5690909090909,-1.29929150288755,-4.78158993721008,0.87614974515203,0.836808221605339,0.902761904761905
42342,34559,7783,0.709640461035309,0.68819051717377,0.742245527855935,30.9927272727273,30.5981818181818,38.4090909090909,9.47636363636364,24.8654545454545,8.91818181818182,23.9290909090909,9.05272727272727,23.7581818181818,-1.34403504349969,-4.73060081763701,0.876627947905667,0.836888704022818,0.902627218934911
42825,34671,8154,0.709486956587469,0.687670672643792,0.742320484699016,30.9509090909091,30.4636363636364,38.5854545454546,9.36545454545454,24.9509090909091,8.75272727272727,24.0454545454545,8.93090909090909,23.9545454545455,-1.38898607275703,-4.6069500001994,0.877048698819245,0.83736198149806,0.902412590707756
43283,34833,8450,0.709271875729409,0.687058836384337,0.742972724283105,30.9181818181818,30.2781818181818,38.8036363636364,9.23090909090909,25.0109090909091,8.60727272727273,24.1672727272727,8.84909090909091,24.1345454545455,-1.42774928862398,-4.51064948385412,0.877389003234343,0.837626854020297,0.902773873114047
43699,34968,8731,0.709054095768536,0.686247996738038,0.743345389706708,30.9036363636364,30.0581818181818,39.0381818181818,9.12363636363636,25.1018181818182,8.47090909090909,24.2090909090909,8.78727272727273,24.3072727272727,-1.46740115935152,-4.43200250051238,0.877684297228923,0.83795064118074,0.902892273298868
44033,35078,8955,0.708768938583737,0.685534290913856,0.743427117717592,30.8636363636364,29.8527272727273,39.2836363636364,9.00545454545455,25.1836363636364,8.33272727272727,24.3236363636364,8.68,24.4745454545455,-1.50753992958502,-4.37400425022299,0.8779970544919,0.838236189780133,0.902388225492919
44461,35194,9267,0.708424577430012,0.684701921012679,0.743960935428191,30.8363636363636,29.6490909090909,39.5145454545455,8.91090909090909,25.2381818181818,8.21818181818182,24.4236363636364,8.58363636363636,24.6254545454545,-1.54499394189228,-4.27486469528892,0.877889150943396,0.83786104127062,0.902590530529609
44861,35327,9534,0.708066246727058,0.683813069021764,0.744274389095485,30.8018181818182,29.4272727272727,39.7709090909091,8.82909090909091,25.2890909090909,8.10909090909091,24.5036363636364,8.46363636363636,24.8054545454545,-1.57954556996172,-4.18532472984357,0.878165397556225,0.837998146431881,0.902532687208558
45329,35511,9818,0.707436061015681,0.68286381376481,0.74471749634782,30.7672727272727,29.2054545454545,40.0272727272727,8.72545454545454,25.3181818181818,7.99272727272727,24.6363636363636,8.27272727272727,25.0545454545455,-1.60938891768456,-4.0863492900675,0.878028601820116,0.838199589117848,0.902748126277538
45724,35644,10080,0.707020089113775,0.681826162246926,0.74497632015513,30.7127272727273,29.0127272727273,40.2745454545455,8.61818181818182,25.3818181818182,7.86545454545455,24.7218181818182,8.15818181818182,25.2545454545455,-1.64170722473751,-4.00742071975361,0.87816717973005,0.837375446512502,0.902577761726333
46100,35806,10294,0.706324173319006,0.680811418728781,0.745500145434505,30.6254545454545,28.8454545454545,40.5290909090909,8.51818181818182,25.4618181818182,7.72,24.7890909090909,8.04545454545454,25.4654545454545,-1.66887010173364,-3.94680544029583,0.878294941819045,0.837188780334069,0.902830738863218
46514,35961,10553,0.705820825107377,0.680157897730293,0.745687076843137,30.5836363636364,28.6690909090909,40.7472727272727,8.38181818181818,25.5709090909091,7.58909090909091,24.8381818181818,7.97454545454545,25.6454545454545,-1.69710722674023,-3.86123282719742,0.87836632780453,0.837709284627093,0.902770960688947
46880,36112,10768,0.705260708522372,0.679261519098948,0.745805717403708,30.5381818181818,28.4963636363636,40.9654545454545,8.28545454545455,25.6309090909091,7.49818181818182,24.8581818181818,7.83818181818182,25.8890909090909,-1.72323011593385,-3.7882856767286,0.878363896165754,0.837618834939067,0.902800585859482
47378,36280,11098,0.704653863087355,0.678709455492645,0.746145309994284,30.4745454545455,28.2818181818182,41.2436363636364,8.19636363636364,25.6781818181818,7.40181818181818,24.9127272727273,7.67272727272727,26.1381818181818,-1.746106602387,-3.67639011361382,0.878229222600084,0.838251366120219,0.902618585787339
47819,36488,11331,0.704255923008799,0.677788552608491,0.746656377714296,30.4509090909091,28.0327272727273,41.5163636363636,8.14363636363636,25.6945454545455,7.30909090909091,24.92,7.57272727272727,26.36,-1.76464873335578,-3.6027035033161,0.878194411272988,0.838759891036451,0.902951738635368
48216,36675,11541,0.70355719156796,0.676384905941304,0.746606886744586,30.3927272727273,27.8690909090909,41.7381818181818,8.05454545454545,25.7709090909091,7.16909090909091,24.96,7.45272727272727,26.5927272727273,-1.78439200791446,-3.53824807920239,0.878200526441733,0.838400313152401,0.902814079107858
48525,36866,11659,0.703010275682872,0.675689246287522,0.746620653293374,30.3090909090909,27.6963636363636,41.9945454545455,7.96181818181818,25.8618181818182,7.07272727272727,24.9454545454545,7.40727272727273,26.7509090909091,-1.80208084691655,-3.51825367672877,0.878404319136173,0.839099323836408,0.902584751266398
48900,37077,11823,0.70270898271711,0.6748581825723,0.746759755639928,30.2490909090909,27.5309090909091,42.22,7.85454545454545,25.9490909090909,6.91454545454545,24.9836363636364,7.30181818181818,26.9963636363636,-1.81674089106646,-3.47283766974102,0.879245056200036,0.839915466913221,0.902458981094699
49419,37297,12122,0.702063245867563,0.67393930168432,0.746934700110784,30.1545454545455,27.3890909090909,42.4563636363636,7.76,26.0127272727273,6.83090909090909,24.9890909090909,7.24909090909091,27.1581818181818,-1.82976019219919,-3.37529907578772,0.879409104612602,0.839883165161976,0.902488116140636
50053,37561,12492,0.701211951698242,0.673520291732695,0.74713583201869,30.0545454545455,27.2563636363636,42.6890909090909,7.68,26.0327272727273,6.73636363636364,25.0090909090909,7.17636363636364,27.3654545454545,-1.83657981915907,-3.24008840918541,0.879733817301875,0.841037956106997,0.902551215980238
50459,37808,12651,0.700370309396569,0.672557351415687,0.747309183241725,29.9763636363636,27.1018181818182,42.9218181818182,7.61272727272727,26.0909090909091,6.63818181818182,25.0036363636364,7.07818181818182,27.5763636363636,-1.84532360813834,-3.20023932538249,0.879784072299387,0.841271971018382,0.902571271233109
50907,38096,12811,0.699965423808672,0.671337228178688,0.747792170150094,29.9145454545455,26.8654545454545,43.22,7.52181818181818,26.1909090909091,6.48727272727273,24.9818181818182,7.03454545454545,27.7836363636364,-1.85054878755049,-3.16016048057513,0.880568893210965,0.842176502436383,0.902738631105128
51381,38297,13084,0.699268107070821,0.670237067919176,0.74797762947176,29.8309090909091,26.7018181818182,43.4672727272727,7.44181818181818,26.2763636363636,6.36545454545455,24.9436363636364,7.00181818181818,27.9709090909091,-1.86058102412657,-3.06561308096756,0.880965441579813,0.842162603840392,0.902831806583846
51945,38483,13462,0.698535244682505,0.669428552177094,0.748128661102572,29.7581818181818,26.5509090909091,43.6909090909091,7.35818181818182,26.3218181818182,6.28727272727273,24.9709090909091,6.89636363636364,28.1654545454545,-1.87119611880996,-2.92657724266702,0.881102217877436,0.842155721427104,0.902871410736579
52497,38690,13807,0.697651605776433,0.669130897232139,0.748157801179013,29.6181818181818,26.5018181818182,43.88,7.28545454545455,26.3836363636364,6.22181818181818,24.9309090909091,6.83272727272727,28.3454545454545,-1.8788425331766,-2.80399308394302,0.881522406384285,0.842412184412733,0.903082787768294
53020,38901,14119,0.69703647709903,0.66783321329146,0.748413779500803,29.5581818181818,26.34,44.1018181818182,7.22909090909091,26.4363636363636,6.09636363636364,24.9345454545455,6.72181818181818,28.5818181818182,-1.88588709993796,-2.68844657431949,0.881835517008058,0.841927245116311,0.903116754617414
53582,39112,14470,0.696303373055349,0.667278455167216,0.748323719022124,29.4781818181818,26.2472727272727,44.2745454545455,7.16,26.4654545454545,6.02545454545455,24.9218181818182,6.64,28.7872727272727,-1.89135758985173,-2.55398934700272,0.882069943872201,0.84233859794957,0.90300193010554
54012,39336,14676,0.695201692373187,0.666227975228699,0.74815532424959,29.4036363636364,26.1018181818182,44.4945454545455,7.09272727272727,26.5090909090909,5.97454545454545,24.86,6.57818181818182,28.9854545454545,-1.89443146640604,-2.48804451443932,0.882018303240168,0.842435218723878,0.902664269369075
54588,39581,15007,0.694320009228458,0.664751266167804,0.747992663399245,29.3163636363636,25.9454545454545,44.7381818181818,7.02181818181818,26.5763636363636,5.86545454545455,24.8563636363636,6.43454545454545,29.2454545454545,-1.89651332931085,-2.36803407289765,0.88234929297941,0.841906096706377,0.902625375924571
54958,39876,15082,0.693613288385408,0.663636224457125,0.748029415291069,29.1945454545455,25.8,45.0054545454545,6.96545454545455,26.6363636363636,5.79272727272727,24.7418181818182,6.44181818181818,29.4218181818182,-1.89435123313557,-2.37479624964974,0.883103942205892,0.841930937279775,0.902880458934271
55513,40228,15285,0.692908777393646,0.662946438321349,0.748176455200182,29.1090909090909,25.6636363636364,45.2272727272727,6.91636363636364,26.6436363636364,5.71272727272727,24.6690909090909,6.39090909090909,29.6672727272727,-1.88623065758835,-2.32614623443647,0.883760149906309,0.842366277010273,0.903316582914573
55893,40551,15342,0.691805953751952,0.662318540640103,0.748018787605653,28.9963636363636,25.5345454545455,45.4690909090909,6.84,26.7163636363636,5.58909090909091,24.6563636363636,6.36,29.8381818181818,-1.8808779656887,-2.32523634677584,0.884060697266115,0.84327826829963,0.90339091490723
56389,40809,15580,0.690794277457204,0.661023987478315,0.747899567365666,28.92,25.3618181818182,45.7181818181818,6.76909090909091,26.7218181818182,5.56909090909091,24.6,6.22181818181818,30.1181818181818,-1.87966914014383,-2.25741902643984,0.884194643530743,0.842641049537601,0.903440047723205
56886,41112,15774,0.689630348756457,0.659954307153319,0.74774724962175,28.8763636363636,25.2,45.9236363636364,6.72727272727273,26.7618181818182,5.46545454545455,24.5345454545455,6.17818181818182,30.3327272727273,-1.87378248274326,-2.19985177029263,0.884082609243168,0.843578643578644,0.903713674875287
57384,41378,16006,0.688659770046826,0.658960808741066,0.747567657779996,28.8581818181818,25.0272727272727,46.1145454545455,6.67272727272727,26.7745454545455,5.42363636363636,24.4563636363636,6.14545454545455,30.5272727272727,-1.87094455280087,-2.13596569597721,0.883883568548387,0.84373410824555,0.90371801443047
57954,41736,16218,0.687909894828295,0.658154653760449,0.747156280085886,28.8163636363636,24.9,46.2836363636364,6.63636363636364,26.8036363636364,5.32727272727273,24.4236363636364,6.08545454545455,30.7236363636364,-1.85748273107139,-2.07380102872848,0.884535301911793,0.844687842278204,0.903559082338152
58398,42057,16341,0.686563046608787,0.65632809954574,0.746920194368393,28.7781818181818,24.7,46.5218181818182,6.57818181818182,26.8036363636364,5.25090909090909,24.4254545454545,5.97454545454545,30.9672727272727,-1.84864349094304,-2.04655771255493,0.884129390952742,0.844534412955466,0.903583851174424
58992,42411,16581,0.685360815625561,0.654541078055608,0.746422951966619,28.6963636363636,24.5672727272727,46.7363636363636,6.49636363636364,26.8927272727273,5.13272727272727,24.3981818181818,5.89090909090909,31.1890909090909,-1.83672389008782,-1.96779811517759,0.884305898751822,0.843620485494375,0.903715230499903
59701,42770,16931,0.684087219810762,0.65285797857067,0.74608802214745,28.6709090909091,24.3890909090909,46.94,6.44727272727273,26.88,5.08181818181818,24.3236363636364,5.79272727272727,31.4745454545455,-1.82340255379677,-1.85005287148736,0.884520261272116,0.843819889667512,0.903823062323275
60365,43200,17165,0.683175038300342,0.651912345624537,0.745652779016139,28.6290909090909,24.2218181818182,47.1490909090909,6.38727272727273,26.9218181818182,4.97818181818182,24.2963636363636,5.69272727272727,31.7236363636364,-1.8043264513666,-1.78358507752419,0.88505017147212,0.844918180453385,0.903671139904365
61020,43610,17410,0.681984487697405,0.650877826305479,0.745544915728687,28.5345454545455,24.1036363636364,47.3618181818182,6.32181818181818,26.9381818181818,4.93272727272727,24.1727272727273,5.68363636363636,31.9509090909091,-1.78565052097494,-1.7026470514861,0.885179049318211,0.845515576676473,0.90410380436869
61642,43996,17646,0.680488635129696,0.648820410622609,0.745588725640382,28.4745454545455,23.8981818181818,47.6272727272727,6.25818181818182,26.9945454545455,4.80181818181818,24.1036363636364,5.64727272727273,32.1945454545455,-1.76869093233889,-1.6282180653377,0.885000957793244,0.844872185027389,0.904294712731437
62353,44345,18008,0.679138054967722,0.647382314487105,0.745354471735957,28.4163636363636,23.7309090909091,47.8527272727273,6.20363636363636,27,4.69636363636364,24.08,5.55454545454545,32.4654545454545,-1.75504343320023,-1.51282658468593,0.885149401753151,0.844774747165185,0.904403662753144
63077,44722,18355,0.678083132537805,0.646030004259239,0.745097047868245,28.3654545454545,23.5854545454545,48.0490909090909,6.14181818181818,27.06,4.56363636363636,24.0218181818182,5.45636363636364,32.7563636363636,-1.73709349307147,-1.41658574559472,0.885327863598487,0.844973789700894,0.904605138683922
63785,45115,18670,0.676750264280887,0.644346856979021,0.744581325538946,28.26,23.4527272727273,48.2872727272727,6.07272727272727,27.0818181818182,4.43636363636364,23.9963636363636,5.36545454545455,33.0472727272727,-1.71804394721985,-1.31581709059802,0.885993694910892,0.844639119311575,0.904397921530236
64318,45458,18860,0.675374877270067,0.642938475926957,0.744224480337679,28.1963636363636,23.3054545454545,48.4981818181818,5.99818181818182,27.0872727272727,4.42363636363636,23.8709090909091,5.25636363636364,33.3636363636364,-1.70301413888281,-1.27781023410234,0.88638122259479,0.844047433296926,0.904588738097023
65086,45822,19264,0.674243232458506,0.641180771117274,0.744063501416165,28.1218181818182,23.1145454545455,48.7636363636364,5.93090909090909,27.0890909090909,4.32727272727273,23.8963636363636,5.11090909090909,33.6454545454545,-1.68518276675181,-1.16901008513841,0.886920540505593,0.842602060882561,0.904772557792692
65852,46277,19575,0.672697117603576,0.639234763146463,0.74337601313998,28.08,22.9618181818182,48.9581818181818,5.85272727272727,27.1345454545455,4.26727272727273,23.7381818181818,5.08363636363636,33.9236363636364,-1.66031927520579,-1.07393067452041,0.887270137270137,0.842426162008077,0.904742451814164
66629,46652,19977,0.671120109149493,0.637053778330876,0.742812635397511,28.06,22.8218181818182,49.1181818181818,5.78909090909091,27.1181818181818,4.26727272727273,23.5781818181818,5.08727272727273,34.16,-1.63817417215217,-0.938183057579127,0.887060195684572,0.841698534098152,0.904793633166759
67199,47039,20160,0.669876021952065,0.63532880916872,0.741990533325894,28.0109090909091,22.6636363636364,49.3254545454545,5.73272727272727,27.1072727272727,4.22181818181818,23.4909090909091,5.01272727272727,34.4345454545455,-1.62171715064482,-0.900830742174929,0.887316629884461,0.841636582430806,0.904751373069409
67975,47448,20527,0.66889646269521,0.633919251671441,0.741213875592245,27.9509090909091,22.4927272727273,49.5563636363636,5.68545454545455,27.0890909090909,4.16,23.4018181818182,4.96363636363636,34.7,-1.59969138340517,-0.798730712858113,0.888180576335133,0.841484116077924,0.904498092163193
68805,47897,20908,0.667601378474364,0.632402111311487,0.740635403140859,27.88,22.3672727272727,49.7527272727273,5.63272727272727,27.1163636363636,4.09090909090909,23.2618181818182,4.93636363636364,34.9618181818182,-1.57365556738593,-0.697686286135153,0.888417894874136,0.84157047634531,0.904509574623593
69489,48327,21162,0.666266603207836,0.631039398094689,0.739904934723526,27.7963636363636,22.2363636363636,49.9672727272727,5.55454545454545,27.1636363636364,3.99272727272727,23.14,4.84909090909091,35.3,-1.55089239166542,-0.630774507603862,0.888540031397174,0.840883074407195,0.904519321737865
70478,48769,21709,0.664775710866073,0.628951726455488,0.739421049900739,27.7618181818182,22.0290909090909,50.2090909090909,5.46545454545455,27.2236363636364,3.88545454545454,23.0618181818182,4.72,35.6436363636364,-1.52602490362796,-0.44903062609109,0.888466828214028,0.839303400462199,0.90468948035488
71300,49203,22097,0.663564099813583,0.628077057048785,0.739067563126339,27.7090909090909,21.8527272727273,50.4381818181818,5.37636363636364,27.2890909090909,3.79454545454545,22.9981818181818,4.57818181818182,35.9636363636364,-1.50229655964808,-0.344357706741853,0.888910761154856,0.840668940843664,0.904942143397859
72110,49685,22425,0.662144778457668,0.626715514229737,0.738477507037076,27.6945454545455,21.6909090909091,50.6145454545455,5.32181818181818,27.3181818181818,3.70363636363636,22.8927272727273,4.51818181818182,36.2454545454545,-1.47473861764778,-0.260769295015118,0.889443277310924,0.841324392288349,0.90512967885624
72972,50114,22858,0.660459848851617,0.625828799080647,0.737876268720162,27.6381818181818,21.5472727272727,50.8145454545455,5.25272727272727,27.3272727272727,3.61818181818182,22.8236363636364,4.45090909090909,36.5272727272727,-1.45025750357996,-0.149307497116652,0.888954674034603,0.841616741203274,0.905145269786747
74051,50566,23485,0.659560407958294,0.6242518356817,0.737086824543005,27.6218181818182,21.3709090909091,51.0072727272727,5.16363636363636,27.3654545454545,3.52181818181818,22.7472727272727,4.33636363636364,36.8654545454545,-1.42405558661981,0.029512884941968,0.889020537124803,0.841755997958142,0.905289798246239
74859,50991,23868,0.658124292783816,0.622632888143782,0.736888406501684,27.5927272727273,21.1854545454545,51.2218181818182,5.10181818181818,27.3745454545455,3.49272727272727,22.5927272727273,4.31818181818182,37.12,-1.39984048401768,0.119608707861467,0.888903531892462,0.841572262272571,0.905509016044299
75774,51382,24392,0.656814262061086,0.621450398760712,0.736036368331344,27.5309090909091,21.0363636363636,51.4327272727273,5.04363636363636,27.3690909090909,3.42,22.4981818181818,4.27818181818182,37.3909090909091,-1.3781422899528,0.267364532026378,0.889116365077269,0.841227312013829,0.90543693438914
76767,51840,24927,0.655234132720955,0.620639468008427,0.735263607625977,27.4672727272727,20.8745454545455,51.6581818181818,4.99272727272727,27.3836363636364,3.34181818181818,22.4127272727273,4.16545454545455,37.7036363636364,-1.34966512308879,0.395378708026626,0.889190441517178,0.842086926225939,0.905286498662537
77638,52333,25305,0.653821718706536,0.61984409303076,0.734060256248111,27.4763636363636,20.6672727272727,51.8563636363636,4.92545454545455,27.3418181818182,3.28727272727273,22.3745454545455,4.08909090909091,37.9818181818182,-1.31564175418832,0.502030702070756,0.888896241397565,0.843494325679599,0.90519266505382
78587,52815,25772,0.652490443748891,0.618373370576863,0.733366717890886,27.4327272727273,20.46,52.1072727272727,4.84727272727273,27.36,3.23272727272727,22.2618181818182,4.05454545454545,38.2436363636364,-1.28627297851172,0.618030040914362,0.88911717921527,0.844130454101129,0.904986217244147
79494,53223,26271,0.6513190209991,0.617806287611144,0.732501923697116,27.4163636363636,20.2963636363636,52.2872727272727,4.77636363636364,27.3763636363636,3.19090909090909,22.1618181818182,3.98545454545455,38.5090909090909,-1.25883609638973,0.73443759855899,0.889183632866901,0.844575830869838,0.904965574796578
80532,53727,26805,0.650258384773579,0.61721757326844,0.731629131010008,27.4054545454545,20.1218181818182,52.4727272727273,4.69818181818182,27.3690909090909,3.11454545454545,22.1581818181818,3.83636363636364,38.8236363636364,-1.2280470834537,0.845478813485666,0.889736615139654,0.846209451522544,0.904954954954955
81727,54230,27497,0.649597853592535,0.615362241920624,0.731056226381875,27.4,19.9181818181818,52.6818181818182,4.63454545454545,27.3909090909091,2.99090909090909,22.1472727272727,3.75454545454545,39.0818181818182,-1.19607118991288,1.0151040871035,0.890444591904446,0.846006389776358,0.905125107851596
82559,54667,27892,0.648397202056903,0.613587429499607,0.729824684086493,27.3781818181818,19.7618181818182,52.86,4.58909090909091,27.3618181818182,2.96545454545455,22.0672727272727,3.66181818181818,39.3545454545455,-1.16902670074593,1.09041224081408,0.890556514809404,0.845523967246297,0.905066556598906
83610,55082,28528,0.64748211469866,0.611957351645704,0.728882622325946,27.3636363636364,19.5654545454545,53.0709090909091,4.52181818181818,27.3618181818182,2.89454545454545,21.9545454545455,3.65454545454546,39.6127272727273,-1.14195437824184,1.24196788099679,0.890564784053156,0.845088746399034,0.905066977285964
84685,55534,29151,0.64667262455693,0.610694214231916,0.728122499513343,27.3872727272727,19.3636363636364,53.2490909090909,4.44363636363636,27.38,2.81090909090909,21.9418181818182,3.65454545454546,39.7690909090909,-1.11331936513836,1.39173367917538,0.890526455553343,0.845446009389671,0.905213917437771
85666,55897,29769,0.645708669477635,0.609328300911879,0.727132282118584,27.3909090909091,19.2,53.4090909090909,4.38545454545455,27.4,2.71272727272727,21.8927272727273,3.6,40.0090909090909,-1.09037451771173,1.55544753575867,0.890540989047461,0.845075757575758,0.905021276595745
86845,56384,30461,0.6450438432274,0.60844495345473,0.7260405370905,27.4272727272727,19.0109090909091,53.5618181818182,4.31636363636364,27.4672727272727,2.61272727272727,21.8763636363636,3.52,40.2072727272727,-1.05777895680883,1.72179795679721,0.890420947961551,0.846117061973986,0.905156318951764
87934,56823,31111,0.643953064718654,0.607197404587144,0.725140695508845,27.4254545454545,18.8127272727273,53.7618181818182,4.22909090909091,27.5145454545455,2.6,21.8109090909091,3.40909090909091,40.4363636363636,-1.02771770615469,1.87497727925127,0.890281092548396,0.847008794819755,0.904934221651053
88850,57181,31669,0.643046018766781,0.606624357653142,0.724131254701945,27.4236363636364,18.7181818181818,53.8581818181818,4.14545454545455,27.5781818181818,2.54727272727273,21.7927272727273,3.32727272727273,40.6090909090909,-1.00726456594738,1.99647197696296,0.89060531724458,0.847498785818358,0.904868003510904
89841,57564,32277,0.64206708943915,0.605231894323825,0.723038786418994,27.4054545454545,18.6,53.9945454545455,4.07636363636364,27.6363636363636,2.46181818181818,21.7909090909091,3.28909090909091,40.7454545454545,-0.983829763802615,2.12853880605914,0.890267365487959,0.847409579667644,0.90490621948345
90894,57968,32926,0.64083575733608,0.603945595815081,0.722581649093996,27.3854545454545,18.4418181818182,54.1727272727273,4.01636363636364,27.6654545454545,2.44181818181818,21.7290909090909,3.26545454545455,40.8818181818182,-0.958256529000672,2.26203525093469,0.889855264905059,0.847382431233363,0.905218996475919
91736,58323,33413,0.639850523660536,0.602255858938966,0.721506322661487,27.4218181818182,18.2527272727273,54.3254545454545,3.96,27.6909090909091,2.40545454545455,21.6963636363636,3.24545454545455,41.0018181818182,-0.933389988270673,2.3603132724762,0.889537196658268,0.847494770395458,0.90481609156933
92571,58624,33947,0.639183387950648,0.60068433990501,0.720536356606111,27.4309090909091,18.1290909090909,54.44,3.88727272727273,27.7945454545455,2.35818181818182,21.62,3.17818181818182,41.1618181818182,-0.914329507946968,2.45335139252923,0.889573805262809,0.846354427840738,0.904749181751386
93344,59001,34343,0.638118882753943,0.599020450421779,0.719886829688394,27.4145454545455,17.9781818181818,54.6072727272727,3.80181818181818,27.8963636363636,2.32909090909091,21.5618181818182,3.12181818181818,41.2890909090909,-0.887691663070159,2.53410536904227,0.889375248706725,0.846278317152104,0.904907771192648
94310,59400,34910,0.637408155430926,0.597375097244963,0.718860613816179,27.4327272727273,17.8690909090909,54.6981818181818,3.71636363636364,28.0163636363636,2.26,21.5618181818182,3.02545454545455,41.42,-0.859740134396336,2.64466904760762,0.889647401908802,0.845543345543346,0.905032575455392
95172,59758,35414,0.636473522993353,0.595720589358512,0.718138884908925,27.4636363636364,17.7036363636364,54.8327272727273,3.66545454545455,28.1418181818182,2.14909090909091,21.5054545454545,3.05818181818182,41.48,-0.83655715266412,2.73095532506704,0.889506785832506,0.845845743042005,0.905066648982028
95986,60082,35904,0.635337081840693,0.595632660894742,0.717068436173247,27.4618181818182,17.6327272727273,54.9054545454546,3.59090909090909,28.2818181818182,2.08727272727273,21.44,3.03090909090909,41.5690909090909,-0.810835788602179,2.80798772959547,0.88916843220339,0.847700556815838,0.904861249089344
96697,60379,36318,0.634402340862478,0.594433604336957,0.715883701880425,27.4727272727273,17.5454545454545,54.9818181818182,3.50909090909091,28.4127272727273,1.98181818181818,21.4709090909091,3.00181818181818,41.6236363636364,-0.794891725412824,2.8708124417473,0.888749172733289,0.847253886010363,0.904960317460318
97646,60734,36912,0.633459614705315,0.593488587991354,0.714804359914837,27.4581818181818,17.4527272727273,55.0890909090909,3.42363636363636,28.5563636363636,1.90727272727273,21.4745454545455,2.91818181818182,41.72,-0.77128185399554,2.99007082066753,0.888491590517812,0.847796645483905,0.904881349219446
98425,61054,37371,0.632640126673278,0.591158651963089,0.713941223913911,27.4654545454545,17.3181818181818,55.2163636363636,3.33454545454545,28.7109090909091,1.90545454545455,21.4145454545455,2.86545454545455,41.7690909090909,-0.749533937261863,3.0743916137652,0.888653515159539,0.846299212598425,0.905067667687444
99150,61361,37789,0.631635016258767,0.58999348167498,0.713035668366679,27.4818181818182,17.2309090909091,55.2872727272727,3.25818181818182,28.8218181818182,1.92909090909091,21.3545454545455,2.81454545454545,41.8218181818182,-0.729724169793454,3.12318511242894,0.888455176976513,0.846153846153846,0.905057879505393
99715,61589,38126,0.630697751699169,0.58876733525954,0.711748980912487,27.4745454545455,17.2090909090909,55.3163636363636,3.17818181818182,28.9690909090909,1.83636363636364,21.4018181818182,2.79090909090909,41.8236363636364,-0.718071943081238,3.17445964074948,0.888558004102971,0.845219228737454,0.904910596897186
100246,61813,38433,0.62962114709741,0.587642224935491,0.711038290428794,27.4581818181818,17.1527272727273,55.3890909090909,3.11636363636364,29.0781818181818,1.78909090909091,21.3963636363636,2.73636363636364,41.8836363636364,-0.702192012457685,3.19767277284779,0.888425374122633,0.844922620309519,0.904871323529412
100972,62119,38853,0.628919569813664,0.587037938316813,0.710211063931971,27.4527272727273,17.0927272727273,55.4545454545455,3.06181818181818,29.1927272727273,1.71636363636364,21.3818181818182,2.66909090909091,41.9781818181818,-0.681831505555998,3.26720385703851,0.888535664613551,0.845548345920647,0.904786885245902
101634,62392,39242,0.628062315066908,0.585283174647305,0.709415545914087,27.46,17.0163636363636,55.5236363636364,2.99272727272727,29.3618181818182,1.63636363636364,21.3690909090909,2.60909090909091,42.0309090909091,-0.662956543469971,3.3247797224332,0.888631397735549,0.844962068597072,0.905036348156395
102170,62671,39499,0.627143131904523,0.584677339337495,0.708689436109112,27.5036363636364,16.9309090909091,55.5654545454545,2.93818181818182,29.4636363636364,1.58363636363636,21.3818181818182,2.60181818181818,42.0309090909091,-0.646195696836168,3.33561494192955,0.888609770608845,0.846005154639175,0.905140538594941
102640,62887,39753,0.626466040004695,0.58358709284842,0.707504946221173,27.5018181818182,16.88,55.6181818181818,2.86545454545455,29.5981818181818,1.54727272727273,21.3745454545455,2.54545454545455,42.0690909090909,-0.632051230323586,3.34699387336996,0.888602406452466,0.845540715208962,0.904936253677672
103353,63160,40193,0.62545647960249,0.582748721494936,0.706705868139768,27.4781818181818,16.8490909090909,55.6727272727273,2.79090909090909,29.7381818181818,1.52181818181818,21.3181818181818,2.53272727272727,42.0981818181818,-0.613073173402385,3.39491307366301,0.88877125653411,0.845473184417827,0.905029392553886
104099,63433,40666,0.625077110297722,0.582018309161482,0.706020058554518,27.4781818181818,16.7890909090909,55.7327272727273,2.74727272727273,29.8181818181818,1.54181818181818,21.3636363636364,2.35454545454545,42.1745454545455,-0.595399399152534,3.46078916828741,0.889366770330179,0.845895603205545,0.905001141813199
104706,63666,41040,0.624106715521721,0.58096944923659,0.70496400741651,27.4854545454545,16.74,55.7745454545455,2.68545454545455,29.9527272727273,1.49272727272727,21.3418181818182,2.30363636363636,42.2236363636364,-0.578059114549648,3.48105881051584,0.889329893497387,0.845878136200717,0.90477898031034
105206,63867,41339,0.623457318056323,0.580146153763142,0.704069464482898,27.4690909090909,16.7327272727273,55.7981818181818,2.62363636363636,30.1181818181818,1.37090909090909,21.3636363636364,2.25818181818182,42.2654545454546,-0.566930856047706,3.48425784866241,0.889594916600477,0.845267847441052,0.904754146436834
105630,64084,41546,0.622535362601831,0.579661487010006,0.703393787585183,27.4654545454545,16.7163636363636,55.8181818181818,2.58,30.2218181818182,1.32909090909091,21.36,2.2,42.3090909090909,-0.552832757715474,3.46004935089837,0.889381702634715,0.84566021318251,0.904885993485342
106135,64330,41805,0.621799806547966,0.578715286800155,0.702648614949178,27.4672727272727,16.6709090909091,55.8618181818182,2.52909090909091,30.36,1.29090909090909,21.2563636363636,2.20909090909091,42.3545454545455,-0.534127274900675,3.45287286249751,0.88952141391408,0.845675646199149,0.904895195938029
106632,64520,42112,0.621133760815076,0.578250050841389,0.701810854571553,27.4290909090909,16.6418181818182,55.9290909090909,2.48545454545455,30.4854545454545,1.24727272727273,21.2309090909091,2.12727272727273,42.4236363636364,-0.522313782877543,3.45514774735678,0.889831631976667,0.845952146837103,0.904749520496733
107087,64649,42438,0.620251654544853,0.577317701700355,0.701144075561548,27.4,16.6509090909091,55.9490909090909,2.44,30.5981818181818,1.27272727272727,21.1127272727273,2.15636363636364,42.42,-0.51363115391948,3.46941043165597,0.88978102189781,0.845381087573706,0.904556089951904
107575,64847,42728,0.619599132047966,0.576916753167212,0.700651773077701,27.3927272727273,16.6018181818182,56.0054545454545,2.38545454545455,30.7109090909091,1.22363636363636,21.1018181818182,2.12181818181818,42.4563636363636,-0.501675594581122,3.47949683659456,0.889751758927386,0.846238090022999,0.904554751160601
108132,65037,43095,0.61883527971483,0.575656340050666,0.70024417608076,27.3654545454545,16.5618181818182,56.0727272727273,2.33454545454545,30.8072727272727,1.16727272727273,21.0945454545455,2.06,42.5363636363636,-0.486084659634666,3.48906451626257,0.889907647332403,0.845647162147327,0.904539559014267
108530,65153,43377,0.6178968885328,0.574967147354291,0.699584935972554,27.3309090909091,16.5490909090909,56.12,2.28,30.9381818181818,1.13090909090909,21.0436363636364,2.04545454545455,42.5618181818182,-0.47826790149239,3.47130206694657,0.889701969132517,0.84497912546693,0.904393183438087
108924,65328,43596,0.617260676531679,0.574223877682877,0.698775400735638,27.3163636363636,16.5418181818182,56.1418181818182,2.25272727272727,31.0418181818182,1.07272727272727,21.0363636363636,1.98545454545455,42.6109090909091,-0.468392068583688,3.45116096149114,0.889976038338658,0.844581226643218,0.90433318220092
109272,65511,43761,0.616952512849242,0.573497980701115,0.698248839186887,27.3181818181818,16.4981818181818,56.1836363636364,2.22181818181818,31.1163636363636,1.07636363636364,20.9727272727273,1.94727272727273,42.6654545454545,-0.455815317363224,3.41719429303299,0.89018302828619,0.84494159135993,0.904307303970745
109667,65690,43977,0.616391712316051,0.572967988258638,0.697435322850164,27.28,16.5254545454545,56.1945454545455,2.18181818181818,31.1909090909091,1.08545454545455,20.9054545454545,1.92545454545455,42.7109090909091,-0.44350800992159,3.3795130870559,0.890429218874967,0.844977445263505,0.9042611706086
110102,65839,44263,0.615739717393571,0.571998871629976,0.69709851301351,27.2727272727273,16.4890909090909,56.2381818181818,2.13090909090909,31.2818181818182,1.02545454545455,20.8854545454545,1.92727272727273,42.7490909090909,-0.431577140914107,3.36822887022387,0.890333333333333,0.844745837468299,0.904173806213831
110509,66036,44473,0.615253392034784,0.571406623856057,0.696778666027664,27.2581818181818,16.4563636363636,56.2854545454545,2.09818181818182,31.3272727272727,1.03636363636364,20.8509090909091,1.84727272727273,42.84,-0.419460521583361,3.33643106235699,0.890675026680896,0.844989503922218,0.904318893949672
110741,66155,44586,0.61468296127284,0.571274866680917,0.695920732476124,27.2054545454545,16.4963636363636,56.2981818181818,2.04363636363636,31.3981818181818,1.04727272727273,20.7763636363636,1.83818181818182,42.8963636363636,-0.412729256718673,3.29878100048412,0.890997794559914,0.845255152650722,0.904146751065754
111098,66287,44811,0.614258751000687,0.570997170659255,0.695446388378848,27.1981818181818,16.4963636363636,56.3054545454546,2.00909090909091,31.4090909090909,1.06363636363636,20.6963636363636,1.83272727272727,42.9890909090909,-0.401832886421206,3.28204150172797,0.890834948860218,0.845365369778464,0.904159132007233
111637,66455,45182,0.61360233494343,0.570947668730405,0.694862116645105,27.1581818181818,16.5272727272727,56.3145454545455,1.98181818181818,31.5090909090909,0.972727272727273,20.6890909090909,1.76181818181818,43.0854545454546,-0.392238089035858,3.2723490904678,0.890875008368481,0.846204620462046,0.904206889871824
112089,66576,45513,0.613393499496371,0.570084375145078,0.694376987944149,27.1309090909091,16.5218181818182,56.3472727272727,1.93090909090909,31.5690909090909,0.945454545454545,20.6981818181818,1.72727272727273,43.1290909090909,-0.386373637620868,3.25808822553266,0.891301434124112,0.84549356223176,0.904165725533219
112429,66754,45675,0.612835597041753,0.569407043685672,0.69376666278274,27.1090909090909,16.5163636363636,56.3745454545455,1.90181818181818,31.6254545454545,0.910909090909091,20.6672727272727,1.69818181818182,43.1963636363636,-0.37202155679803,3.23349960906939,0.891146881287726,0.845442536327609,0.904276591627427
112769,66876,45893,0.612242330975872,0.568875766524127,0.692984729745835,27.0836363636364,16.5109090909091,56.4054545454546,1.86363636363636,31.6527272727273,0.892727272727273,20.6672727272727,1.68545454545455,43.2381818181818,-0.358932696375996,3.22341060177846,0.890977443609023,0.84528135667878,0.903974470554105
113141,67031,46110,0.611860978264642,0.568479550934948,0.692768090552421,27.0672727272727,16.4854545454545,56.4472727272727,1.84545454545455,31.6872727272727,0.874545454545455,20.6436363636364,1.67454545454545,43.2745454545455,-0.347124707825821,3.21295587176626,0.891381742459864,0.845483621925665,0.904013399471752
113431,67140,46291,0.611331344415167,0.567784156013872,0.692346016419225,27.0527272727273,16.4763636363636,56.4709090909091,1.82181818181818,31.6963636363636,0.861818181818182,20.6527272727273,1.66,43.3072727272727,-0.338940588842061,3.18123021613468,0.891323341622421,0.845177664974619,0.903989181879648
113818,67272,46546,0.610929159451742,0.567113318423032,0.691954512521223,27.0272727272727,16.5072727272727,56.4654545454545,1.78727272727273,31.7618181818182,0.830909090909091,20.5981818181818,1.67090909090909,43.3509090909091,-0.328040613403374,3.16936177306554,0.891422805247225,0.844586408194735,0.904140906749098
114004,67377,46627,0.610352496124164,0.566758068510621,0.691335986319865,27.0018181818182,16.54,56.4581818181818,1.76,31.7454545454545,0.827272727272727,20.6163636363636,1.67090909090909,43.38,-0.31983690594577,3.14299582581628,0.891522456400242,0.844454215675497,0.904064150457298
114435,67492,46943,0.610065502167088,0.566130742315532,0.690972264568137,26.9909090909091,16.5181818181818,56.4909090909091,1.72545454545455,31.7981818181818,0.747272727272727,20.6236363636364,1.63090909090909,43.4745454545455,-0.310478023761375,3.15309405095918,0.891680700572583,0.844358833241607,0.904055358867074
114749,67627,47122,0.609332131691831,0.56620004688843,0.690495434832545,26.9745454545455,16.5109090909091,56.5145454545455,1.68909090909091,31.82,0.754545454545455,20.6072727272727,1.60909090909091,43.52,-0.297276564099064,3.14904844029383,0.891412779724993,0.845171236647946,0.903902454718013
115047,67749,47298,0.608960267594755,0.565594778636957,0.690094827819902,26.9545454545455,16.5145454545455,56.5309090909091,1.67454545454545,31.8181818181818,0.723636363636364,20.5909090909091,1.61818181818182,43.5745454545455,-0.287346454515037,3.12483372783754,0.891467116357504,0.844764945502587,0.903930271452464
115273,67853,47420,0.608379697809249,0.565370745687718,0.689615121204311,26.9254545454545,16.5254545454545,56.5490909090909,1.66727272727273,31.8236363636364,0.703636363636364,20.5454545454545,1.63818181818182,43.6218181818182,-0.279407391946932,3.1052586004138,0.891349854818016,0.845307514578061,0.903768246415022
115554,67956,47598,0.607801333971928,0.565115286236459,0.689204763705776,26.8945454545455,16.5327272727273,56.5727272727273,1.66181818181818,31.8145454545455,0.665454545454545,20.5527272727273,1.59636363636364,43.7090909090909,-0.270038523376835,3.09926114570011,0.891292590589508,0.845485538326185,0.9037120359955
115737,68022,47715,0.607302925396818,0.564773613392109,0.688978059580424,26.8672727272727,16.5454545454545,56.5872727272727,1.64727272727273,31.8236363636364,0.661818181818182,20.5018181818182,1.58545454545455,43.78,-0.264731062762439,3.07043025046587,0.891249915409082,0.845274725274725,0.90370465572085
115941,68094,47847,0.606778653785838,0.56441357529105,0.688781714340213,26.8290909090909,16.5727272727273,56.5981818181818,1.62727272727273,31.8127272727273,0.658181818181818,20.4872727272727,1.56727272727273,43.8472727272727,-0.259112626449628,3.03596484065056,0.891298454865817,0.844651673066374,0.903723216293488
116255,68181,48074,0.606462468727261,0.564505030863971,0.688594386838934,26.7909090909091,16.5818181818182,56.6272727272727,1.60909090909091,31.8309090909091,0.618181818181818,20.4781818181818,1.56909090909091,43.8945454545455,-0.252843504174697,3.02172394516793,0.89148286392942,0.844956140350877,0.90374056830952
116413,68282,48131,0.6062580117807,0.563989305079732,0.688318449468339,26.7763636363636,16.5618181818182,56.6618181818182,1.60545454545455,31.8218181818182,0.612727272727273,20.4636363636364,1.53454545454545,43.9618181818182,-0.2449733145027,2.98463654883883,0.891695525225776,0.844878691404106,0.90389552047234
116701,68346,48355,0.605839538487449,0.5631955400525,0.687946156977451,26.7545454545455,16.5672727272727,56.6781818181818,1.58909090909091,31.8,0.614545454545455,20.4145454545455,1.57818181818182,44.0036363636364,-0.240572847425938,2.97401253801178,0.891743119266055,0.843942054433714,0.903827029801431
116978,68443,48535,0.60550383124869,0.56281884819741,0.687697358949923,26.76,16.5418181818182,56.6981818181818,1.57454545454545,31.8,0.605454545454545,20.4418181818182,1.52545454545455,44.0527272727273,-0.232974198672243,2.94684227770194,0.891765185487159,0.844251483842603,0.903796818881478
117212,68512,48700,0.605227175653617,0.562478200559774,0.687494875204229,26.7490909090909,16.5418181818182,56.7090909090909,1.55818181818182,31.8254545454545,0.552727272727273,20.4272727272727,1.55272727272727,44.0836363636364,-0.225625293617221,2.93892829404636,0.891721044045677,0.844141569575731,0.903847386983007
117465,68589,48876,0.604978244876644,0.561887923261846,0.687242059428508,26.7436363636364,16.5254545454545,56.7309090909091,1.54727272727273,31.7981818181818,0.54,20.4218181818182,1.54,44.1527272727273,-0.220569232216274,2.91485970558768,0.891902916581685,0.843767191110133,0.903820267931543
117693,68656,49037,0.604840796967058,0.561547767850807,0.687054088062004,26.7345454545455,16.52,56.7454545454545,1.54545454545455,31.7527272727273,0.545454545454545,20.4145454545455,1.51818181818182,44.2236363636364,-0.212798150256276,2.88408015544357,0.892138193688792,0.843605546995377,0.903780839474527
117967,68743,49224,0.604544967752175,0.561704131707444,0.686855022963508,26.7272727272727,16.5181818181818,56.7545454545455,1.51818181818182,31.7545454545455,0.541818181818182,20.38,1.51454545454545,44.2909090909091,-0.205257763611999,2.84918965709142,0.892108843537415,0.844358833241607,0.903828287682204
118100,68799,49301,0.604313251906581,0.561437865662598,0.686577445490236,26.7109090909091,16.5254545454545,56.7636363636364,1.50545454545455,31.7472727272727,0.547272727272727,20.3363636363636,1.49090909090909,44.3727272727273,-0.200937888398767,2.80388123254207,0.892042747260227,0.844427329739245,0.903843689942345
118273,68843,49430,0.603833737809197,0.561305123836108,0.686357501524863,26.6872727272727,16.54,56.7727272727273,1.48727272727273,31.7418181818182,0.518181818181818,20.3127272727273,1.49818181818182,44.4418181818182,-0.196360952127725,2.77954462878406,0.891879002588909,0.844344289326151,0.903859087269816
118422,68910,49512,0.603695944188878,0.561178072887904,0.686157191940253,26.6745454545455,16.5436363636364,56.7818181818182,1.46909090909091,31.72,0.503636363636364,20.2909090909091,1.50363636363636,44.5127272727273,-0.18789683776823,2.751064119488,0.892031899666008,0.844268600945159,0.903906500160102
118655,68957,49698,0.60353146788902,0.560834685621639,0.685999801548648,26.6618181818182,16.5381818181818,56.8,1.46,31.7145454545455,0.441818181818182,20.2963636363636,1.49636363636364,44.5909090909091,-0.183018975908106,2.74358652396636,0.892048554282597,0.843887423043096,0.903937259923175
118794,69023,49771,0.603308227588415,0.560706746119268,0.6857227594487,26.6454545454545,16.54,56.8145454545455,1.45272727272727,31.6818181818182,0.432727272727273,20.2927272727273,1.50363636363636,44.6363636363636,-0.179578180272471,2.7204410254278,0.892186966905493,0.844014510278114,0.90402585765489
118952,69076,49876,0.603049243213175,0.560614205797884,0.685638440714805,26.6272727272727,16.5490909090909,56.8236363636364,1.44363636363636,31.6527272727273,0.427272727272727,20.2527272727273,1.53818181818182,44.6854545454545,-0.175719965832435,2.70969721024687,0.892249914646637,0.844100197758734,0.904009215115349
119131,69131,50000,0.602920668715964,0.560174523146279,0.685289221704589,26.6254545454545,16.5436363636364,56.8309090909091,1.42363636363636,31.6581818181818,0.387272727272727,20.2363636363636,1.54,44.7545454545455,-0.170079820762939,2.69010744568976,0.892174269325321,0.844048796571052,0.903925520683367
119280,69189,50091,0.602605037019108,0.559762020522188,0.685234091727083,26.6090909090909,16.54,56.8509090909091,1.40909090909091,31.6272727272727,0.389090909090909,20.2254545454545,1.52727272727273,44.8218181818182,-0.164973717206158,2.66918115581978,0.892107960368978,0.844014510278114,0.903959319432007
119363,69217,50146,0.60252777751929,0.559692239453048,0.685141171306448,26.6,16.5418181818182,56.8581818181818,1.39454545454545,31.5890909090909,0.376363636363636,20.2236363636364,1.54363636363636,44.8727272727273,-0.164162929700053,2.63086935904893,0.892207792207792,0.844031655308859,0.90397160399079
119403,69251,50152,0.602265455567326,0.559540748718984,0.684791210835759,26.5927272727273,16.54,56.8672727272727,1.38727272727273,31.5418181818182,0.383636363636364,20.1854545454545,1.57272727272727,44.9290909090909,-0.16025845032524,2.61070601337335,0.892041569807193,0.84412443662746,0.903954982894779
119534,69295,50239,0.60200472666359,0.559443912952543,0.684663298627284,26.5763636363636,16.54,56.8836363636364,1.37818181818182,31.5054545454545,0.363636363636364,20.1581818181818,1.61818181818182,44.9763636363636,-0.155901371005034,2.59138116453859,0.892043510980365,0.844234362976806,0.903918685674103
119747,69348,50399,0.601981985401478,0.559059827583267,0.684358812469221,26.5745454545455,16.5309090909091,56.8945454545455,1.36727272727273,31.4690909090909,0.358181818181818,20.14,1.59636363636364,45.0690909090909,-0.148817101778166,2.59369845687073,0.892172961138478,0.844148702155741,0.903873194426691
119804,69379,50425,0.601903521429062,0.558844263343383,0.684342108839163,26.5636363636364,16.5309090909091,56.9054545454546,1.36,31.4527272727273,0.323636363636364,20.1454545454545,1.59636363636364,45.1218181818182,-0.147792630909349,2.55153279636394,0.892265571526352,0.844038715354158,0.903923573391271
119829,69409,50420,0.601632451840572,0.558808135098558,0.684299036609363,26.5545454545455,16.5363636363636,56.9090909090909,1.35090909090909,31.4145454545455,0.354545454545454,20.1036363636364,1.59272727272727,45.1836363636364,-0.1453106193835,2.51652739837088,0.892228688805204,0.844200109950522,0.903993610223642
119971,69438,50533,0.601487351426681,0.558708447851186,0.684204886378972,26.54,16.54,56.92,1.34727272727273,31.4109090909091,0.310909090909091,20.0872727272727,1.58,45.2636363636364,-0.142337459044277,2.49407977509228,0.892238131122833,0.844014510278114,0.903980067718648
120050,69457,50593,0.601276063908154,0.55871737482771,0.684123271020198,26.5254545454545,16.5472727272727,56.9272727272727,1.34363636363636,31.3618181818182,0.327272727272727,20.0563636363636,1.58,45.3309090909091,-0.139829419902526,2.48310647559437,0.892316128590034,0.843973189759367,0.903896518684126
120203,69514,50689,0.601164859181387,0.558393173482407,0.684153401417034,26.5272727272727,16.5090909090909,56.9636363636364,1.34,31.3254545454545,0.310909090909091,20.0472727272727,1.59272727272727,45.3836363636364,-0.133499662753787,2.46525601121512,0.892323509252913,0.844273127753304,0.903925949569103
120368,69555,50813,0.601019569702675,0.558072214943497,0.683988652963787,26.5272727272727,16.4963636363636,56.9763636363636,1.33454545454545,31.3054545454545,0.26,20.0436363636364,1.61272727272727,45.4436363636364,-0.127539134167389,2.45884829102592,0.892254969156957,0.844263198501047,0.90394741040942
120466,69591,50875,0.600684405389894,0.558027355217902,0.683914639655039,26.5127272727273,16.4945454545455,56.9927272727273,1.32727272727273,31.2618181818182,0.287272727272727,20.0090909090909,1.59636363636364,45.5181818181818,-0.12404287960592,2.45134584351697,0.892195857907009,0.844356261022928,0.903943086837236
120516,69615,50901,0.600526074582681,0.557946895892491,0.683869067727744,26.5090909090909,16.4854545454545,57.0054545454545,1.32181818181818,31.2090909090909,0.323636363636364,19.9618181818182,1.59636363636364,45.5872727272727,-0.122389622813683,2.42720490345223,0.892181069958848,0.844491011359876,0.903932638025069
120606,69640,50966,0.600351628516004,0.557670408253728,0.683855298612483,26.5018181818182,16.4781818181818,57.02,1.31818181818182,31.1781818181818,0.323636363636364,19.9327272727273,1.61090909090909,45.6363636363636,-0.120944060940846,2.40816668735986,0.892220087815587,0.844312037956527,0.903957144223717
120723,69655,51068,0.600156797828367,0.557519314283527,0.683860371031241,26.4890909090909,16.4818181818182,57.0290909090909,1.31272727272727,31.1418181818182,0.296363636363636,19.9527272727273,1.61272727272727,45.6836363636364,-0.12105486929967,2.4001433424313,0.892305580341822,0.844125758411473,0.903972454249825
120794,69681,51113,0.600034857389968,0.557342292425481,0.683827669350226,26.4818181818182,16.4763636363636,57.0418181818182,1.30909090909091,31.1018181818182,0.281818181818182,19.98,1.60727272727273,45.72,-0.118242310202384,2.37153502783992,0.892344661860625,0.844074155815493,0.90396200554617
120894,69693,51201,0.599880430205917,0.557250480257235,0.68370395757769,26.4781818181818,16.4763636363636,57.0454545454545,1.29454545454545,31.0727272727273,0.272727272727273,19.9927272727273,1.62363636363636,45.7436363636364,-0.115104208363813,2.35902552171187,0.892261209915539,0.843963804899581,0.90393625498008
120943,69704,51239,0.599646385508267,0.557188658761719,0.683628538984325,26.4727272727273,16.4854545454545,57.0418181818182,1.29090909090909,31.0163636363636,0.294545454545454,19.9490909090909,1.62727272727273,45.8218181818182,-0.11291643588973,2.34306551577015,0.892239010989011,0.843718980919819,0.903930131004367
121086,69728,51358,0.599576560303089,0.557235427916543,0.683593340388149,26.4709090909091,16.4818181818182,57.0472727272727,1.29090909090909,30.96,0.28,19.9490909090909,1.63454545454545,45.8854545454545,-0.111552175709089,2.34635836438022,0.892300295349955,0.844015444015444,0.903939316675166
121074,69740,51334,0.599465782513793,0.557119767930712,0.683603334942346,26.4672727272727,16.4727272727273,57.06,1.28727272727273,30.8927272727273,0.290909090909091,19.9418181818182,1.66727272727273,45.92,-0.109609569227111,2.32584260045127,0.892285498385656,0.844039735099338,0.903928878692286
121201,69753,51448,0.599327082404793,0.557050302562179,0.683505885323796,26.4581818181818,16.4836363636364,57.0581818181818,1.28181818181818,30.8909090909091,0.258181818181818,19.9090909090909,1.67818181818182,45.9818181818182,-0.109094276295086,2.32251833938062,0.892317207256734,0.844032649459519,0.903925817347524
121318,69765,51553,0.599233628761484,0.556885500674385,0.683571162578253,26.4545454545455,16.4763636363636,57.0690909090909,1.28,30.8509090909091,0.227272727272727,19.9472727272727,1.68545454545455,46.0090909090909,-0.108014546733731,2.30826909470965,0.892302405498282,0.843963804899581,0.903944182490124
121436,69771,51665,0.59917369193681,0.556898362455666,0.683631290292904,26.4509090909091,16.4781818181818,57.0709090909091,1.28,30.8145454545455,0.227272727272727,19.9218181818182,1.70545454545455,46.0509090909091,-0.107530681193087,2.30373681296002,0.892287599670058,0.843981021736732,0.903947242664628
121485,69791,51694,0.599048588170171,0.556878625863693,0.683660351917337,26.4418181818182,16.4745454545455,57.0836363636364,1.26909090909091,30.7909090909091,0.227272727272727,19.9218181818182,1.72,46.0709090909091,-0.105875218232078,2.2852634512904,0.89231932888675,0.844167310451385,0.903968658427825
121620,69815,51805,0.599026439098893,0.556720194923671,0.683714532335928,26.4436363636364,16.4527272727273,57.1036363636364,1.26545454545455,30.7436363636364,0.22,19.9254545454545,1.71636363636364,46.1290909090909,-0.103539201579141,2.27753004421565,0.892326732673267,0.844402696430545,0.903970452446907
121738,69837,51901,0.598967578983513,0.556546141781558,0.683601553310187,26.4418181818182,16.4581818181818,57.1,1.26,30.7563636363636,0.196363636363636,19.8927272727273,1.73090909090909,46.1636363636364,-0.101200876722578,2.2734182911163,0.89231932888675,0.844343791427309,0.904028021015762
121744,69857,51887,0.599048574589384,0.556684300402484,0.683547012630118,26.44,16.46,57.1,1.25818181818182,30.7163636363636,0.201818181818182,19.8763636363636,1.74909090909091,46.1981818181818,-0.0995131097310646,2.24912852512842,0.892449456745977,0.844692367171104,0.904059863079128
121809,69861,51948,0.598989920673333,0.556654991168148,0.683500731663027,26.4381818181818,16.4618181818182,57.1,1.26,30.7109090909091,0.181818181818182,19.8363636363636,1.76363636363636,46.2472727272727,-0.099212311939548,2.2383660197258,0.892442060380992,0.844819969074442,0.904028021015762
121882,69883,51999,0.598888470460581,0.55655857763737,0.683546263610721,26.4381818181818,16.4472727272727,57.1145454545455,1.25818181818182,30.6909090909091,0.192727272727273,19.8036363636364,1.75636363636364,46.2981818181818,-0.0966003389468163,2.22336019084535,0.892442060380992,0.845014370992704,0.904020628402254
121860,69882,51978,0.598877962672346,0.556575575285626,0.683498504284083,26.4327272727273,16.4563636363636,57.1109090909091,1.25454545454545,30.6527272727273,0.212727272727273,19.7727272727273,1.75818181818182,46.3490909090909,-0.0968743693094108,2.20057823822241,0.892488650433347,0.84487901889294,0.904046353188374
121930,69894,52036,0.59892142057389,0.556340756402598,0.683475270796403,26.4418181818182,16.44,57.1181818181818,1.25090909090909,30.6054545454545,0.210909090909091,19.7745454545455,1.76181818181818,46.3963636363636,-0.0962177053633654,2.18432882763445,0.892525613697311,0.844945808449458,0.904026738819036
121979,69890,52089,0.598861158869521,0.55624508403339,0.683435633972148,26.44,16.4436363636364,57.1163636363636,1.25454545454545,30.5454545454545,0.209090909090909,19.7654545454545,1.79090909090909,46.4345454545455,-0.0967820971643298,2.18175570732829,0.892518223077981,0.844758956214065,0.904023683707901
122065,69896,52169,0.598899996919151,0.556345580438237,0.683350468601834,26.4363636363636,16.4527272727273,57.1109090909091,1.25636363636364,30.5072727272727,0.187272727272727,19.7763636363636,1.80727272727273,46.4654545454545,-0.0966075600315393,2.178011762554,0.892640990371389,0.844844734224776,0.904014517207348
122148,69912,52236,0.598858584323121,0.556307482058716,0.683299700561354,26.4345454545455,16.4527272727273,57.1127272727273,1.25636363636364,30.48,0.172727272727273,19.7581818181818,1.82545454545455,46.5072727272727,-0.0939164372213947,2.1672598593445,0.892702386684091,0.844955243673334,0.903985737934547
122148,69918,52230,0.598701768017515,0.556296155775902,0.683193116707164,26.4290909090909,16.4618181818182,57.1090909090909,1.25090909090909,30.4327272727273,0.176363636363636,19.7527272727273,1.84545454545455,46.5418181818182,-0.0930470047730275,2.15282166520642,0.892680242157402,0.84493041749503,0.903979624323464
122216,69925,52291,0.598591408113569,0.556247946170767,0.683211314019165,26.4254545454545,16.4618181818182,57.1127272727273,1.24909090909091,30.3872727272727,0.170909090909091,19.7509090909091,1.83090909090909,46.6109090909091,-0.0920710375066847,2.14781926523217,0.892665474060823,0.84493041749503,0.903985737934547
122267,69938,52329,0.598509983921338,0.556073099587308,0.683202940460531,26.4309090909091,16.4490909090909,57.12,1.24727272727273,30.3163636363636,0.190909090909091,19.7618181818182,1.84363636363636,46.64,-0.0903999777976424,2.13437613884664,0.892618834697668,0.844920968276777,0.903966131907308
122330,69945,52385,0.5984132811194,0.556039657252261,0.68310591064757,26.4290909090909,16.4527272727273,57.1181818181818,1.24727272727273,30.2763636363636,0.185454545454545,19.7672727272727,1.83454545454545,46.6890909090909,-0.0892502371750941,2.12109822666442,0.892611447440837,0.844844734224776,0.903931243036766
122404,69953,52451,0.59834758196686,0.556063528007311,0.683095134654712,26.4272727272727,16.4527272727273,57.12,1.24545454545455,30.2418181818182,0.18,19.7418181818182,1.88181818181818,46.7090909090909,-0.0895561260160651,2.11408711150289,0.892604059167527,0.844955243673334,0.903934300993125
122449,69961,52488,0.598244491318103,0.556122364782489,0.683136309225406,26.4236363636364,16.4527272727273,57.1236363636364,1.24545454545455,30.1945454545455,0.187272727272727,19.7436363636364,1.87454545454545,46.7545454545455,-0.0897338120330294,2.09981479172341,0.892589279570632,0.845065753121892,0.903972245209752
122447,69967,52480,0.598081108628104,0.556053986443431,0.683122795866045,26.42,16.4527272727273,57.1272727272727,1.23818181818182,30.1636363636364,0.185454545454545,19.7436363636364,1.85818181818182,46.8109090909091,-0.0887938443825326,2.08221933587708,0.892505677517033,0.845065753121892,0.903978357733927
122486,69977,52509,0.598048709742092,0.556044725658857,0.683083252428438,26.42,16.4490909090909,57.1309090909091,1.23818181818182,30.14,0.18,19.7309090909091,1.85090909090909,46.86,-0.0868881861435842,2.08037895795635,0.892505677517033,0.845142036034044,0.903984469479982
122521,69982,52539,0.597868307736406,0.556068905652182,0.683103502446172,26.4109090909091,16.4563636363636,57.1327272727273,1.23818181818182,30.1145454545455,0.172727272727273,19.7254545454545,1.83090909090909,46.9181818181818,-0.086555291520728,2.06528936572034,0.892468676855294,0.845210473980776,0.903987525061261
122549,69991,52558,0.597821968265534,0.556210802040284,0.683103964557641,26.4054545454545,16.4618181818182,57.1327272727273,1.24181818181818,30.0763636363636,0.163636363636364,19.7290909090909,1.84909090909091,46.94,-0.0843015202385934,2.0568660300225,0.892515320526062,0.845261762756793,0.904019348884575
122583,69989,52594,0.59779555454149,0.556117641123463,0.683110879393475,26.4054545454545,16.46,57.1345454545455,1.24545454545455,30.0436363636364,0.149090909090909,19.7254545454545,1.84,46.9963636363636,-0.0853925539163439,2.05038306581026,0.892515320526062,0.845134209654258,0.904022403258656
122549,69991,52558,0.597750817102325,0.556087523550975,0.683133822129726,26.4018181818182,16.4618181818182,57.1363636363636,1.24727272727273,30.0072727272727,0.16,19.7109090909091,1.85272727272727,47.0218181818182,-0.0870290960041034,2.02577689908106,0.892500516493354,0.845151314336205,0.904057279236277
122615,69997,52618,0.597687984946717,0.556113001577859,0.683064832902058,26.4,16.4690909090909,57.1309090909091,1.24727272727273,29.98,0.150909090909091,19.7054545454545,1.86363636363636,47.0527272727273,-0.0861458326572161,2.02534534590827,0.892493112947658,0.845219695296975,0.904048119152186
122688,70001,52687,0.597626137760773,0.556093538612011,0.683122284205803,26.4,16.4654545454545,57.1345454545455,1.24363636363636,29.9436363636364,0.136363636363636,19.6981818181818,1.89272727272727,47.0854545454546,-0.0861218628922043,2.01726764472709,0.892493112947658,0.84529593639576,0.904054226069246
122734,70003,52731,0.597574816938663,0.555889338230851,0.683146387573575,26.3945454545455,16.4690909090909,57.1363636363636,1.24181818181818,29.9090909090909,0.127272727272727,19.7090909090909,1.88363636363636,47.1290909090909,-0.0841670919565579,2.01318668609654,0.892539780946477,0.844888496356812,0.904057279236277
122783,70012,52771,0.597483149734162,0.555826851003838,0.68310990537756,26.3909090909091,16.4654545454545,57.1436363636364,1.24363636363636,29.8890909090909,0.114545454545455,19.7018181818182,1.88727272727273,47.1636363636364,-0.0820879051863978,2.01004826611077,0.892524974164657,0.844964664310954,0.904005854465621
122783,70024,52759,0.59748586351173,0.555819324071157,0.683104888363703,26.3927272727273,16.46,57.1472727272727,1.24727272727273,29.8545454545455,0.125454545454545,19.6927272727273,1.88,47.2,-0.0790851454447627,1.99929691211066,0.892532378065583,0.845134209654258,0.903980146988642
122763,70028,52735,0.597507762283514,0.555670015440799,0.683119037699763,26.3963636363636,16.4490909090909,57.1545454545455,1.25272727272727,29.8054545454545,0.141818181818182,19.6763636363636,1.87636363636364,47.2472727272727,-0.0797694355668765,1.97964654505592,0.892547182807549,0.845142036034044,0.903992365198028
122796,70024,52772,0.597485216002939,0.555609161507663,0.683112578298679,26.3945454545455,16.4527272727273,57.1527272727273,1.25090909090909,29.7909090909091,0.121818181818182,19.6836363636364,1.87090909090909,47.2818181818182,-0.0798890924804833,1.97615677394312,0.892539780946477,0.844955243673334,0.903989310937202
122806,70020,52786,0.597443906081966,0.555417391905899,0.683158975528645,26.3945454545455,16.4472727272727,57.1581818181818,1.25272727272727,29.7509090909091,0.129090909090909,19.6709090909091,1.87272727272727,47.3236363636364,-0.0810508720538399,1.96745772283863,0.892539780946477,0.844682732699536,0.90399847313675
122819,70024,52795,0.597426101144015,0.555386147542235,0.683141077680767,26.3963636363636,16.4454545454545,57.1581818181818,1.24545454545455,29.7381818181818,0.118181818181818,19.6527272727273,1.87636363636364,47.3690909090909,-0.08151800453012,1.95492293895646,0.892547182807549,0.844776119402985,0.904030282787798
122874,70029,52845,0.59739264369341,0.555397039988195,0.6831512479943,26.3945454545455,16.4490909090909,57.1563636363636,1.24363636363636,29.7218181818182,0.109090909090909,19.6454545454545,1.86,47.42,-0.0808144218014521,1.95394088365138,0.892539780946477,0.844920968276777,0.904059040590406
122929,70031,52898,0.597400176808206,0.555444239262937,0.6831381593682,26.3963636363636,16.4490909090909,57.1545454545455,1.24363636363636,29.6927272727273,0.112727272727273,19.6436363636364,1.85090909090909,47.4563636363636,-0.0804339880889694,1.94780702744187,0.892547182807549,0.844920968276777,0.904055988547797
122943,70033,52910,0.59731623920038,0.555358230775102,0.68312424355489,26.3963636363636,16.4527272727273,57.1509090909091,1.25454545454545,29.6509090909091,0.0963636363636364,19.6581818181818,1.85090909090909,47.4890909090909,-0.0803021869559995,1.94295662912455,0.892547182807549,0.844844734224776,0.904049883879999
122978,70042,52936,0.597300435963508,0.555241102180198,0.683063596481358,26.3963636363636,16.4472727272727,57.1563636363636,1.25090909090909,29.6254545454545,0.103636363636364,19.6363636363636,1.86545454545455,47.5181818181818,-0.0796830214434356,1.94168464457616,0.892547182807549,0.844903824894981,0.904027229927472
122979,70038,52941,0.597206983746889,0.555234422867045,0.683089111142768,26.3927272727273,16.4509090909091,57.1563636363636,1.24909090909091,29.5963636363636,0.112727272727273,19.6345454545455,1.84727272727273,47.56,-0.0802457521526693,1.93003242937848,0.892532378065583,0.844717064544651,0.904027229927472
123028,70042,52986,0.597114962170508,0.55516011282151,0.68306331913327,26.3945454545455,16.4490909090909,57.1563636363636,1.24909090909091,29.5709090909091,0.109090909090909,19.6218181818182,1.86181818181818,47.5872727272727,-0.0804801671908618,1.92720645110716,0.892470896190673,0.844810434398143,0.904027229927472
123038,70041,52997,0.597102437200432,0.555148754279469,0.683021573936383,26.3945454545455,16.4545454545455,57.1509090909091,1.24909090909091,29.5636363636364,0.1,19.6127272727273,1.84181818181818,47.6327272727273,-0.0802000941490405,1.92285908636722,0.892470896190673,0.84475138121547,0.904049883879999
123042,70050,52992,0.597089643502116,0.555176777744204,0.683008507068812,26.3963636363636,16.4490909090909,57.1545454545455,1.25090909090909,29.5381818181818,0.0909090909090909,19.6254545454545,1.84,47.6545454545455,-0.078488322487101,1.90973869895732,0.892478302796528,0.844920968276777,0.904055988547797
123078,70047,53031,0.597001562615003,0.555085692611126,0.683129582294816,26.3963636363636,16.4418181818182,57.1618181818182,1.24909090909091,29.5181818181818,0.0963636363636364,19.6163636363636,1.82,47.7,-0.0787036823188166,1.90185548995029,0.892409422785508,0.844852372000442,0.904036387925825
123110,70045,53065,0.597052169725864,0.554978570658992,0.683174422720995,26.4018181818182,16.4345454545455,57.1636363636364,1.24727272727273,29.5109090909091,0.0945454545454545,19.6054545454545,1.81636363636364,47.7254545454545,-0.079301769013215,1.89544300870674,0.892431650712761,0.844783715012723,0.904039440203562
123151,70045,53106,0.597016516564395,0.554941810861753,0.683183385648326,26.4018181818182,16.4363636363636,57.1618181818182,1.25272727272727,29.4763636363636,0.0927272727272727,19.6181818181818,1.80727272727273,47.7527272727273,-0.0801518364841203,1.88646014779806,0.892431650712761,0.844800884955752,0.904036387925825
123148,70050,53098,0.596984082318162,0.55497752806373,0.683217065785672,26.4,16.4309090909091,57.1690909090909,1.25454545454545,29.4363636363636,0.109090909090909,19.6218181818182,1.79272727272727,47.7854545454545,-0.0797925652549814,1.87952109277037,0.892424242424242,0.844970676109328,0.904016792290812
123123,70059,53064,0.596980526073595,0.555023799052161,0.683134803172894,26.3963636363636,16.4363636363636,57.1672727272727,1.25454545454545,29.4181818181818,0.107272727272727,19.6163636363636,1.78727272727273,47.8163636363636,-0.0789355452390737,1.8611497443,0.892547182807549,0.845022123893805,0.904045544176579
123119,70065,53054,0.59692775351047,0.554954685267315,0.6831294315644,26.3945454545455,16.4327272727273,57.1727272727273,1.25454545454545,29.4,0.0927272727272727,19.6290909090909,1.80545454545455,47.8181818181818,-0.0786708706771606,1.85266966931099,0.892539780946477,0.845098473113521,0.904054698680235
123149,70070,53079,0.596914111305087,0.55498121124755,0.683195692344433,26.3890909090909,16.4381818181818,57.1727272727273,1.26,29.3872727272727,0.0981818181818182,19.6145454545455,1.80363636363636,47.8363636363636,-0.0791971216348677,1.83570407952436,0.892586468237564,0.845149872801681,0.904086500238512
123216,70074,53142,0.596937051032841,0.555072205246933,0.683236856616073,26.3945454545455,16.4327272727273,57.1727272727273,1.25818181818182,29.3727272727273,0.0963636363636364,19.6327272727273,1.77636363636364,47.8636363636364,-0.07936021374692,1.82950604706156,0.89260866570228,0.845319761009073,0.904086500238512
123285,70078,53207,0.596938396894666,0.555104677626725,0.683209411587086,26.3981818181818,16.4327272727273,57.1690909090909,1.25636363636364,29.3581818181818,0.0963636363636364,19.6254545454545,1.79454545454545,47.8690909090909,-0.0779017290593897,1.83514677816155,0.892554583649012,0.845319761009073,0.904080399452978
123300,70082,53218,0.596956376850296,0.555198381678038,0.683205821814241,26.3963636363636,16.4345454545455,57.1690909090909,1.25454545454545,29.3418181818182,0.101818181818182,19.6163636363636,1.80181818181818,47.8836363636364,-0.0776659610304209,1.82862840227105,0.89261606281857,0.845447505255006,0.904080399452978
123260,70073,53187,0.596910991902105,0.555187052877249,0.683206964174231,26.3945454545455,16.44,57.1654545454545,1.25636363636364,29.3290909090909,0.0909090909090909,19.6090909090909,1.81272727272727,47.9018181818182,-0.0782451331074381,1.82264406472783,0.89260866570228,0.845277593452776,0.904106103495436
123350,70076,53274,0.5968960210721,0.555185452105101,0.683292904803893,26.3945454545455,16.4327272727273,57.1727272727273,1.25818181818182,29.3181818181818,0.08,19.6018181818182,1.81272727272727,47.9290909090909,-0.0785278451475526,1.81855897633359,0.89260866570228,0.845430404956849,0.904086500238512
123315,70072,53243,0.596807398517225,0.555181908197392,0.683189701624243,26.3927272727273,16.4418181818182,57.1654545454545,1.26,29.3,0.0709090909090909,19.6109090909091,1.82363636363636,47.9345454545455,-0.0781653181721181,1.80820121638985,0.892532378065583,0.845294703085259,0.904106103495436
123305,70076,53229,0.596777203429969,0.555180697688924,0.683229698907985,26.3927272727273,16.4327272727273,57.1745454545455,1.26181818181818,29.2709090909091,0.0709090909090909,19.5981818181818,1.83818181818182,47.96,-0.0795237247127013,1.78813554008005,0.892532378065583,0.845541048904625,0.904089550340266
123267,70078,53189,0.596747785396287,0.555121997263552,0.683154705856266,26.3909090909091,16.4363636363636,57.1727272727273,1.26545454545455,29.2454545454545,0.0745454545454545,19.5890909090909,1.82,48.0054545454545,-0.0806112491590532,1.78083139449697,0.892524974164657,0.845575221238938,0.904086500238512
123313,70088,53225,0.59677636431773,0.555075103566082,0.683153867631779,26.3909090909091,16.4327272727273,57.1763636363636,1.26545454545455,29.2472727272727,0.0690909090909091,19.5690909090909,1.81090909090909,48.0381818181818,-0.0784981883056885,1.77231662396172,0.892524974164657,0.845651692852401,0.904092600248036
123269,70088,53181,0.596763883782432,0.554965925466998,0.683145393868059,26.3927272727273,16.4327272727273,57.1745454545455,1.26727272727273,29.2309090909091,0.0781818181818182,19.5527272727273,1.79818181818182,48.0727272727273,-0.075893502856409,1.75503263247453,0.892532378065583,0.845430404956849,0.904089550340266
123326,70079,53247,0.596682513487542,0.554913954142079,0.683201011225366,26.3927272727273,16.4309090909091,57.1763636363636,1.27272727272727,29.2127272727273,0.0727272727272727,19.5490909090909,1.80181818181818,48.0909090909091,-0.0778205266455188,1.76048026628454,0.892463488564343,0.84530264468297,0.90406080071231
123346,70084,53262,0.596705004002402,0.554881768176984,0.683255958333281,26.3927272727273,16.4272727272727,57.18,1.27454545454545,29.2090909090909,0.0636363636363636,19.5254545454545,1.81272727272727,48.1145454545455,-0.0760942092670699,1.75384847619147,0.892463488564343,0.845268400664084,0.9040986994817
123382,70088,53294,0.596642296252185,0.554814917341776,0.683289026018702,26.3945454545455,16.4254545454545,57.18,1.27454545454545,29.2,0.0654545454545455,19.5109090909091,1.81636363636364,48.1327272727273,-0.0753280960868737,1.74645939970558,0.892402011434869,0.845251272968785,0.9040986994817
123334,70096,53238,0.596695115708763,0.554753395044313,0.683230577088419,26.3963636363636,16.4236363636364,57.18,1.27272727272727,29.1781818181818,0.0654545454545455,19.5090909090909,1.82181818181818,48.1527272727273,-0.0737259200856153,1.72735690747134,0.892478302796528,0.845234141481235,0.9040986994817
123331,70092,53239,0.59659965155879,0.554678965151272,0.683207838662911,26.3945454545455,16.4290909090909,57.1763636363636,1.27090909090909,29.1654545454545,0.0581818181818182,19.5,1.82727272727273,48.1781818181818,-0.0724864745484824,1.72323174597695,0.892402011434869,0.844953519256308,0.904124399783763
123267,70089,53178,0.596622460755061,0.554653267112405,0.683264873060894,26.3945454545455,16.42,57.1854545454545,1.27272727272727,29.1363636363636,0.0727272727272727,19.4818181818182,1.84,48.1963636363636,-0.0752096694227393,1.70029227485118,0.892470896190673,0.845089137415569,0.904107846877782
123344,70083,53261,0.596575961268929,0.554578032660026,0.683361832971172,26.3909090909091,16.4236363636364,57.1854545454545,1.27272727272727,29.1309090909091,0.0545454545454545,19.4636363636364,1.83272727272727,48.2454545454545,-0.0777333683116012,1.71269938073714,0.892456079917327,0.845012731097088,0.904107846877782
123358,70071,53287,0.596561520589585,0.554505372003797,0.683313809594199,26.4,16.42,57.18,1.27090909090909,29.1181818181818,0.0581818181818182,19.4618181818182,1.80727272727273,48.2836363636364,-0.0790917013572074,1.70078338922255,0.89228650137741,0.844867677998007,0.9040986994817
123351,70073,53278,0.596552937853743,0.554521329287606,0.683319067592805,26.3981818181818,16.42,57.1818181818182,1.27090909090909,29.1236363636364,0.0545454545454545,19.46,1.78363636363636,48.3072727272727,-0.0778676506598872,1.68400119990957,0.892279082581445,0.844867677998007,0.904101748807631
123302,70083,53219,0.596582849088988,0.554534925998137,0.683281061188929,26.3945454545455,16.4236363636364,57.1818181818182,1.27272727272727,29.1109090909091,0.0581818181818182,19.4472727272727,1.78727272727273,48.3236363636364,-0.0764041532829817,1.67408904164014,0.892402011434869,0.844902025905015,0.904133545310016
123321,70085,53236,0.596635173735506,0.554566425675804,0.683245949707477,26.3963636363636,16.42,57.1836363636364,1.27090909090909,29.0945454545455,0.0672727272727273,19.4418181818182,1.78363636363636,48.3418181818182,-0.0760947675622777,1.67017862632955,0.892478302796528,0.844978407706788,0.904104797939652
123303,70079,53224,0.596656086126677,0.554415392422923,0.683259543946292,26.3981818181818,16.42,57.1818181818182,1.27454545454545,29.0872727272727,0.0618181818181818,19.4381818181818,1.79272727272727,48.3454545454545,-0.0779659410506032,1.65733992604708,0.89248570838212,0.844867677998007,0.904101748807631
123322,70077,53245,0.596502234306705,0.55453323808554,0.6832517258584,26.3909090909091,16.4254545454545,57.1836363636364,1.27454545454545,29.0745454545455,0.0563636363636364,19.4509090909091,1.78909090909091,48.3545454545455,-0.0765507595966814,1.64309922471134,0.892387185669997,0.844919194155413,0.904104797939652
123333,70073,53260,0.596534982619533,0.554554803649847,0.683340918863228,26.3981818181818,16.4163636363636,57.1854545454545,1.26727272727273,29.0763636363636,0.0454545454545455,19.4581818181818,1.78909090909091,48.3636363636364,-0.0788822459772663,1.63820438442582,0.892347957848337,0.845054823346993,0.90413964135826
123351,70077,53274,0.596461891320411,0.554530780989973,0.683300033388657,26.3945454545455,16.4218181818182,57.1836363636364,1.26909090909091,29.0672727272727,0.0472727272727273,19.4563636363636,1.79272727272727,48.3672727272727,-0.0773254116769584,1.63417504415001,0.892333126679066,0.844995571302037,0.904136593431052
123354,70073,53281,0.596443284237626,0.554517702515606,0.68328491466377,26.3927272727273,16.4309090909091,57.1763636363636,1.26909090909091,29.0563636363636,0.0490909090909091,19.4581818181818,1.78909090909091,48.3781818181818,-0.0790283033507876,1.62298878001218,0.892325709561863,0.844970676109328,0.904124399783763
123341,70078,53263,0.596421768403751,0.554405083201037,0.68325875853274,26.3945454545455,16.4290909090909,57.1763636363636,1.26545454545455,29.0472727272727,0.0509090909090909,19.4454545454545,1.79090909090909,48.4,-0.0760577876157847,1.60911962045357,0.892333126679066,0.844842850818946,0.904124399783763
123439,70087,53352,0.596553409766415,0.554443672729428,0.683317013473295,26.3963636363636,16.42,57.1836363636364,1.26727272727273,29.0309090909091,0.0581818181818182,19.4381818181818,1.77454545454545,48.4309090909091,-0.0769639056621765,1.60403683315963,0.892478302796528,0.845089137415569,0.904104797939652
123469,70093,53376,0.596492802619115,0.55447192563947,0.683345587129545,26.3963636363636,16.4163636363636,57.1872727272727,1.26545454545455,29.0272727272727,0.0527272727272727,19.4218181818182,1.77818181818182,48.4545454545455,-0.0750773872984362,1.59641348358074,0.892409422785508,0.845276331819692,0.904110895622039
123462,70091,53371,0.596319299815031,0.554647906027165,0.683295995417753,26.3909090909091,16.4272727272727,57.1818181818182,1.26363636363636,29.0236363636364,0.0527272727272727,19.4145454545455,1.77090909090909,48.4745454545455,-0.0751020570424523,1.59418451485901,0.892318291422666,0.845379081350304,0.904101748807631
123539,70091,53448,0.59630730509232,0.554565304669382,0.683245798732794,26.3927272727273,16.4290909090909,57.1781818181818,1.26,29.0218181818182,0.0490909090909091,19.4163636363636,1.77454545454545,48.4781818181818,-0.073310813529745,1.60141463565047,0.892256820060623,0.845174856131031,0.904095649961842
123549,70089,53460,0.596275971135189,0.554651401459977,0.683217132309986,26.3909090909091,16.4345454545455,57.1745454545455,1.26,29.02,0.0363636363636364,19.4236363636364,1.77090909090909,48.4890909090909,-0.0750819167075943,1.59414648517797,0.892249397175336,0.845226241840912,0.904089550340266
123533,70081,53452,0.596337018962447,0.554588822810861,0.683304529598027,26.3963636363636,16.4254545454545,57.1781818181818,1.26,29.0072727272727,0.0363636363636364,19.4345454545455,1.77636363636364,48.4854545454545,-0.0772439434667996,1.58000728642483,0.892271662763466,0.845140580030994,0.904095649961842
123523,70081,53442,0.596372646115447,0.554552179483785,0.683327630618266,26.3927272727273,16.4272727272727,57.18,1.26,29.0072727272727,0.04,19.4290909090909,1.77454545454545,48.4890909090909,-0.0771883428483058,1.56594655484977,0.892394599063103,0.845047039291644,0.9040986994817
123505,70085,53420,0.596402882734475,0.554589007594444,0.683263752781669,26.3909090909091,16.4290909090909,57.18,1.26181818181818,29.0090909090909,0.0472727272727273,19.4145454545455,1.79454545454545,48.4727272727273,-0.0784665905767972,1.55677889279429,0.892456079917327,0.845285524568393,0.9040986994817
123520,70091,53429,0.596488595809364,0.554587305238155,0.683287124196023,26.3909090909091,16.4236363636364,57.1854545454545,1.26727272727273,29.0036363636364,0.0545454545454545,19.4163636363636,1.78545454545455,48.4727272727273,-0.0776482918980367,1.54489773656665,0.892524974164657,0.845344846673309,0.904107846877782
123546,70087,53459,0.596387322533,0.554549060839285,0.683209400430668,26.3945454545455,16.4236363636364,57.1818181818182,1.26545454545455,29.0036363636364,0.04,19.4381818181818,1.78181818181818,48.4709090909091,-0.0774232715729423,1.54515486412089,0.892333126679066,0.845344846673309,0.904101748807631
123519,70083,53436,0.596395832262216,0.554470457554198,0.683131473423788,26.3890909090909,16.4363636363636,57.1745454545455,1.26909090909091,29.0036363636364,0.0509090909090909,19.4272727272727,1.78181818181818,48.4672727272727,-0.0774617037488497,1.53952230604958,0.89237977125534,0.845022123893805,0.904089550340266
123573,70087,53486,0.596377250571428,0.554406380714135,0.683207535541933,26.3872727272727,16.4327272727273,57.18,1.26545454545455,29.0090909090909,0.0527272727272727,19.42,1.79272727272727,48.46,-0.0758184791935491,1.53505333830518,0.892372355818921,0.844987829165745,0.9040986994817
123539,70085,53454,0.596403699340688,0.55432926315725,0.683092472428618,26.3836363636364,16.4381818181818,57.1781818181818,1.26727272727273,29.0036363636364,0.0490909090909091,19.4163636363636,1.79636363636364,48.4672727272727,-0.0771031103988538,1.51912614053369,0.892426435118186,0.844928658334255,0.904063851437293
123533,70083,53450,0.596363215908173,0.554358569400252,0.683148490719443,26.3836363636364,16.4309090909091,57.1854545454545,1.26727272727273,29.0036363636364,0.0545454545454545,19.4163636363636,1.78181818181818,48.4763636363636,-0.0772137998488853,1.51370497036471,0.892357521879953,0.844970676109328,0.904076052397304
123583,70085,53498,0.596355483045404,0.554308723766968,0.683241706135786,26.3872727272727,16.4218181818182,57.1909090909091,1.26727272727273,29.0090909090909,0.0472727272727273,19.4,1.79818181818182,48.4781818181818,-0.0774353498799015,1.51591521742415,0.892303452077448,0.845106288751107,0.904085201080909
123638,70081,53557,0.596341204121026,0.554285634578395,0.683271213538182,26.3836363636364,16.4254545454545,57.1909090909091,1.26727272727273,29.0090909090909,0.0545454545454545,19.38,1.8,48.4890909090909,-0.0786139698239078,1.51384424072775,0.892357521879953,0.845029887093203,0.904085201080909
123554,70077,53477,0.59621199180831,0.554248321711111,0.683201948750762,26.3854545454545,16.4218181818182,57.1927272727273,1.26545454545455,28.9963636363636,0.0563636363636364,19.3709090909091,1.81090909090909,48.5,-0.0790609180464261,1.49829904137772,0.892227122381477,0.844995571302037,0.904088250254324
123498,70079,53419,0.596145887961165,0.554319002040676,0.683168668511907,26.38,16.4236363636364,57.1963636363636,1.26363636363636,28.9945454545455,0.0490909090909091,19.3690909090909,1.80363636363636,48.52,-0.0775562006156675,1.47847758614543,0.89220483837618,0.845012731097088,0.904094348019582
123541,70079,53462,0.596287500770185,0.554367245292935,0.683180265489487,26.38,16.4290909090909,57.1909090909091,1.26909090909091,28.9909090909091,0.0436363636363636,19.3363636363636,1.8,48.56,-0.0789712675934755,1.47311711194925,0.892342683851403,0.844953519256308,0.90411699252901
123519,70087,53432,0.596335145318359,0.554272594152745,0.683118535821117,26.3836363636364,16.4254545454545,57.1909090909091,1.27090909090909,28.9727272727273,0.0563636363636364,19.3181818181818,1.79636363636364,48.5854545454546,-0.0777343827260087,1.45967455486005,0.892357521879953,0.845029887093203,0.90411699252901
123566,70083,53483,0.596268070793954,0.554201993572985,0.68322819088393,26.3854545454545,16.4218181818182,57.1927272727273,1.26545454545455,28.9654545454545,0.06,19.3036363636364,1.79272727272727,48.6127272727273,-0.0778381282653175,1.45646312304518,0.892296030871003,0.844884853852967,0.90412004069176
123562,70091,53471,0.59624932802628,0.554276884753695,0.683133250903802,26.3854545454545,16.4272727272727,57.1872727272727,1.26363636363636,28.9490909090909,0.0654545454545455,19.2763636363636,1.8,48.6454545454545,-0.0772133210778437,1.44521349033087,0.892296030871003,0.845047039291644,0.904142689091661
123565,70097,53468,0.596249056700562,0.554234387531491,0.683138420622814,26.3854545454545,16.4218181818182,57.1927272727273,1.25818181818182,28.9436363636364,0.0672727272727273,19.2581818181818,1.79818181818182,48.6745454545455,-0.0775269927104091,1.43807577575049,0.892296030871003,0.845217006200177,0.904151831129196
123593,70081,53512,0.596268490505359,0.554242303845902,0.683195707016433,26.3836363636364,16.4272727272727,57.1890909090909,1.25636363636364,28.9181818181818,0.0563636363636364,19.28,1.8,48.6890909090909,-0.0828875960565711,1.43603134913455,0.892357521879953,0.845047039291644,0.904145736631271
123590,70079,53511,0.59635944261662,0.55422713575439,0.68314425735618,26.3818181818182,16.4254545454545,57.1927272727273,1.24909090909091,28.9072727272727,0.0581818181818182,19.2709090909091,1.81090909090909,48.7036363636364,-0.0840884831625606,1.43787582886659,0.892487939352171,0.845029887093203,0.90412004069176
123574,70083,53491,0.59631339230669,0.55418949242494,0.68314292295302,26.3818181818182,16.4236363636364,57.1945454545455,1.24545454545455,28.9090909090909,0.0454545454545455,19.2581818181818,1.80545454545455,48.7363636363636,-0.0822220452421789,1.43055354135577,0.892419021364576,0.845012731097088,0.904123088660711
123621,70077,53544,0.596250479118443,0.554228964840609,0.683285141272897,26.3854545454545,16.4145454545455,57.2,1.24727272727273,28.8872727272727,0.0563636363636364,19.2363636363636,1.80727272727273,48.7654545454546,-0.0828289781995326,1.42286598288496,0.892296030871003,0.845259193619849,0.904132231404959
123695,70079,53616,0.596312410304543,0.554265621538984,0.68324116230713,26.3872727272727,16.4163636363636,57.1963636363636,1.24545454545455,28.8727272727273,0.0563636363636364,19.22,1.81454545454545,48.7909090909091,-0.0816865935763004,1.42242966605647,0.892372355818921,0.845276331819692,0.904126136435883
123702,70083,53619,0.596226201275078,0.554263779626924,0.683203299003794,26.3818181818182,16.4309090909091,57.1872727272727,1.24727272727273,28.8618181818182,0.0581818181818182,19.2090909090909,1.80727272727273,48.8163636363636,-0.0819510952494966,1.40737573509105,0.892350103376981,0.84530264468297,0.904142689091661
123752,70085,53667,0.596145528472339,0.554314034879167,0.683196196962468,26.3818181818182,16.4309090909091,57.1872727272727,1.24545454545455,28.8490909090909,0.0618181818181818,19.1890909090909,1.80909090909091,48.8454545454545,-0.0813855326258156,1.40508890614041,0.892281185389387,0.84530264468297,0.904142689091661
123731,70073,53658,0.596195431522991,0.554284092153069,0.683188479378329,26.3836363636364,16.4327272727273,57.1836363636364,1.24363636363636,28.8381818181818,0.0509090909090909,19.1927272727273,1.79090909090909,48.8836363636364,-0.0833330665034489,1.40522767378398,0.89228860864172,0.845098473113521,0.904136593431052
123679,70075,53604,0.596258080783798,0.554166014255278,0.683216199061515,26.3872727272727,16.4254545454545,57.1872727272727,1.24363636363636,28.8290909090909,0.06,19.1509090909091,1.80727272727273,48.9090909090909,-0.0825349755187496,1.38371681711552,0.892303452077448,0.845029887093203,0.904174482561282
123725,70077,53648,0.5961823123805,0.55417196783007,0.683130276479257,26.3854545454545,16.4309090909091,57.1836363636364,1.24545454545455,28.8218181818182,0.0527272727272727,19.1272727272727,1.80363636363636,48.9490909090909,-0.0825963357815619,1.39243846944406,0.892296030871003,0.844970676109328,0.904168388922451
123796,70087,53709,0.596227267406204,0.55417187543111,0.683106283701776,26.3872727272727,16.4254545454545,57.1872727272727,1.24545454545455,28.8145454545455,0.0527272727272727,19.0890909090909,1.81454545454545,48.9836363636364,-0.0809111038517668,1.38934344541154,0.892303452077448,0.845251272968785,0.904142689091661
123815,70067,53748,0.596228351199021,0.554116579572756,0.683214314615312,26.3963636363636,16.42,57.1836363636364,1.24363636363636,28.8036363636364,0.0563636363636364,19.0545454545455,1.81818181818182,49.0236363636364,-0.0859879605027428,1.38097302364609,0.892202782752445,0.845089137415569,0.904168388922451
123869,70071,53798,0.596160717021136,0.554161848890956,0.683221412007006,26.3890909090909,16.4309090909091,57.18,1.23818181818182,28.8127272727273,0.0527272727272727,19.0145454545455,1.80363636363636,49.0781818181818,-0.0867739301935713,1.38211763224099,0.89224197326719,0.845081332300542,0.90416229450857
123777,70067,53710,0.596184289493973,0.554064326845309,0.683180310520358,26.3945454545455,16.4218181818182,57.1836363636364,1.23818181818182,28.82,0.0527272727272727,18.9709090909091,1.79818181818182,49.12,-0.0890859966682084,1.37080642721531,0.892264241923262,0.845106288751107,0.904168388922451
123812,70077,53735,0.596265418985269,0.553884718263964,0.683234615379222,26.4018181818182,16.4109090909091,57.1872727272727,1.23818181818182,28.8218181818182,0.0436363636363636,18.9381818181818,1.80909090909091,49.1490909090909,-0.0856661661886392,1.36096099528103,0.89222505337098,0.845114114779526,0.904206276030903
123873,70073,53800,0.596296023806585,0.553905046429339,0.683329657195354,26.4054545454545,16.4109090909091,57.1836363636364,1.23636363636364,28.8036363636364,0.0472727272727273,18.9181818181818,1.81090909090909,49.1836363636364,-0.0865332047859821,1.35699083933141,0.892239895338429,0.845114114779526,0.904231979905249
123871,70077,53794,0.596244174669827,0.554018879983009,0.683279759454441,26.4018181818182,16.4109090909091,57.1872727272727,1.22909090909091,28.7963636363636,0.0418181818181818,18.8945454545455,1.80545454545455,49.2327272727273,-0.0872436665665935,1.35570148347284,0.892293919151574,0.845335696875692,0.904238069500524
123836,70069,53767,0.596267092174862,0.553939702624259,0.683202237203004,26.4036363636364,16.4163636363636,57.18,1.22727272727273,28.8,0.0454545454545455,18.8472727272727,1.81636363636364,49.2636363636364,-0.0887197280426335,1.34682466619733,0.892301335904145,0.845165577583343,0.904225889535438
123942,70075,53867,0.596299811108687,0.553889227695781,0.683151082757277,26.4127272727273,16.4145454545455,57.1727272727273,1.23090909090909,28.7945454545455,0.0509090909090909,18.8054545454545,1.82545454545455,49.2927272727273,-0.0867700137783686,1.34455965055915,0.892200729675776,0.845259193619849,0.904213706471617
124070,70071,53999,0.596326825257525,0.553837064733954,0.683250401846545,26.4090909090909,16.4127272727273,57.1781818181818,1.22727272727273,28.8,0.0527272727272727,18.7672727272727,1.82727272727273,49.3254545454545,-0.0863851476641933,1.34637988295872,0.892323580034423,0.845020494073336,0.904159247010939
124099,70077,54022,0.596300629841693,0.553686665142926,0.683246297985829,26.4072727272727,16.4109090909091,57.1818181818182,1.22545454545455,28.8018181818182,0.0509090909090909,18.7363636363636,1.82727272727273,49.3581818181818,-0.0838860367106628,1.34310883753721,0.892316166345359,0.844892532683359,0.904165341812401
124018,70073,53945,0.596330102324523,0.553770958090205,0.683194473195055,26.4054545454545,16.4145454545455,57.18,1.22181818181818,28.8054545454545,0.0436363636363636,18.6981818181818,1.84363636363636,49.3872727272727,-0.0870423567766424,1.32486321628729,0.892377607932245,0.84514842711564,0.90416229450857
124019,70069,53950,0.596313173646428,0.553599067822848,0.683192504460295,26.4109090909091,16.4090909090909,57.18,1.22,28.8181818181818,0.0327272727272727,18.66,1.85454545454545,49.4145454545455,-0.0884007257919372,1.3198075027205,0.892262150626463,0.845096952908587,0.90416229450857
124034,70049,53985,0.596189639554561,0.553555204619864,0.683305579607838,26.4127272727273,16.4054545454545,57.1818181818182,1.22,28.8109090909091,0.0381818181818182,18.6254545454545,1.85818181818182,49.4472727272727,-0.0919466521529102,1.31480610920751,0.892131892338404,0.844951789870331,0.904165341812401
124080,70053,54027,0.596194827640624,0.553636449086481,0.683252894927376,26.4109090909091,16.4145454545455,57.1745454545455,1.21636363636364,28.8036363636364,0.0509090909090909,18.5745454545455,1.87272727272727,49.4818181818182,-0.0933953117217739,1.30383275193242,0.892193308550186,0.845037660611431,0.904184951981174
124083,70056,54027,0.596127073308777,0.553393666239867,0.683210808653265,26.4145454545455,16.4054545454545,57.18,1.21636363636364,28.8018181818182,0.0381818181818182,18.5490909090909,1.85818181818182,49.5363636363636,-0.089722632561428,1.29815569701393,0.892070484581498,0.84473013410174,0.904225889535438
124142,70066,54076,0.596152472954684,0.553302626458801,0.683258667636212,26.4145454545455,16.4109090909091,57.1745454545455,1.21454545454545,28.8127272727273,0.0381818181818182,18.4981818181818,1.85636363636364,49.58,-0.0897922422691574,1.28751757881096,0.892139317180617,0.844670950587193,0.904280353622082
124166,70062,54104,0.596234810298865,0.553326671489251,0.683264906624221,26.4127272727273,16.4163636363636,57.1709090909091,1.21272727272727,28.8163636363636,0.0327272727272727,18.4581818181818,1.87454545454545,49.6054545454545,-0.0922860702829811,1.28202335246712,0.892269567013148,0.844722560637944,0.904274265360641
124065,70062,54003,0.596139938439888,0.553276583836286,0.683203613996855,26.4109090909091,16.4181818181818,57.1709090909091,1.21454545454545,28.8054545454545,0.0454545454545455,18.4072727272727,1.86909090909091,49.6581818181818,-0.0918506588297367,1.26939045584083,0.892193308550186,0.844739756367663,0.904274265360641
124218,70058,54160,0.596138994920265,0.553362607008827,0.683330307553799,26.4127272727273,16.4145454545455,57.1727272727273,1.21090909090909,28.8254545454545,0.0363636363636364,18.36,1.87636363636364,49.6909090909091,-0.0923747664609188,1.26720030837989,0.892200729675776,0.844926894107222,0.90427730958817
124241,70052,54189,0.596127636805444,0.553313713016901,0.683326685507259,26.4145454545455,16.4109090909091,57.1745454545455,1.21090909090909,28.8163636363636,0.0418181818181818,18.3290909090909,1.88181818181818,49.72,-0.0930160391307171,1.25917645111172,0.892139317180617,0.844892532683359,0.904248553075113
124261,70055,54206,0.596245213391421,0.553365306445956,0.683272977109962,26.4254545454545,16.4,57.1745454545455,1.21090909090909,28.7963636363636,0.0418181818181818,18.3236363636364,1.89818181818182,49.7290909090909,-0.094680816288085,1.24807150776773,0.892183844777762,0.845121951219512,0.904216752528144
124257,70067,54190,0.596261017414317,0.553392525654067,0.683278345042289,26.4181818181818,16.4072727272727,57.1745454545455,1.20909090909091,28.8072727272727,0.0363636363636364,18.2890909090909,1.90727272727273,49.7509090909091,-0.0955032027618886,1.23980442068846,0.892291810048176,0.845412234042553,0.904248553075113
124254,70071,54183,0.596275442637885,0.553378168111873,0.683140598075525,26.4181818181818,16.4127272727273,57.1690909090909,1.20727272727273,28.7890909090909,0.0454545454545455,18.2709090909091,1.90545454545455,49.7818181818182,-0.0937195626422181,1.22330803710713,0.892360633172746,0.845242051622909,0.904239417358394
124296,70081,54215,0.596296396187269,0.553230775169164,0.683082858890023,26.42,16.4109090909091,57.1690909090909,1.20909090909091,28.78,0.0381818181818182,18.2636363636364,1.90363636363636,49.8054545454546,-0.0904813416431848,1.21724634564651,0.892368040740486,0.845224905827609,0.904239417358394
124254,70069,54185,0.596200729093439,0.553291020789426,0.683244307349289,26.4218181818182,16.4036363636364,57.1745454545455,1.20727272727273,28.7672727272727,0.0381818181818182,18.2309090909091,1.91818181818182,49.8381818181818,-0.0926842948132782,1.20550989793317,0.892237819983485,0.845377964974507,0.904248553075113
124385,70071,54314,0.59615641336702,0.553440456904716,0.683326833959987,26.4181818181818,16.4090909090909,57.1727272727273,1.20727272727273,28.7509090909091,0.0363636363636364,18.22,1.9,49.8854545454545,-0.0914692278817793,1.2117921455467,0.892291810048176,0.845650969529086,0.904213706471617
124438,70065,54373,0.596213441474215,0.553343653124864,0.683385847678715,26.4181818181818,16.4127272727273,57.1690909090909,1.20909090909091,28.7327272727273,0.0527272727272727,18.1727272727273,1.90363636363636,49.9290909090909,-0.0947288379976023,1.20806329289494,0.892360633172746,0.845352830397696,0.904239417358394
124517,70067,54450,0.596226804460126,0.553446347824694,0.683354023344244,26.4163636363636,16.4163636363636,57.1672727272727,1.20545454545455,28.7345454545455,0.0381818181818182,18.1527272727273,1.90181818181818,49.9672727272727,-0.0932919341108407,1.21125318562739,0.892490880308349,0.845387086056042,0.904204567139495
124491,70075,54416,0.596068652246215,0.553466356033252,0.683267697934137,26.4072727272727,16.4345454545455,57.1581818181818,1.20545454545455,28.72,0.0327272727272727,18.1436363636364,1.89818181818182,50,-0.0934620388375399,1.20126335729041,0.89245386945745,0.845336873547959,0.904284759996183
124382,70063,54319,0.596027089502588,0.553526006753957,0.683251666391417,26.4127272727273,16.4254545454545,57.1618181818182,1.20545454545455,28.7090909090909,0.0345454545454545,18.1109090909091,1.92181818181818,50.0181818181818,-0.0973138974409349,1.18025398989928,0.89233840435052,0.845583351782156,0.904290848945577
124268,70063,54205,0.59603791997471,0.553392905772532,0.683164139948149,26.4181818181818,16.4236363636364,57.1581818181818,1.20545454545455,28.6927272727273,0.0345454545454545,18.0854545454545,1.92,50.0618181818182,-0.0961014240445696,1.16957069023893,0.892291810048176,0.845455551865382,0.904316569647231
124361,70035,54326,0.595945241503139,0.553339486798563,0.683206136785047,26.4236363636364,16.42,57.1563636363636,1.20545454545455,28.6854545454545,0.0309090909090909,18.08,1.92181818181818,50.0763636363636,-0.0993677129729556,1.17361872921782,0.892107617147182,0.84519986712435,0.904249904568011
124453,70043,54410,0.59592367427759,0.553338108219052,0.683237360853958,26.4236363636364,16.4145454545455,57.1618181818182,1.20545454545455,28.6654545454545,0.0327272727272727,18.0690909090909,1.91454545454545,50.1127272727273,-0.0977439944928681,1.17368984448893,0.892107617147182,0.845369960124059,0.904259041318108
124474,70041,54433,0.595969275351068,0.553208756577249,0.683267290290385,26.4309090909091,16.4127272727273,57.1563636363636,1.20545454545455,28.6436363636364,0.0345454545454545,18.0581818181818,1.93090909090909,50.1272727272727,-0.097966841747389,1.16147512736815,0.892068514824242,0.845352830397696,0.904249904568011
124422,70037,54385,0.596090040730839,0.55325514649841,0.683269491588467,26.4327272727273,16.4109090909091,57.1563636363636,1.20545454545455,28.6418181818182,0.0345454545454545,18.0309090909091,1.93818181818182,50.1490909090909,-0.10118886901751,1.14795083575035,0.89221350942358,0.845446487923776,0.904249904568011
124437,70043,54394,0.59612629174476,0.553259016124098,0.683196509179065,26.4327272727273,16.4127272727273,57.1545454545455,1.20727272727273,28.6272727272727,0.0363636363636364,18.0127272727273,1.94545454545455,50.1709090909091,-0.100448200540797,1.13776884716512,0.89221350942358,0.845685166722056,0.904246858597105
124476,70055,54421,0.596214619605884,0.55323815926392,0.683154793345362,26.4327272727273,16.4163636363636,57.1509090909091,1.20727272727273,28.6072727272727,0.0381818181818182,18.0109090909091,1.94727272727273,50.1890909090909,-0.099366826123349,1.13787989481564,0.892282294676021,0.84571934876509,0.90427257977285
124524,70060,54464,0.596227989261304,0.553228785621676,0.683172190050765,26.4290909090909,16.4272727272727,57.1436363636364,1.21090909090909,28.5854545454545,0.0327272727272727,18.02,1.95454545454545,50.1963636363636,-0.0983920257420819,1.13551433632701,0.892405063291139,0.845489762036525,0.904292214197079
124496,70058,54438,0.59612361831689,0.553323271704039,0.683098795280945,26.4327272727273,16.4218181818182,57.1454545454545,1.21636363636364,28.5527272727273,0.0290909090909091,18.0345454545455,1.94727272727273,50.22,-0.0948198859362905,1.13112707168118,0.892282294676021,0.845549158547387,0.904263442570792
124575,70046,54529,0.595942565616491,0.55352655611265,0.683283976974653,26.4272727272727,16.4272727272727,57.1454545454545,1.21454545454545,28.5363636363636,0.0309090909090909,18.0345454545455,1.94909090909091,50.2345454545455,-0.0995680586727923,1.12581113563343,0.892260061919505,0.845821804095185,0.904263442570792
124561,70044,54517,0.595966842679376,0.553550496965634,0.683279937914448,26.4309090909091,16.4218181818182,57.1472727272727,1.21272727272727,28.5145454545455,0.0309090909090909,18.0309090909091,1.93818181818182,50.2727272727273,-0.101895833872087,1.12121043952648,0.892274884776777,0.845992028343667,0.904266488498616
124503,70038,54465,0.595974066082341,0.55324658669886,0.68321845364343,26.44,16.4109090909091,57.1490909090909,1.21454545454545,28.4909090909091,0.04,18.0145454545455,1.94545454545455,50.2945454545455,-0.102313085984497,1.10374340392353,0.892174391417962,0.845668070019942,0.904269534232629
124557,70043,54514,0.596038333450317,0.553220424878979,0.68318105499093,26.4454545454545,16.4054545454545,57.1490909090909,1.21636363636364,28.4654545454545,0.0454545454545455,18.0127272727273,1.95090909090909,50.3090909090909,-0.101440851500956,1.10129920590076,0.892196631144723,0.845727585060401,0.904269534232629
124590,70037,54553,0.596083858225932,0.553132439379512,0.683162999415514,26.4436363636364,16.4127272727273,57.1436363636364,1.21636363636364,28.4454545454545,0.04,18.0236363636364,1.94727272727273,50.3272727272727,-0.104511217280312,1.09832451980222,0.892326732673267,0.845463609172483,0.9042285787012
124589,70047,54542,0.596048435867674,0.553054452158529,0.683094772027526,26.4436363636364,16.42,57.1363636363636,1.21818181818182,28.4072727272727,0.0381818181818182,18.0363636363636,1.94909090909091,50.3509090909091,-0.101379289451076,1.10032999204916,0.892326732673267,0.84531059683313,0.904248210023866
124658,70045,54613,0.595996937328524,0.553109255498272,0.683192986679953,26.4436363636364,16.4127272727273,57.1436363636364,1.22,28.3727272727273,0.0418181818181818,18.0363636363636,1.94727272727273,50.3818181818182,-0.100710283727147,1.09562588962726,0.892326732673267,0.845463609172483,0.9042285787012
124612,70029,54583,0.595981739262448,0.553193795783254,0.683293964394046,26.44,16.4127272727273,57.1472727272727,1.22363636363636,28.34,0.0454545454545455,18.0381818181818,1.94545454545455,50.4072727272727,-0.10548590093822,1.09098531998144,0.89231192408197,0.845352830397696,0.904266488498616
124684,70019,54665,0.595917656038586,0.553277986012169,0.683405741934333,26.4345454545455,16.4127272727273,57.1527272727273,1.22727272727273,28.32,0.0345454545454545,18.0290909090909,1.95272727272727,50.4363636363636,-0.109920174436014,1.08175492028875,0.892358484077309,0.845574387947269,0.904243812432398
124611,70014,54597,0.59595172140822,0.553152482988415,0.683260678841265,26.4309090909091,16.4109090909091,57.1581818181818,1.22909090909091,28.3036363636364,0.0363636363636364,18.0309090909091,1.95272727272727,50.4472727272727,-0.109484509408305,1.06927235785829,0.892343674760955,0.845446487923776,0.904189331043038
124670,70024,54646,0.595874492756677,0.553274597061013,0.683363382963343,26.4345454545455,16.4018181818182,57.1636363636364,1.23090909090909,28.2854545454545,0.0345454545454545,18.0363636363636,1.94727272727273,50.4654545454545,-0.107052253714276,1.07024736758957,0.892220923034597,0.845915087019178,0.904230279898219
124626,70016,54610,0.595879065834311,0.553210517623433,0.683319323229014,26.4381818181818,16.3981818181818,57.1636363636364,1.23272727272727,28.26,0.04,18.0381818181818,1.93818181818182,50.4909090909091,-0.107954437651709,1.05851176559544,0.892166976136442,0.845880918061869,0.904198473282443
124500,70018,54482,0.595819838045129,0.553309685798685,0.68333992321866,26.4363636363636,16.3945454545455,57.1690909090909,1.23636363636364,28.2309090909091,0.0436363636363636,18.0563636363636,1.94727272727273,50.4854545454545,-0.109040355301377,1.04140227195722,0.892159559834938,0.845957635577243,0.904271220939478
124563,70020,54543,0.595781807720174,0.553207478194335,0.683331225427426,26.4309090909091,16.4,57.1690909090909,1.24181818181818,28.2054545454545,0.0418181818181818,18.06,1.96,50.4909090909091,-0.108553507640847,1.04067117869854,0.892206094792598,0.845787139689579,0.904239417358394
124570,70013,54557,0.595796058103612,0.553001980696825,0.683354174629507,26.4363636363636,16.3945454545455,57.1690909090909,1.23818181818182,28.1836363636364,0.0454545454545455,18.0727272727273,1.96,50.5,-0.110420272160131,1.03419719547965,0.89222833562586,0.845514029056227,0.904239417358394
124646,70019,54627,0.595869279018403,0.552992121637779,0.683330440116443,26.4436363636364,16.3927272727273,57.1636363636364,1.23454545454545,28.1818181818182,0.0327272727272727,18.0745454545455,1.97272727272727,50.5036363636364,-0.109293261385888,1.03843470595946,0.892189218921892,0.845496894409938,0.904262086513995
124615,70007,54608,0.595647934606354,0.553057574886988,0.68343447605509,26.4345454545455,16.3909090909091,57.1745454545455,1.23454545454545,28.16,0.0290909090909091,18.0872727272727,1.97090909090909,50.5181818181818,-0.111499183381172,1.02648405793589,0.892083361991884,0.84559068219634,0.904248553075113
124612,70007,54605,0.595703529136466,0.553057026180653,0.683418814119528,26.4327272727273,16.3890909090909,57.1781818181818,1.23090909090909,28.1545454545455,0.0363636363636364,18.0745454545455,1.97272727272727,50.5309090909091,-0.113619924883427,1.02000591400164,0.89221350942358,0.845684490792101,0.904222844060036
124561,69997,54564,0.59555534548141,0.552971602778281,0.683487265731587,26.4218181818182,16.3963636363636,57.1818181818182,1.22909090909091,28.1418181818182,0.0363636363636364,18.0818181818182,1.97090909090909,50.54,-0.113340713095253,1.01441423554524,0.892169006330856,0.845309381237525,0.90422893481717
124477,70004,54473,0.595722400323938,0.553036747519175,0.683590231135281,26.4272727272727,16.3818181818182,57.1909090909091,1.22727272727273,28.1490909090909,0.0418181818181818,18.0490909090909,1.96545454545455,50.5672727272727,-0.112467299662239,1.00506360553925,0.892260061919505,0.845615982241953,0.904275949769512
124546,69994,54552,0.59584326901583,0.553085200363431,0.683609324816994,26.4345454545455,16.3745454545455,57.1909090909091,1.22727272727273,28.1472727272727,0.0381818181818182,18.0581818181818,1.95090909090909,50.5781818181818,-0.116174503148861,1.00741261147301,0.892358484077309,0.845769487008661,0.904212366873311
124645,70001,54644,0.595869138580081,0.55321836518283,0.683597953891786,26.4290909090909,16.3818181818182,57.1890909090909,1.22545454545455,28.1454545454545,0.0381818181818182,18.0418181818182,1.96,50.5890909090909,-0.116327048029978,0.99751999520866,0.892405063291139,0.846059933407325,0.904209321548929
124631,69994,54637,0.595705084878953,0.553274139710851,0.683497980183622,26.4290909090909,16.3854545454545,57.1854545454545,1.22363636363636,28.1454545454545,0.0309090909090909,18.0345454545455,1.94727272727273,50.6181818181818,-0.113986193925798,0.994874661100436,0.892129884424876,0.845983133599645,0.904203230319217
124580,69977,54603,0.595828834365958,0.553067884740586,0.683720374100389,26.4309090909091,16.3781818181818,57.1909090909091,1.22363636363636,28.1472727272727,0.0309090909090909,17.9981818181818,1.96,50.64,-0.120480848138554,0.987168631613763,0.892274884776777,0.84569271758437,0.904244158321412
124505,69975,54530,0.595851758660141,0.553118844179423,0.683615111352354,26.4381818181818,16.38,57.1818181818182,1.22181818181818,28.1327272727273,0.0290909090909091,18.0036363636364,1.95454545454545,50.6581818181818,-0.119116698376258,0.971548908068375,0.892166976136442,0.845931845931846,0.90422893481717
124510,69959,54551,0.595692094289504,0.552995874533327,0.6835398852468,26.4327272727273,16.3909090909091,57.1763636363636,1.22181818181818,28.1145454545455,0.0363636363636364,17.9890909090909,1.95272727272727,50.6854545454545,-0.121897613081753,0.957973506604321,0.892075938918696,0.845479755962285,0.904219798390944
124508,69951,54557,0.595772437622133,0.552789742745756,0.683669945621065,26.4381818181818,16.3836363636364,57.1781818181818,1.22181818181818,28.0945454545455,0.04,17.9909090909091,1.95272727272727,50.7,-0.123057898763959,0.95359615935608,0.892098205075304,0.845078237709466,0.904254642584584
124529,69957,54572,0.595872100499031,0.552772207345295,0.683746245815417,26.44,16.38,57.18,1.22,28.0981818181818,0.0309090909090909,17.9745454545455,1.94545454545455,50.7309090909091,-0.123038140321891,0.952356550465761,0.892174391417962,0.845154845154845,0.904289484562307
124474,69960,54514,0.59588848664398,0.552874976270258,0.68372785489606,26.4290909090909,16.3854545454545,57.1854545454545,1.21636363636364,28.0781818181818,0.0436363636363636,17.9654545454545,1.95454545454545,50.7418181818182,-0.125936043103866,0.936073770556091,0.892405063291139,0.84531735463826,0.904298613760651
124539,69968,54571,0.595785280056662,0.55289984227811,0.683725834414581,26.4345454545455,16.3763636363636,57.1890909090909,1.21090909090909,28.0690909090909,0.0363636363636364,17.9745454545455,1.94727272727273,50.7618181818182,-0.122398697793754,0.932611161248166,0.892220923034597,0.84556456089708,0.904304698925415
124671,69980,54691,0.595698771991246,0.552933956073081,0.683779318633699,26.4345454545455,16.38,57.1854545454545,1.21090909090909,28.0618181818182,0.0309090909090909,17.9636363636364,1.94181818181818,50.7909090909091,-0.118324994129414,0.938560622828928,0.89215214251324,0.845709845709846,0.904298613760651
124554,69972,54582,0.595852591535302,0.552836853429149,0.683803734201458,26.4363636363636,16.3727272727273,57.1909090909091,1.20909090909091,28.0581818181818,0.0272727272727273,17.9563636363636,1.94909090909091,50.8,-0.119808243558377,0.929662824830633,0.89222833562586,0.84564131038312,0.904307741217612
124647,69950,54697,0.595826503157294,0.552789044136574,0.683891244826717,26.4418181818182,16.3763636363636,57.1818181818182,1.21090909090909,28.0454545454545,0.0254545454545455,17.9690909090909,1.92909090909091,50.82,-0.127417139488204,0.932279337487522,0.892113044076188,0.84556456089708,0.90429252782194
124522,69938,54584,0.595988705189642,0.552652281451681,0.683779443238754,26.4454545454545,16.3690909090909,57.1854545454545,1.21090909090909,28.0363636363636,0.0327272727272727,17.96,1.93636363636364,50.8236363636364,-0.129768681431067,0.913884458033664,0.892265383293228,0.845273797623015,0.904266819280173
124561,69948,54613,0.595952818737774,0.552732560695919,0.683714422566664,26.4563636363636,16.36,57.1836363636364,1.21636363636364,28.0272727272727,0.0327272727272727,17.9454545454545,1.92909090909091,50.8490909090909,-0.129101166463806,0.915942750325088,0.892172359288021,0.84552122693932,0.904295570888048
124599,69929,54670,0.595880919331618,0.552934624712879,0.68371792525095,26.4509090909091,16.3727272727273,57.1763636363636,1.21636363636364,28.02,0.0254545454545455,17.9454545454545,1.93454545454545,50.8581818181818,-0.132651699051414,0.906983464469456,0.892150123728348,0.84553026096613,0.90425159792667
124590,69931,54659,0.595824836564836,0.552938309478306,0.683604805119661,26.4618181818182,16.3727272727273,57.1654545454545,1.21636363636364,28.0181818181818,0.0181818181818182,17.9363636363636,1.93454545454545,50.8763636363636,-0.128470264441355,0.913454704850235,0.891988456781641,0.84564131038312,0.904233325912026
124598,69911,54687,0.59595268201203,0.552978487824872,0.683767128191854,26.4727272727273,16.3727272727273,57.1545454545455,1.21818181818182,28.0072727272727,0.0254545454545455,17.9290909090909,1.92909090909091,50.8909090909091,-0.135546518202384,0.903328589612449,0.891964285714286,0.84564131038312,0.90427867027199
124592,69903,54689,0.595841559452379,0.552933099740878,0.683789220664221,26.4727272727273,16.3818181818182,57.1454545454545,1.21272727272727,28.0090909090909,0.0254545454545455,17.9272727272727,1.92545454545455,50.9,-0.135894195452618,0.901191081728956,0.891895604395604,0.845394006659267,0.904295259306395
124537,69905,54632,0.596149362030753,0.552894044148074,0.683638435440953,26.4945454545455,16.3763636363636,57.1290909090909,1.21272727272727,28.0036363636364,0.0272727272727273,17.9145454545455,1.92545454545455,50.9163636363636,-0.135462414235438,0.89357884335755,0.891916003293988,0.845675585655601,0.904299672193756
124593,69902,54691,0.596122299627937,0.55287276493994,0.683774929966323,26.5090909090909,16.3581818181818,57.1327272727273,1.21272727272727,28.0072727272727,0.0163636363636364,17.9072727272727,1.92545454545455,50.9309090909091,-0.135606411249054,0.888887906866148,0.891769547325103,0.845837501389352,0.904305763294402
124455,69884,54571,0.596112617307431,0.552713671040388,0.683733337137992,26.5254545454545,16.3563636363636,57.1181818181818,1.21090909090909,28.0109090909091,0.0290909090909091,17.8727272727273,1.93090909090909,50.9454545454546,-0.136815546340552,0.870427325315012,0.891562135855782,0.845709204090707,0.904345058093268
124504,69875,54629,0.59620884154546,0.552699708567498,0.683627301390625,26.5381818181818,16.3636363636364,57.0981818181818,1.21636363636364,28.0145454545455,0.0218181818181818,17.8636363636364,1.92727272727273,50.9563636363636,-0.137919629919898,0.865926141816784,0.89161414086051,0.845666666666667,0.90431155266845
124455,69859,54596,0.596283488908463,0.552649548506088,0.683778148623534,26.5436363636364,16.3618181818182,57.0945454545455,1.21636363636364,28.0218181818182,0.0236363636363636,17.8545454545455,1.92,50.9636363636364,-0.139941397961626,0.862575762989846,0.891636413452976,0.845760640071119,0.904305458251067
124436,69855,54581,0.596451628017477,0.552681914256488,0.683654617866633,26.5545454545455,16.3654545454545,57.08,1.21454545454545,28.0236363636364,0.0218181818181818,17.8418181818182,1.92727272727273,50.9709090909091,-0.142532379886755,0.859640774626116,0.891680931187949,0.84579491167648,0.904281072816462
124540,69832,54708,0.596464930314463,0.552805014222143,0.683822826296544,26.5654545454545,16.3618181818182,57.0727272727273,1.21090909090909,28.0345454545455,0.0290909090909091,17.8109090909091,1.93636363636364,50.9781818181818,-0.1498874411397,0.861845780661414,0.891588529190336,0.845871763529281,0.904300732717426
124481,69798,54683,0.596581828280812,0.552764171926038,0.683663557142183,26.5818181818182,16.3636363636364,57.0545454545455,1.21454545454545,28.04,0.0236363636363636,17.8072727272727,1.91818181818182,50.9963636363636,-0.155969091564607,0.857926545287906,0.891655266757866,0.845555555555556,0.904206500956023
124409,69789,54620,0.596628154053862,0.55270015002758,0.683538687477424,26.5909090909091,16.3709090909091,57.0381818181818,1.21272727272727,28.0381818181818,0.0309090909090909,17.7818181818182,1.94,50.9963636363636,-0.157746246151377,0.844208412583579,0.891555555555556,0.845624167036872,0.904210895412961
124439,69795,54644,0.596632232615836,0.552647092500196,0.683594821348128,26.6054545454545,16.3581818181818,57.0363636363636,1.21090909090909,28.04,0.0218181818181818,17.7945454545455,1.92727272727273,51.0054545454545,-0.153482696601978,0.844609078773382,0.891478165789654,0.845726353228854,0.904239719477208
124454,69781,54673,0.596650722269045,0.552644368008097,0.683677007198994,26.6236363636364,16.3672727272727,57.0090909090909,1.20545454545455,28.0618181818182,0.0127272727272727,17.78,1.93454545454545,51.0054545454545,-0.158547896709933,0.843991722763431,0.891347401488766,0.845589868918018,0.904289586987721
124370,69781,54589,0.596778165355457,0.552504376972043,0.683596006619918,26.6509090909091,16.3581818181818,56.9909090909091,1.19818181818182,28.0818181818182,0.0127272727272727,17.7727272727273,1.92909090909091,51.0054545454545,-0.155988031660408,0.82921730899887,0.891322144903807,0.845726353228854,0.904322858510129
124405,69746,54659,0.596729138399663,0.55252809422026,0.683713859120765,26.6636363636364,16.3672727272727,56.9690909090909,1.19454545454545,28.0818181818182,0.0272727272727273,17.7672727272727,1.92363636363636,51.0054545454545,-0.162567565259153,0.830101724155247,0.891169451073986,0.845478782492779,0.904318131043947
124348,69741,54607,0.596686867835802,0.552632309271249,0.68361684095492,26.6636363636364,16.3836363636364,56.9527272727273,1.19636363636364,28.0818181818182,0.0218181818181818,17.7745454545455,1.92363636363636,51.0018181818182,-0.163297173893079,0.81766357850495,0.891169451073986,0.845411164132727,0.90432256416805
124307,69714,54593,0.59695294660712,0.552435231932071,0.683505680197148,26.6981818181818,16.3709090909091,56.9309090909091,1.19272727272727,28.0963636363636,0.0236363636363636,17.7563636363636,1.93636363636364,50.9945454545455,-0.165827591200253,0.80889657959342,0.8912421683465,0.845290981785873,0.904222023505365
124329,69712,54617,0.597052937796468,0.552486338312355,0.683477634379762,26.7163636363636,16.3618181818182,56.9218181818182,1.18727272727273,28.1163636363636,0.0145454545454545,17.7709090909091,1.91818181818182,50.9927272727273,-0.166998280981153,0.808716144863601,0.891316183476249,0.845538393154795,0.90420672693008
124281,69694,54587,0.597091038212544,0.552573768164188,0.683483650507597,26.7363636363636,16.36,56.9036363636364,1.18545454545455,28.1254545454545,0.0236363636363636,17.7563636363636,1.91636363636364,50.9927272727273,-0.170895894642507,0.79905030364594,0.891329479768786,0.84552122693932,0.9042400230054
124319,69698,54621,0.597174728651955,0.552490918366368,0.683437344592773,26.7545454545455,16.3545454545455,56.8909090909091,1.18727272727273,28.1472727272727,0.0218181818181818,17.7363636363636,1.93272727272727,50.9745454545455,-0.168835150935047,0.79367648568216,0.891267414203194,0.845580878265703,0.904218600191755
124298,69686,54612,0.596992261160045,0.552569578932305,0.683593769701412,26.7690909090909,16.3490909090909,56.8818181818182,1.18727272727273,28.1309090909091,0.0363636363636364,17.7472727272727,1.93636363636364,50.9618181818182,-0.170593290845996,0.78242340375119,0.891054812198601,0.845640569395018,0.904235256512706
124255,69688,54567,0.59698578366158,0.55256597165152,0.683422476219184,26.7854545454545,16.3618181818182,56.8527272727273,1.18363636363636,28.1472727272727,0.0236363636363636,17.76,1.92181818181818,50.9636363636364,-0.169899114557748,0.781612176014195,0.890849850665219,0.845538393154795,0.904250215868752
124370,69696,54674,0.597001107592175,0.552546872156725,0.683642824640757,26.7963636363636,16.36,56.8436363636364,1.18545454545455,28.1472727272727,0.02,17.7618181818182,1.93636363636364,50.9490909090909,-0.166998689031673,0.786191633085466,0.89089428687746,0.845632362747277,0.904330859774821
124391,69692,54699,0.59713693842435,0.552551953375899,0.683610162192435,26.8163636363636,16.3509090909091,56.8327272727273,1.18727272727273,28.1527272727273,0.0236363636363636,17.7654545454545,1.93454545454545,50.9363636363636,-0.168825966910068,0.774844894109463,0.890772255746152,0.845991326587346,0.90434448781112
124365,69680,54685,0.597107071930916,0.552612675456881,0.683577686559341,26.8309090909091,16.3509090909091,56.8181818181818,1.18545454545455,28.1563636363636,0.0345454545454545,17.7581818181818,1.94,50.9254545454545,-0.17406167830539,0.76700051817408,0.890695940909399,0.845880128989214,0.90432
124308,69666,54642,0.597181297517724,0.552345923170947,0.68352395153404,26.8545454545455,16.3581818181818,56.7872727272727,1.18363636363636,28.1672727272727,0.0218181818181818,17.7654545454545,1.94181818181818,50.92,-0.175542855391872,0.760848772477105,0.890589031821259,0.84539290874736,0.904363974001857
124283,69664,54619,0.59716460670005,0.552485702424545,0.683518994530674,26.8636363636364,16.3636363636364,56.7727272727273,1.18181818181818,28.1672727272727,0.0272727272727273,17.7690909090909,1.93454545454545,50.92,-0.177953839499308,0.750699368418745,0.890761421319797,0.845444444444444,0.904339471577262
124434,69668,54766,0.597270418423914,0.552637663716712,0.683625798984786,26.8763636363636,16.36,56.7636363636364,1.17272727272727,28.1818181818182,0.0254545454545455,17.7672727272727,1.94181818181818,50.9109090909091,-0.178202066552529,0.758984325740444,0.890745501285347,0.845743498555234,0.904324151185138
124397,69681,54716,0.597121926854964,0.55258364539254,0.683490771055239,26.8963636363636,16.3672727272727,56.7363636363636,1.17636363636364,28.1909090909091,0.0218181818181818,17.7454545454545,1.95090909090909,50.9145454545455,-0.17495616602669,0.744955948514821,0.890488744676536,0.845812041768496,0.904406345136997
124472,69686,54786,0.597173331304403,0.552688632894818,0.683523594300716,26.9054545454545,16.3672727272727,56.7272727272727,1.18,28.2036363636364,0.0127272727272727,17.7418181818182,1.95454545454545,50.9072727272727,-0.177296225075869,0.74332489172547,0.890593323422084,0.845923128193735,0.904391025641026
124557,69686,54871,0.597306271904873,0.552559756623833,0.683524390351198,26.94,16.3581818181818,56.7018181818182,1.18181818181818,28.2090909090909,0.02,17.74,1.94727272727273,50.9018181818182,-0.174695876293646,0.747030160891485,0.89046365661065,0.84594864954985,0.904380170589367
124471,69687,54784,0.597273404727758,0.552425870427477,0.683571057539343,26.9636363636364,16.3454545454545,56.6909090909091,1.18,28.22,0.0163636363636364,17.7436363636364,1.93818181818182,50.9018181818182,-0.174085955493369,0.735848388110753,0.890222521915037,0.845828698553949,0.90445798588839
124470,69687,54783,0.597322815924846,0.552470722922592,0.683453703239006,26.9781818181818,16.3490909090909,56.6727272727273,1.18181818181818,28.2218181818182,0.0218181818181818,17.7381818181818,1.93090909090909,50.9054545454546,-0.17277500992535,0.727709361169995,0.890079525542526,0.845862989323843,0.904427333974976
124501,69708,54793,0.597150283746869,0.552461206092876,0.683449952252033,26.9890909090909,16.3436363636364,56.6672727272727,1.17454545454545,28.2436363636364,0.0218181818181818,17.7090909090909,1.94363636363636,50.9072727272727,-0.170178000019951,0.721325332299933,0.889989221234169,0.846145288686172,0.904482305002086
124491,69708,54783,0.597338709611219,0.552554999370878,0.683360765542752,27.0127272727273,16.3490909090909,56.6381818181818,1.17272727272727,28.2581818181818,0.0181818181818182,17.6909090909091,1.95272727272727,50.9072727272727,-0.171454981691932,0.713634624777743,0.890152789930672,0.846307829181495,0.904465346216815
124543,69695,54848,0.59738615118298,0.55239409223084,0.683390720182819,27.0381818181818,16.3418181818182,56.62,1.17454545454545,28.2618181818182,0.0181818181818182,17.6836363636364,1.93636363636364,50.9254545454545,-0.170022192189274,0.713540582075207,0.889919978481609,0.846016911437472,0.904434668122411
124544,69689,54855,0.597313609968967,0.552319803922525,0.683495506443961,27.04,16.3509090909091,56.6090909090909,1.17454545454545,28.2745454545455,0.0181818181818182,17.6672727272727,1.93454545454545,50.9309090909091,-0.16939128649048,0.706131668064997,0.88986013986014,0.84565773379295,0.904448370001606
124525,69683,54842,0.59733650914037,0.552455354727069,0.683359094593175,27.0545454545455,16.3527272727273,56.5927272727273,1.16545454545455,28.2836363636364,0.0218181818181818,17.66,1.93272727272727,50.9363636363636,-0.17620048857081,0.705805328432259,0.889852150537634,0.845674894374027,0.904388614020433
124506,69709,54797,0.597369660433572,0.552408013063845,0.683054056185566,27.08,16.3581818181818,56.5618181818182,1.16181818181818,28.2890909090909,0.02,17.66,1.93090909090909,50.9381818181818,-0.173742404117167,0.691185876468874,0.889955686853767,0.845615205068356,0.90436851072037
124613,69720,54893,0.597401331083205,0.552455522820487,0.68308510571703,27.1036363636364,16.3581818181818,56.5381818181818,1.16,28.2872727272727,0.0327272727272727,17.6509090909091,1.94363636363636,50.9254545454545,-0.171187916440778,0.688986809034197,0.889850405849601,0.845726353228854,0.904360689477746
124629,69746,54883,0.597412066833352,0.552277938461022,0.683300870672606,27.1236363636364,16.3345454545455,56.5418181818182,1.15818181818182,28.2981818181818,0.0290909090909091,17.6436363636364,1.95090909090909,50.92,-0.164010252798735,0.682445446875962,0.889797559994637,0.845948352626892,0.904431153128819
124799,69768,55031,0.597552157456782,0.552424080701414,0.68325417367361,27.1290909090909,16.3363636363636,56.5345454545455,1.15454545454545,28.3145454545455,0.0218181818181818,17.64,1.95090909090909,50.9181818181818,-0.162118461238159,0.688402190965346,0.890020776087394,0.846188091263216,0.904418858943848
124825,69756,55069,0.597400734018657,0.552375525402328,0.683243969468092,27.1363636363636,16.3345454545455,56.5290909090909,1.15272727272727,28.3218181818182,0.0181818181818182,17.6381818181818,1.94545454545455,50.9236363636364,-0.162938016946414,0.693502149785953,0.889782244556114,0.845948352626892,0.90437747258049
124751,69786,54965,0.597454895673297,0.552438843971724,0.683109907074592,27.1436363636364,16.3436363636364,56.5127272727273,1.15636363636364,28.3236363636364,0.02,17.6290909090909,1.94727272727273,50.9236363636364,-0.161122383419901,0.6682843452129,0.889945743184406,0.846034041606408,0.904478476288527
124731,69785,54946,0.597459105254245,0.552360969669874,0.683073171151606,27.1490909090909,16.3545454545455,56.4963636363636,1.16,28.3327272727273,0.02,17.6054545454545,1.95818181818182,50.9236363636364,-0.162604950965694,0.659952313117471,0.889900884007501,0.84591439688716,0.904482991664789
124781,69777,55004,0.597443222736822,0.552555932879139,0.68316012290716,27.1527272727273,16.3472727272727,56.5,1.15636363636364,28.3436363636364,0.0218181818181818,17.5872727272727,1.96545454545455,50.9254545454545,-0.165446867915704,0.651872638426721,0.889848667470202,0.84617951284618,0.904456958970233
124782,69781,55001,0.59741529154452,0.552417082163748,0.6831194770468,27.1745454545455,16.3327272727273,56.4927272727273,1.15272727272727,28.3563636363636,0.0163636363636364,17.58,1.95818181818182,50.9363636363636,-0.161444520605635,0.646073275899769,0.889736384316874,0.846042524769008,0.904412474654823
124787,69782,55005,0.597343995394102,0.552516285095489,0.683027368243692,27.1745454545455,16.3436363636364,56.4818181818182,1.14727272727273,28.3563636363636,0.0181818181818182,17.5727272727273,1.96545454545455,50.94,-0.163330654707071,0.64097850158472,0.889736384316874,0.846034041606408,0.904394012554322
124809,69796,55013,0.597537039264531,0.552573078549713,0.682968199950902,27.18,16.3454545454545,56.4745454545455,1.14363636363636,28.3563636363636,0.0127272727272727,17.5672727272727,1.96181818181818,50.9581818181818,-0.163183634763316,0.635399876659821,0.889959194594956,0.846273637374861,0.904413895238402
124845,69794,55051,0.59749548084222,0.552459527097018,0.682938135049957,27.1836363636364,16.3381818181818,56.4781818181818,1.14545454545455,28.3581818181818,0.0109090909090909,17.5581818181818,1.95818181818182,50.9690909090909,-0.162262748658329,0.636020705429837,0.889840144471942,0.846093923881594,0.904387856935904
124870,69801,55069,0.597440886648576,0.552546861263903,0.682763086063001,27.1890909090909,16.3509090909091,56.46,1.14363636363636,28.3527272727273,0.0181818181818182,17.5490909090909,1.94545454545455,50.9909090909091,-0.158063380353335,0.63818795402238,0.889862244215594,0.845991326587346,0.904324863942292
124887,69803,55084,0.59747207059973,0.552445755835457,0.682727832694842,27.1927272727273,16.3563636363636,56.4509090909091,1.14,28.3472727272727,0.0254545454545455,17.5454545454545,1.94909090909091,50.9927272727273,-0.158554142588268,0.631209140620194,0.889876972452527,0.845820364606492,0.904341664519454
124952,69804,55148,0.597632010363554,0.552373513801074,0.682842928113889,27.2054545454545,16.34,56.4545454545455,1.13454545454545,28.36,0.0163636363636364,17.5472727272727,1.94909090909091,50.9927272727273,-0.161484414594452,0.630866800677243,0.88986165875827,0.845999777456326,0.904347826086956
125022,69804,55218,0.597666189331633,0.552236705556396,0.682981402941963,27.2163636363636,16.3236363636364,56.46,1.13636363636364,28.3618181818182,0.0163636363636364,17.5236363636364,1.96,51.0018181818182,-0.16272441115401,0.636079208643853,0.889839000601243,0.846068166629539,0.904324863942292
125009,69814,55195,0.597614356675283,0.552077741465653,0.682920569412863,27.2272727272727,16.3236363636364,56.4490909090909,1.14,28.3672727272727,0.00909090909090909,17.52,1.94909090909091,51.0145454545455,-0.156825134178838,0.633008740103634,0.889682804674457,0.84573401648474,0.904370792669179
124980,69816,55164,0.597621814630842,0.552151762749169,0.683051615595096,27.2345454545455,16.32,56.4454545454546,1.14363636363636,28.3618181818182,0.0127272727272727,17.5254545454545,1.93454545454545,51.0218181818182,-0.158821320185763,0.620206513556398,0.889645503705187,0.845811051693405,0.904429054598164
125060,69822,55238,0.597427208072008,0.552262778353447,0.683053760913874,27.22,16.3327272727273,56.4472727272727,1.14,28.3854545454545,0.0127272727272727,17.5036363636364,1.95454545454545,51.0036363636364,-0.156869466292648,0.618681932403706,0.889586533965667,0.84593120338417,0.904399922695355
125020,69822,55198,0.597503802630208,0.552209962903876,0.682833593565838,27.2254545454545,16.3381818181818,56.4363636363636,1.13636363636364,28.3945454545455,0.0181818181818182,17.4872727272727,1.95636363636364,51.0072727272727,-0.15416675677023,0.607545013772324,0.88967543742487,0.845648787002003,0.904349226804124
125122,69834,55288,0.597350508445738,0.552363771293156,0.682752880894135,27.2218181818182,16.34,56.4381818181818,1.13090909090909,28.42,0.0145454545454545,17.4836363636364,1.94727272727273,51.0036363636364,-0.152984551643551,0.621557960210537,0.889660699973283,0.845888505619228,0.904320092780516
125143,69834,55309,0.597463071510425,0.55247178789511,0.682708237519062,27.2272727272727,16.3418181818182,56.4309090909091,1.12909090909091,28.4490909090909,0.0181818181818182,17.4618181818182,1.96909090909091,50.9727272727273,-0.159455135447537,0.605222626364875,0.889682804674457,0.846128170894526,0.904372200921481
125200,69828,55372,0.597567018353037,0.552439468568643,0.682561310486359,27.2418181818182,16.3436363636364,56.4145454545455,1.12363636363636,28.4854545454545,0.00727272727272727,17.4781818181818,1.95636363636364,50.9490909090909,-0.161358291796932,0.608817286982032,0.889674964960288,0.845922794526644,0.904312234111126
125225,69858,55367,0.597680316188541,0.552216752909837,0.682571537251341,27.2636363636364,16.3345454545455,56.4018181818182,1.12363636363636,28.5145454545455,0.0163636363636364,17.4690909090909,1.94727272727273,50.9290909090909,-0.152844354145253,0.600032639890825,0.889629876625542,0.845837043633126,0.904419586731569
125250,69850,55400,0.597684910266927,0.552254795015131,0.682642184503124,27.2709090909091,16.3327272727273,56.3963636363636,1.12727272727273,28.5418181818182,0.0145454545454545,17.4654545454545,1.94909090909091,50.9018181818182,-0.153934818944717,0.597022068322721,0.889525968397893,0.84593120338417,0.904410342381843
125297,69846,55451,0.59770639970401,0.55226054514176,0.682453058848834,27.2709090909091,16.3418181818182,56.3872727272727,1.12727272727273,28.5781818181818,0.00545454545454545,17.46,1.96181818181818,50.8672727272727,-0.154360187903645,0.60663386045807,0.889525968397893,0.845794392523365,0.904394931157902
125327,69849,55478,0.597568575467551,0.552275321645644,0.682377321808549,27.2636363636364,16.3472727272727,56.3890909090909,1.12545454545455,28.6018181818182,0.00909090909090909,17.4563636363636,1.95636363636364,50.8509090909091,-0.154627668760275,0.609358426705214,0.889496498832944,0.845623401178957,0.904398013800219
125398,69851,55547,0.597566433167162,0.552318561838186,0.682373042788649,27.2727272727273,16.3381818181818,56.3890909090909,1.12181818181818,28.62,0.00909090909090909,17.4472727272727,1.96181818181818,50.84,-0.153634047934214,0.609647438171404,0.889466666666667,0.845871355441798,0.904365770297285
125350,69841,55509,0.597608174356304,0.552266283677233,0.682435994616608,27.2709090909091,16.3472727272727,56.3818181818182,1.12,28.6436363636364,0.0145454545454545,17.4436363636364,1.93272727272727,50.8454545454545,-0.157802924040284,0.607579365531406,0.889525968397893,0.845512178845512,0.904450177362141
125433,69856,55577,0.597749964863086,0.552085972418105,0.682483086797749,27.2836363636364,16.3272727272727,56.3890909090909,1.11454545454545,28.68,0.0145454545454545,17.4309090909091,1.93818181818182,50.8218181818182,-0.155202653036924,0.610923445491459,0.889510862321738,0.8456570155902,0.904462500806088
125428,69846,55582,0.597789268936991,0.5522266640584,0.68251118335449,27.2763636363636,16.3418181818182,56.3818181818182,1.11454545454545,28.7036363636364,0.0145454545454545,17.4163636363636,1.94545454545455,50.8054545454546,-0.158097032772639,0.611194715442517,0.889614718037595,0.845571873609257,0.904482425024186
125455,69834,55621,0.597751012647795,0.552012383769811,0.682485567815325,27.2909090909091,16.3236363636364,56.3854545454545,1.11818181818182,28.7309090909091,0.0109090909090909,17.4236363636364,1.94,50.7763636363636,-0.157812491997571,0.610287383644291,0.88927381745503,0.845511249721542,0.904424093899136
125455,69838,55617,0.597624957981619,0.552173036288435,0.682395853225458,27.2872727272727,16.3345454545455,56.3781818181818,1.12,28.7454545454545,0.0163636363636364,17.4127272727273,1.94727272727273,50.7581818181818,-0.156946895031698,0.606243067534259,0.889259061833689,0.845725734639359,0.90437951496388
125535,69844,55691,0.597750161691061,0.55224257746599,0.68240002131181,27.2872727272727,16.3327272727273,56.38,1.11454545454545,28.7763636363636,0.00727272727272727,17.4163636363636,1.95636363636364,50.7290909090909,-0.156345497168646,0.606923766186546,0.889458955223881,0.845819881999332,0.904350349898417
125577,69852,55725,0.597817858323601,0.552159179122615,0.682435981667551,27.2909090909091,16.3254545454545,56.3836363636364,1.11272727272727,28.7981818181818,0.0109090909090909,17.4036363636364,1.96363636363636,50.7109090909091,-0.155021864699599,0.604003734527875,0.889473684210526,0.845862568214723,0.904356518654671
125510,69846,55664,0.59752608958817,0.552123987871073,0.682315511116674,27.2872727272727,16.3418181818182,56.3709090909091,1.10727272727273,28.8072727272727,0.0181818181818182,17.4163636363636,1.95636363636364,50.6945454545455,-0.153895084056157,0.597895337157586,0.889192430703625,0.845460614152203,0.904431686234034
125557,69832,55725,0.59778138761373,0.552169515475828,0.682401274708656,27.2927272727273,16.3327272727273,56.3745454545455,1.10727272727273,28.8218181818182,0.0145454545454545,17.4090909090909,1.96,50.6872727272727,-0.159151570631167,0.602775430979885,0.889347811604823,0.845485917844818,0.904405598916339
125499,69834,55665,0.597802239162632,0.552260691357528,0.682300589235823,27.2927272727273,16.3254545454545,56.3818181818182,1.10363636363636,28.8527272727273,0.0163636363636364,17.3927272727273,1.95454545454545,50.68,-0.163302326303462,0.595511746990219,0.88948104723203,0.845751197238,0.904385682038052
125484,69842,55642,0.597655531204639,0.552144715543621,0.682252717743216,27.2927272727273,16.3254545454545,56.3818181818182,1.10545454545455,28.8672727272727,0.0181818181818182,17.3945454545455,1.94727272727273,50.6672727272727,-0.159964944791533,0.590437296350402,0.889347811604823,0.845639826261276,0.904417929700097
125511,69833,55678,0.597786797934206,0.552046975820073,0.68227928656085,27.3054545454545,16.3145454545455,56.38,1.10909090909091,28.88,0.0145454545454545,17.3927272727273,1.95454545454545,50.6490909090909,-0.16214105099478,0.588437633976785,0.88919962711413,0.845648055276942,0.904447096004386
125623,69845,55778,0.597749791645038,0.551886598973633,0.682304362771369,27.3072727272727,16.3054545454545,56.3872727272727,1.10909090909091,28.8981818181818,0.0109090909090909,17.3927272727273,1.94181818181818,50.6472727272727,-0.155764792351428,0.598014252855104,0.889207004461016,0.845673505798394,0.904394931157902
125711,69863,55848,0.59762026335698,0.552152678068997,0.682206998922658,27.2945454545455,16.3290909090909,56.3763636363636,1.10181818181818,28.9109090909091,0.0127272727272727,17.3709090909091,1.94909090909091,50.6545454545455,-0.153742475211303,0.596588112227619,0.889221955768718,0.846008239616969,0.904408681910536
125569,69846,55723,0.59758581859714,0.55223312399501,0.682187213931754,27.2836363636364,16.3363636363636,56.38,1.1,28.9127272727273,0.0236363636363636,17.3636363636364,1.94363636363636,50.6563636363636,-0.15996830065732,0.586105583960571,0.889244302279088,0.845965498052309,0.904414847302396
125468,69839,55629,0.597591979852218,0.551900509924735,0.68209280626246,27.2909090909091,16.3272727272727,56.3818181818182,1.1,28.9236363636364,0.0127272727272727,17.3654545454545,1.94909090909091,50.6490909090909,-0.162827603119248,0.574214561256072,0.889207195203198,0.84543429844098,0.904450177362141
125483,69833,55650,0.597749434000237,0.552158258692328,0.682133496554975,27.2945454545455,16.3272727272727,56.3781818181818,1.10181818181818,28.9254545454545,0.0145454545454545,17.3763636363636,1.94363636363636,50.6381818181818,-0.164804876986653,0.573738854236647,0.889221955768718,0.845768374164811,0.904444014447884
125565,69823,55742,0.597453581400592,0.552068922667283,0.682163191690462,27.2909090909091,16.3272727272727,56.3818181818182,1.1,28.9381818181818,0.0181818181818182,17.3672727272727,1.93818181818182,50.6381818181818,-0.165127170247301,0.57097263306337,0.889073950699534,0.84543429844098,0.904385682038052
125561,69832,55729,0.597528298805089,0.551914404917578,0.682242270416244,27.2927272727273,16.3254545454545,56.3818181818182,1.09636363636364,28.9490909090909,0.0181818181818182,17.3709090909091,1.93818181818182,50.6272727272727,-0.163335117739387,0.562674334524623,0.889147958164013,0.845417084307829,0.904417929700097
125645,69829,55816,0.597662666386995,0.551949704783973,0.682195181071112,27.2963636363636,16.3181818181818,56.3854545454545,1.09090909090909,28.9636363636364,0.0181818181818182,17.3763636363636,1.92909090909091,50.6218181818182,-0.16391506480901,0.559536614587573,0.8892293345767,0.845459610027855,0.904359602734425
125592,69843,55749,0.597608915717987,0.55214887390221,0.682230168773622,27.2872727272727,16.32,56.3927272727273,1.08545454545455,28.9672727272727,0.0181818181818182,17.3763636363636,1.93090909090909,50.6218181818182,-0.161811073439921,0.549344652509105,0.889325692963753,0.845922459893048,0.904371937064741
125610,69855,55755,0.5976720998305,0.552033163828945,0.682273882055152,27.2890909090909,16.3272727272727,56.3836363636364,1.08181818181818,28.9690909090909,0.0145454545454545,17.3745454545455,1.93636363636364,50.6236363636364,-0.160864100472562,0.545529746904504,0.889333066826571,0.845879732739421,0.90445325852117
125671,69857,55814,0.597789542266011,0.551905935170202,0.682395170671315,27.3072727272727,16.3,56.3927272727273,1.07818181818182,28.9690909090909,0.02,17.3690909090909,1.93272727272727,50.6309090909091,-0.159992422895448,0.543879768817516,0.889273586790066,0.846291132180703,0.904436419912303
125780,69839,55941,0.597879548493277,0.551805235705374,0.682379042682596,27.2981818181818,16.3090909090909,56.3927272727273,1.07636363636364,28.9690909090909,0.0236363636363636,17.3581818181818,1.94,50.6327272727273,-0.166180234215955,0.552902611032848,0.889503130411616,0.845484949832776,0.904371937064741
125753,69834,55919,0.597790028419908,0.55171061475184,0.682428717273411,27.2945454545455,16.3018181818182,56.4036363636364,1.07090909090909,28.98,0.0127272727272727,17.3618181818182,1.93818181818182,50.6363636363636,-0.166464135491432,0.545812905095094,0.88935518252065,0.845416016060674,0.904390432596222
125638,69819,55819,0.597544041625878,0.551613032147687,0.682272093344095,27.2909090909091,16.32,56.3890909090909,1.06727272727273,28.9872727272727,0.0163636363636364,17.3490909090909,1.95090909090909,50.6290909090909,-0.169254101626972,0.529765697285025,0.889140572951366,0.845142602495544,0.904365770297285
125663,69815,55848,0.597482547572394,0.551718485071949,0.682264125154303,27.2872727272727,16.32,56.3927272727273,1.06727272727273,28.9836363636364,0.0218181818181818,17.3490909090909,1.94727272727273,50.6309090909091,-0.166019098835783,0.522707676215478,0.889059168443497,0.845254010695187,0.90433969564096
125656,69826,55830,0.597681697856624,0.551425985173617,0.682294961218511,27.2927272727273,16.32,56.3872727272727,1.06363636363636,28.9890909090909,0.0218181818181818,17.3472727272727,1.95454545454545,50.6236363636364,-0.169846729099332,0.518217049180318,0.889214575977616,0.8450311942959,0.904394931157902
125672,69816,55856,0.597563140717999,0.551788501048208,0.682399042203351,27.2890909090909,16.32,56.3909090909091,1.05636363636364,29.0036363636364,0.0163636363636364,17.3509090909091,1.94727272727273,50.6254545454546,-0.173552574925138,0.521460799817843,0.889133186754614,0.845476827094474,0.904433338707077
125639,69813,55826,0.597585474755278,0.551973981420092,0.682348810229578,27.2981818181818,16.3181818181818,56.3836363636364,1.05636363636364,29,0.02,17.3527272727273,1.93818181818182,50.6327272727273,-0.170360784310469,0.515383776113264,0.88910350339683,0.845682451253482,0.904388765276837
125609,69811,55798,0.597602796358763,0.5517529662691,0.682484466896763,27.2963636363636,16.3018181818182,56.4018181818182,1.05454545454545,29,0.0254545454545455,17.3436363636364,1.94,50.6363636363636,-0.167499826404938,0.50408960755343,0.889096116698861,0.845527548516618,0.904387350504497
125586,69810,55776,0.597795884341289,0.551622292377304,0.682485973123421,27.2909090909091,16.3036363636364,56.4054545454546,1.04727272727273,29.0109090909091,0.0272727272727273,17.3254545454545,1.94363636363636,50.6454545454545,-0.173689688329482,0.497887406861198,0.889340439706862,0.845321735251478,0.90439351448925
125660,69808,55852,0.59772877787792,0.551823991332116,0.68237416517324,27.2854545454545,16.3218181818182,56.3927272727273,1.04545454545455,29.0127272727273,0.0181818181818182,17.3254545454545,1.95454545454545,50.6436363636364,-0.176673208825378,0.499684691529679,0.889251682548144,0.845494040325276,0.904371937064741
125667,69794,55873,0.597717818491087,0.551756310559553,0.682396734835088,27.2872727272727,16.3254545454545,56.3872727272727,1.04545454545455,29.0181818181818,0.02,17.3290909090909,1.94909090909091,50.6381818181818,-0.179450066362584,0.492862204348123,0.889192430703625,0.845305713331106,0.90436268661529
125606,69806,55800,0.597467869824128,0.551666609907932,0.682307338774798,27.2836363636364,16.3290909090909,56.3872727272727,1.04,29.0254545454545,0.0181818181818182,17.3290909090909,1.94909090909091,50.6381818181818,-0.174076259303216,0.484210047248317,0.888977742236439,0.845228816390157,0.904394931157902
125580,69774,55806,0.597793659815241,0.551768807105477,0.682334422006985,27.2909090909091,16.3254545454545,56.3836363636364,1.03090909090909,29.02,0.02,17.3490909090909,1.94363636363636,50.6363636363636,-0.185104350558024,0.478025820367475,0.889140572951366,0.845082971377659,0.904356518654671
125699,69775,55924,0.59774913913727,0.551820156187508,0.682582581800168,27.2872727272727,16.3181818181818,56.3945454545455,1.02909090909091,29.0090909090909,0.0254545454545455,17.3527272727273,1.94909090909091,50.6345454545455,-0.182363578808277,0.487254634668418,0.889125799573561,0.845236768802228,0.90437502015024
125698,69782,55916,0.597860578441093,0.551452666229059,0.682657156289375,27.3018181818182,16.3,56.3981818181818,1.02909090909091,29.0072727272727,0.0145454545454545,17.3509090909091,1.94727272727273,50.6509090909091,-0.177840397912091,0.480332177626736,0.889051678209909,0.845175683212493,0.904413424030433
125716,69782,55934,0.597805997488834,0.55152748181522,0.682666354608474,27.2963636363636,16.3054545454545,56.3981818181818,1.02727272727273,28.9963636363636,0.0236363636363636,17.3545454545455,1.95272727272727,50.6454545454545,-0.181226946080543,0.472278041656087,0.889096116698861,0.845227475468332,0.904413424030433
125669,69778,55891,0.597629521331769,0.551643919488155,0.682598906468889,27.2872727272727,16.3145454545455,56.3981818181818,1.02909090909091,28.9763636363636,0.0272727272727273,17.3618181818182,1.96,50.6454545454545,-0.184442085335137,0.456722655883707,0.889125799573561,0.845425164382035,0.904381185724878
125725,69784,55941,0.597633606534457,0.551574123967143,0.682608444922188,27.2818181818182,16.3218181818182,56.3963636363636,1.03272727272727,28.9690909090909,0.0290909090909091,17.3636363636364,1.95818181818182,50.6472727272727,-0.18279342401061,0.45720114077915,0.889170276574475,0.845159852957558,0.904378103036946
125694,69784,55910,0.59767601436339,0.551530797053853,0.68258389494324,27.2909090909091,16.3109090909091,56.3981818181818,1.03272727272727,28.9636363636364,0.0236363636363636,17.3690909090909,1.96727272727273,50.6436363636364,-0.181607831961777,0.448712171271208,0.889073950699534,0.845279233084383,0.904381185724878
125648,69764,55884,0.597815679439971,0.551630967185205,0.682521853477806,27.2927272727273,16.3145454545455,56.3927272727273,1.03272727272727,28.9509090909091,0.02,17.3854545454545,1.96545454545455,50.6454545454545,-0.189290373014823,0.440458161706523,0.889147958164013,0.845313718934582,0.90433969564096
125643,69770,55873,0.597686364571337,0.551697121605219,0.682486083715815,27.2890909090909,16.3181818181818,56.3927272727273,1.02909090909091,28.9563636363636,0.0236363636363636,17.38,1.96727272727273,50.6436363636364,-0.18594177799433,0.435087978332145,0.889133186754614,0.845348189415042,0.90433969564096
